Protocolo_S2iD,Cod_IBGE_Mun,Nome_Municipio_Limpo,Sigla_UF,Data_Evento,Cod_Cobrade,descricao_tipologia,Status,DM_total_danos_materiais,PEPL_total_publico,Custo_Dano_Evitado,DH_MORTOS,DH_DESALOJADOS,DH_DESABRIGADOS,DH_total_danos_humanos_diretos
RS-F-4309555-12300-20201215,4309555,Harmonia,RS,05/01/2021,12300,Alagamentos,Registro,0.0,0.0,0.0,0,0,0,0
SC-F-4209102-13214-20210101,4209102,Joinville,SC,06/01/2021,13214,Chuvas Intensas,Reconhecido,31753550.43,19573694.15,51327244.58,0,5000,0,5000
PR-F-4112900-12200-20201229,4112900,Jundiaí Do Sul,PR,07/01/2021,12200,Enxurradas,Reconhecido,1824394.87,0.0,1824394.87,0,32,0,32
SC-F-4211702-12300-20201229,4211702,Orleans,SC,13/01/2021,12300,Alagamentos,Registro,0.0,0.0,0.0,0,0,0,0
SC-F-4216305-12200-20210116,4216305,São João Batista,SC,18/01/2021,12200,Enxurradas,Registro,1100921.46,0.0,1100921.46,0,10,0,10
SC-F-4212205-12300-20210119,4212205,Papanduva,SC,19/01/2021,12300,Alagamentos,Registro,321704.4,53.62,321758.02,0,0,0,0
SC-F-4215109-13214-20210120,4215109,Rodeio,SC,21/01/2021,13214,Chuvas Intensas,Reconhecido,502287.8,26808.7,529096.5,0,29,5,34
SC-F-4212809-13214-20210121,4212809,Balneário Piçarras,SC,21/01/2021,13214,Chuvas Intensas,Registro,0.0,0.0,0.0,0,7,0,7
SC-F-4208450-13214-20210121,4208450,Itapoá,SC,21/01/2021,13214,Chuvas Intensas,Registro,53617.4,10.72,53628.12,0,0,0,0
SC-F-4202107-12300-20210121,4202107,Barra Velha,SC,21/01/2021,12300,Alagamentos,Registro,0.0,0.0,0.0,0,0,0,0
SC-F-4216206-13214-20210120,4216206,São Francisco Do Sul,SC,21/01/2021,13214,Chuvas Intensas,Registro,0.0,0.0,0.0,0,0,0,0
SC-F-4205407-13214-20210121,4205407,Florianópolis,SC,22/01/2021,13214,Chuvas Intensas,Reconhecido,21403819.4,16466493.3,37870312.7,2,900,16,1010
SC-F-4214706-13214-20210121,4214706,Rio Dos Cedros,SC,22/01/2021,13214,Chuvas Intensas,Registro,10723.48,21446.96,32170.44,0,3,0,3
SC-F-4202909-13214-20210120,4202909,Brusque,SC,22/01/2021,13214,Chuvas Intensas,Registro,0.0,0.0,0.0,0,3,0,3
SC-F-4202206-12200-20210121,4202206,Benedito Novo,SC,22/01/2021,12200,Enxurradas,Registro,0.0,0.0,0.0,0,0,0,0
SC-F-4204251-13214-20210122,4204251,Cocal Do Sul,SC,22/01/2021,13214,Chuvas Intensas,Registro,0.0,0.0,0.0,0,0,0,0
SC-F-4205803-13214-20210122,4205803,Garuva,SC,22/01/2021,13214,Chuvas Intensas,Registro,0.0,0.0,0.0,0,0,0,0
SC-F-4201703-12200-20210124,4201703,Ascurra,SC,25/01/2021,12200,Enxurradas,Registro,26808.7,0.0,26808.7,0,0,0,0
SC-F-4201703-13214-20210124,4201703,Ascurra,SC,25/01/2021,13214,Chuvas Intensas,Reconhecido,536174.0,37532.18,573706.18,0,122,0,122
SC-F-4206306-13214-20210124,4206306,Guabiruba,SC,25/01/2021,13214,Chuvas Intensas,Reconhecido,1207463.85,112856.05,1320319.9000000001,0,58,51,109
SC-F-4205159-12300-20210120,4205159,Doutor Pedrinho,SC,25/01/2021,12300,Alagamentos,Registro,5361.74,6434.09,11795.83,0,60,0,60
SC-F-4210308-13214-20210123,4210308,Major Vieira,SC,25/01/2021,13214,Chuvas Intensas,Registro,0.0,0.0,0.0,0,0,0,0
SC-F-4205902-13214-20210120,4205902,Gaspar,SC,25/01/2021,13214,Chuvas Intensas,Registro,386045.28,0.0,386045.28,0,0,0,0
SC-F-4211108-13214-20210113,4211108,Monte Castelo,SC,25/01/2021,13214,Chuvas Intensas,Registro,229527.31,0.0,229527.31,0,0,0,0
SC-F-4217956-13214-20210123,4217956,Tigrinhos,SC,25/01/2021,13214,Chuvas Intensas,Registro,0.0,0.0,0.0,0,0,0,0
PR-F-4110706-12300-20210118,4110706,Irati,PR,26/01/2021,12300,Alagamentos,Reconhecido,651773.11,712896.95,1364670.06,0,50,3,55
SC-F-4200903-12200-20210124,4200903,Angelina,SC,26/01/2021,12200,Enxurradas,Registro,268087.0,268087.0,536174.0,0,0,0,0
SC-F-4214607-12200-20210124,4214607,Rio Do Oeste,SC,26/01/2021,12200,Enxurradas,Reconhecido,107234.8,1.07,107235.87000000001,0,15,0,15
SC-F-4213500-13214-20210124,4213500,Porto Belo,SC,26/01/2021,13214,Chuvas Intensas,Registro,0.0,0.0,0.0,0,0,0,0
SC-F-4200705-11331-20210125,4200705,Alfredo Wagner,SC,26/01/2021,11331,Movimento de Massa,Registro,745742.97,0.0,745742.97,0,0,0,0
SC-F-4211900-13214-20210124,4211900,Palhoça,SC,26/01/2021,13214,Chuvas Intensas,Registro,321704.4,21446.96,343151.36000000004,0,0,0,0
SC-F-4211702-11321-20210121,4211702,Orleans,SC,26/01/2021,11321,Movimento de Massa,Registro,0.0,0.0,0.0,0,0,0,0
PR-F-4119608-12200-20210120,4119608,Pitanga,PR,27/01/2021,12200,Enxurradas,Reconhecido,12120034.59,12120034.59,24240069.18,0,0,0,0
RS-F-4303400-12200-20210124,4303400,Caiçara,RS,27/01/2021,12200,Enxurradas,Registro,0.0,0.0,0.0,0,0,0,0
SC-F-4218202-13214-20210121,4218202,Timbó,SC,28/01/2021,13214,Chuvas Intensas,Registro,0.0,0.0,0.0,0,200,16,216
SC-F-4208104-13214-20210120,4208104,Itaiópolis,SC,28/01/2021,13214,Chuvas Intensas,Reconhecido,1005750.04,2566006.94,3571756.98,0,7,0,7
SC-F-4214508-12200-20210124,4214508,Rio Do Campo,SC,28/01/2021,12200,Enxurradas,Registro,96511.32,0.0,96511.32,0,0,0,0
SC-F-4214102-12200-20210124,4214102,Presidente Nereu,SC,28/01/2021,12200,Enxurradas,Registro,0.0,0.0,0.0,0,0,0,0
SC-F-4202404-13214-20210127,4202404,Blumenau,SC,29/01/2021,13214,Chuvas Intensas,Reconhecido,5048395.25,173067.31,5221462.56,0,50,0,50
SC-F-4200705-12200-20210128,4200705,Alfredo Wagner,SC,29/01/2021,12200,Enxurradas,Reconhecido,2329892.32,79154.58,2409046.9,0,1,10,11
SC-F-4200606-12200-20210128,4200606,Águas Mornas,SC,29/01/2021,12200,Enxurradas,Registro,0.0,0.0,0.0,0,0,0,0
SC-F-4210209-13214-20210124,4210209,Major Gercino,SC,29/01/2021,13214,Chuvas Intensas,Registro,0.0,0.0,0.0,0,3,0,3
SC-F-4205704-13214-20210121,4205704,Garopaba,SC,29/01/2021,13214,Chuvas Intensas,Registro,838576.13,37532.18,876108.31,0,0,0,0
PR-F-4110805-12200-20210126,4110805,Iretama,PR,01/02/2021,12200,Enxurradas,Reconhecido,1028510.41,1028510.41,2057020.82,0,0,0,0
SC-F-4202602-13214-20210129,4202602,Bom Retiro,SC,01/02/2021,13214,Chuvas Intensas,Registro,525450.52,64340.88,589791.4,0,3,0,3
SC-F-4213708-12200-20210127,4213708,Pouso Redondo,SC,02/02/2021,12200,Enxurradas,Registro,64340.88,64340.88,128681.76,0,0,0,0
SC-F-4209607-12200-20210201,4209607,Lauro Müller,SC,03/02/2021,12200,Enxurradas,Reconhecido,4192921.5,808939.65,5001861.15,0,6,0,6
RS-F-4316808-13214-20210128,4316808,Santa Cruz Do Sul,RS,03/02/2021,13214,Chuvas Intensas,Reconhecido,17171161.05,26247.97,17197409.02,0,0,0,0
SC-F-4214300-13214-20210128,4214300,Rancho Queimado,SC,03/02/2021,13214,Chuvas Intensas,Reconhecido,2050114.9,0.0,2050114.9,0,5,0,5
SC-F-4207908-13214-20210201,4207908,Irineópolis,SC,05/02/2021,13214,Chuvas Intensas,Registro,0.0,0.0,0.0,0,0,0,0
SC-F-4213708-12300-20210202,4213708,Pouso Redondo,SC,05/02/2021,12300,Alagamentos,Registro,0.0,0.0,0.0,0,0,0,0
RS-F-4322707-12200-20210128,4322707,Vera Cruz,RS,06/02/2021,12200,Enxurradas,Reconhecido,228489.05,15982.17,244471.22,0,25,0,28
SC-F-4201109-12200-20210126,4201109,Anitápolis,SC,08/02/2021,12200,Enxurradas,Reconhecido,2160781.22,0.0,2160781.22,0,11,0,11
SC-F-4218251-13214-20210126,4218251,Timbó Grande,SC,08/02/2021,13214,Chuvas Intensas,Registro,332427.88,0.0,332427.88,0,8,0,8
SC-F-4203709-13214-20210121,4203709,Canelinha,SC,09/02/2021,13214,Chuvas Intensas,Registro,825707.96,0.0,825707.96,0,6,0,6
SC-F-4204608-13214-20210203,4204608,Criciúma,SC,09/02/2021,13214,Chuvas Intensas,Registro,0.0,0.0,0.0,0,0,0,0
PR-F-4106803-13214-20210203,4106803,Cruz Machado,PR,11/02/2021,13214,Chuvas Intensas,Reconhecido,0.0,0.0,0.0,0,0,0,0
PR-F-4107504-12200-20210202,4107504,Engenheiro Beltrão,PR,11/02/2021,12200,Enxurradas,Reconhecido,1085216.17,1085216.17,2170432.34,0,0,0,0
SC-F-4203600-12200-20210129,4203600,Campos Novos,SC,12/02/2021,12200,Enxurradas,Registro,19087.79,0.0,19087.79,0,0,0,0
SC-F-4212007-12200-20210129,4212007,Palma Sola,SC,12/02/2021,12200,Enxurradas,Registro,21446.96,21446.96,42893.92,0,0,0,0
SC-F-4208500-13214-20210124,4208500,Ituporanga,SC,12/02/2021,13214,Chuvas Intensas,Registro,21446.96,0.0,21446.96,0,0,0,0
SC-F-4216206-13214-20210212,4216206,São Francisco Do Sul,SC,13/02/2021,13214,Chuvas Intensas,Registro,0.0,0.0,0.0,0,0,0,0
SC-F-4219002-12200-20201217,4219002,Urussanga,SC,15/02/2021,12200,Enxurradas,Registro,1893.83,1262.56,3156.39,0,0,0,0
SC-F-4215703-13214-20210124,4215703,Santo Amaro Da Imperatriz,SC,15/02/2021,13214,Chuvas Intensas,Registro,3592365.79,369512.76,3961878.55,0,25,0,25
SC-F-4215000-12100-20210120,4215000,Rio Negrinho,SC,15/02/2021,12100,Inundações,Registro,0.0,0.0,0.0,0,0,12,12
RS-F-4303004-12200-20210214,4303004,Cachoeira Do Sul,RS,16/02/2021,12200,Enxurradas,Registro,0.0,0.0,0.0,0,4,0,4
SC-F-4204194-12200-20210128,4204194,Chapadão Do Lageado,SC,16/02/2021,12200,Enxurradas,Registro,10723.48,0.0,10723.48,0,0,0,0
RS-F-4318408-12200-20210212,4318408,São Jerônimo,RS,18/02/2021,12200,Enxurradas,Reconhecido,81498.45,107234.8,188733.25,0,0,0,0
SC-F-4215653-12200-20201217,4215653,Santa Rosa Do Sul,SC,18/02/2021,12200,Enxurradas,Registro,252511.4,0.0,252511.4,0,0,0,0
RS-F-4307906-12300-20210113,4307906,Farroupilha,RS,18/02/2021,12300,Alagamentos,Registro,8578.78,0.0,8578.78,0,0,0,0
SC-F-4215703-12100-20210128,4215703,Santo Amaro Da Imperatriz,SC,19/02/2021,12100,Inundações,Registro,289533.96,10723.48,300257.44,0,0,0,0
SC-F-4215604-12200-20210211,4215604,Santa Rosa De Lima,SC,25/02/2021,12200,Enxurradas,Registro,32170.44,0.0,32170.44,0,3,0,3
SC-F-4213500-12300-20210225,4213500,Porto Belo,SC,27/02/2021,12300,Alagamentos,Registro,0.0,0.0,0.0,0,0,0,0
SC-F-4208450-13214-20210228,4208450,Itapoá,SC,01/03/2021,13214,Chuvas Intensas,Registro,0.0,0.0,0.0,0,0,0,0
SC-F-4202057-12100-20210201,4202057,Balneário Barra Do Sul,SC,02/03/2021,12100,Inundações,Registro,0.0,0.0,0.0,0,11,4,15
SC-F-4216206-13214-20210301,4216206,São Francisco Do Sul,SC,02/03/2021,13214,Chuvas Intensas,Registro,0.0,0.0,0.0,0,0,0,0
SC-F-4205803-13214-20210301,4205803,Garuva,SC,03/03/2021,13214,Chuvas Intensas,Registro,0.0,0.0,0.0,0,8,0,8
SC-F-4209607-12100-20210228,4209607,Lauro Müller,SC,03/03/2021,12100,Inundações,Registro,0.0,0.0,0.0,0,0,0,0
SC-F-4216305-12200-20210303,4216305,São João Batista,SC,04/03/2021,12200,Enxurradas,Registro,0.0,0.0,0.0,0,0,0,0
SC-F-4211702-12200-20210302,4211702,Orleans,SC,04/03/2021,12200,Enxurradas,Registro,321704.4,0.0,321704.4,0,0,0,0
SC-F-4211504-13214-20210302,4211504,Nova Trento,SC,04/03/2021,13214,Chuvas Intensas,Registro,21446.96,3217.04,24664.0,0,0,0,0
RS-F-4311304-12200-20210301,4311304,Lagoa Vermelha,RS,05/03/2021,12200,Enxurradas,Reconhecido,373208.77,35419.15,408627.92000000004,0,24,0,24
SC-F-4215703-13214-20210303,4215703,Santo Amaro Da Imperatriz,SC,05/03/2021,13214,Chuvas Intensas,Registro,0.0,107234.8,107234.8,0,0,0,0
SC-F-4217600-11331-20210301,4217600,Siderópolis,SC,05/03/2021,11331,Movimento de Massa,Registro,26808.7,0.0,26808.7,0,6,0,6
SC-F-4215703-11331-20210304,4215703,Santo Amaro Da Imperatriz,SC,05/03/2021,11331,Movimento de Massa,Registro,214469.6,0.0,214469.6,0,0,0,0
SC-F-4202909-13214-20210305,4202909,Brusque,SC,08/03/2021,13214,Chuvas Intensas,Reconhecido,5632036.43,239714.38,5871750.81,0,4,0,4
SC-F-4215802-13214-20210301,4215802,São Bento Do Sul,SC,08/03/2021,13214,Chuvas Intensas,Registro,0.0,0.0,0.0,0,0,0,0
SC-F-4203709-13214-20210228,4203709,Canelinha,SC,09/03/2021,13214,Chuvas Intensas,Registro,21446.96,0.0,21446.96,0,0,0,0
SC-F-4208302-13214-20210309,4208302,Itapema,SC,09/03/2021,13214,Chuvas Intensas,Reconhecido,2777705.43,1940949.88,4718655.3100000005,0,3,12,15
SC-F-4213500-13214-20210309,4213500,Porto Belo,SC,09/03/2021,13214,Chuvas Intensas,Registro,0.0,0.0,0.0,0,2,10,12
SC-F-4202305-13214-20210309,4202305,Biguaçu,SC,11/03/2021,13214,Chuvas Intensas,Reconhecido,5202112.71,728521.94,5930634.65,0,25,0,25
SC-F-4211702-11321-20210216,4211702,Orleans,SC,15/03/2021,11321,Movimento de Massa,Registro,0.0,0.0,0.0,0,0,0,0
SC-F-4211702-13214-20210216,4211702,Orleans,SC,15/03/2021,13214,Chuvas Intensas,Registro,0.0,0.0,0.0,0,0,0,0
SC-F-4211504-12200-20210309,4211504,Nova Trento,SC,16/03/2021,12200,Enxurradas,Registro,26572.78,0.0,26572.78,0,0,0,0
SC-F-4219002-12200-20210227,4219002,Urussanga,SC,17/03/2021,12200,Enxurradas,Registro,0.0,0.0,0.0,0,0,0,0
SC-F-4208104-12300-20210323,4208104,Itaiópolis,SC,24/03/2021,12300,Alagamentos,Registro,568344.44,5361.74,573706.1799999999,0,3,0,3
SC-F-4203204-13214-20210301,4203204,Camboriú,SC,31/03/2021,13214,Chuvas Intensas,Registro,0.0,0.0,0.0,0,0,0,0
RS-F-4304507-13214-20210328,4304507,Canguçu,RS,01/04/2021,13214,Chuvas Intensas,Registro,675579.24,0.0,675579.24,0,0,0,0
SC-F-4204251-13214-20210323,4204251,Cocal Do Sul,SC,05/04/2021,13214,Chuvas Intensas,Registro,0.0,0.0,0.0,0,0,0,0
RS-F-4316808-13214-20210212,4316808,Santa Cruz Do Sul,RS,13/04/2021,13214,Chuvas Intensas,Registro,0.0,0.0,0.0,0,0,0,0
RS-F-4314050-13214-20210124,4314050,Parobé,RS,28/04/2021,13214,Chuvas Intensas,Registro,78281.4,7506.44,85787.84,0,60,0,60
SC-F-4202008-13214-20201227,4202008,Balneário Camboriú,SC,05/05/2021,13214,Chuvas Intensas,Registro,0.0,0.0,0.0,0,0,0,0
SC-F-4202008-13214-20201228,4202008,Balneário Camboriú,SC,05/05/2021,13214,Chuvas Intensas,Registro,0.0,0.0,0.0,0,0,0,0
SC-F-4214805-11321-20210512,4214805,Rio Do Sul,SC,14/05/2021,11321,Movimento de Massa,Registro,643408.8,5266012.61,5909421.41,0,11,7,19
SC-F-4216404-11321-20201210,4216404,São João Do Sul,SC,19/05/2021,11321,Movimento de Massa,Registro,25251.14,56815.06,82066.2,0,200,200,400
SC-F-4212809-11321-20210121,4212809,Balneário Piçarras,SC,20/05/2021,11321,Movimento de Massa,Registro,0.0,0.0,0.0,0,0,0,0
SC-F-4212809-12300-20210121,4212809,Balneário Piçarras,SC,20/05/2021,12300,Alagamentos,Registro,0.0,0.0,0.0,0,0,0,0
SC-F-4212809-12300-20210301,4212809,Balneário Piçarras,SC,20/05/2021,12300,Alagamentos,Registro,0.0,0.0,0.0,0,0,0,0
SC-F-4212809-13214-20210204,4212809,Balneário Piçarras,SC,20/05/2021,13214,Chuvas Intensas,Registro,0.0,0.0,0.0,0,0,0,0
SC-F-4209607-11311-20210520,4209607,Lauro Müller,SC,25/05/2021,11311,Movimento de Massa,Registro,0.0,0.0,0.0,0,0,0,0
SC-F-4202008-13214-20210124,4202008,Balneário Camboriú,SC,25/05/2021,13214,Chuvas Intensas,Registro,0.0,0.0,0.0,0,0,0,0
RS-F-4319125-12200-20210528,4319125,São Martinho Da Serra,RS,31/05/2021,12200,Enxurradas,Reconhecido,129603.98,103867.63,233471.61,0,0,0,0
SC-F-4202008-13214-20210309,4202008,Balneário Camboriú,SC,02/06/2021,13214,Chuvas Intensas,Registro,0.0,0.0,0.0,0,0,0,0
RS-F-4320701-13214-20210605,4320701,Sobradinho,RS,07/06/2021,13214,Chuvas Intensas,Registro,21446.96,0.0,21446.96,0,0,4,4
SC-F-4207205-13214-20210609,4207205,Imaruí,SC,09/06/2021,13214,Chuvas Intensas,Reconhecido,7676387.39,197830.67,7874218.06,0,72,0,72
SC-F-4202909-13214-20210609,4202909,Brusque,SC,09/06/2021,13214,Chuvas Intensas,Reconhecido,3476157.86,141039.06,3617196.92,0,184,0,184
SC-F-4200606-12300-20210609,4200606,Águas Mornas,SC,09/06/2021,12300,Alagamentos,Registro,0.0,0.0,0.0,0,0,0,0
SC-F-4202107-12300-20210608,4202107,Barra Velha,SC,09/06/2021,12300,Alagamentos,Registro,0.0,0.0,0.0,0,5,0,5
SC-F-4200705-11321-20210603,4200705,Alfredo Wagner,SC,09/06/2021,11321,Movimento de Massa,Registro,0.0,0.0,0.0,0,0,0,0
SC-F-4203204-12100-20210609,4203204,Camboriú,SC,09/06/2021,12100,Inundações,Registro,0.0,0.0,0.0,0,0,0,0
SC-F-4205407-13214-20210609,4205407,Florianópolis,SC,09/06/2021,13214,Chuvas Intensas,Registro,0.0,0.0,0.0,0,0,0,0
SC-F-4212809-12300-20210609,4212809,Balneário Piçarras,SC,09/06/2021,12300,Alagamentos,Registro,0.0,0.0,0.0,0,0,0,0
SC-F-4203204-13214-20210609,4203204,Camboriú,SC,10/06/2021,13214,Chuvas Intensas,Reconhecido,1822991.6,320932.31,2143923.91,0,543,40,583
SC-F-4209607-11311-20210609,4209607,Lauro Müller,SC,10/06/2021,11311,Movimento de Massa,Registro,0.0,0.0,0.0,0,0,0,0
SC-F-4216305-13214-20210609,4216305,São João Batista,SC,10/06/2021,13214,Chuvas Intensas,Registro,183907.68,0.0,183907.68,0,4,0,4
SC-F-4215653-12200-20210609,4215653,Santa Rosa Do Sul,SC,10/06/2021,12200,Enxurradas,Registro,179082.12,18766.09,197848.21,0,6,4,10
SC-F-4209409-13214-20210609,4209409,Laguna,SC,10/06/2021,13214,Chuvas Intensas,Reconhecido,717090.07,0.0,717090.07,0,15,0,17
SC-F-4200606-13214-20210609,4200606,Águas Mornas,SC,10/06/2021,13214,Chuvas Intensas,Registro,0.0,0.0,0.0,0,0,0,0
SC-F-4217253-12300-20210609,4217253,São Pedro De Alcântara,SC,10/06/2021,12300,Alagamentos,Registro,0.0,0.0,0.0,0,0,0,0
SC-F-4208203-13214-20210609,4208203,Itajaí,SC,11/06/2021,13214,Chuvas Intensas,Registro,2859011.59,47452.51,2906464.0999999996,0,0,0,0
SC-F-4218004-13214-20210608,4218004,Tijucas,SC,11/06/2021,13214,Chuvas Intensas,Registro,0.0,0.0,0.0,0,28,0,28
SC-F-4204251-13214-20210610,4204251,Cocal Do Sul,SC,11/06/2021,13214,Chuvas Intensas,Registro,0.0,0.0,0.0,0,0,0,0
SC-F-4217105-12300-20210608,4217105,São Martinho,SC,11/06/2021,12300,Alagamentos,Registro,0.0,0.0,0.0,0,0,0,0
SC-F-4212650-13214-20210609,4212650,Pescaria Brava,SC,14/06/2021,13214,Chuvas Intensas,Reconhecido,930251.16,825707.96,1755959.12,0,30,0,30
SC-F-4202073-12200-20210609,4202073,Balneário Gaivota,SC,14/06/2021,12200,Enxurradas,Reconhecido,1327045.15,32170.44,1359215.5899999999,0,6,0,6
SC-F-4212304-13214-20210609,4212304,Paulo Lopes,SC,14/06/2021,13214,Chuvas Intensas,Reconhecido,1271062.59,1035077.47,2306140.06,0,4,0,4
SC-F-4216404-12300-20210607,4216404,São João Do Sul,SC,14/06/2021,12300,Alagamentos,Registro,0.0,0.0,0.0,0,0,0,0
SC-F-4215703-13214-20210609,4215703,Santo Amaro Da Imperatriz,SC,17/06/2021,13214,Chuvas Intensas,Registro,75064.36,0.0,75064.36,0,0,0,0
SC-F-4207007-13214-20210609,4207007,Içara,SC,17/06/2021,13214,Chuvas Intensas,Registro,487221.31,546897.48,1034118.79,0,0,0,0
SC-F-4204608-12300-20210609,4204608,Criciúma,SC,17/06/2021,12300,Alagamentos,Registro,0.0,0.0,0.0,0,0,0,0
SC-F-4205704-11321-20210620,4205704,Garopaba,SC,21/06/2021,11321,Movimento de Massa,Registro,21446.96,53617.4,75064.36,0,0,0,0
SC-F-4211900-13214-20210619,4211900,Palhoça,SC,21/06/2021,13214,Chuvas Intensas,Registro,0.0,0.0,0.0,0,0,0,0
SC-F-4203709-13214-20210608,4203709,Canelinha,SC,25/06/2021,13214,Chuvas Intensas,Reconhecido,6305253.95,2747484.98,9052738.93,0,285,14,299
SC-F-4206207-13214-20210609,4206207,Gravatal,SC,25/06/2021,13214,Chuvas Intensas,Registro,0.0,9651.13,9651.13,0,0,0,0
SC-F-4205456-13214-20210609,4205456,Forquilhinha,SC,29/06/2021,13214,Chuvas Intensas,Registro,0.0,0.0,0.0,0,0,0,0
RS-F-4304200-12200-20210626,4304200,Candelária,RS,01/07/2021,12200,Enxurradas,Reconhecido,97442.12,33101.24,130543.35999999999,0,0,0,0
SC-F-4205100-13214-20210627,4205100,Dona Emma,SC,01/07/2021,13214,Chuvas Intensas,Registro,10224.04,0.0,10224.04,0,0,0,0
RS-F-4313037-12200-20210626,4313037,Nova Esperança Do Sul,RS,01/07/2021,12200,Enxurradas,Registro,0.0,0.0,0.0,0,0,0,0
SC-F-4203956-12300-20210608,4203956,Capivari De Baixo,SC,01/07/2021,12300,Alagamentos,Registro,0.0,0.0,0.0,0,0,0,0
RS-F-4305132-12200-20210626,4305132,Cerro Branco,RS,02/07/2021,12200,Enxurradas,Reconhecido,1057495.98,874285.32,1931781.2999999998,0,0,0,0
SC-F-4209607-12200-20210620,4209607,Lauro Müller,SC,08/07/2021,12200,Enxurradas,Registro,131898.8,2466.4,134365.19999999998,0,0,0,0
SC-F-4208807-12300-20210609,4208807,Jaguaruna,SC,12/07/2021,12300,Alagamentos,Registro,121497.03,0.0,121497.03,0,20,0,20
SC-F-4201505-12200-20210608,4201505,Armazém,SC,14/07/2021,12200,Enxurradas,Registro,13181.3,0.0,13181.3,0,0,0,0
RS-F-4316808-11311-20210522,4316808,Santa Cruz Do Sul,RS,14/07/2021,11311,Movimento de Massa,Registro,0.0,0.0,0.0,0,0,0,0
RS-F-4316808-12300-20210626,4316808,Santa Cruz Do Sul,RS,14/07/2021,12300,Alagamentos,Registro,0.0,0.0,0.0,0,0,0,0
SC-F-4202008-13214-20210608,4202008,Balneário Camboriú,SC,04/08/2021,13214,Chuvas Intensas,Registro,0.0,0.0,0.0,0,0,0,0
RS-F-4304507-12300-20210818,4304507,Canguçu,RS,20/08/2021,12300,Alagamentos,Registro,10723.48,0.0,10723.48,0,0,0,0
RS-F-4304507-13214-20210825,4304507,Canguçu,RS,27/08/2021,13214,Chuvas Intensas,Registro,107234.8,0.0,107234.8,0,0,0,0
RS-F-4316907-12300-20210825,4316907,Santa Maria,RS,01/09/2021,12300,Alagamentos,Registro,1072.35,0.0,1072.35,0,0,0,0
RS-F-4301305-13214-20210908,4301305,Arroio Grande,RS,08/09/2021,13214,Chuvas Intensas,Registro,19302.26,0.0,19302.26,0,0,0,0
RS-F-4322400-13214-20210907,4322400,Uruguaiana,RS,09/09/2021,13214,Chuvas Intensas,Registro,0.0,0.0,0.0,0,0,0,0
SC-F-4207007-12200-20210907,4207007,Içara,SC,10/09/2021,12200,Enxurradas,Registro,11795.83,11795.83,23591.66,0,0,0,0
SC-F-4208450-13214-20210908,4208450,Itapoá,SC,10/09/2021,13214,Chuvas Intensas,Registro,171575.68,0.0,171575.68,0,0,0,0
RS-F-4314159-13214-20210907,4314159,Paverama,RS,13/09/2021,13214,Chuvas Intensas,Reconhecido,514694.74,514694.74,1029389.48,0,0,0,0
RS-F-4304507-13214-20210913,4304507,Canguçu,RS,14/09/2021,13214,Chuvas Intensas,Registro,0.0,0.0,0.0,0,0,0,0
RS-F-4301602-12200-20210913,4301602,Bagé,RS,15/09/2021,12200,Enxurradas,Reconhecido,8049992.56,8007098.64,16057091.2,0,0,2,2
RS-F-4307807-12100-20210910,4307807,Estrela,RS,16/09/2021,12100,Inundações,Reconhecido,8578783.98,8578783.98,17157567.96,0,0,0,0
SC-F-4215752-13214-20210914,4215752,São Bernardino,SC,16/09/2021,13214,Chuvas Intensas,Registro,80426.1,0.0,80426.1,0,0,0,0
SC-F-4207007-13214-20210914,4207007,Içara,SC,17/09/2021,13214,Chuvas Intensas,Registro,10723.48,8578.78,19302.260000000002,0,0,0,0
SC-F-4202602-13214-20210917,4202602,Bom Retiro,SC,17/09/2021,13214,Chuvas Intensas,Registro,662711.06,83643.14,746354.2000000001,0,0,0,0
RS-F-4306379-12200-20210908,4306379,Dilermando De Aguiar,RS,17/09/2021,12200,Enxurradas,Registro,53617.4,0.0,53617.4,0,0,0,0
SC-F-4203709-11321-20210917,4203709,Canelinha,SC,17/09/2021,11321,Movimento de Massa,Registro,0.0,0.0,0.0,0,0,0,0
SC-F-4205803-13214-20210918,4205803,Garuva,SC,18/09/2021,13214,Chuvas Intensas,Registro,0.0,0.0,0.0,0,0,0,0
RS-F-4303004-12100-20210912,4303004,Cachoeira Do Sul,RS,20/09/2021,12100,Inundações,Registro,0.0,0.0,0.0,0,0,0,0
SC-F-4210852-12100-20210917,4210852,Mirim Doce,SC,21/09/2021,12100,Inundações,Registro,200529.08,107234.8,307763.88,0,0,0,0
SC-F-4205100-12300-20210917,4205100,Dona Emma,SC,21/09/2021,12300,Alagamentos,Registro,0.0,0.0,0.0,0,0,0,0
SC-F-4216909-13214-20210921,4216909,São Lourenço Do Oeste,SC,21/09/2021,13214,Chuvas Intensas,Registro,0.0,0.0,0.0,0,0,0,0
SC-F-4214805-12200-20210917,4214805,Rio Do Sul,SC,22/09/2021,12200,Enxurradas,Registro,332427.88,0.0,332427.88,0,0,0,0
SC-F-4215802-13214-20210917,4215802,São Bento Do Sul,SC,22/09/2021,13214,Chuvas Intensas,Registro,0.0,0.0,0.0,0,0,0,0
RS-F-4317608-13214-20210919,4317608,Santo Antônio Da Patrulha,RS,24/09/2021,13214,Chuvas Intensas,Reconhecido,1270885.86,648157.88,1919043.7400000002,0,9,0,9
RS-F-4316907-12300-20210907,4316907,Santa Maria,RS,24/09/2021,12300,Alagamentos,Registro,85787.84,0.0,85787.84,0,62,0,62
RS-F-4316907-11321-20210914,4316907,Santa Maria,RS,24/09/2021,11321,Movimento de Massa,Registro,0.0,0.0,0.0,0,0,0,0
SC-F-4217501-13214-20210921,4217501,Seara,SC,28/09/2021,13214,Chuvas Intensas,Registro,16085.22,16085.22,32170.44,0,0,0,0
SC-F-4217501-12200-20210921,4217501,Seara,SC,28/09/2021,12200,Enxurradas,Registro,16085.22,0.0,16085.22,0,0,0,0
RS-F-4318507-13214-20210929,4318507,São José Do Norte,RS,29/09/2021,13214,Chuvas Intensas,Reconhecido,35912.93,95310.29,131223.22,0,0,0,0
RS-F-4314175-13214-20210930,4314175,Pedras Altas,RS,30/09/2021,13214,Chuvas Intensas,Reconhecido,1093794.96,1122561.77,2216356.73,0,0,0,0
SC-F-4208807-11321-20210728,4208807,Jaguaruna,SC,05/10/2021,11321,Movimento de Massa,Registro,0.0,0.0,0.0,0,0,0,0
SC-F-4210035-12200-20211006,4210035,Luzerna,SC,08/10/2021,12200,Enxurradas,Registro,5361.74,0.0,5361.74,0,0,0,0
SC-F-4206306-13214-20211012,4206306,Guabiruba,SC,12/10/2021,13214,Chuvas Intensas,Registro,0.0,0.0,0.0,0,30,0,30
SC-F-4211900-13214-20211012,4211900,Palhoça,SC,12/10/2021,13214,Chuvas Intensas,Registro,268087.0,0.0,268087.0,0,12,0,12
SC-F-4210209-11321-20211012,4210209,Major Gercino,SC,12/10/2021,11321,Movimento de Massa,Registro,0.0,0.0,0.0,0,0,0,0
SC-F-4215703-13214-20211012,4215703,Santo Amaro Da Imperatriz,SC,13/10/2021,13214,Chuvas Intensas,Reconhecido,1587075.04,3077639.83,4664714.87,0,500,12,512
SC-F-4202701-13214-20211012,4202701,Botuverá,SC,13/10/2021,13214,Chuvas Intensas,Reconhecido,262495.78,21531.14,284026.92000000004,0,0,5,5
SC-F-4205704-12300-20211012,4205704,Garopaba,SC,13/10/2021,12300,Alagamentos,Registro,0.0,0.0,0.0,0,0,0,0
SC-F-4211504-13214-20211012,4211504,Nova Trento,SC,14/10/2021,13214,Chuvas Intensas,Registro,5361.74,1072.35,6434.09,0,0,0,0
RS-F-4306379-12200-20211011,4306379,Dilermando De Aguiar,RS,14/10/2021,12200,Enxurradas,Registro,11366.89,0.0,11366.89,0,0,0,0
SC-F-4211504-11321-20211012,4211504,Nova Trento,SC,14/10/2021,11321,Movimento de Massa,Registro,5361.74,0.0,5361.74,0,0,0,0
SC-F-4206702-13214-20211015,4206702,Herval Doeste,SC,15/10/2021,13214,Chuvas Intensas,Registro,32170.44,0.0,32170.44,0,6,0,6
RS-F-4316808-12100-20210825,4316808,Santa Cruz Do Sul,RS,18/10/2021,12100,Inundações,Registro,0.0,0.0,0.0,0,0,0,0
RS-F-4316808-12100-20210907,4316808,Santa Cruz Do Sul,RS,18/10/2021,12100,Inundações,Registro,0.0,0.0,0.0,0,0,0,0
SC-F-4212601-13214-20211015,4212601,Peritiba,SC,19/10/2021,13214,Chuvas Intensas,Registro,42893.92,0.0,42893.92,0,0,0,0
RS-F-4303004-13214-20210907,4303004,Cachoeira Do Sul,RS,20/10/2021,13214,Chuvas Intensas,Registro,8042.61,0.0,8042.61,0,0,0,0
SC-F-4206801-13214-20211015,4206801,Ibicaré,SC,20/10/2021,13214,Chuvas Intensas,Registro,0.0,0.0,0.0,0,0,0,0
SC-F-4206652-12200-20211011,4206652,Guatambú,SC,21/10/2021,12200,Enxurradas,Registro,0.0,0.0,0.0,0,0,0,0
SC-F-4215356-12200-20211014,4215356,Saltinho,SC,22/10/2021,12200,Enxurradas,Registro,0.0,0.0,0.0,0,0,0,0
SC-F-4205001-12200-20210804,4205001,Dionísio Cerqueira,SC,22/10/2021,12200,Enxurradas,Registro,143158.46,0.0,143158.46,0,0,0,0
SC-F-4205209-12200-20211015,4205209,Erval Velho,SC,22/10/2021,12200,Enxurradas,Registro,160852.2,107234.8,268087.0,0,0,0,0
RS-F-4306007-13214-20210930,4306007,Crissiumal,RS,22/10/2021,13214,Chuvas Intensas,Registro,0.0,0.0,0.0,0,0,0,0
SC-F-4200051-13214-20211025,4200051,Abdon Batista,SC,25/10/2021,13214,Chuvas Intensas,Registro,107234.8,107234.8,214469.6,0,0,0,0
SC-F-4210035-12200-20211015,4210035,Luzerna,SC,26/10/2021,12200,Enxurradas,Registro,0.0,0.0,0.0,0,0,0,0
SC-F-4216503-12200-20211029,4216503,São Joaquim,SC,29/10/2021,12200,Enxurradas,Registro,7506.44,0.0,7506.44,0,0,0,0
SC-F-4204202-13214-20211030,4204202,Chapecó,SC,30/10/2021,13214,Chuvas Intensas,Registro,141549.94,0.0,141549.94,0,0,0,2
SC-F-4205803-13214-20211101,4205803,Garuva,SC,01/11/2021,13214,Chuvas Intensas,Registro,75064.36,0.0,75064.36,0,0,0,0
SC-F-4201406-13214-20211103,4201406,Araranguá,SC,03/11/2021,13214,Chuvas Intensas,Registro,155490.46,0.0,155490.46,0,0,0,0
PR-F-4123808-12200-20211030,4123808,Santa Izabel Do Oeste,PR,04/11/2021,12200,Enxurradas,Reconhecido,1121997.71,199778.43,1321776.14,0,14,0,19
SC-F-4218905-12200-20211008,4218905,Urubici,SC,04/11/2021,12200,Enxurradas,Registro,0.0,0.0,0.0,0,0,0,0
PR-F-4116208-12200-20211031,4116208,Morretes,PR,05/11/2021,12200,Enxurradas,Reconhecido,1625472.07,1175890.17,2801362.24,0,60,15,75
SC-F-4202305-12100-20211025,4202305,Biguaçu,SC,10/11/2021,12100,Inundações,Registro,119170.03,10.72,119180.75,0,0,0,0
SC-F-4200804-12200-20211105,4200804,Anchieta,SC,12/11/2021,12200,Enxurradas,Registro,278810.48,53617.4,332427.88,0,0,0,0
SC-F-4206405-13214-20211105,4206405,Guaraciaba,SC,17/11/2021,13214,Chuvas Intensas,Registro,1608.52,0.0,1608.52,0,0,0,0
SC-F-4205506-13214-20211117,4205506,Fraiburgo,SC,18/11/2021,13214,Chuvas Intensas,Registro,16085.22,0.0,16085.22,0,0,0,0
SC-F-4208104-13214-20211118,4208104,Itaiópolis,SC,18/11/2021,13214,Chuvas Intensas,Registro,391407.02,193022.64,584429.66,0,0,0,0
SC-F-4215000-13214-20211118,4215000,Rio Negrinho,SC,19/11/2021,13214,Chuvas Intensas,Registro,32170.44,0.0,32170.44,0,0,0,0
SC-F-4210100-13214-20211117,4210100,Mafra,SC,19/11/2021,13214,Chuvas Intensas,Registro,0.0,0.0,0.0,0,0,0,0
SC-F-4215802-13214-20211118,4215802,São Bento Do Sul,SC,19/11/2021,13214,Chuvas Intensas,Registro,0.0,0.0,0.0,0,0,0,0
SC-F-4201109-12200-20211118,4201109,Anitápolis,SC,22/11/2021,12200,Enxurradas,Registro,589791.4,0.0,589791.4,0,0,0,0
SC-F-4203303-13214-20211118,4203303,Campo Alegre,SC,23/11/2021,13214,Chuvas Intensas,Registro,75064.36,0.0,75064.36,0,0,0,0
SC-F-4217808-12300-20211018,4217808,Taió,SC,02/12/2021,12300,Alagamentos,Registro,0.0,0.0,0.0,0,0,0,0
SC-F-4217709-13214-20211206,4217709,Sombrio,SC,06/12/2021,13214,Chuvas Intensas,Registro,134043.5,16085.22,150128.72,0,0,0,0
SC-F-4216404-13214-20211206,4216404,São João Do Sul,SC,06/12/2021,13214,Chuvas Intensas,Registro,109379.5,9651.13,119030.63,0,0,0,0
SC-F-4203154-13214-20211125,4203154,Calmon,SC,07/12/2021,13214,Chuvas Intensas,Registro,53617.4,0.0,53617.4,0,0,0,0
SC-F-4215802-13214-20211206,4215802,São Bento Do Sul,SC,09/12/2021,13214,Chuvas Intensas,Registro,107234.8,0.0,107234.8,0,0,0,0
SC-F-4204608-13214-20211206,4204608,Criciúma,SC,09/12/2021,13214,Chuvas Intensas,Registro,0.0,0.0,0.0,0,0,0,0
SC-F-4215653-13214-20211206,4215653,Santa Rosa Do Sul,SC,14/12/2021,13214,Chuvas Intensas,Registro,134043.5,13940.52,147984.02,0,0,0,0
SC-F-4201406-13214-20211206,4201406,Araranguá,SC,15/12/2021,13214,Chuvas Intensas,Registro,5361.74,0.0,5361.74,0,0,0,0
SC-F-4210605-13214-20211121,4210605,Massaranduba,SC,15/12/2021,13214,Chuvas Intensas,Registro,171575.68,0.0,171575.68,0,0,0,0
SC-F-4204509-13214-20211121,4204509,Corupá,SC,15/12/2021,13214,Chuvas Intensas,Registro,32170.44,0.0,32170.44,0,0,0,0
SC-F-4215901-12200-20211215,4215901,São Bonifácio,SC,15/12/2021,12200,Enxurradas,Registro,0.0,0.0,0.0,0,0,0,0
SC-F-4213807-12200-20211215,4213807,Praia Grande,SC,17/12/2021,12200,Enxurradas,Registro,490063.04,0.0,490063.04,0,0,0,0
SC-F-4215901-12200-20211217,4215901,São Bonifácio,SC,17/12/2021,12200,Enxurradas,Registro,0.0,0.0,0.0,0,0,0,0
SC-F-4209607-11311-20211219,4209607,Lauro Müller,SC,20/12/2021,11311,Movimento de Massa,Registro,0.0,0.0,0.0,0,0,0,0
RS-F-4316907-12300-20211213,4316907,Santa Maria,RS,20/12/2021,12300,Alagamentos,Registro,0.0,0.0,0.0,0,0,0,0
SC-F-4202875-12300-20211015,4202875,Brunópolis,SC,20/12/2021,12300,Alagamentos,Registro,0.0,0.0,0.0,0,0,0,0
SC-F-4208708-12200-20211206,4208708,Jacinto Machado,SC,20/12/2021,12200,Enxurradas,Registro,4244.18,0.0,4244.18,0,0,0,0
SC-F-4205100-11332-20211211,4205100,Dona Emma,SC,20/12/2021,11332,Movimento de Massa,Registro,0.0,0.0,0.0,0,0,0,0
SC-F-4209102-12200-20211218,4209102,Joinville,SC,21/12/2021,12200,Enxurradas,Registro,32170.44,32170.44,64340.88,0,0,0,0
SC-F-4215703-13214-20211205,4215703,Santo Amaro Da Imperatriz,SC,22/12/2021,13214,Chuvas Intensas,Registro,0.0,0.0,0.0,0,0,0,0
SC-F-4208450-13214-20211212,4208450,Itapoá,SC,22/12/2021,13214,Chuvas Intensas,Registro,42893.92,42893.92,85787.84,0,0,0,0
SC-F-4215000-13214-20211222,4215000,Rio Negrinho,SC,22/12/2021,13214,Chuvas Intensas,Registro,107234.8,0.0,107234.8,0,0,0,0
SC-F-4202438-12200-20211118,4202438,Bocaina Do Sul,SC,28/12/2021,12200,Enxurradas,Registro,750643.6,750643.6,1501287.2,0,0,0,0
SC-F-4202438-12300-20211001,4202438,Bocaina Do Sul,SC,28/12/2021,12300,Alagamentos,Registro,1222476.72,0.0,1222476.72,0,0,0,0
SC-F-4215109-13214-20211227,4215109,Rodeio,SC,28/12/2021,13214,Chuvas Intensas,Registro,91149.58,0.0,91149.58,0,0,0,0
RS-F-4312450-13214-20211219,4312450,Morro Redondo,RS,30/12/2021,13214,Chuvas Intensas,Registro,0.0,0.0,0.0,0,0,0,0
SC-F-4213708-13214-20220104,4213708,Pouso Redondo,SC,04/01/2022,13214,Chuvas Intensas,Registro,0.0,0.0,0.0,0,0,0,0
SC-F-4205803-12200-20220104,4205803,Garuva,SC,04/01/2022,12200,Enxurradas,Registro,30630.16,0.0,30630.16,0,0,0,0
PR-F-4101804-12300-20220105,4101804,Araucária,PR,05/01/2022,12300,Alagamentos,Registro,0.0,0.0,0.0,0,0,0,0
SC-F-4202305-12200-20220105,4202305,Biguaçu,SC,05/01/2022,12200,Enxurradas,Registro,236968.27,236968.27,473936.54,0,0,0,0
SC-F-4216206-13214-20220105,4216206,São Francisco Do Sul,SC,05/01/2022,13214,Chuvas Intensas,Registro,0.0,0.0,0.0,0,45,0,45
SC-F-4202909-13214-20220105,4202909,Brusque,SC,05/01/2022,13214,Chuvas Intensas,Registro,0.0,0.0,0.0,0,0,0,0
SC-F-4204608-13214-20220105,4204608,Criciúma,SC,05/01/2022,13214,Chuvas Intensas,Registro,0.0,0.0,0.0,0,0,0,0
SC-F-4216206-12300-20220105,4216206,São Francisco Do Sul,SC,05/01/2022,12300,Alagamentos,Registro,0.0,0.0,0.0,0,0,0,0
SC-F-4202008-13214-20220109,4202008,Balneário Camboriú,SC,09/01/2022,13214,Chuvas Intensas,Registro,0.0,0.0,0.0,0,0,0,0
SC-F-4212502-12300-20220110,4212502,Penha,SC,10/01/2022,12300,Alagamentos,Registro,0.0,0.0,0.0,0,0,0,0
SC-F-4212809-12300-20220110,4212809,Balneário Piçarras,SC,10/01/2022,12300,Alagamentos,Registro,0.0,0.0,0.0,0,0,0,0
SC-F-4215802-13214-20220114,4215802,São Bento Do Sul,SC,14/01/2022,13214,Chuvas Intensas,Registro,1531508.23,0.0,1531508.23,0,0,0,0
SC-F-4202438-12200-20220115,4202438,Bocaina Do Sul,SC,15/01/2022,12200,Enxurradas,Registro,2042.01,0.0,2042.01,0,0,0,0
PR-F-4101804-11321-20220115,4101804,Araucária,PR,15/01/2022,11321,Movimento de Massa,Registro,0.0,0.0,0.0,0,7,0,7
SC-F-4205456-13214-20220116,4205456,Forquilhinha,SC,16/01/2022,13214,Chuvas Intensas,Registro,4492424.15,4502634.21,8995058.36,0,0,0,0
SC-F-4204251-13214-20220116,4204251,Cocal Do Sul,SC,16/01/2022,13214,Chuvas Intensas,Registro,546237.94,539907.7,1086145.64,0,3,0,3
SC-F-4202206-13214-20220116,4202206,Benedito Novo,SC,16/01/2022,13214,Chuvas Intensas,Registro,0.0,0.0,0.0,0,0,0,0
SC-F-4215000-12300-20220116,4215000,Rio Negrinho,SC,16/01/2022,12300,Alagamentos,Registro,51050.27,0.0,51050.27,0,0,0,0
SC-F-4214607-12200-20220116,4214607,Rio Do Oeste,SC,16/01/2022,12200,Enxurradas,Registro,0.0,5105.03,5105.03,0,0,0,0
SC-F-4203303-12300-20220116,4203303,Campo Alegre,SC,16/01/2022,12300,Alagamentos,Registro,0.0,0.0,0.0,0,0,0,0
SC-F-4204608-13214-20220116,4204608,Criciúma,SC,16/01/2022,13214,Chuvas Intensas,Registro,0.0,0.0,0.0,0,0,0,0
PR-F-4107652-12300-20220117,4107652,Fazenda Rio Grande,PR,17/01/2022,12300,Alagamentos,Reconhecido,325325.73,65329.04,390654.76999999996,0,100,9,109
RS-F-4310108-12200-20220117,4310108,Igrejinha,RS,17/01/2022,12200,Enxurradas,Registro,0.0,15315.08,15315.08,0,0,0,0
SC-F-4211702-12200-20220117,4211702,Orleans,SC,17/01/2022,12200,Enxurradas,Registro,3063.02,0.0,3063.02,0,0,0,0
PR-F-4101804-12300-20220117,4101804,Araucária,PR,17/01/2022,12300,Alagamentos,Registro,0.0,0.0,0.0,0,0,0,0
SC-F-4209607-13214-20220119,4209607,Lauro Muller,SC,19/01/2022,13214,Chuvas Intensas,Registro,0.0,0.0,0.0,0,0,0,0
SC-F-4207759-13214-20220125,4207759,Iraceminha,SC,25/01/2022,13214,Chuvas Intensas,Registro,132730.71,0.0,132730.71,0,0,0,0
RS-F-4320701-13214-20220125,4320701,Sobradinho,RS,25/01/2022,13214,Chuvas Intensas,Registro,15315.08,0.0,15315.08,0,0,0,0
SC-F-4210407-13214-20220126,4210407,Maracajá,SC,26/01/2022,13214,Chuvas Intensas,Registro,13273.07,0.0,13273.07,0,0,0,0
SC-F-4217808-13214-20220127,4217808,Taió,SC,27/01/2022,13214,Chuvas Intensas,Registro,0.0,510502.74,510502.74,0,0,0,0
SC-F-4201406-12200-20220127,4201406,Araranguá,SC,27/01/2022,12200,Enxurradas,Registro,255251.37,0.0,255251.37,0,0,0,0
SC-F-4218350-12200-20220128,4218350,Treviso,SC,28/01/2022,12200,Enxurradas,Registro,1633608.78,1633608.78,3267217.56,0,0,0,0
SC-F-4216503-12200-20220130,4216503,São Joaquim,SC,30/01/2022,12200,Enxurradas,Registro,61260.33,20420.11,81680.44,0,0,0,0
SC-F-4218103-12300-20220131,4218103,Timbé Do Sul,SC,31/01/2022,12300,Alagamentos,Registro,49765.85,0.0,49765.85,0,5,0,5
SC-F-4200606-12200-20220210,4200606,Águas Mornas,SC,10/02/2022,12200,Enxurradas,Registro,0.0,0.0,0.0,0,0,0,0
SC-F-4208450-13214-20220214,4208450,Itapoá,SC,14/02/2022,13214,Chuvas Intensas,Registro,122520.66,0.0,122520.66,0,0,0,0
SC-F-4200051-13214-20220216,4200051,Abdon Batista,SC,16/02/2022,13214,Chuvas Intensas,Registro,102100.55,102100.55,204201.1,0,0,0,0
SC-F-4214508-12200-20220217,4214508,Rio Do Campo,SC,17/02/2022,12200,Enxurradas,Registro,0.0,0.0,0.0,0,0,0,0
SC-F-4202909-13214-20220221,4202909,Brusque,SC,21/02/2022,13214,Chuvas Intensas,Registro,0.0,0.0,0.0,0,0,0,0
SC-F-4210605-13214-20220221,4210605,Massaranduba,SC,21/02/2022,13214,Chuvas Intensas,Registro,20420.11,0.0,20420.11,0,0,0,0
SC-F-4201208-13214-20220221,4201208,Antônio Carlos,SC,21/02/2022,13214,Chuvas Intensas,Registro,163360.88,40840.22,204201.1,0,0,0,0
SC-F-4208906-12200-20220221,4208906,Jaraguá Do Sul,SC,21/02/2022,12200,Enxurradas,Registro,1021005.49,20420.11,1041425.6,0,0,0,0
SC-F-4206504-12200-20220221,4206504,Guaramirim,SC,21/02/2022,12200,Enxurradas,Registro,61260.33,0.0,61260.33,0,0,0,0
SC-F-4202305-12200-20220221,4202305,Biguaçu,SC,21/02/2022,12200,Enxurradas,Registro,28588.15,0.0,28588.15,0,0,0,0
SC-F-4205902-13214-20220222,4205902,Gaspar,SC,22/02/2022,13214,Chuvas Intensas,Registro,470567.51,0.0,470567.51,0,0,11,11
SC-F-4201703-13214-20220222,4201703,Ascurra,SC,22/02/2022,13214,Chuvas Intensas,Registro,0.0,0.0,0.0,0,0,0,0
SC-F-4202107-12200-20220222,4202107,Barra Velha,SC,22/02/2022,12200,Enxurradas,Registro,0.0,0.0,0.0,0,0,0,0
SC-F-4207759-13214-20220228,4207759,Iraceminha,SC,28/02/2022,13214,Chuvas Intensas,Registro,30630.16,0.0,30630.16,0,0,0,0
SC-F-4218707-13214-20220228,4218707,Tubarão,SC,28/02/2022,13214,Chuvas Intensas,Registro,0.0,0.0,0.0,0,0,0,0
PR-F-4116901-12300-20220301,4116901,Nova Esperança,PR,01/03/2022,12300,Alagamentos,Reconhecido,1480303.89,227377.92,1707681.8099999998,0,78,1,79
SC-F-4201901-12200-20220301,4201901,Aurora,SC,01/03/2022,12200,Enxurradas,Registro,132730.71,0.0,132730.71,0,0,0,0
SC-F-4217808-12300-20220301,4217808,Taió,SC,01/03/2022,12300,Alagamentos,Registro,51050.27,0.0,51050.27,0,0,0,0
SC-F-4210100-13214-20220301,4210100,Mafra,SC,01/03/2022,13214,Chuvas Intensas,Registro,0.0,0.0,0.0,0,0,0,0
RS-F-4311304-12300-20220303,4311304,Lagoa Vermelha,RS,03/03/2022,12300,Alagamentos,Registro,0.0,0.0,0.0,0,0,0,0
SC-F-4205902-13214-20220306,4205902,Gaspar,SC,06/03/2022,13214,Chuvas Intensas,Registro,584477.46,645785.97,1230263.43,0,13,17,30
SC-F-4207403-12200-20220306,4207403,Imbuia,SC,06/03/2022,12200,Enxurradas,Registro,20420.11,0.0,20420.11,0,0,0,0
SC-F-4204608-13214-20220306,4204608,Criciúma,SC,06/03/2022,13214,Chuvas Intensas,Registro,0.0,0.0,0.0,0,0,0,0
SC-F-4205456-13214-20220306,4205456,Forquilhinha,SC,06/03/2022,13214,Chuvas Intensas,Registro,0.0,0.0,0.0,0,0,0,0
SC-F-4210001-13214-20220306,4210001,Luiz Alves,SC,06/03/2022,13214,Chuvas Intensas,Registro,0.0,0.0,0.0,0,0,0,0
SC-F-4212809-12300-20220306,4212809,Balneário Piçarras,SC,06/03/2022,12300,Alagamentos,Registro,0.0,0.0,0.0,0,0,0,0
SC-F-4202206-13214-20220307,4202206,Benedito Novo,SC,07/03/2022,13214,Chuvas Intensas,Registro,0.0,0.0,0.0,0,0,0,0
SC-F-4209300-13214-20220307,4209300,Lages,SC,07/03/2022,13214,Chuvas Intensas,Registro,0.0,0.0,0.0,0,0,0,0
SC-F-4201307-13214-20220307,4201307,Araquari,SC,07/03/2022,13214,Chuvas Intensas,Registro,0.0,0.0,0.0,0,0,0,0
SC-F-4207502-12200-20220307,4207502,Indaial,SC,07/03/2022,12200,Enxurradas,Registro,0.0,0.0,0.0,0,1,0,1
SC-F-4204608-13214-20220307,4204608,Criciúma,SC,07/03/2022,13214,Chuvas Intensas,Registro,0.0,0.0,0.0,0,0,0,0
SC-F-4210001-13214-20220307,4210001,Luiz Alves,SC,07/03/2022,13214,Chuvas Intensas,Registro,0.0,0.0,0.0,0,0,0,0
SC-F-4218004-13214-20220307,4218004,Tijucas,SC,07/03/2022,13214,Chuvas Intensas,Registro,0.0,0.0,0.0,0,0,0,0
SC-F-4209508-12200-20220308,4209508,Laurentino,SC,08/03/2022,12200,Enxurradas,Reconhecido,2107050.32,78659.43,2185709.75,0,58,0,58
SC-F-4200309-13214-20220308,4200309,Agronômica,SC,08/03/2022,13214,Chuvas Intensas,Registro,148045.8,30630.16,178675.96,0,5,0,5
SC-F-4214805-12300-20220308,4214805,Rio Do Sul,SC,08/03/2022,12300,Alagamentos,Registro,0.0,0.0,0.0,0,0,20,20
SC-F-4218608-13214-20220308,4218608,Trombudo Central,SC,08/03/2022,13214,Chuvas Intensas,Registro,0.0,0.0,0.0,0,0,0,0
SC-F-4209607-13214-20220310,4209607,Lauro Muller,SC,10/03/2022,13214,Chuvas Intensas,Registro,0.0,0.0,0.0,0,0,0,0
SC-F-4202909-13214-20220311,4202909,Brusque,SC,11/03/2022,13214,Chuvas Intensas,Registro,216453.16,0.0,216453.16,0,6,0,6
SC-F-4215703-13214-20220311,4215703,Santo Amaro Da Imperatriz,SC,11/03/2022,13214,Chuvas Intensas,Registro,510502.74,66365.36,576868.1,0,0,0,0
SC-F-4210001-13214-20220311,4210001,Luiz Alves,SC,11/03/2022,13214,Chuvas Intensas,Registro,0.0,0.0,0.0,0,0,0,0
PR-F-4106605-12300-20220313,4106605,Cruzeiro Do Oeste,PR,13/03/2022,12300,Alagamentos,Registro,0.0,0.0,0.0,0,0,0,0
SC-F-4214904-12200-20220314,4214904,Rio Fortuna,SC,14/03/2022,12200,Enxurradas,Registro,0.0,0.0,0.0,0,0,0,0
SC-F-4209003-13214-20220315,4209003,Joaçaba,SC,15/03/2022,13214,Chuvas Intensas,Registro,275671.48,0.0,275671.48,0,0,0,0
SC-F-4202057-13214-20220315,4202057,Balneário Barra Do Sul,SC,15/03/2022,13214,Chuvas Intensas,Registro,20420.11,0.0,20420.11,0,0,0,0
SC-F-4218509-13214-20220315,4218509,Treze Tílias,SC,15/03/2022,13214,Chuvas Intensas,Registro,0.0,0.0,0.0,0,0,0,0
SC-F-4213906-12200-20220318,4213906,Presidente Castello Branco,SC,18/03/2022,12200,Enxurradas,Registro,398192.14,0.0,398192.14,0,0,0,0
SC-F-4214904-12200-20220318,4214904,Rio Fortuna,SC,18/03/2022,12200,Enxurradas,Registro,0.0,0.0,0.0,0,0,0,0
SC-F-4202800-12200-20220318,4202800,Braço Do Norte,SC,18/03/2022,12200,Enxurradas,Registro,0.0,0.0,0.0,0,0,0,0
SC-F-4203808-13214-20220318,4203808,Canoinhas,SC,18/03/2022,13214,Chuvas Intensas,Registro,0.0,0.0,0.0,0,0,0,0
SC-F-4209607-11311-20220319,4209607,Lauro Muller,SC,19/03/2022,11311,Movimento de Massa,Registro,0.0,0.0,0.0,0,0,0,0
SC-F-4201257-11321-20220321,4201257,Apiúna,SC,21/03/2022,11321,Movimento de Massa,Registro,0.0,0.0,0.0,0,0,0,0
SC-F-4213500-12300-20220321,4213500,Porto Belo,SC,21/03/2022,12300,Alagamentos,Registro,0.0,0.0,0.0,0,0,0,0
SC-F-4205357-13214-20220323,4205357,Flor Do Sertão,SC,23/03/2022,13214,Chuvas Intensas,Registro,0.0,0.0,0.0,0,0,0,0
SC-F-4202156-12200-20220323,4202156,Belmonte,SC,23/03/2022,12200,Enxurradas,Registro,0.0,0.0,0.0,0,0,0,0
SC-F-4218855-12200-20220324,4218855,União Do Oeste,SC,24/03/2022,12200,Enxurradas,Registro,0.0,0.0,0.0,0,0,0,0
SC-F-4215554-13214-20220324,4215554,Santa Helena,SC,24/03/2022,13214,Chuvas Intensas,Registro,0.0,0.0,0.0,0,0,0,0
SC-F-4204301-13214-20220324,4204301,Concórdia,SC,24/03/2022,13214,Chuvas Intensas,Registro,120989.15,0.0,120989.15,0,0,0,0
SC-F-4203501-13214-20220324,4203501,Campo Erê,SC,24/03/2022,13214,Chuvas Intensas,Registro,663653.57,479872.58,1143526.15,0,0,0,0
SC-F-4215208-12200-20220324,4215208,Romelândia,SC,24/03/2022,12200,Enxurradas,Reconhecido,189471.25,19764.15,209235.4,0,10,0,10
SC-F-4202438-12300-20220324,4202438,Bocaina Do Sul,SC,24/03/2022,12300,Alagamentos,Registro,357351.92,20420.11,377772.02999999997,0,0,0,0
SC-F-4205001-12200-20220324,4205001,Dionísio Cerqueira,SC,24/03/2022,12200,Enxurradas,Registro,0.0,0.0,0.0,0,0,0,0
SC-F-4207809-13214-20220324,4207809,Irani,SC,24/03/2022,13214,Chuvas Intensas,Registro,459452.47,5105.03,464557.5,0,0,0,0
SC-F-4207577-13214-20220324,4207577,Iomerê,SC,24/03/2022,13214,Chuvas Intensas,Registro,18378.1,0.0,18378.1,0,0,0,0
SC-F-4211850-13214-20220324,4211850,Ouro Verde,SC,24/03/2022,13214,Chuvas Intensas,Registro,0.0,0.0,0.0,0,0,0,0
SC-F-4218756-12200-20220324,4218756,Tunápolis,SC,24/03/2022,12200,Enxurradas,Registro,56268.63,56268.63,112537.26,0,0,0,0
SC-F-4215752-13214-20220324,4215752,São Bernardino,SC,24/03/2022,13214,Chuvas Intensas,Registro,247162.63,0.0,247162.63,0,0,0,0
SC-F-4215687-13214-20220324,4215687,Santa Terezinha Do Progresso,SC,24/03/2022,13214,Chuvas Intensas,Registro,153150.82,0.0,153150.82,0,6,0,6
SC-F-4202099-12100-20220324,4202099,Barra Bonita,SC,24/03/2022,12100,Inundações,Registro,66875.86,0.0,66875.86,0,3,0,3
SC-F-4212007-13214-20220324,4212007,Palma Sola,SC,24/03/2022,13214,Chuvas Intensas,Registro,132730.71,73807.01,206537.71999999997,0,0,8,8
SC-F-4207858-12200-20220324,4207858,Irati,SC,24/03/2022,12200,Enxurradas,Registro,20420.11,5105.03,25525.14,0,0,0,0
SC-F-4216701-12200-20220324,4216701,São José Do Cedro,SC,24/03/2022,12200,Enxurradas,Registro,51050.27,12252.07,63302.34,0,0,0,0
SC-F-4202081-12200-20220324,4202081,Bandeirante,SC,24/03/2022,12200,Enxurradas,Registro,225613.52,225613.52,451227.04,0,0,0,0
SC-F-4209151-12200-20220324,4209151,José Boiteux,SC,24/03/2022,12200,Enxurradas,Registro,513565.76,51050.27,564616.03,0,0,0,0
SC-F-4206405-13214-20220324,4206405,Guaraciaba,SC,24/03/2022,13214,Chuvas Intensas,Registro,37738.61,177600.23,215338.84000000003,0,0,0,0
SC-F-4212601-13214-20220324,4212601,Peritiba,SC,24/03/2022,13214,Chuvas Intensas,Registro,102100.55,0.0,102100.55,0,0,0,0
SC-F-4203105-12200-20220324,4203105,Caibi,SC,24/03/2022,12200,Enxurradas,Registro,1021005.49,0.0,1021005.49,0,0,0,0
SC-F-4215802-13214-20220324,4215802,São Bento Do Sul,SC,24/03/2022,13214,Chuvas Intensas,Registro,510502.74,0.0,510502.74,0,0,0,0
SC-F-4204459-13214-20220324,4204459,Coronel Martins,SC,24/03/2022,13214,Chuvas Intensas,Registro,30630.16,0.0,30630.16,0,0,0,0
RS-F-4321709-12200-20220324,4321709,Três Coroas,RS,24/03/2022,12200,Enxurradas,Registro,0.0,0.0,0.0,0,0,0,0
SC-F-4200705-12300-20220324,4200705,Alfredo Wagner,SC,24/03/2022,12300,Alagamentos,Registro,0.0,0.0,0.0,0,0,0,0
SC-F-4214201-12200-20220324,4214201,Quilombo,SC,24/03/2022,12200,Enxurradas,Registro,0.0,0.0,0.0,0,0,0,0
SC-F-4200804-12200-20220325,4200804,Anchieta,SC,25/03/2022,12200,Enxurradas,Reconhecido,745334.01,42946.77,788280.78,0,0,0,0
SC-F-4215356-12200-20220325,4215356,Saltinho,SC,25/03/2022,12200,Enxurradas,Registro,0.0,0.0,0.0,0,0,0,0
SC-F-4201273-12200-20220325,4201273,Arabutã,SC,25/03/2022,12200,Enxurradas,Registro,357351.92,0.0,357351.92,0,0,0,0
SC-F-4210308-13214-20220330,4210308,Major Vieira,SC,30/03/2022,13214,Chuvas Intensas,Registro,0.0,0.0,0.0,0,0,0,0
SC-F-4212205-13214-20220331,4212205,Papanduva,SC,31/03/2022,13214,Chuvas Intensas,Registro,0.0,0.0,0.0,0,0,0,0
SC-F-4212809-12300-20220401,4212809,Balneário Piçarras,SC,01/04/2022,12300,Alagamentos,Registro,0.0,0.0,0.0,0,0,0,0
SC-F-4215901-12200-20220403,4215901,São Bonifácio,SC,03/04/2022,12200,Enxurradas,Registro,0.0,0.0,0.0,0,0,0,0
SC-F-4215901-12200-20220404,4215901,São Bonifácio,SC,04/04/2022,12200,Enxurradas,Registro,0.0,0.0,0.0,0,0,0,0
SC-F-4209854-13214-20220407,4209854,Lindóia Do Sul,SC,07/04/2022,13214,Chuvas Intensas,Registro,408402.2,0.0,408402.2,0,0,0,0
SC-F-4217501-13214-20220407,4217501,Seara,SC,07/04/2022,13214,Chuvas Intensas,Registro,15315.08,15315.08,30630.16,0,0,0,0
SC-F-4202099-12100-20220407,4202099,Barra Bonita,SC,07/04/2022,12100,Inundações,Registro,0.0,0.0,0.0,0,0,0,0
SC-F-4214201-12200-20220407,4214201,Quilombo,SC,07/04/2022,12200,Enxurradas,Registro,0.0,0.0,0.0,0,0,0,0
SC-F-4200101-13214-20220408,4200101,Abelardo Luz,SC,08/04/2022,13214,Chuvas Intensas,Registro,0.0,0.0,0.0,0,0,0,0
SC-F-4204707-11321-20220408,4204707,Cunha Porã,SC,08/04/2022,11321,Movimento de Massa,Registro,0.0,0.0,0.0,0,0,0,0
SC-F-4215687-13214-20220411,4215687,Santa Terezinha Do Progresso,SC,11/04/2022,13214,Chuvas Intensas,Registro,20420.11,0.0,20420.11,0,0,0,0
SC-F-4218756-12200-20220412,4218756,Tunápolis,SC,12/04/2022,12200,Enxurradas,Registro,11741.56,11741.56,23483.12,0,0,0,0
PR-F-4122008-12100-20220413,4122008,Rio Azul,PR,13/04/2022,12100,Inundações,Reconhecido,186129.3,186129.3,372258.6,0,0,0,0
SC-F-4211207-13214-20220413,4211207,Morro Da Fumaça,SC,13/04/2022,13214,Chuvas Intensas,Registro,0.0,0.0,0.0,0,0,0,0
SC-F-4215752-13214-20220423,4215752,São Bernardino,SC,23/04/2022,13214,Chuvas Intensas,Registro,27320.06,0.0,27320.06,0,0,0,0
SC-F-4205555-12200-20220425,4205555,Frei Rogério,SC,25/04/2022,12200,Enxurradas,Registro,0.0,0.0,0.0,0,0,0,0
RS-F-4303004-13214-20220425,4303004,Cachoeira Do Sul,RS,25/04/2022,13214,Chuvas Intensas,Registro,1021.01,2042.01,3063.02,0,22,0,22
RS-F-4315305-12100-20220425,4315305,Quaraí,RS,25/04/2022,12100,Inundações,Reconhecido,2215581.91,2215581.91,4431163.82,0,808,100,908
RS-F-4311502-13214-20220427,4311502,Lavras Do Sul,RS,27/04/2022,13214,Chuvas Intensas,Reconhecido,428822.31,108226.58,537048.89,0,20,0,22
RS-F-4316907-12300-20220428,4316907,Santa Maria,RS,28/04/2022,12300,Alagamentos,Registro,510502.74,0.0,510502.74,0,0,0,1
RS-F-4318309-12100-20220429,4318309,São Gabriel,RS,29/04/2022,12100,Inundações,Reconhecido,1021005.49,1021005.49,2042010.98,0,136,1,137
SC-F-4211207-13214-20220501,4211207,Morro Da Fumaça,SC,01/05/2022,13214,Chuvas Intensas,Registro,62.28,0.0,62.28,0,126,45,171
SC-F-4211603-13214-20220501,4211603,Nova Veneza,SC,01/05/2022,13214,Chuvas Intensas,Registro,183780.99,0.0,183780.99,0,3,0,3
SC-F-4204806-13214-20220501,4204806,Curitibanos,SC,01/05/2022,13214,Chuvas Intensas,Registro,0.0,0.0,0.0,0,0,0,0
RS-F-4311254-12200-20220502,4311254,Lagoão,RS,02/05/2022,12200,Enxurradas,Registro,0.0,0.0,0.0,0,0,0,0
SC-F-4214607-13214-20220502,4214607,Rio Do Oeste,SC,02/05/2022,13214,Chuvas Intensas,Reconhecido,3522468.94,3025484.93,6547953.87,0,800,89,889
RS-F-4305504-12200-20220502,4305504,Ciríaco,RS,02/05/2022,12200,Enxurradas,Reconhecido,1313421.46,1313421.46,2626842.92,0,0,0,0
SC-F-4210407-13214-20220502,4210407,Maracajá,SC,02/05/2022,13214,Chuvas Intensas,Registro,510502.74,18378.1,528880.84,0,76,0,76
SC-F-4201901-12100-20220502,4201901,Aurora,SC,02/05/2022,12100,Inundações,Reconhecido,1521298.18,120760.95,1642059.13,0,20,0,20
SC-F-4217105-12200-20220502,4217105,São Martinho,SC,02/05/2022,12200,Enxurradas,Reconhecido,13131534.47,181997.55,13313532.020000001,0,5,0,5
SC-F-4210803-12100-20220502,4210803,Meleiro,SC,02/05/2022,12100,Inundações,Registro,0.0,0.0,0.0,0,12,0,12
SC-F-4201604-13214-20220502,4201604,Arroio Trinta,SC,02/05/2022,13214,Chuvas Intensas,Registro,408402.2,408402.2,816804.4,0,0,0,0
SC-F-4201406-13214-20220502,4201406,Araranguá,SC,02/05/2022,13214,Chuvas Intensas,Reconhecido,57998216.79,479872.58,58478089.37,0,606,98,704
SC-F-4215653-13214-20220502,4215653,Santa Rosa Do Sul,SC,02/05/2022,13214,Chuvas Intensas,Registro,127625.69,13273.07,140898.76,0,0,0,0
SC-F-4201950-13214-20220502,4201950,Balneário Arroio Do Silva,SC,02/05/2022,13214,Chuvas Intensas,Registro,22462.12,9189.05,31651.17,0,0,0,0
SC-F-4214409-12300-20220502,4214409,Rio Das Antas,SC,02/05/2022,12300,Alagamentos,Registro,122514.02,81331.76,203845.78,0,2,0,2
SC-F-4208500-12100-20220502,4208500,Ituporanga,SC,02/05/2022,12100,Inundações,Registro,0.0,0.0,0.0,0,4,0,4
SC-F-4202008-13214-20220502,4202008,Balneário Camboriú,SC,02/05/2022,13214,Chuvas Intensas,Registro,0.0,0.0,0.0,0,4,0,4
SC-F-4217600-13214-20220502,4217600,Siderópolis,SC,02/05/2022,13214,Chuvas Intensas,Registro,20420.11,35735.19,56155.3,0,0,0,0
SC-F-4211504-13214-20220502,4211504,Nova Trento,SC,02/05/2022,13214,Chuvas Intensas,Registro,18378.1,7147.04,25525.14,0,0,0,0
SC-F-4208104-13214-20220502,4208104,Itaiópolis,SC,02/05/2022,13214,Chuvas Intensas,Registro,71470.38,0.0,71470.38,0,0,0,0
SC-F-4202099-12100-20220502,4202099,Barra Bonita,SC,02/05/2022,12100,Inundações,Registro,0.0,0.0,0.0,0,0,0,0
SC-F-4202131-13214-20220502,4202131,Bela Vista Do Toldo,SC,02/05/2022,13214,Chuvas Intensas,Registro,0.0,0.0,0.0,0,0,0,0
SC-F-4203808-13214-20220502,4203808,Canoinhas,SC,02/05/2022,13214,Chuvas Intensas,Registro,0.0,0.0,0.0,0,0,0,0
SC-F-4205407-13214-20220502,4205407,Florianópolis,SC,02/05/2022,13214,Chuvas Intensas,Registro,0.0,0.0,0.0,0,0,0,0
SC-F-4208906-13214-20220502,4208906,Jaraguá Do Sul,SC,02/05/2022,13214,Chuvas Intensas,Registro,0.0,0.0,0.0,0,0,0,0
SC-F-4209458-13214-20220502,4209458,Lajeado Grande,SC,02/05/2022,13214,Chuvas Intensas,Registro,0.0,0.0,0.0,0,0,0,0
SC-F-4210308-13214-20220502,4210308,Major Vieira,SC,02/05/2022,13214,Chuvas Intensas,Registro,0.0,0.0,0.0,0,0,0,0
SC-F-4211702-13214-20220502,4211702,Orleans,SC,02/05/2022,13214,Chuvas Intensas,Registro,0.0,0.0,0.0,0,0,0,0
SC-F-4212056-12300-20220502,4212056,Palmeira,SC,02/05/2022,12300,Alagamentos,Registro,0.0,0.0,0.0,0,0,0,0
SC-F-4212056-13214-20220502,4212056,Palmeira,SC,02/05/2022,13214,Chuvas Intensas,Registro,0.0,0.0,0.0,0,0,0,0
SC-F-4215059-13214-20220502,4215059,Rio Rufino,SC,02/05/2022,13214,Chuvas Intensas,Registro,0.0,0.0,0.0,0,0,0,0
SC-F-4216909-13214-20220502,4216909,São Lourenço Do Oeste,SC,02/05/2022,13214,Chuvas Intensas,Registro,0.0,0.0,0.0,0,0,0,0
SC-F-4217709-13214-20220502,4217709,Sombrio,SC,02/05/2022,13214,Chuvas Intensas,Registro,0.0,0.0,0.0,0,0,0,0
SC-F-4211702-13214-20220503,4211702,Orleans,SC,03/05/2022,13214,Chuvas Intensas,Reconhecido,7477844.2,119073.74,7596917.94,0,56,12,68
SC-F-4219309-12100-20220503,4219309,Videira,SC,03/05/2022,12100,Inundações,Reconhecido,652131.77,216833.22,868964.99,0,280,0,280
SC-F-4200408-13214-20220503,4200408,Água Doce,SC,03/05/2022,13214,Chuvas Intensas,Registro,167751.2,152436.12,320187.32,0,0,0,0
SC-F-4209607-13214-20220503,4209607,Lauro Muller,SC,03/05/2022,13214,Chuvas Intensas,Reconhecido,7998352.8,71470.38,8069823.18,0,13,0,13
SC-F-4207684-13214-20220503,4207684,Ipuaçu,SC,03/05/2022,13214,Chuvas Intensas,Registro,0.0,0.0,0.0,0,0,0,0
SC-F-4214805-12100-20220503,4214805,Rio Do Sul,SC,03/05/2022,12100,Inundações,Reconhecido,8674878.1,1174850.34,9849728.44,0,2300,447,2747
SC-F-4201109-13214-20220503,4201109,Anitápolis,SC,03/05/2022,13214,Chuvas Intensas,Reconhecido,50854081.09,2595848.17,53449929.260000005,0,223,28,252
SC-F-4217907-12200-20220503,4217907,Tangará,SC,03/05/2022,12200,Enxurradas,Reconhecido,2005945.9,0.0,2005945.9,0,10,3,13
SC-F-4218350-13214-20220503,4218350,Treviso,SC,03/05/2022,13214,Chuvas Intensas,Registro,3195236.68,2667887.34,5863124.02,0,0,0,0
SC-F-4218103-12200-20220503,4218103,Timbé Do Sul,SC,03/05/2022,12200,Enxurradas,Registro,32825.33,52298.96,85124.29000000001,0,0,0,0
SC-F-4200101-13214-20220503,4200101,Abelardo Luz,SC,03/05/2022,13214,Chuvas Intensas,Reconhecido,537600.23,15054.73,552654.96,0,0,0,0
SC-F-4213005-11321-20220503,4213005,Pinheiro Preto,SC,03/05/2022,11321,Movimento de Massa,Registro,1225206.59,0.0,1225206.59,0,0,0,0
SC-F-4218905-13214-20220503,4218905,Urubici,SC,03/05/2022,13214,Chuvas Intensas,Reconhecido,10129905.96,50893.55,10180799.510000002,1,1101,47,1151
SC-F-4204152-12200-20220503,4204152,Celso Ramos,SC,03/05/2022,12200,Enxurradas,Registro,0.0,367561.98,367561.98,0,0,0,0
SC-F-4219705-13214-20220503,4219705,Xaxim,SC,03/05/2022,13214,Chuvas Intensas,Registro,0.0,20420.11,20420.11,0,0,0,0
SC-F-4217758-12200-20220503,4217758,Sul Brasil,SC,03/05/2022,12200,Enxurradas,Registro,0.0,10210.05,10210.05,0,0,0,0
SC-F-4204806-12100-20220503,4204806,Curitibanos,SC,03/05/2022,12100,Inundações,Reconhecido,153150.82,0.0,153150.82,0,10,0,10
SC-F-4207577-13214-20220503,4207577,Iomerê,SC,03/05/2022,13214,Chuvas Intensas,Reconhecido,252045.41,252045.41,504090.82,0,0,0,0
SC-F-4205159-12300-20220503,4205159,Doutor Pedrinho,SC,03/05/2022,12300,Alagamentos,Registro,25525.14,0.0,25525.14,0,15,0,15
SC-F-4202909-13214-20220503,4202909,Brusque,SC,03/05/2022,13214,Chuvas Intensas,Registro,0.0,0.0,0.0,0,0,0,0
SC-F-4210035-13214-20220503,4210035,Luzerna,SC,03/05/2022,13214,Chuvas Intensas,Registro,20420.11,20420.11,40840.22,0,12,0,12
SC-F-4215752-13214-20220503,4215752,São Bernardino,SC,03/05/2022,13214,Chuvas Intensas,Reconhecido,519598.57,96842.53,616441.1,0,0,0,0
SC-F-4213807-13214-20220503,4213807,Praia Grande,SC,03/05/2022,13214,Chuvas Intensas,Registro,3531216.91,0.0,3531216.91,0,0,0,1
SC-F-4214409-12300-20220503,4214409,Rio Das Antas,SC,03/05/2022,12300,Alagamentos,Registro,3218114.73,81331.76,3299446.4899999998,0,8,0,8
SC-F-4217808-12100-20220503,4217808,Taió,SC,03/05/2022,12100,Inundações,Reconhecido,4340804.84,5105.03,4345909.87,0,169,67,236
SC-F-4217006-13214-20220503,4217006,São Ludgero,SC,03/05/2022,13214,Chuvas Intensas,Reconhecido,34212348.18,650591.37,34862939.55,0,68,41,109
RS-F-4311403-12300-20220503,4311403,Lajeado,RS,03/05/2022,12300,Alagamentos,Registro,0.0,0.0,0.0,0,70,176,248
SC-F-4205902-13214-20220503,4205902,Gaspar,SC,03/05/2022,13214,Chuvas Intensas,Registro,0.0,0.0,0.0,0,185,0,185
SC-F-4216057-12300-20220503,4216057,São Cristovão Do Sul,SC,03/05/2022,12300,Alagamentos,Registro,3063.02,0.0,3063.02,0,12,0,12
SC-F-4203402-13214-20220503,4203402,Campo Belo Do Sul,SC,03/05/2022,13214,Chuvas Intensas,Registro,132730.71,0.0,132730.71,0,7,0,7
SC-F-4207007-13214-20220503,4207007,Içara,SC,03/05/2022,13214,Chuvas Intensas,Registro,12252.07,12252.07,24504.14,0,23,10,33
SC-F-4205100-12300-20220503,4205100,Dona Emma,SC,03/05/2022,12300,Alagamentos,Registro,0.0,0.0,0.0,0,2,0,2
SC-F-4211801-12300-20220503,4211801,Ouro,SC,03/05/2022,12300,Alagamentos,Registro,0.0,0.0,0.0,0,3,0,3
SC-F-4201703-13214-20220503,4201703,Ascurra,SC,03/05/2022,13214,Chuvas Intensas,Registro,234831.26,15315.08,250146.34,0,3,0,3
SC-F-4208807-12100-20220503,4208807,Jaguaruna,SC,03/05/2022,12100,Inundações,Registro,161318.87,0.0,161318.87,0,7,0,7
SC-F-4203600-13214-20220503,4203600,Campos Novos,SC,03/05/2022,13214,Chuvas Intensas,Registro,309364.66,816804.39,1126169.05,0,12,0,12
SC-F-4213203-13214-20220503,4213203,Pomerode,SC,03/05/2022,13214,Chuvas Intensas,Registro,102100.55,0.0,102100.55,0,0,0,0
SC-F-4202305-12200-20220503,4202305,Biguaçu,SC,03/05/2022,12200,Enxurradas,Registro,0.0,0.0,0.0,0,0,0,0
SC-F-4205175-12300-20220503,4205175,Entre Rios,SC,03/05/2022,12300,Alagamentos,Registro,0.0,0.0,0.0,0,0,0,0
SC-F-4205357-13214-20220503,4205357,Flor Do Sertão,SC,03/05/2022,13214,Chuvas Intensas,Registro,0.0,0.0,0.0,0,0,0,0
SC-F-4206801-13214-20220503,4206801,Ibicaré,SC,03/05/2022,13214,Chuvas Intensas,Registro,0.0,0.0,0.0,0,0,0,0
SC-F-4208708-13214-20220503,4208708,Jacinto Machado,SC,03/05/2022,13214,Chuvas Intensas,Registro,0.0,0.0,0.0,0,0,0,0
SC-F-4209003-13214-20220503,4209003,Joaçaba,SC,03/05/2022,13214,Chuvas Intensas,Registro,0.0,0.0,0.0,0,0,0,0
SC-F-4209607-12200-20220503,4209607,Lauro Muller,SC,03/05/2022,12200,Enxurradas,Registro,0.0,0.0,0.0,0,0,0,0
SC-F-4209904-12100-20220503,4209904,Lontras,SC,03/05/2022,12100,Inundações,Registro,0.0,0.0,0.0,0,0,0,0
SC-F-4210100-13214-20220503,4210100,Mafra,SC,03/05/2022,13214,Chuvas Intensas,Registro,0.0,0.0,0.0,0,0,0,0
SC-F-4211108-12300-20220503,4211108,Monte Castelo,SC,03/05/2022,12300,Alagamentos,Registro,0.0,0.0,0.0,0,0,0,0
SC-F-4211850-13214-20220503,4211850,Ouro Verde,SC,03/05/2022,13214,Chuvas Intensas,Registro,0.0,0.0,0.0,0,0,0,0
SC-F-4212254-13214-20220503,4212254,Passo De Torres,SC,03/05/2022,13214,Chuvas Intensas,Registro,0.0,0.0,0.0,0,0,0,0
SC-F-4213005-12200-20220503,4213005,Pinheiro Preto,SC,03/05/2022,12200,Enxurradas,Registro,0.0,0.0,0.0,0,0,0,0
SC-F-4215307-12100-20220503,4215307,Salete,SC,03/05/2022,12100,Inundações,Registro,0.0,0.0,0.0,0,0,0,0
SC-F-4215703-13214-20220503,4215703,Santo Amaro Da Imperatriz,SC,03/05/2022,13214,Chuvas Intensas,Registro,0.0,0.0,0.0,0,0,0,0
SC-F-4215802-13214-20220503,4215802,São Bento Do Sul,SC,03/05/2022,13214,Chuvas Intensas,Registro,0.0,0.0,0.0,0,0,0,0
SC-F-4216206-12300-20220503,4216206,São Francisco Do Sul,SC,03/05/2022,12300,Alagamentos,Registro,0.0,0.0,0.0,0,0,0,0
SC-F-4216404-12300-20220503,4216404,São João Do Sul,SC,03/05/2022,12300,Alagamentos,Registro,0.0,0.0,0.0,0,0,0,0
SC-F-4216800-13214-20220503,4216800,São José Do Cerrito,SC,03/05/2022,13214,Chuvas Intensas,Registro,0.0,0.0,0.0,0,0,0,0
SC-F-4218509-13214-20220503,4218509,Treze Tílias,SC,03/05/2022,13214,Chuvas Intensas,Registro,0.0,0.0,0.0,0,0,0,0
SC-F-4218707-12100-20220504,4218707,Tubarão,SC,04/05/2022,12100,Inundações,Reconhecido,51520547.62,4237174.82,55757722.44,0,1176,760,1936
SC-F-4205456-13214-20220504,4205456,Forquilhinha,SC,04/05/2022,13214,Chuvas Intensas,Reconhecido,5411329.09,86898.2,5498227.29,0,150,0,150
SC-F-4216503-13214-20220504,4216503,São Joaquim,SC,04/05/2022,13214,Chuvas Intensas,Registro,2228728.38,1331846.53,3560574.91,2,8,0,10
SC-F-4206108-13214-20220504,4206108,Grão Pará,SC,04/05/2022,13214,Chuvas Intensas,Reconhecido,25134391.84,153150.82,25287542.66,0,98,20,118
SC-F-4210605-13214-20220504,4210605,Massaranduba,SC,04/05/2022,13214,Chuvas Intensas,Registro,0.0,0.0,0.0,0,0,0,0
SC-F-4200705-12200-20220504,4200705,Alfredo Wagner,SC,04/05/2022,12200,Enxurradas,Reconhecido,422539.35,200117.01,622656.36,0,2,0,2
SC-F-4202438-12200-20220504,4202438,Bocaina Do Sul,SC,04/05/2022,12200,Enxurradas,Reconhecido,2501463.45,61260.33,2562723.7800000003,0,0,0,0
SC-F-4202602-13214-20220504,4202602,Bom Retiro,SC,04/05/2022,13214,Chuvas Intensas,Registro,387982.09,96995.52,484977.61000000004,0,0,0,0
SC-F-4208203-13214-20220504,4208203,Itajaí,SC,04/05/2022,13214,Chuvas Intensas,Registro,0.0,0.0,0.0,0,0,0,0
SC-F-4201257-12300-20220504,4201257,Apiúna,SC,04/05/2022,12300,Alagamentos,Registro,224621.21,0.0,224621.21,0,26,0,26
SC-F-4211058-12100-20220504,4211058,Monte Carlo,SC,04/05/2022,12100,Inundações,Reconhecido,150087.81,30630.16,180717.97,0,0,6,6
SC-F-4206207-12300-20220504,4206207,Gravatal,SC,04/05/2022,12300,Alagamentos,Reconhecido,745334.01,186231.4,931565.41,0,59,21,91
SC-F-4219150-12200-20220504,4219150,Vargem,SC,04/05/2022,12200,Enxurradas,Registro,220363.06,84058.09,304421.15,0,5,5,10
SC-F-4202701-13214-20220504,4202701,Botuverá,SC,04/05/2022,13214,Chuvas Intensas,Registro,0.0,0.0,0.0,0,0,0,0
SC-F-4211256-12300-20220504,4211256,Morro Grande,SC,04/05/2022,12300,Alagamentos,Registro,122520.66,102100.55,224621.21000000002,0,0,0,0
SC-F-4204004-13214-20220504,4204004,Catanduvas,SC,04/05/2022,13214,Chuvas Intensas,Registro,0.0,0.0,0.0,0,0,0,0
SC-F-4205506-13214-20220504,4205506,Fraiburgo,SC,04/05/2022,13214,Chuvas Intensas,Registro,20420.11,0.0,20420.11,0,0,0,0
SC-F-4215604-12200-20220504,4215604,Santa Rosa De Lima,SC,04/05/2022,12200,Enxurradas,Reconhecido,2667887.34,132512.22,2800399.56,0,0,2,2
SC-F-4200309-12100-20220504,4200309,Agronômica,SC,04/05/2022,12100,Inundações,Reconhecido,2137985.49,10210.05,2148195.54,0,156,51,207
SC-F-4218608-12100-20220504,4218608,Trombudo Central,SC,04/05/2022,12100,Inundações,Registro,0.0,0.0,0.0,0,62,26,88
SC-F-4202800-12200-20220504,4202800,Braço Do Norte,SC,04/05/2022,12200,Enxurradas,Reconhecido,11211416.23,0.0,11211416.23,0,197,28,225
SC-F-4214003-12100-20220504,4214003,Presidente Getúlio,SC,04/05/2022,12100,Inundações,Registro,0.0,0.0,0.0,0,49,20,69
SC-F-4201802-12200-20220504,4201802,Atalanta,SC,04/05/2022,12200,Enxurradas,Registro,0.0,0.0,0.0,0,0,4,4
SC-F-4202859-11321-20220504,4202859,Braço Do Trombudo,SC,04/05/2022,11321,Movimento de Massa,Reconhecido,777935.16,0.0,777935.16,0,2,3,5
SC-F-4206900-11321-20220504,4206900,Ibirama,SC,04/05/2022,11321,Movimento de Massa,Registro,153150.82,0.0,153150.82,0,5,0,5
SC-F-4207502-12100-20220504,4207502,Indaial,SC,04/05/2022,12100,Inundações,Registro,0.0,0.0,0.0,0,3,0,3
SC-F-4207502-13214-20220504,4207502,Indaial,SC,04/05/2022,13214,Chuvas Intensas,Registro,0.0,0.0,0.0,0,3,0,3
SC-F-4219507-13214-20220504,4219507,Xanxerê,SC,04/05/2022,13214,Chuvas Intensas,Registro,0.0,386961.08,386961.08,0,0,2,2
SC-F-4214508-12100-20220504,4214508,Rio Do Campo,SC,04/05/2022,12100,Inundações,Registro,387982.09,0.0,387982.09,0,0,0,0
SC-F-4211504-11340-20220504,4211504,Nova Trento,SC,04/05/2022,11340,Movimento de Massa,Registro,15315.08,5105.03,20420.11,0,0,0,0
SC-F-4215109-13214-20220504,4215109,Rodeio,SC,04/05/2022,13214,Chuvas Intensas,Registro,86785.47,25525.14,112310.61,0,0,0,0
SC-F-4214706-13214-20220504,4214706,Rio Dos Cedros,SC,04/05/2022,13214,Chuvas Intensas,Registro,214411.15,0.0,214411.15,0,0,0,0
SC-F-4209151-12100-20220504,4209151,José Boiteux,SC,04/05/2022,12100,Inundações,Registro,102100.55,0.0,102100.55,0,0,0,0
SC-F-4207205-13214-20220504,4207205,Imaruí,SC,04/05/2022,13214,Chuvas Intensas,Registro,66365.36,0.0,66365.36,0,0,0,0
SC-F-4204459-13214-20220504,4204459,Coronel Martins,SC,04/05/2022,13214,Chuvas Intensas,Registro,30630.16,0.0,30630.16,0,0,0,0
SC-F-4204400-13214-20220504,4204400,Coronel Freitas,SC,04/05/2022,13214,Chuvas Intensas,Registro,27567.15,0.0,27567.15,0,0,0,0
SC-F-4201653-12300-20220504,4201653,Arvoredo,SC,04/05/2022,12300,Alagamentos,Registro,0.0,0.0,0.0,0,0,0,0
SC-F-4202206-12100-20220504,4202206,Benedito Novo,SC,04/05/2022,12100,Inundações,Registro,0.0,0.0,0.0,0,0,0,0
SC-F-4202537-13214-20220504,4202537,Bom Jesus,SC,04/05/2022,13214,Chuvas Intensas,Registro,0.0,0.0,0.0,0,0,0,0
SC-F-4203204-13214-20220504,4203204,Camboriú,SC,04/05/2022,13214,Chuvas Intensas,Registro,0.0,0.0,0.0,0,0,0,0
SC-F-4203709-13214-20220504,4203709,Canelinha,SC,04/05/2022,13214,Chuvas Intensas,Registro,0.0,0.0,0.0,0,0,0,0
SC-F-4203907-13214-20220504,4203907,Capinzal,SC,04/05/2022,13214,Chuvas Intensas,Registro,0.0,0.0,0.0,0,0,0,0
SC-F-4210001-13214-20220504,4210001,Luiz Alves,SC,04/05/2022,13214,Chuvas Intensas,Registro,0.0,0.0,0.0,0,0,0,0
SC-F-4210209-12300-20220504,4210209,Major Gercino,SC,04/05/2022,12300,Alagamentos,Registro,0.0,0.0,0.0,0,0,0,0
SC-F-4211058-12200-20220504,4211058,Monte Carlo,SC,04/05/2022,12200,Enxurradas,Registro,0.0,0.0,0.0,0,0,0,0
SC-F-4214102-12200-20220504,4214102,Presidente Nereu,SC,04/05/2022,12200,Enxurradas,Registro,0.0,0.0,0.0,0,0,0,0
SC-F-4215679-13214-20220504,4215679,Santa Terezinha,SC,04/05/2022,13214,Chuvas Intensas,Registro,0.0,0.0,0.0,0,0,0,0
SC-F-4218707-12300-20220504,4218707,Tubarão,SC,04/05/2022,12300,Alagamentos,Registro,0.0,0.0,0.0,0,0,0,0
SC-F-4219176-13214-20220504,4219176,Vargem Bonita,SC,04/05/2022,13214,Chuvas Intensas,Registro,0.0,0.0,0.0,0,0,0,0
SC-F-4214904-12200-20220505,4214904,Rio Fortuna,SC,05/05/2022,12200,Enxurradas,Reconhecido,9799184.92,106695.07,9905879.99,0,2,0,2
SC-F-4204251-13214-20220505,4204251,Cocal Do Sul,SC,05/05/2022,13214,Chuvas Intensas,Registro,1022026.49,25525.14,1047551.63,0,0,0,0
SC-F-4209508-12100-20220505,4209508,Laurentino,SC,05/05/2022,12100,Inundações,Reconhecido,2632005.13,104380.17,2736385.3,0,1388,137,1527
SC-F-4215059-13214-20220505,4215059,Rio Rufino,SC,05/05/2022,13214,Chuvas Intensas,Registro,7136828.37,50304.98,7187133.350000001,0,44,0,44
SC-F-4200200-12200-20220505,4200200,Agrolândia,SC,05/05/2022,12200,Enxurradas,Reconhecido,791279.25,117415.63,908694.88,0,3,0,3
SC-F-4201505-12200-20220505,4201505,Armazém,SC,05/05/2022,12200,Enxurradas,Reconhecido,704493.79,32998.9,737492.6900000001,0,40,4,44
SC-F-4209300-13214-20220505,4209300,Lages,SC,05/05/2022,13214,Chuvas Intensas,Reconhecido,1009350.71,107205.58,1116556.29,0,312,81,393
SC-F-4210852-12100-20220505,4210852,Mirim Doce,SC,05/05/2022,12100,Inundações,Registro,102100.55,0.0,102100.55,0,0,0,0
SC-F-4212403-12200-20220505,4212403,Pedras Grandes,SC,05/05/2022,12200,Enxurradas,Registro,153150.82,0.0,153150.82,0,0,0,0
SC-F-4200606-13214-20220505,4200606,Águas Mornas,SC,05/05/2022,13214,Chuvas Intensas,Registro,0.0,0.0,0.0,0,0,0,0
SC-F-4202503-12200-20220505,4202503,Bom Jardim Da Serra,SC,05/05/2022,12200,Enxurradas,Registro,0.0,0.0,0.0,0,0,0,0
SC-F-4215901-12200-20220505,4215901,São Bonifácio,SC,05/05/2022,12200,Enxurradas,Registro,0.0,0.0,0.0,0,0,0,0
SC-F-4215059-13214-20220506,4215059,Rio Rufino,SC,06/05/2022,13214,Chuvas Intensas,Registro,2215581.91,37343.1,2252925.0100000002,0,91,0,91
RS-F-4300406-12100-20220506,4300406,Alegrete,RS,06/05/2022,12100,Inundações,Reconhecido,551342.96,0.0,551342.96,0,2127,201,2328
PR-F-4115358-12300-20220506,4115358,Maripá,PR,06/05/2022,12300,Alagamentos,Registro,0.0,0.0,0.0,0,0,0,0
SC-F-4212403-12200-20220509,4212403,Pedras Grandes,SC,09/05/2022,12200,Enxurradas,Registro,0.0,0.0,0.0,0,0,0,0
SC-F-4211751-13214-20220511,4211751,Otacílio Costa,SC,11/05/2022,13214,Chuvas Intensas,Reconhecido,71470.38,71470.38,142940.76,0,90,0,90
SC-F-4200101-13214-20220512,4200101,Abelardo Luz,SC,12/05/2022,13214,Chuvas Intensas,Registro,537600.23,0.0,537600.23,0,0,0,0
SC-F-4211504-11321-20220512,4211504,Nova Trento,SC,12/05/2022,11321,Movimento de Massa,Registro,20420.11,10210.05,30630.16,0,0,0,0
RS-F-4317103-12200-20220526,4317103,Sant`Ana Do Livramento,RS,26/05/2022,12200,Enxurradas,Reconhecido,323652.93,323652.93,647305.86,0,0,0,0
RS-F-4306007-12200-20220527,4306007,Crissiumal,RS,27/05/2022,12200,Enxurradas,Reconhecido,1582558.51,0.0,1582558.51,0,0,0,0
SC-F-4203501-13214-20220528,4203501,Campo Erê,SC,28/05/2022,13214,Chuvas Intensas,Registro,867854.67,98016.53,965871.2000000001,0,0,0,0
RS-F-4304309-12200-20220528,4304309,Cândido Godói,RS,28/05/2022,12200,Enxurradas,Registro,15315.08,0.0,15315.08,0,0,0,0
RS-F-4302600-12200-20220529,4302600,Braga,RS,29/05/2022,12200,Enxurradas,Reconhecido,1095416.37,1095416.37,2190832.74,0,9,0,9
RS-F-4318457-12200-20220529,4318457,São José Das Missões,RS,29/05/2022,12200,Enxurradas,Registro,22666.32,35633.09,58299.409999999996,0,0,0,0
RS-F-4305157-12200-20220529,4305157,Cerro Grande,RS,29/05/2022,12200,Enxurradas,Reconhecido,8168.04,8168.04,16336.08,0,0,0,0
RS-F-4313441-12200-20220529,4313441,Novo Tiradentes,RS,29/05/2022,12200,Enxurradas,Reconhecido,1652707.44,1652707.44,3305414.88,0,0,0,0
RS-F-4309951-12200-20220529,4309951,Ibirapuitã,RS,29/05/2022,12200,Enxurradas,Reconhecido,981387.69,981387.69,1962775.38,0,0,0,0
SC-F-4203501-13214-20220529,4203501,Campo Erê,SC,29/05/2022,13214,Chuvas Intensas,Registro,612603.29,459452.47,1072055.76,0,0,0,0
SC-F-4216008-13214-20220529,4216008,São Carlos,SC,29/05/2022,13214,Chuvas Intensas,Registro,0.0,0.0,0.0,0,0,0,0
SC-F-4218756-12200-20220529,4218756,Tunápolis,SC,29/05/2022,12200,Enxurradas,Registro,12813.62,12813.62,25627.24,0,0,0,0
SC-F-4215554-12200-20220529,4215554,Santa Helena,SC,29/05/2022,12200,Enxurradas,Registro,0.0,0.0,0.0,0,0,0,0
SC-F-4204756-12200-20220529,4204756,Cunhataí,SC,29/05/2022,12200,Enxurradas,Registro,38032.45,2424.89,40457.34,0,0,0,0
SC-F-4208104-13214-20220529,4208104,Itaiópolis,SC,29/05/2022,13214,Chuvas Intensas,Registro,30630.16,0.0,30630.16,0,0,0,0
SC-F-4203105-12200-20220529,4203105,Caibi,SC,29/05/2022,12200,Enxurradas,Registro,0.0,0.0,0.0,0,0,0,0
SC-F-4203808-13214-20220529,4203808,Canoinhas,SC,29/05/2022,13214,Chuvas Intensas,Registro,0.0,0.0,0.0,0,0,0,0
SC-F-4217303-12200-20220529,4217303,Saudades,SC,29/05/2022,12200,Enxurradas,Registro,0.0,0.0,0.0,0,0,0,0
SC-F-4218855-12200-20220529,4218855,União Do Oeste,SC,29/05/2022,12200,Enxurradas,Registro,0.0,0.0,0.0,0,0,0,0
PR-F-4115457-13214-20220531,4115457,Marquinho,PR,31/05/2022,13214,Chuvas Intensas,Reconhecido,500803.19,531433.36,1032236.55,0,0,0,0
PR-F-4115457-12200-20220601,4115457,Marquinho,PR,01/06/2022,12200,Enxurradas,Registro,500803.19,500803.19,1001606.38,0,0,0,0
SC-F-4202909-13214-20220602,4202909,Brusque,SC,02/06/2022,13214,Chuvas Intensas,Registro,0.0,0.0,0.0,0,0,0,0
SC-F-4215802-13214-20220603,4215802,São Bento Do Sul,SC,03/06/2022,13214,Chuvas Intensas,Registro,0.0,0.0,0.0,0,3,0,3
SC-F-4202503-12200-20220606,4202503,Bom Jardim Da Serra,SC,06/06/2022,12200,Enxurradas,Registro,306301.65,306301.65,612603.3,0,0,0,0
RS-F-4303004-13214-20220606,4303004,Cachoeira Do Sul,RS,06/06/2022,13214,Chuvas Intensas,Registro,0.0,0.0,0.0,0,0,0,0
SC-F-4210605-13214-20220606,4210605,Massaranduba,SC,06/06/2022,13214,Chuvas Intensas,Registro,0.0,0.0,0.0,0,0,0,0
SC-F-4201703-13214-20220608,4201703,Ascurra,SC,08/06/2022,13214,Chuvas Intensas,Registro,153150.82,56155.3,209306.12,0,0,0,0
SC-F-4204509-13214-20220609,4204509,Corupá,SC,09/06/2022,13214,Chuvas Intensas,Registro,510502.74,0.0,510502.74,0,0,0,0
RS-F-4313490-12200-20220620,4313490,Novo Barreiro,RS,20/06/2022,12200,Enxurradas,Registro,0.0,0.0,0.0,0,0,0,0
SC-F-4203907-13214-20220620,4203907,Capinzal,SC,20/06/2022,13214,Chuvas Intensas,Registro,0.0,0.0,0.0,0,0,0,0
RS-F-4313706-12200-20220621,4313706,Palmeira Das Missões,RS,21/06/2022,12200,Enxurradas,Reconhecido,1247562.81,6859114.87,8106677.68,0,28,0,28
RS-F-4305306-12200-20220621,4305306,Chapada,RS,21/06/2022,12200,Enxurradas,Reconhecido,12597676.22,12594613.21,25192289.43,0,0,0,0
RS-F-4305975-12200-20220621,4305975,Coxilha,RS,21/06/2022,12200,Enxurradas,Reconhecido,142720.06,142720.06,285440.12,0,0,0,0
SC-F-4202438-12200-20220621,4202438,Bocaina Do Sul,SC,21/06/2022,12200,Enxurradas,Registro,663653.57,510502.74,1174156.31,0,0,4,4
SC-F-4216800-13214-20220621,4216800,São José Do Cerrito,SC,21/06/2022,13214,Chuvas Intensas,Registro,0.0,0.0,0.0,0,0,0,0
SC-F-4218509-13214-20220621,4218509,Treze Tílias,SC,21/06/2022,13214,Chuvas Intensas,Registro,0.0,0.0,0.0,0,0,0,0
RS-F-4302006-12200-20220622,4302006,Barros Cassal,RS,22/06/2022,12200,Enxurradas,Reconhecido,1019118.26,1019118.26,2038236.52,0,0,0,0
SC-F-4213708-12100-20220622,4213708,Pouso Redondo,SC,22/06/2022,12100,Inundações,Reconhecido,956710.73,102321.09,1059031.82,0,91,0,91
SC-F-4218251-13214-20220622,4218251,Timbó Grande,SC,22/06/2022,13214,Chuvas Intensas,Registro,81680.44,81680.44,163360.88,0,0,0,0
SC-F-4203600-13214-20220622,4203600,Campos Novos,SC,22/06/2022,13214,Chuvas Intensas,Reconhecido,478422.75,156800.04,635222.79,0,12,0,12
SC-F-4200309-12200-20220622,4200309,Agronômica,SC,22/06/2022,12200,Enxurradas,Registro,0.0,0.0,0.0,0,0,0,0
SC-F-4218608-12100-20220622,4218608,Trombudo Central,SC,22/06/2022,12100,Inundações,Registro,0.0,0.0,0.0,0,0,0,0
SC-F-4215653-13214-20220622,4215653,Santa Rosa Do Sul,SC,22/06/2022,13214,Chuvas Intensas,Reconhecido,872959.69,20420.11,893379.7999999999,0,4,0,4
SC-F-4200051-13214-20220622,4200051,Abdon Batista,SC,22/06/2022,13214,Chuvas Intensas,Registro,2798241.01,85815.37,2884056.38,0,8,0,8
SC-F-4219150-13214-20220622,4219150,Vargem,SC,22/06/2022,13214,Chuvas Intensas,Registro,644939.35,71980.89,716920.24,0,64,0,64
RS-F-4311908-12200-20220622,4311908,Marcelino Ramos,RS,22/06/2022,12200,Enxurradas,Reconhecido,856719.58,856719.58,1713439.16,0,0,0,0
SC-F-4215802-11321-20220622,4215802,São Bento Do Sul,SC,22/06/2022,11321,Movimento de Massa,Reconhecido,3716459.98,0.0,3716459.98,0,12,0,12
SC-F-4201901-12200-20220622,4201901,Aurora,SC,22/06/2022,12200,Enxurradas,Registro,306301.65,24504.13,330805.78,0,0,0,0
SC-F-4208609-12200-20220622,4208609,Jaborá,SC,22/06/2022,12200,Enxurradas,Registro,102100.55,0.0,102100.55,0,5,0,5
SC-F-4214805-13214-20220622,4214805,Rio Do Sul,SC,22/06/2022,13214,Chuvas Intensas,Registro,0.0,0.0,0.0,0,0,84,84
SC-F-4215679-13214-20220622,4215679,Santa Terezinha,SC,22/06/2022,13214,Chuvas Intensas,Registro,8168.04,0.0,8168.04,0,0,0,0
SC-F-4204806-13214-20220622,4204806,Curitibanos,SC,22/06/2022,13214,Chuvas Intensas,Registro,0.0,0.0,0.0,0,0,0,0
SC-F-4208500-13214-20220622,4208500,Ituporanga,SC,22/06/2022,13214,Chuvas Intensas,Registro,0.0,0.0,0.0,0,0,0,0
SC-F-4216057-12300-20220622,4216057,São Cristovão Do Sul,SC,22/06/2022,12300,Alagamentos,Registro,0.0,0.0,0.0,0,0,0,0
SC-F-4218707-11321-20220622,4218707,Tubarão,SC,22/06/2022,11321,Movimento de Massa,Registro,0.0,0.0,0.0,0,0,0,0
SC-F-4219853-12200-20220622,4219853,Zortéa,SC,22/06/2022,12200,Enxurradas,Registro,0.0,0.0,0.0,0,0,0,0
RS-F-4313490-12200-20220623,4313490,Novo Barreiro,RS,23/06/2022,12200,Enxurradas,Reconhecido,3992192.72,3994949.44,7987142.16,0,0,0,0
SC-F-4203402-13214-20220623,4203402,Campo Belo Do Sul,SC,23/06/2022,13214,Chuvas Intensas,Registro,15315.08,0.0,15315.08,0,4,0,4
SC-F-4204558-11321-20220623,4204558,Correia Pinto,SC,23/06/2022,11321,Movimento de Massa,Registro,1041425.6,5105.03,1046530.63,0,0,0,0
SC-F-4204178-12200-20220623,4204178,Cerro Negro,SC,23/06/2022,12200,Enxurradas,Registro,0.0,0.0,0.0,0,0,0,0
SC-F-4210209-12300-20220623,4210209,Major Gercino,SC,23/06/2022,12300,Alagamentos,Registro,0.0,0.0,0.0,0,0,0,0
SC-F-4211256-13214-20220624,4211256,Morro Grande,SC,24/06/2022,13214,Chuvas Intensas,Registro,0.0,0.0,0.0,0,8,0,8
SC-F-4216503-11321-20220624,4216503,São Joaquim,SC,24/06/2022,11321,Movimento de Massa,Registro,1531508.23,51050.27,1582558.5,0,15,0,15
RS-F-4316907-12300-20220708,4316907,Santa Maria,RS,08/07/2022,12300,Alagamentos,Registro,0.0,0.0,0.0,0,0,0,0
SC-F-4209607-11311-20220712,4209607,Lauro Muller,SC,12/07/2022,11311,Movimento de Massa,Registro,0.0,0.0,0.0,0,0,0,0
RS-F-4314506-13214-20220715,4314506,Pinheiro Machado,RS,15/07/2022,13214,Chuvas Intensas,Reconhecido,586850.01,586850.01,1173700.02,0,2,0,2
RS-F-4317103-13214-20220716,4317103,Sant`Ana Do Livramento,RS,16/07/2022,13214,Chuvas Intensas,Registro,8168450.58,8168450.58,16336901.16,0,0,0,0
RS-F-4314068-12200-20220716,4314068,Passa Sete,RS,16/07/2022,12200,Enxurradas,Registro,969955.21,510502.74,1480457.95,0,0,0,0
RS-F-4323457-12200-20220716,4323457,Vila Nova Do Sul,RS,16/07/2022,12200,Enxurradas,Reconhecido,802510.31,802510.31,1605020.62,0,0,0,0
SC-F-4207601-11321-20220728,4207601,Ipira,SC,28/07/2022,11321,Movimento de Massa,Registro,306301.65,0.0,306301.65,0,0,0,0
SC-F-4211504-11340-20220804,4211504,Nova Trento,SC,04/08/2022,11340,Movimento de Massa,Registro,15315.08,5105.03,20420.11,0,0,0,0
RS-F-4314605-13214-20220805,4314605,Piratini,RS,05/08/2022,13214,Chuvas Intensas,Registro,0.0,0.0,0.0,0,0,0,0
SC-F-4210100-13214-20220806,4210100,Mafra,SC,06/08/2022,13214,Chuvas Intensas,Registro,0.0,0.0,0.0,0,0,0,0
SC-F-4218707-12300-20220807,4218707,Tubarão,SC,07/08/2022,12300,Alagamentos,Registro,0.0,0.0,0.0,0,0,0,0
SC-F-4211207-13214-20220808,4211207,Morro Da Fumaça,SC,08/08/2022,13214,Chuvas Intensas,Registro,199606.57,264440.42,464046.99,0,280,36,316
SC-F-4204608-13214-20220808,4204608,Criciúma,SC,08/08/2022,13214,Chuvas Intensas,Reconhecido,2433093.86,20200.59,2453294.4499999997,0,135,45,180
SC-F-4213203-13214-20220808,4213203,Pomerode,SC,08/08/2022,13214,Chuvas Intensas,Registro,112310.6,0.0,112310.6,0,0,0,0
SC-F-4208203-13214-20220809,4208203,Itajaí,SC,09/08/2022,13214,Chuvas Intensas,Registro,541132.91,306301.65,847434.56,0,0,0,0
SC-F-4205456-13214-20220809,4205456,Forquilhinha,SC,09/08/2022,13214,Chuvas Intensas,Reconhecido,7744326.63,106788.63,7851115.26,0,332,173,505
RS-F-4316907-11340-20220809,4316907,Santa Maria,RS,09/08/2022,11340,Movimento de Massa,Registro,0.0,0.0,0.0,0,0,0,0
SC-F-4210803-12100-20220809,4210803,Meleiro,SC,09/08/2022,12100,Inundações,Registro,98016.53,0.0,98016.53,0,0,0,0
SC-F-4205191-13214-20220809,4205191,Ermo,SC,09/08/2022,13214,Chuvas Intensas,Registro,515607.77,20420.11,536027.88,0,0,0,0
SC-F-4211256-13214-20220809,4211256,Morro Grande,SC,09/08/2022,13214,Chuvas Intensas,Registro,459452.47,15315.08,474767.55,0,0,0,0
SC-F-4210407-13214-20220809,4210407,Maracajá,SC,09/08/2022,13214,Chuvas Intensas,Registro,102100.55,0.0,102100.55,0,35,0,35
SC-F-4211603-12300-20220809,4211603,Nova Veneza,SC,09/08/2022,12300,Alagamentos,Registro,778516.69,53398.59,831915.2799999999,0,5,0,5
SC-F-4215455-12200-20220809,4215455,Sangão,SC,09/08/2022,12200,Enxurradas,Registro,336421.31,25525.14,361946.45,0,0,0,0
SC-F-4208807-12200-20220809,4208807,Jaguaruna,SC,09/08/2022,12200,Enxurradas,Registro,134772.72,39819.21,174591.93,0,8,0,8
SC-F-4205407-13214-20220809,4205407,Florianópolis,SC,09/08/2022,13214,Chuvas Intensas,Registro,0.0,0.0,0.0,0,21,0,21
SC-F-4212403-12200-20220809,4212403,Pedras Grandes,SC,09/08/2022,12200,Enxurradas,Registro,71470.38,15315.08,86785.46,0,0,0,0
SC-F-4204509-13214-20220809,4204509,Corupá,SC,09/08/2022,13214,Chuvas Intensas,Registro,0.0,0.0,0.0,0,0,0,0
SC-F-4208104-13214-20220809,4208104,Itaiópolis,SC,09/08/2022,13214,Chuvas Intensas,Registro,0.0,0.0,0.0,0,0,0,0
SC-F-4210100-13214-20220809,4210100,Mafra,SC,09/08/2022,13214,Chuvas Intensas,Registro,0.0,0.0,0.0,0,0,0,0
SC-F-4213500-13214-20220810,4213500,Porto Belo,SC,10/08/2022,13214,Chuvas Intensas,Reconhecido,2841938.05,38160.51,2880098.5599999996,0,41,11,52
SC-F-4203709-13214-20220810,4203709,Canelinha,SC,10/08/2022,13214,Chuvas Intensas,Reconhecido,126049.9,79230.03,205279.93,0,46,0,46
SC-F-4201406-13214-20220810,4201406,Araranguá,SC,10/08/2022,13214,Chuvas Intensas,Reconhecido,3083436.58,612603.29,3696039.87,0,80,92,172
SC-F-4205159-12300-20220810,4205159,Doutor Pedrinho,SC,10/08/2022,12300,Alagamentos,Registro,0.0,0.0,0.0,0,0,0,0
SC-F-4209102-13214-20220810,4209102,Joinville,SC,10/08/2022,13214,Chuvas Intensas,Reconhecido,8697026.85,5706133.51,14403160.36,0,2739,75,2814
SC-F-4201505-12200-20220810,4201505,Armazém,SC,10/08/2022,12200,Enxurradas,Registro,40840.22,0.0,40840.22,0,0,0,0
SC-F-4205803-13214-20220810,4205803,Garuva,SC,10/08/2022,13214,Chuvas Intensas,Registro,139877.75,0.0,139877.75,0,3,0,3
SC-F-4205704-11321-20220810,4205704,Garopaba,SC,10/08/2022,11321,Movimento de Massa,Registro,1707121.18,35735.19,1742856.3699999999,0,0,0,0
SC-F-4214706-13214-20220810,4214706,Rio Dos Cedros,SC,10/08/2022,13214,Chuvas Intensas,Registro,30630.16,0.0,30630.16,0,8,0,8
SC-F-4201406-12200-20220810,4201406,Araranguá,SC,10/08/2022,12200,Enxurradas,Registro,1541718.29,0.0,1541718.29,0,6,10,16
SC-F-4202800-12300-20220810,4202800,Braço Do Norte,SC,10/08/2022,12300,Alagamentos,Registro,0.0,0.0,0.0,0,4,0,4
SC-F-4217600-13214-20220810,4217600,Siderópolis,SC,10/08/2022,13214,Chuvas Intensas,Registro,239936.29,35735.19,275671.48,0,0,0,0
SC-F-4205902-13214-20220810,4205902,Gaspar,SC,10/08/2022,13214,Chuvas Intensas,Registro,81680.44,0.0,81680.44,0,0,0,0
RS-F-4316808-11311-20220810,4316808,Santa Cruz Do Sul,RS,10/08/2022,11311,Movimento de Massa,Registro,102.1,0.0,102.1,0,0,0,0
SC-F-4202206-13214-20220810,4202206,Benedito Novo,SC,10/08/2022,13214,Chuvas Intensas,Registro,0.0,0.0,0.0,0,0,0,0
SC-F-4202305-12200-20220810,4202305,Biguaçu,SC,10/08/2022,12200,Enxurradas,Registro,0.0,0.0,0.0,0,0,0,0
SC-F-4202909-13214-20220810,4202909,Brusque,SC,10/08/2022,13214,Chuvas Intensas,Registro,0.0,0.0,0.0,0,0,0,0
SC-F-4203303-13214-20220810,4203303,Campo Alegre,SC,10/08/2022,13214,Chuvas Intensas,Registro,0.0,0.0,0.0,0,0,0,0
SC-F-4205100-12200-20220810,4205100,Dona Emma,SC,10/08/2022,12200,Enxurradas,Registro,0.0,0.0,0.0,0,0,0,0
SC-F-4210605-13214-20220810,4210605,Massaranduba,SC,10/08/2022,13214,Chuvas Intensas,Registro,0.0,0.0,0.0,0,0,0,0
SC-F-4211702-13214-20220810,4211702,Orleans,SC,10/08/2022,13214,Chuvas Intensas,Registro,0.0,0.0,0.0,0,0,0,0
SC-F-4215109-13214-20220810,4215109,Rodeio,SC,10/08/2022,13214,Chuvas Intensas,Registro,0.0,0.0,0.0,0,0,0,0
SC-F-4215802-13214-20220810,4215802,São Bento Do Sul,SC,10/08/2022,13214,Chuvas Intensas,Registro,0.0,0.0,0.0,0,0,0,0
SC-F-4208450-13214-20220811,4208450,Itapoá,SC,11/08/2022,13214,Chuvas Intensas,Reconhecido,772226.27,48937.0,821163.27,0,38,0,38
SC-F-4210100-13214-20220816,4210100,Mafra,SC,16/08/2022,13214,Chuvas Intensas,Registro,0.0,0.0,0.0,0,0,0,0
SC-F-4203501-13214-20220817,4203501,Campo Erê,SC,17/08/2022,13214,Chuvas Intensas,Registro,382877.06,357351.92,740228.98,0,0,0,0
SC-F-4212007-12200-20220817,4212007,Palma Sola,SC,17/08/2022,12200,Enxurradas,Registro,208285.12,210837.63,419122.75,0,0,0,0
SC-F-4216701-12200-20220817,4216701,São José Do Cedro,SC,17/08/2022,12200,Enxurradas,Registro,347141.87,91890.49,439032.36,0,0,0,0
SC-F-4218855-12200-20220817,4218855,União Do Oeste,SC,17/08/2022,12200,Enxurradas,Registro,4.08,816804.39,816808.47,0,0,0,0
SC-F-4219853-12200-20220817,4219853,Zortéa,SC,17/08/2022,12200,Enxurradas,Registro,816.8,0.0,816.8,0,0,0,0
SC-F-4203808-13214-20220817,4203808,Canoinhas,SC,17/08/2022,13214,Chuvas Intensas,Registro,0.0,0.0,0.0,0,0,0,0
SC-F-4205001-12200-20220818,4205001,Dionísio Cerqueira,SC,18/08/2022,12200,Enxurradas,Registro,0.0,0.0,0.0,0,0,0,0
SC-F-4209706-13214-20220818,4209706,Lebon Régis,SC,18/08/2022,13214,Chuvas Intensas,Registro,40840.22,0.0,40840.22,0,0,0,0
SC-F-4215687-13214-20220818,4215687,Santa Terezinha Do Progresso,SC,18/08/2022,13214,Chuvas Intensas,Registro,15315.08,0.0,15315.08,0,0,0,0
SC-F-4202099-12100-20220818,4202099,Barra Bonita,SC,18/08/2022,12100,Inundações,Registro,0.0,0.0,0.0,0,0,0,0
SC-F-4202131-12200-20220818,4202131,Bela Vista Do Toldo,SC,18/08/2022,12200,Enxurradas,Registro,0.0,0.0,0.0,0,0,0,0
SC-F-4205100-12200-20220818,4205100,Dona Emma,SC,18/08/2022,12200,Enxurradas,Registro,0.0,0.0,0.0,0,0,0,0
SC-F-4210209-13214-20220818,4210209,Major Gercino,SC,18/08/2022,13214,Chuvas Intensas,Registro,0.0,0.0,0.0,0,0,0,0
SC-F-4210308-13214-20220818,4210308,Major Vieira,SC,18/08/2022,13214,Chuvas Intensas,Registro,0.0,0.0,0.0,0,0,0,0
SC-F-4217303-11321-20220818,4217303,Saudades,SC,18/08/2022,11321,Movimento de Massa,Registro,0.0,0.0,0.0,0,0,0,0
SC-F-4217303-12200-20220818,4217303,Saudades,SC,18/08/2022,12200,Enxurradas,Registro,0.0,0.0,0.0,0,0,0,0
SC-F-4219408-12300-20220818,4219408,Witmarsum,SC,18/08/2022,12300,Alagamentos,Registro,0.0,0.0,0.0,0,0,0,0
SC-F-4201257-13214-20220831,4201257,Apiúna,SC,31/08/2022,13214,Chuvas Intensas,Registro,39308.71,44209.54,83518.25,0,22,19,53
SC-F-4215802-13214-20220903,4215802,São Bento Do Sul,SC,03/09/2022,13214,Chuvas Intensas,Registro,0.0,0.0,0.0,0,0,0,0
SC-F-4204509-13214-20220910,4204509,Corupá,SC,10/09/2022,13214,Chuvas Intensas,Registro,0.0,0.0,0.0,0,0,0,0
SC-F-4202131-13214-20220912,4202131,Bela Vista Do Toldo,SC,12/09/2022,13214,Chuvas Intensas,Registro,0.0,0.0,0.0,0,0,0,0
SC-F-4203808-13214-20220912,4203808,Canoinhas,SC,12/09/2022,13214,Chuvas Intensas,Registro,0.0,0.0,0.0,0,0,0,0
SC-F-4210100-13214-20220912,4210100,Mafra,SC,12/09/2022,13214,Chuvas Intensas,Registro,0.0,0.0,0.0,0,0,0,0
PR-F-4106605-12300-20220921,4106605,Cruzeiro Do Oeste,PR,21/09/2022,12300,Alagamentos,Registro,0.0,0.0,0.0,0,0,0,0
SC-F-4210100-13214-20220926,4210100,Mafra,SC,26/09/2022,13214,Chuvas Intensas,Registro,0.0,0.0,0.0,0,0,0,0
SC-F-4216008-13214-20221006,4216008,São Carlos,SC,06/10/2022,13214,Chuvas Intensas,Registro,612603.29,2205.37,614808.66,0,0,0,0
SC-F-4203501-13214-20221006,4203501,Campo Erê,SC,06/10/2022,13214,Chuvas Intensas,Registro,433.93,536.03,969.96,0,0,0,0
SC-F-4219853-12200-20221006,4219853,Zortéa,SC,06/10/2022,12200,Enxurradas,Registro,0.0,0.0,0.0,0,0,0,0
SC-F-4209458-13214-20221006,4209458,Lajeado Grande,SC,06/10/2022,13214,Chuvas Intensas,Registro,0.0,0.0,0.0,0,0,0,0
SC-F-4203907-13214-20221007,4203907,Capinzal,SC,07/10/2022,13214,Chuvas Intensas,Registro,0.0,0.0,0.0,0,0,0,0
SC-F-4210050-12100-20221009,4210050,Macieira,SC,09/10/2022,12100,Inundações,Registro,408402.2,0.0,408402.2,0,0,0,0
SC-F-4204459-13214-20221010,4204459,Coronel Martins,SC,10/10/2022,13214,Chuvas Intensas,Reconhecido,3574029.71,559250.45,4133280.16,0,10,0,10
SC-F-4216107-13214-20221010,4216107,São Domingos,SC,10/10/2022,13214,Chuvas Intensas,Reconhecido,764758.64,47286.34,812044.98,0,344,50,394
SC-F-4205605-13214-20221010,4205605,Galvão,SC,10/10/2022,13214,Chuvas Intensas,Reconhecido,574045.02,522994.75,1097039.77,0,20,10,30
SC-F-4205175-13214-20221010,4205175,Entre Rios,SC,10/10/2022,13214,Chuvas Intensas,Reconhecido,176633.95,22870.52,199504.47,0,4,0,4
SC-F-4200101-13214-20221010,4200101,Abelardo Luz,SC,10/10/2022,13214,Chuvas Intensas,Reconhecido,900118.44,19923.9,920042.34,0,93,4,97
PR-F-4103057-12200-20221010,4103057,Boa Vista Da Aparecida,PR,10/10/2022,12200,Enxurradas,Reconhecido,4206904.05,4205419.51,8412323.559999999,0,0,0,0
SC-F-4213401-13214-20221010,4213401,Ponte Serrada,SC,10/10/2022,13214,Chuvas Intensas,Reconhecido,71470.38,71470.38,142940.76,0,6,0,6
SC-F-4216107-12100-20221010,4216107,São Domingos,SC,10/10/2022,12100,Inundações,Registro,0.0,0.0,0.0,0,21,0,21
SC-F-4202537-13214-20221010,4202537,Bom Jesus,SC,10/10/2022,13214,Chuvas Intensas,Reconhecido,760801.47,44330.27,805131.74,0,15,0,15
PR-F-4103222-12200-20221010,4103222,Bom Sucesso Do Sul,PR,10/10/2022,12200,Enxurradas,Reconhecido,449242.42,449242.42,898484.84,0,24,10,34
SC-F-4214409-12300-20221010,4214409,Rio Das Antas,SC,10/10/2022,12300,Alagamentos,Reconhecido,5887216.89,41553.91,5928770.8,0,8,0,8
SC-F-4209458-13214-20221010,4209458,Lajeado Grande,SC,10/10/2022,13214,Chuvas Intensas,Reconhecido,61035.43,30325.62,91361.05,0,5,0,5
SC-F-4214805-12100-20221010,4214805,Rio Do Sul,SC,10/10/2022,12100,Inundações,Registro,0.0,0.0,0.0,0,0,84,84
SC-F-4218509-13214-20221010,4218509,Treze Tílias,SC,10/10/2022,13214,Chuvas Intensas,Registro,0.0,0.0,0.0,0,10,0,10
SC-F-4207858-12200-20221010,4207858,Irati,SC,10/10/2022,12200,Enxurradas,Registro,0.0,0.0,0.0,0,0,0,0
SC-F-4201653-12300-20221010,4201653,Arvoredo,SC,10/10/2022,12300,Alagamentos,Registro,0.0,8168.04,8168.04,0,0,0,0
SC-F-4205308-12300-20221010,4205308,Faxinal Dos Guedes,SC,10/10/2022,12300,Alagamentos,Registro,32845.75,2532.09,35377.84,0,0,0,0
SC-F-4211504-13214-20221010,4211504,Nova Trento,SC,10/10/2022,13214,Chuvas Intensas,Registro,8168.04,2042.01,10210.05,0,0,0,0
PR-F-4114401-13214-20221010,4114401,Mangueirinha,PR,10/10/2022,13214,Chuvas Intensas,Reconhecido,1918316.16,0.0,1918316.16,0,0,0,0
PR-F-4109658-13214-20221010,4109658,Honório Serpa,PR,10/10/2022,13214,Chuvas Intensas,Reconhecido,1231332.62,0.0,1231332.62,0,0,0,0
PR-F-4115309-13214-20221010,4115309,Mariópolis,PR,10/10/2022,13214,Chuvas Intensas,Reconhecido,603352.98,0.0,603352.98,0,0,0,0
PR-F-4102901-13214-20221010,4102901,Bituruna,PR,10/10/2022,13214,Chuvas Intensas,Reconhecido,542051.81,0.0,542051.81,0,0,0,0
PR-F-4103024-13214-20221010,4103024,Boa Esperança Do Iguaçu,PR,10/10/2022,13214,Chuvas Intensas,Reconhecido,430966.42,0.0,430966.42,0,0,0,0
PR-F-4126652-13214-20221010,4126652,Sulina,PR,10/10/2022,13214,Chuvas Intensas,Reconhecido,409933.7,0.0,409933.7,0,0,0,0
PR-F-4117453-13214-20221010,4117453,Ouro Verde Do Oeste,PR,10/10/2022,13214,Chuvas Intensas,Reconhecido,222579.2,0.0,222579.2,0,0,0,0
PR-F-4101002-13214-20221010,4101002,Ampére,PR,10/10/2022,13214,Chuvas Intensas,Reconhecido,184699.89,0.0,184699.89,0,0,0,0
PR-F-4106571-13214-20221010,4106571,Cruzeiro Do Iguaçu,PR,10/10/2022,13214,Chuvas Intensas,Reconhecido,184699.89,0.0,184699.89,0,0,0,0
PR-F-4123808-13214-20221010,4123808,Santa Izabel Do Oeste,PR,10/10/2022,13214,Chuvas Intensas,Reconhecido,184699.89,0.0,184699.89,0,0,0,0
PR-F-4104501-13214-20221010,4104501,Capanema,PR,10/10/2022,13214,Chuvas Intensas,Reconhecido,123133.26,0.0,123133.26,0,0,0,0
PR-F-4107850-13214-20221010,4107850,Flor Da Serra Do Sul,PR,10/10/2022,13214,Chuvas Intensas,Reconhecido,123133.26,0.0,123133.26,0,0,0,0
PR-F-4124400-13214-20221010,4124400,Santo Antônio Do Sudoeste,PR,10/10/2022,13214,Chuvas Intensas,Reconhecido,123133.26,0.0,123133.26,0,0,0,0
PR-F-4125209-13214-20221010,4125209,São Jorge D`Oeste,PR,10/10/2022,13214,Chuvas Intensas,Reconhecido,123133.26,0.0,123133.26,0,0,0,0
PR-F-4103156-13214-20221010,4103156,Bom Jesus Do Sul,PR,10/10/2022,13214,Chuvas Intensas,Reconhecido,73879.96,0.0,73879.96,0,0,0,0
PR-F-4121406-13214-20221010,4121406,Realeza,PR,10/10/2022,13214,Chuvas Intensas,Reconhecido,73879.96,0.0,73879.96,0,0,0,0
PR-F-4115408-13214-20221010,4115408,Marmeleiro,PR,10/10/2022,13214,Chuvas Intensas,Reconhecido,24626.65,0.0,24626.65,0,0,0,0
PR-F-4108403-13214-20221010,4108403,Francisco Beltrão,PR,10/10/2022,13214,Chuvas Intensas,Registro,0.0,0.0,0.0,0,0,0,0
PR-F-4111209-13214-20221010,4111209,Itapejara D`Oeste,PR,10/10/2022,13214,Chuvas Intensas,Registro,0.0,0.0,0.0,0,0,0,0
PR-F-4118501-13214-20221010,4118501,Pato Branco,PR,10/10/2022,13214,Chuvas Intensas,Registro,0.0,0.0,0.0,0,0,0,0
PR-F-4122800-13214-20221010,4122800,Salgado Filho,PR,10/10/2022,13214,Chuvas Intensas,Registro,0.0,0.0,0.0,0,0,0,0
PR-F-4128203-13214-20221010,4128203,União Da Vitória,PR,10/10/2022,13214,Chuvas Intensas,Registro,0.0,0.0,0.0,0,0,0,0
SC-F-4216800-13214-20221010,4216800,São José Do Cerrito,SC,10/10/2022,13214,Chuvas Intensas,Registro,0.0,0.0,0.0,0,0,0,0
SC-F-4217907-13214-20221010,4217907,Tangará,SC,10/10/2022,13214,Chuvas Intensas,Registro,0.0,0.0,0.0,0,0,0,0
SC-F-4219507-13214-20221010,4219507,Xanxerê,SC,10/10/2022,13214,Chuvas Intensas,Registro,0.0,0.0,0.0,0,0,0,0
SC-F-4219309-12100-20221011,4219309,Videira,SC,11/10/2022,12100,Inundações,Reconhecido,2144111.53,233641.34,2377752.8699999996,0,265,28,293
SC-F-4217907-13214-20221011,4217907,Tangará,SC,11/10/2022,13214,Chuvas Intensas,Reconhecido,8531726.07,0.0,8531726.07,0,48,0,48
PR-F-4107207-12200-20221011,4107207,Dois Vizinhos,PR,11/10/2022,12200,Enxurradas,Reconhecido,1653007.89,324169.24,1977177.13,0,1000,40,1040
SC-F-4203501-13214-20221011,4203501,Campo Erê,SC,11/10/2022,13214,Chuvas Intensas,Reconhecido,918904.94,132730.71,1051635.65,0,0,0,0
PR-F-4105409-12200-20221011,4105409,Chopinzinho,PR,11/10/2022,12200,Enxurradas,Reconhecido,4113881.26,162630.86,4276512.12,0,20,0,20
SC-F-4205555-12200-20221011,4205555,Frei Rogério,SC,11/10/2022,12200,Enxurradas,Registro,0.0,0.0,0.0,0,0,0,0
SC-F-4211652-13214-20221011,4211652,Novo Horizonte,SC,11/10/2022,13214,Chuvas Intensas,Reconhecido,969955.21,8067.94,978023.1499999999,0,0,0,0
PR-F-4108403-12200-20221011,4108403,Francisco Beltrão,PR,11/10/2022,12200,Enxurradas,Reconhecido,7425866.96,3656907.51,11082774.469999999,0,1004,105,1109
SC-F-4212270-13214-20221011,4212270,Passos Maia,SC,11/10/2022,13214,Chuvas Intensas,Reconhecido,13370745.4,9290.65,13380036.05,0,76,0,76
PR-F-4122800-12200-20221011,4122800,Salgado Filho,PR,11/10/2022,12200,Enxurradas,Reconhecido,482935.6,489061.63,971997.23,0,9,5,14
SC-F-4200705-12200-20221011,4200705,Alfredo Wagner,SC,11/10/2022,12200,Enxurradas,Registro,97233.84,0.0,97233.84,0,0,0,0
PR-F-4117057-12200-20221011,4117057,Nova Laranjeiras,PR,11/10/2022,12200,Enxurradas,Reconhecido,1994674.1,1994674.1,3989348.2,5,0,0,5
PR-F-4107405-12200-20221011,4107405,Enéas Marques,PR,11/10/2022,12200,Enxurradas,Reconhecido,1004301.84,1004301.84,2008603.68,0,0,0,0
PR-F-4128708-12200-20221011,4128708,Vitorino,PR,11/10/2022,12200,Enxurradas,Registro,204656.75,0.0,204656.75,0,0,0,0
SC-F-4202438-12300-20221011,4202438,Bocaina Do Sul,SC,11/10/2022,12300,Alagamentos,Reconhecido,10210.05,51050.27,61260.31999999999,0,0,0,0
PR-F-4128609-12200-20221011,4128609,Verê,PR,11/10/2022,12200,Enxurradas,Reconhecido,1216017.54,149724.33,1365741.87,0,55,0,55
SC-F-4216909-13214-20221011,4216909,São Lourenço Do Oeste,SC,11/10/2022,13214,Chuvas Intensas,Reconhecido,2115953.83,54204.4,2170158.23,0,15,0,15
SC-F-4207684-13214-20221011,4207684,Ipuaçu,SC,11/10/2022,13214,Chuvas Intensas,Reconhecido,940743.23,21258.15,962001.38,0,0,0,0
PR-F-4121604-12200-20221011,4121604,Renascença,PR,11/10/2022,12200,Enxurradas,Reconhecido,267299.24,191030.13,458329.37,0,32,0,32
PR-F-4105706-13214-20221011,4105706,Clevelândia,PR,11/10/2022,13214,Chuvas Intensas,Reconhecido,2154832.08,612.6,2155444.68,0,0,0,0
PR-F-4106456-12200-20221011,4106456,Coronel Domingos Soares,PR,11/10/2022,12200,Enxurradas,Reconhecido,1888860.15,1888860.15,3777720.3,0,0,0,0
PR-F-4116950-12200-20221011,4116950,Nova Esperança Do Sudoeste,PR,11/10/2022,12200,Enxurradas,Reconhecido,385245.91,770491.83,1155737.74,0,2,0,2
PR-F-4124806-12200-20221011,4124806,São João,PR,11/10/2022,12200,Enxurradas,Reconhecido,3789415.72,3741428.46,7530844.18,0,11,0,11
SC-F-4211850-13214-20221011,4211850,Ouro Verde,SC,11/10/2022,13214,Chuvas Intensas,Reconhecido,1628009.55,12316.77,1640326.32,0,12,0,12
PR-F-4114351-12200-20221011,4114351,Manfrinópolis,PR,11/10/2022,12200,Enxurradas,Reconhecido,306301.65,298133.6,604435.25,0,0,0,0
SC-F-4215356-12200-20221011,4215356,Saltinho,SC,11/10/2022,12200,Enxurradas,Registro,0.0,0.0,0.0,0,0,0,0
SC-F-4217956-12200-20221011,4217956,Tigrinhos,SC,11/10/2022,12200,Enxurradas,Registro,137835.74,0.0,137835.74,0,0,0,0
PR-F-4117255-12200-20221011,4117255,Nova Prata Do Iguaçu,PR,11/10/2022,12200,Enxurradas,Reconhecido,2017506.85,2017506.85,4035013.7,0,12,0,12
PR-F-4106506-12200-20221011,4106506,Coronel Vivida,PR,11/10/2022,12200,Enxurradas,Reconhecido,5531072.61,4309950.05,9841022.66,0,4,8,12
PR-F-4118501-12200-20221011,4118501,Pato Branco,PR,11/10/2022,12200,Enxurradas,Reconhecido,17500034.08,141409.26,17641443.34,2,24,8,34
PR-F-4111209-12200-20221011,4111209,Itapejara D`Oeste,PR,11/10/2022,12200,Enxurradas,Reconhecido,400832.33,400832.33,801664.66,0,6,0,6
SC-F-4217303-12200-20221011,4217303,Saudades,SC,11/10/2022,12200,Enxurradas,Reconhecido,288149.87,21410.52,309560.39,0,0,0,0
SC-F-4214201-12100-20221011,4214201,Quilombo,SC,11/10/2022,12100,Inundações,Reconhecido,1625162.64,0.0,1625162.64,0,32,0,32
SC-F-4204400-12100-20221011,4204400,Coronel Freitas,SC,11/10/2022,12100,Inundações,Registro,1021005.49,154835.48,1175840.97,0,12,0,12
SC-F-4205357-13214-20221011,4205357,Flor Do Sertão,SC,11/10/2022,13214,Chuvas Intensas,Registro,3063.02,0.0,3063.02,0,0,0,0
SC-F-4206801-13214-20221011,4206801,Ibicaré,SC,11/10/2022,13214,Chuvas Intensas,Reconhecido,6592632.44,0.0,6592632.44,0,0,0,0
SC-F-4215208-13214-20221011,4215208,Romelândia,SC,11/10/2022,13214,Chuvas Intensas,Registro,0.0,0.0,0.0,0,0,0,0
SC-F-4205001-12200-20221011,4205001,Dionísio Cerqueira,SC,11/10/2022,12200,Enxurradas,Registro,0.0,0.0,0.0,0,0,0,0
SC-F-4203600-13214-20221011,4203600,Campos Novos,SC,11/10/2022,13214,Chuvas Intensas,Registro,788216.24,0.0,788216.24,0,4,0,4
PR-F-4123006-12200-20221011,4123006,Salto Do Lontra,PR,11/10/2022,12200,Enxurradas,Reconhecido,178644.27,135762.04,314406.31,0,43,6,49
SC-F-4210035-13214-20221011,4210035,Luzerna,SC,11/10/2022,13214,Chuvas Intensas,Registro,12252.07,15315.08,27567.15,0,15,0,15
SC-F-4202875-13214-20221011,4202875,Brunópolis,SC,11/10/2022,13214,Chuvas Intensas,Registro,612603.29,12127.27,624730.56,0,5,0,5
SC-F-4211603-12100-20221011,4211603,Nova Veneza,SC,11/10/2022,12100,Inundações,Registro,1225206.59,0.0,1225206.59,0,0,0,0
SC-F-4211058-12200-20221011,4211058,Monte Carlo,SC,11/10/2022,12200,Enxurradas,Reconhecido,81680.44,30630.16,112310.6,0,78,0,78
SC-F-4203006-12100-20221011,4203006,Caçador,SC,11/10/2022,12100,Inundações,Registro,0.0,0.0,0.0,0,180,0,180
SC-F-4206702-12100-20221011,4206702,Herval D`Oeste,SC,11/10/2022,12100,Inundações,Registro,10210.05,0.0,10210.05,0,0,18,18
SC-F-4213708-12100-20221011,4213708,Pouso Redondo,SC,11/10/2022,12100,Inundações,Registro,0.0,0.0,0.0,0,10,0,10
SC-F-4204558-12300-20221011,4204558,Correia Pinto,SC,11/10/2022,12300,Alagamentos,Registro,0.0,0.0,0.0,0,0,0,3
SC-F-4204202-12300-20221011,4204202,Chapecó,SC,11/10/2022,12300,Alagamentos,Registro,0.0,0.0,0.0,0,20,0,20
SC-F-4210852-12100-20221011,4210852,Mirim Doce,SC,11/10/2022,12100,Inundações,Registro,204201.1,1021.01,205222.11000000002,0,0,0,0
SC-F-4216701-12200-20221011,4216701,São José Do Cedro,SC,11/10/2022,12200,Enxurradas,Registro,0.0,51050.27,51050.27,0,0,0,0
SC-F-4207601-12200-20221011,4207601,Ipira,SC,11/10/2022,12200,Enxurradas,Registro,20420.11,10210.05,30630.16,0,0,0,0
SC-F-4215687-13214-20221011,4215687,Santa Terezinha Do Progresso,SC,11/10/2022,13214,Chuvas Intensas,Registro,10210.05,0.0,10210.05,0,0,0,0
SC-F-4205506-12300-20221011,4205506,Fraiburgo,SC,11/10/2022,12300,Alagamentos,Registro,700420.28,0.0,700420.28,0,0,0,0
SC-F-4209706-13214-20221011,4209706,Lebon Régis,SC,11/10/2022,13214,Chuvas Intensas,Registro,81680.44,0.0,81680.44,0,0,0,0
SC-F-4202099-12100-20221011,4202099,Barra Bonita,SC,11/10/2022,12100,Inundações,Registro,0.0,0.0,0.0,0,0,0,0
SC-F-4204806-12100-20221011,4204806,Curitibanos,SC,11/10/2022,12100,Inundações,Registro,0.0,0.0,0.0,0,0,0,0
SC-F-4209201-13214-20221011,4209201,Lacerdópolis,SC,11/10/2022,13214,Chuvas Intensas,Registro,0.0,0.0,0.0,0,0,0,0
SC-F-4215075-12200-20221011,4215075,Riqueza,SC,11/10/2022,12200,Enxurradas,Registro,0.0,0.0,0.0,0,0,0,0
SC-F-4215752-13214-20221011,4215752,São Bernardino,SC,11/10/2022,13214,Chuvas Intensas,Registro,0.0,0.0,0.0,0,0,0,0
SC-F-4202602-13214-20221012,4202602,Bom Retiro,SC,12/10/2022,13214,Chuvas Intensas,Registro,102100.55,39819.21,141919.76,0,0,0,0
PR-F-4115457-12200-20221012,4115457,Marquinho,PR,12/10/2022,12200,Enxurradas,Reconhecido,117926.13,117926.13,235852.26,0,0,0,0
SC-F-4209151-13214-20221012,4209151,José Boiteux,SC,12/10/2022,13214,Chuvas Intensas,Registro,96995.52,66365.36,163360.88,0,0,0,0
SC-F-4212106-12200-20221012,4212106,Palmitos,SC,12/10/2022,12200,Enxurradas,Registro,0.0,0.0,0.0,0,0,0,0
SC-F-4216008-13214-20221012,4216008,São Carlos,SC,12/10/2022,13214,Chuvas Intensas,Registro,0.0,0.0,0.0,0,0,0,0
SC-F-4218707-13214-20221012,4218707,Tubarão,SC,12/10/2022,13214,Chuvas Intensas,Registro,0.0,0.0,0.0,0,0,0,0
SC-F-4218855-12300-20221012,4218855,União Do Oeste,SC,12/10/2022,12300,Alagamentos,Registro,0.0,0.0,0.0,0,0,0,0
SC-F-4219101-13214-20221013,4219101,Vargeão,SC,13/10/2022,13214,Chuvas Intensas,Registro,1662105.97,0.0,1662105.97,0,0,0,0
SC-F-4214607-12100-20221013,4214607,Rio Do Oeste,SC,13/10/2022,12100,Inundações,Registro,0.0,0.0,0.0,0,0,14,14
SC-F-4207205-13214-20221013,4207205,Imaruí,SC,13/10/2022,13214,Chuvas Intensas,Registro,66365.36,0.0,66365.36,0,0,0,0
SC-F-4200408-13214-20221014,4200408,Água Doce,SC,14/10/2022,13214,Chuvas Intensas,Registro,784063.76,145289.08,929352.84,0,0,0,0
SC-F-4219408-12300-20221014,4219408,Witmarsum,SC,14/10/2022,12300,Alagamentos,Registro,0.0,0.0,0.0,0,15,0,15
SC-F-4200507-12300-20221014,4200507,Águas De Chapecó,SC,14/10/2022,12300,Alagamentos,Reconhecido,316511.7,0.0,316511.7,0,43,0,43
SC-F-4210100-13214-20221014,4210100,Mafra,SC,14/10/2022,13214,Chuvas Intensas,Registro,0.0,0.0,0.0,0,0,0,0
SC-F-4202909-13214-20221016,4202909,Brusque,SC,16/10/2022,13214,Chuvas Intensas,Registro,0.0,0.0,0.0,0,0,0,0
SC-F-4202305-12200-20221016,4202305,Biguaçu,SC,16/10/2022,12200,Enxurradas,Registro,0.0,0.0,0.0,0,0,0,0
SC-F-4203709-13214-20221016,4203709,Canelinha,SC,16/10/2022,13214,Chuvas Intensas,Registro,0.0,0.0,0.0,0,0,0,0
SC-F-4205902-13214-20221016,4205902,Gaspar,SC,16/10/2022,13214,Chuvas Intensas,Registro,0.0,0.0,0.0,0,0,0,0
SC-F-4218004-13214-20221016,4218004,Tijucas,SC,16/10/2022,13214,Chuvas Intensas,Registro,0.0,0.0,0.0,0,0,0,0
SC-F-4209607-11311-20221019,4209607,Lauro Muller,SC,19/10/2022,11311,Movimento de Massa,Registro,0.0,0.0,0.0,0,0,0,0
SC-F-4210555-13214-20221019,4210555,Marema,SC,19/10/2022,13214,Chuvas Intensas,Reconhecido,128523.36,33186.92,161710.28,0,0,0,0
SC-F-4215554-12200-20221019,4215554,Santa Helena,SC,19/10/2022,12200,Enxurradas,Registro,0.0,0.0,0.0,0,0,0,0
SC-F-4212205-13214-20221019,4212205,Papanduva,SC,19/10/2022,13214,Chuvas Intensas,Registro,0.0,0.0,0.0,0,0,0,0
SC-F-4217303-12200-20221019,4217303,Saudades,SC,19/10/2022,12200,Enxurradas,Registro,0.0,0.0,0.0,0,0,0,0
PR-F-4113452-12200-20221020,4113452,Lindoeste,PR,20/10/2022,12200,Enxurradas,Reconhecido,2386519.14,2386519.14,4773038.28,0,0,0,0
PR-F-4103479-12200-20221020,4103479,Cafezal Do Sul,PR,20/10/2022,12200,Enxurradas,Reconhecido,1837809.88,1837809.88,3675619.76,0,0,0,0
SC-F-4208104-13214-20221020,4208104,Itaiópolis,SC,20/10/2022,13214,Chuvas Intensas,Registro,306301.65,0.0,306301.65,0,0,0,0
PR-F-4120903-12200-20221020,4120903,Quedas Do Iguaçu,PR,20/10/2022,12200,Enxurradas,Registro,0.0,0.0,0.0,0,0,0,0
SC-F-4203808-13214-20221020,4203808,Canoinhas,SC,20/10/2022,13214,Chuvas Intensas,Registro,0.0,0.0,0.0,0,0,0,0
SC-F-4210100-13214-20221020,4210100,Mafra,SC,20/10/2022,13214,Chuvas Intensas,Registro,0.0,0.0,0.0,0,0,0,0
SC-F-4203105-12200-20221021,4203105,Caibi,SC,21/10/2022,12200,Enxurradas,Registro,0.0,0.0,0.0,0,0,0,0
SC-F-4208450-12300-20221030,4208450,Itapoá,SC,30/10/2022,12300,Alagamentos,Registro,0.0,0.0,0.0,0,0,0,0
PR-F-4119608-12200-20221031,4119608,Pitanga,PR,31/10/2022,12200,Enxurradas,Reconhecido,10506146.48,10388730.85,20894877.33,0,0,0,0
PR-F-4111506-12200-20221031,4111506,Ivaiporã,PR,31/10/2022,12200,Enxurradas,Reconhecido,81680.44,81680.44,163360.88,0,0,0,0
PR-F-4107546-13214-20221101,4107546,Espigão Alto Do Iguaçu,PR,01/11/2022,13214,Chuvas Intensas,Reconhecido,472846.53,472846.53,945693.06,0,0,0,0
RS-F-4309100-12300-20221106,4309100,Gramado,RS,06/11/2022,12300,Alagamentos,Registro,0.0,0.0,0.0,0,0,0,0
SC-F-4201307-13214-20221116,4201307,Araquari,SC,16/11/2022,13214,Chuvas Intensas,Registro,0.0,0.0,0.0,0,0,0,0
SC-F-4204509-13214-20221119,4204509,Corupá,SC,19/11/2022,13214,Chuvas Intensas,Registro,1123106.04,612603.29,1735709.33,0,0,0,0
SC-F-4202404-13214-20221126,4202404,Blumenau,SC,26/11/2022,13214,Chuvas Intensas,Reconhecido,1653763.43,1500612.61,3154376.04,0,11,5,16
SC-F-4205902-13214-20221126,4205902,Gaspar,SC,26/11/2022,13214,Chuvas Intensas,Registro,6423643.58,0.0,6423643.58,0,18,0,19
SC-F-4204509-13214-20221126,4204509,Corupá,SC,26/11/2022,13214,Chuvas Intensas,Registro,3841753.69,2669383.12,6511136.8100000005,0,100,0,100
SC-F-4211504-13214-20221126,4211504,Nova Trento,SC,26/11/2022,13214,Chuvas Intensas,Reconhecido,6126.03,6126.03,12252.06,0,15,0,15
SC-F-4208203-13214-20221126,4208203,Itajaí,SC,26/11/2022,13214,Chuvas Intensas,Registro,112310.6,0.0,112310.6,0,0,0,0
SC-F-4201307-13214-20221126,4201307,Araquari,SC,26/11/2022,13214,Chuvas Intensas,Registro,4003167.06,0.0,4003167.06,0,35,0,35
SC-F-4215802-13214-20221126,4215802,São Bento Do Sul,SC,26/11/2022,13214,Chuvas Intensas,Reconhecido,5897706.39,66255.09,5963961.4799999995,0,220,0,220
SC-F-4217402-13214-20221126,4217402,Schroeder,SC,26/11/2022,13214,Chuvas Intensas,Reconhecido,326721.76,0.0,326721.76,0,8,8,16
SC-F-4208906-13214-20221126,4208906,Jaraguá Do Sul,SC,26/11/2022,13214,Chuvas Intensas,Reconhecido,11864083.78,0.0,11864083.78,0,0,12,12
SC-F-4202107-13214-20221126,4202107,Barra Velha,SC,26/11/2022,13214,Chuvas Intensas,Registro,0.0,0.0,0.0,0,0,0,0
SC-F-4211702-13214-20221126,4211702,Orleans,SC,26/11/2022,13214,Chuvas Intensas,Registro,0.0,0.0,0.0,0,0,0,0
SC-F-4210605-13214-20221127,4210605,Massaranduba,SC,27/11/2022,13214,Chuvas Intensas,Reconhecido,0.0,0.0,0.0,0,0,0,0
SC-F-4218202-13214-20221127,4218202,Timbó,SC,27/11/2022,13214,Chuvas Intensas,Registro,0.0,6126.03,6126.03,0,50,12,62
SC-F-4202206-13214-20221127,4202206,Benedito Novo,SC,27/11/2022,13214,Chuvas Intensas,Reconhecido,8563683.54,2586206.9,11149890.44,0,166,12,178
SC-F-4203303-13214-20221127,4203303,Campo Alegre,SC,27/11/2022,13214,Chuvas Intensas,Reconhecido,510502.74,408402.2,918904.94,0,100,29,129
SC-F-4210001-13214-20221127,4210001,Luiz Alves,SC,27/11/2022,13214,Chuvas Intensas,Reconhecido,5370382.95,102406.85,5472789.8,0,18,0,18
SC-F-4214706-13214-20221127,4214706,Rio Dos Cedros,SC,27/11/2022,13214,Chuvas Intensas,Reconhecido,959745.16,643233.46,1602978.62,0,0,13,13
SC-F-4215109-12100-20221127,4215109,Rodeio,SC,27/11/2022,12100,Inundações,Reconhecido,285881.54,35735.19,321616.73,0,250,0,250
SC-F-4205159-12100-20221127,4205159,Doutor Pedrinho,SC,27/11/2022,12100,Inundações,Registro,0.0,0.0,0.0,0,0,0,0
SC-F-4215000-13214-20221127,4215000,Rio Negrinho,SC,27/11/2022,13214,Chuvas Intensas,Reconhecido,602393.24,0.0,602393.24,0,22,16,38
SC-F-4213203-13214-20221127,4213203,Pomerode,SC,27/11/2022,13214,Chuvas Intensas,Registro,1531508.23,0.0,1531508.23,0,10,0,10
SC-F-4201307-13214-20221127,4201307,Araquari,SC,27/11/2022,13214,Chuvas Intensas,Reconhecido,0.0,0.0,0.0,0,0,0,0
SC-F-4204509-13214-20221127,4204509,Corupá,SC,27/11/2022,13214,Chuvas Intensas,Reconhecido,0.0,0.0,0.0,0,0,0,0
SC-F-4205902-13214-20221127,4205902,Gaspar,SC,27/11/2022,13214,Chuvas Intensas,Reconhecido,0.0,0.0,0.0,0,0,0,0
SC-F-4206504-13214-20221127,4206504,Guaramirim,SC,27/11/2022,13214,Chuvas Intensas,Reconhecido,0.0,0.0,0.0,0,0,0,0
SC-F-4210100-13214-20221127,4210100,Mafra,SC,27/11/2022,13214,Chuvas Intensas,Registro,0.0,0.0,0.0,0,0,0,0
SC-F-4209102-13214-20221128,4209102,Joinville,SC,28/11/2022,13214,Chuvas Intensas,Reconhecido,7112843.52,15911520.67,23024364.189999998,0,503,203,706
PR-F-4116208-13214-20221128,4116208,Morretes,PR,28/11/2022,13214,Chuvas Intensas,Reconhecido,18977429.02,2316894.92,21294323.939999998,0,496,38,534
SC-F-4202909-13214-20221128,4202909,Brusque,SC,28/11/2022,13214,Chuvas Intensas,Reconhecido,5107890.34,14003313.06,19111203.4,2,226,30,264
SC-F-4214706-13214-20221128,4214706,Rio Dos Cedros,SC,28/11/2022,13214,Chuvas Intensas,Registro,959745.16,643233.46,1602978.62,0,0,13,13
SC-F-4200903-13214-20221128,4200903,Angelina,SC,28/11/2022,13214,Chuvas Intensas,Reconhecido,10465306.26,4706835.3,15172141.559999999,0,500,42,547
PR-F-4125506-13214-20221128,4125506,São José Dos Pinhais,PR,28/11/2022,13214,Chuvas Intensas,Reconhecido,418612.25,0.0,418612.25,0,0,100,100
PR-F-4109609-13214-20221128,4109609,Guaratuba,PR,28/11/2022,13214,Chuvas Intensas,Reconhecido,2980734.6,2980734.6,5961469.2,2,20,13,49
PR-F-4120804-12100-20221128,4120804,Quatro Barras,PR,28/11/2022,12100,Inundações,Reconhecido,105163.57,6942.84,112106.41,0,97,0,97
SC-F-4212403-13214-20221128,4212403,Pedras Grandes,SC,28/11/2022,13214,Chuvas Intensas,Reconhecido,324679.75,18378.1,343057.85,0,0,3,4
SC-F-4208450-13214-20221128,4208450,Itapoá,SC,28/11/2022,13214,Chuvas Intensas,Registro,0.0,0.0,0.0,0,0,0,0
SC-F-4215703-13214-20221129,4215703,Santo Amaro Da Imperatriz,SC,29/11/2022,13214,Chuvas Intensas,Reconhecido,89179724.42,113412166.6,202591891.01999998,0,1260,165,1425
PR-F-4104006-13214-20221129,4104006,Campina Grande Do Sul,PR,29/11/2022,13214,Chuvas Intensas,Reconhecido,319370.52,0.0,319370.52,0,95,9,104
SC-F-4205803-13214-20221129,4205803,Garuva,SC,29/11/2022,13214,Chuvas Intensas,Registro,0.0,0.0,0.0,0,25,0,25
PR-F-4127601-12300-20221129,4127601,Tijucas Do Sul,PR,29/11/2022,12300,Alagamentos,Registro,0.0,0.0,0.0,0,0,0,0
SC-F-4205407-13214-20221130,4205407,Florianópolis,SC,30/11/2022,13214,Chuvas Intensas,Reconhecido,11008897.75,915341.63,11924239.38,0,1260,26,1286
SC-F-4216602-13214-20221130,4216602,São José,SC,30/11/2022,13214,Chuvas Intensas,Reconhecido,56996636.89,320373.14,57317010.03,0,150,1871,2227
SC-F-4203956-13214-20221130,4203956,Capivari De Baixo,SC,30/11/2022,13214,Chuvas Intensas,Reconhecido,786097.94,252112.07,1038210.01,0,0,6,6
SC-F-4203709-13214-20221130,4203709,Canelinha,SC,30/11/2022,13214,Chuvas Intensas,Reconhecido,7095988.15,6049457.52,13145445.67,0,2810,119,2929
SC-F-4201208-13214-20221130,4201208,Antônio Carlos,SC,30/11/2022,13214,Chuvas Intensas,Reconhecido,23151299.46,22648964.76,45800264.22,0,450,26,476
SC-F-4218004-13214-20221130,4218004,Tijucas,SC,30/11/2022,13214,Chuvas Intensas,Reconhecido,1279912.06,960000.41,2239912.47,0,180,50,230
SC-F-4201505-13214-20221130,4201505,Armazém,SC,30/11/2022,13214,Chuvas Intensas,Reconhecido,3527573.96,10210.05,3537784.01,0,720,60,780
SC-F-4217253-13214-20221130,4217253,São Pedro De Alcântara,SC,30/11/2022,13214,Chuvas Intensas,Reconhecido,5690559.15,123719.01,5814278.16,0,320,0,320
SC-F-4200606-13214-20221130,4200606,Águas Mornas,SC,30/11/2022,13214,Chuvas Intensas,Reconhecido,13783574.1,1365084.34,15148658.44,0,250,30,280
SC-F-4201109-13214-20221130,4201109,Anitápolis,SC,30/11/2022,13214,Chuvas Intensas,Reconhecido,28690254.24,2603469.97,31293724.209999997,0,45,0,45
SC-F-4214300-13214-20221130,4214300,Rancho Queimado,SC,30/11/2022,13214,Chuvas Intensas,Reconhecido,1311992.05,2072436.94,3384428.99,0,20,0,20
SC-F-4210209-13214-20221130,4210209,Major Gercino,SC,30/11/2022,13214,Chuvas Intensas,Reconhecido,0.0,0.0,0.0,0,30,0,31
SC-F-4217105-13214-20221130,4217105,São Martinho,SC,30/11/2022,13214,Chuvas Intensas,Reconhecido,10546986.7,173070.64,10720057.34,0,145,8,153
SC-F-4211702-13214-20221130,4211702,Orleans,SC,30/11/2022,13214,Chuvas Intensas,Registro,191949.03,120478.65,312427.68,0,0,0,0
SC-F-4202701-13214-20221130,4202701,Botuverá,SC,30/11/2022,13214,Chuvas Intensas,Reconhecido,4768095.63,139081.37,4907177.0,0,0,2,2
SC-F-4201406-13214-20221130,4201406,Araranguá,SC,30/11/2022,13214,Chuvas Intensas,Registro,30630.16,61260.33,91890.49,0,0,0,0
SC-F-4217600-12200-20221130,4217600,Siderópolis,SC,30/11/2022,12200,Enxurradas,Reconhecido,1021010.59,102100.55,1123111.14,0,0,0,0
SC-F-4206207-13214-20221130,4206207,Gravatal,SC,30/11/2022,13214,Chuvas Intensas,Reconhecido,2879005.75,101746.26,2980752.01,0,64,42,106
SC-F-4202800-13214-20221130,4202800,Braço Do Norte,SC,30/11/2022,13214,Chuvas Intensas,Reconhecido,0.0,0.0,0.0,0,266,0,266
SC-F-4218707-13214-20221130,4218707,Tubarão,SC,30/11/2022,13214,Chuvas Intensas,Reconhecido,408402.2,5105027.44,5513429.640000001,0,83,20,103
SC-F-4208807-13214-20221130,4208807,Jaguaruna,SC,30/11/2022,13214,Chuvas Intensas,Registro,306301.65,0.0,306301.65,0,9,0,9
SC-F-4207502-13214-20221130,4207502,Indaial,SC,30/11/2022,13214,Chuvas Intensas,Registro,0.0,0.0,0.0,0,6,0,6
SC-F-4217006-13214-20221130,4217006,São Ludgero,SC,30/11/2022,13214,Chuvas Intensas,Reconhecido,742036.16,64170.19,806206.3500000001,1,0,0,1
SC-F-4215455-13214-20221130,4215455,Sangão,SC,30/11/2022,13214,Chuvas Intensas,Registro,1.02,0.0,1.02,0,0,0,0
SC-F-4207205-13214-20221130,4207205,Imaruí,SC,30/11/2022,13214,Chuvas Intensas,Registro,0.0,0.0,0.0,0,0,0,0
SC-F-4212403-12200-20221130,4212403,Pedras Grandes,SC,30/11/2022,12200,Enxurradas,Registro,0.0,0.0,0.0,0,0,0,0
SC-F-4218301-13214-20221130,4218301,Três Barras,SC,30/11/2022,13214,Chuvas Intensas,Registro,0.0,0.0,0.0,0,0,0,0
SC-F-4219002-13214-20221130,4219002,Urussanga,SC,30/11/2022,13214,Chuvas Intensas,Registro,0.0,0.0,0.0,0,0,0,0
SC-F-4216305-13214-20221201,4216305,São João Batista,SC,01/12/2022,13214,Chuvas Intensas,Reconhecido,36902171.05,17854187.12,54756358.17,0,10000,500,10600
SC-F-4201703-13214-20221201,4201703,Ascurra,SC,01/12/2022,13214,Chuvas Intensas,Registro,0.0,66365.36,66365.36,0,0,0,0
SC-F-4202305-13214-20221201,4202305,Biguaçu,SC,01/12/2022,13214,Chuvas Intensas,Reconhecido,517649.78,518395.73,1036045.51,0,400,85,489
SC-F-4214904-12200-20221201,4214904,Rio Fortuna,SC,01/12/2022,12200,Enxurradas,Reconhecido,3124276.8,3063.02,3127339.82,0,11,0,11
SC-F-4215901-13214-20221201,4215901,São Bonifácio,SC,01/12/2022,13214,Chuvas Intensas,Reconhecido,17050791.66,714703.84,17765495.5,0,10,0,10
SC-F-4205704-13214-20221201,4205704,Garopaba,SC,01/12/2022,13214,Chuvas Intensas,Registro,561553.02,0.0,561553.02,0,0,0,0
SC-F-4212304-13214-20221201,4212304,Paulo Lopes,SC,01/12/2022,13214,Chuvas Intensas,Reconhecido,2538219.65,0.0,2538219.65,0,10,0,10
SC-F-4207007-13214-20221201,4207007,Içara,SC,01/12/2022,13214,Chuvas Intensas,Registro,431885.32,431885.32,863770.64,0,0,0,0
SC-F-4206009-13214-20221201,4206009,Governador Celso Ramos,SC,01/12/2022,13214,Chuvas Intensas,Reconhecido,1327307.14,1225206.59,2552513.73,0,0,0,0
SC-F-4211900-13214-20221201,4211900,Palhoça,SC,01/12/2022,13214,Chuvas Intensas,Reconhecido,36247379.51,2349997.28,38597376.79,3,600,2000,2633
SC-F-4209409-13214-20221201,4209409,Laguna,SC,01/12/2022,13214,Chuvas Intensas,Reconhecido,51050.27,1027233.62,1078283.89,0,12,0,39
SC-F-4218400-13214-20221201,4218400,Treze De Maio,SC,01/12/2022,13214,Chuvas Intensas,Registro,102100.55,102100.55,204201.1,0,0,0,0
SC-F-4215901-12200-20221201,4215901,São Bonifácio,SC,01/12/2022,12200,Enxurradas,Registro,0.0,0.0,0.0,0,0,0,0
SC-F-4203204-13214-20221201,4203204,Camboriú,SC,01/12/2022,13214,Chuvas Intensas,Registro,0.0,0.0,0.0,0,0,0,0
SC-F-4203808-13214-20221201,4203808,Canoinhas,SC,01/12/2022,13214,Chuvas Intensas,Registro,0.0,0.0,0.0,0,0,0,0
RS-F-4302105-12200-20221202,4302105,Bento Gonçalves,RS,02/12/2022,12200,Enxurradas,Reconhecido,5752017.04,308368.16,6060385.2,0,13,0,13
SC-F-4202503-13214-20221202,4202503,Bom Jardim Da Serra,SC,02/12/2022,13214,Chuvas Intensas,Registro,969955.21,1715289.22,2685244.4299999997,0,0,0,0
RS-F-4322608-13214-20221202,4322608,Venâncio Aires,RS,02/12/2022,13214,Chuvas Intensas,Reconhecido,244120.78,676516.88,920637.66,1,102,0,105
SC-F-4218905-13214-20221202,4218905,Urubici,SC,02/12/2022,13214,Chuvas Intensas,Registro,1379480.52,0.0,1379480.52,0,0,0,0
SC-F-4215679-13214-20221203,4215679,Santa Terezinha,SC,03/12/2022,13214,Chuvas Intensas,Registro,9699.55,0.0,9699.55,0,0,0,0
RS-F-4313409-13214-20221204,4313409,Novo Hamburgo,RS,04/12/2022,13214,Chuvas Intensas,Registro,0.0,0.0,0.0,0,0,0,0
SC-F-4212700-12200-20221204,4212700,Petrolândia,SC,04/12/2022,12200,Enxurradas,Reconhecido,422696.27,4410.74,427107.01,0,28,0,28
SC-F-4208104-13214-20221204,4208104,Itaiópolis,SC,04/12/2022,13214,Chuvas Intensas,Reconhecido,1531508.23,6159215.61,7690723.84,0,3,0,3
SC-F-4200200-12200-20221204,4200200,Agrolândia,SC,04/12/2022,12200,Enxurradas,Reconhecido,2118586.39,81680.44,2200266.83,0,15,5,20
SC-F-4212205-13214-20221204,4212205,Papanduva,SC,04/12/2022,13214,Chuvas Intensas,Reconhecido,0.0,0.0,0.0,0,1500,20,1520
SC-F-4215109-13214-20221204,4215109,Rodeio,SC,04/12/2022,13214,Chuvas Intensas,Registro,35735.19,38798.21,74533.4,0,0,0,0
SC-F-4218707-13214-20221204,4218707,Tubarão,SC,04/12/2022,13214,Chuvas Intensas,Registro,0.0,0.0,0.0,0,0,0,0
SC-F-4209607-11311-20221205,4209607,Lauro Muller,SC,05/12/2022,11311,Movimento de Massa,Registro,0.0,0.0,0.0,0,0,0,0
SC-F-4205159-13214-20221205,4205159,Doutor Pedrinho,SC,05/12/2022,13214,Chuvas Intensas,Reconhecido,408402.2,0.0,408402.2,0,24,0,24
SC-F-4218103-12200-20221205,4218103,Timbé Do Sul,SC,05/12/2022,12200,Enxurradas,Registro,0.0,1181.3,1181.3,0,0,0,0
SC-F-4210100-13214-20221206,4210100,Mafra,SC,06/12/2022,13214,Chuvas Intensas,Registro,0.0,0.0,0.0,0,0,0,0
PR-F-4106605-12300-20221209,4106605,Cruzeiro Do Oeste,PR,09/12/2022,12300,Alagamentos,Registro,0.0,0.0,0.0,0,0,0,0
RS-F-4317509-12300-20221210,4317509,Santo Ângelo,RS,10/12/2022,12300,Alagamentos,Registro,0.0,0.0,0.0,0,0,0,0
SC-F-4213500-13214-20221212,4213500,Porto Belo,SC,12/12/2022,13214,Chuvas Intensas,Reconhecido,1228005.91,190513.5,1418519.41,0,3,0,3
SC-F-4201307-13214-20221217,4201307,Araquari,SC,17/12/2022,13214,Chuvas Intensas,Registro,0.0,0.0,0.0,0,0,4,4
SC-F-4202008-12100-20221218,4202008,Balneário Camboriú,SC,18/12/2022,12100,Inundações,Reconhecido,1824118.12,551342.96,2375461.08,0,2120,30,2150
SC-F-4209409-11321-20221218,4209409,Laguna,SC,18/12/2022,11321,Movimento de Massa,Registro,0.0,0.0,0.0,0,0,0,0
SC-F-4205407-13214-20221219,4205407,Florianópolis,SC,19/12/2022,13214,Chuvas Intensas,Registro,0.0,0.0,0.0,0,0,0,0
SC-F-4218004-13214-20221219,4218004,Tijucas,SC,19/12/2022,13214,Chuvas Intensas,Registro,0.0,0.0,0.0,0,0,0,0
SC-F-4208203-13214-20221220,4208203,Itajaí,SC,20/12/2022,13214,Chuvas Intensas,Reconhecido,5163391.26,136905.3,5300296.56,0,1458,152,1610
SC-F-4203204-13214-20221220,4203204,Camboriú,SC,20/12/2022,13214,Chuvas Intensas,Reconhecido,9557632.38,1630867.38,11188499.760000002,2,2000,230,2233
SC-F-4205902-13214-20221220,4205902,Gaspar,SC,20/12/2022,13214,Chuvas Intensas,Reconhecido,7680517.16,10822.66,7691339.82,0,1799,15,1814
SC-F-4208302-13214-20221220,4208302,Itapema,SC,20/12/2022,13214,Chuvas Intensas,Reconhecido,7873767.13,1792338.38,9666105.51,0,40,100,140
SC-F-4212809-13214-20221220,4212809,Balneário Piçarras,SC,20/12/2022,13214,Chuvas Intensas,Reconhecido,1137761.1,146466.1,1284227.2000000002,0,23,0,23
SC-F-4213500-13214-20221220,4213500,Porto Belo,SC,20/12/2022,13214,Chuvas Intensas,Reconhecido,15315.08,22660.36,37975.44,0,9,25,34
SC-F-4211306-13214-20221220,4211306,Navegantes,SC,20/12/2022,13214,Chuvas Intensas,Reconhecido,2160179.09,565133.64,2725312.73,0,400,0,400
SC-F-4216305-12200-20221220,4216305,São João Batista,SC,20/12/2022,12200,Enxurradas,Registro,30630.16,0.0,30630.16,0,0,0,0
SC-F-4212502-13214-20221220,4212502,Penha,SC,20/12/2022,13214,Chuvas Intensas,Reconhecido,204201.1,1939910.43,2144111.53,0,150,0,150
SC-F-4207106-13214-20221220,4207106,Ilhota,SC,20/12/2022,13214,Chuvas Intensas,Registro,500918.0,0.0,500918.0,0,12,0,12
SC-F-4202107-12300-20221220,4202107,Barra Velha,SC,20/12/2022,12300,Alagamentos,Registro,0.0,0.0,0.0,0,0,10,10
SC-F-4206009-13214-20221220,4206009,Governador Celso Ramos,SC,20/12/2022,13214,Chuvas Intensas,Reconhecido,8678546.66,234831.26,8913377.92,0,0,0,0
SC-F-4208450-13214-20221220,4208450,Itapoá,SC,20/12/2022,13214,Chuvas Intensas,Registro,0.0,0.0,0.0,0,0,0,0
SC-F-4209102-13214-20221220,4209102,Joinville,SC,20/12/2022,13214,Chuvas Intensas,Registro,0.0,0.0,0.0,0,0,0,0
SC-F-4210001-13214-20221220,4210001,Luiz Alves,SC,20/12/2022,13214,Chuvas Intensas,Registro,0.0,0.0,0.0,0,0,0,0
SC-F-4208104-13214-20221227,4208104,Itaiópolis,SC,27/12/2022,13214,Chuvas Intensas,Reconhecido,1327307.14,181738.98,1509046.1199999999,0,0,0,0
SC-F-4210100-13214-20221228,4210100,Mafra,SC,28/12/2022,13214,Chuvas Intensas,Registro,0.0,0.0,0.0,0,50,0,50
SC-F-4209102-13214-20230103,4209102,Joinville,SC,03/01/2023,13214,Chuvas Intensas,Registro,739065.58,0.0,739065.58,0,7,0,7
SC-F-4202909-13214-20230103,4202909,Brusque,SC,03/01/2023,13214,Chuvas Intensas,Registro,0.0,0.0,0.0,0,0,0,0
SC-F-4202206-13214-20230103,4202206,Benedito Novo,SC,03/01/2023,13214,Chuvas Intensas,Reconhecido,1039812.48,31463.08,1071275.56,0,27,0,27
SC-F-4215000-13214-20230103,4215000,Rio Negrinho,SC,03/01/2023,13214,Chuvas Intensas,Registro,52790.4,52790.4,105580.8,0,0,0,0
SC-F-4202859-12200-20230103,4202859,Braço Do Trombudo,SC,03/01/2023,12200,Enxurradas,Registro,0.0,0.0,0.0,0,0,0,0
SC-F-4214706-13214-20230103,4214706,Rio Dos Cedros,SC,03/01/2023,13214,Chuvas Intensas,Registro,0.0,0.0,0.0,0,0,0,0
SC-F-4218301-13214-20230104,4218301,Três Barras,SC,04/01/2023,13214,Chuvas Intensas,Registro,0.0,0.0,0.0,0,0,0,0
SC-F-4200705-12200-20230110,4200705,Alfredo Wagner,SC,10/01/2023,12200,Enxurradas,Registro,1235295.33,0.0,1235295.33,0,16,7,23
SC-F-4202859-13214-20230110,4202859,Braço Do Trombudo,SC,10/01/2023,13214,Chuvas Intensas,Registro,0.0,0.0,0.0,0,0,0,0
PR-F-4106605-12200-20230111,4106605,Cruzeiro Do Oeste,PR,11/01/2023,12200,Enxurradas,Reconhecido,306184.31,228899.17,535083.48,0,2,3,5
SC-F-4200200-12200-20230111,4200200,Agrolândia,SC,11/01/2023,12200,Enxurradas,Registro,0.0,0.0,0.0,0,0,0,0
SC-F-4204194-12200-20230112,4204194,Chapadão Do Lageado,SC,12/01/2023,12200,Enxurradas,Registro,506787.83,73906.56,580694.39,0,0,0,0
SC-F-4212700-12200-20230112,4212700,Petrolândia,SC,12/01/2023,12200,Enxurradas,Reconhecido,1963802.83,100301.76,2064104.59,0,0,12,12
SC-F-4208500-12200-20230112,4208500,Ituporanga,SC,12/01/2023,12200,Enxurradas,Reconhecido,1499247.32,354455.85,1853703.17,0,26,0,26
SC-F-4215653-12300-20230113,4215653,Santa Rosa Do Sul,SC,13/01/2023,12300,Alagamentos,Registro,295626.23,11613.89,307240.12,0,6,0,6
RS-F-4311809-12300-20230113,4311809,Marau,RS,13/01/2023,12300,Alagamentos,Registro,211161.59,52790.4,263951.99,0,0,0,0
SC-F-4201703-13214-20230117,4201703,Ascurra,SC,17/01/2023,13214,Chuvas Intensas,Reconhecido,7923838.82,73906.56,7997745.38,0,1428,0,1428
SC-F-4215109-13214-20230117,4215109,Rodeio,SC,17/01/2023,13214,Chuvas Intensas,Reconhecido,7787438.99,633484.78,8420923.77,5,2804,15,2954
SC-F-4215000-13214-20230117,4215000,Rio Negrinho,SC,17/01/2023,13214,Chuvas Intensas,Reconhecido,8113884.26,577773.54,8691657.8,0,29,6,35
SC-F-4200309-13214-20230117,4200309,Agronômica,SC,17/01/2023,13214,Chuvas Intensas,Registro,84464.64,21116.16,105580.8,0,0,0,0
SC-F-4207502-13214-20230117,4207502,Indaial,SC,17/01/2023,13214,Chuvas Intensas,Registro,0.0,0.0,0.0,0,9,0,9
SC-F-4215679-13214-20230117,4215679,Santa Terezinha,SC,17/01/2023,13214,Chuvas Intensas,Registro,58069.44,0.0,58069.44,0,0,0,0
SC-F-4210100-13214-20230117,4210100,Mafra,SC,17/01/2023,13214,Chuvas Intensas,Registro,0.0,0.0,0.0,0,0,0,0
SC-F-4217808-12200-20230117,4217808,Taió,SC,17/01/2023,12200,Enxurradas,Registro,0.0,0.0,0.0,0,0,0,0
SC-F-4218202-13214-20230117,4218202,Timbó,SC,17/01/2023,13214,Chuvas Intensas,Registro,0.0,0.0,0.0,0,0,0,0
SC-F-4209607-13214-20230118,4209607,Lauro Muller,SC,18/01/2023,13214,Chuvas Intensas,Registro,0.0,0.0,0.0,0,0,0,0
SC-F-4218301-12200-20230118,4218301,Três Barras,SC,18/01/2023,12200,Enxurradas,Registro,0.0,0.0,0.0,0,51,7,58
SC-F-4200804-12200-20230118,4200804,Anchieta,SC,18/01/2023,12200,Enxurradas,Registro,27451.01,27451.01,54902.02,0,0,0,0
SC-F-4217600-12200-20230118,4217600,Siderópolis,SC,18/01/2023,12200,Enxurradas,Registro,1240574.37,630317.36,1870891.73,0,0,0,0
SC-F-4203808-12200-20230118,4203808,Canoinhas,SC,18/01/2023,12200,Enxurradas,Registro,0.0,0.0,0.0,0,0,0,0
SC-F-4210308-13214-20230118,4210308,Major Vieira,SC,18/01/2023,13214,Chuvas Intensas,Registro,0.0,0.0,0.0,0,0,0,0
SC-F-4209102-13214-20230119,4209102,Joinville,SC,19/01/2023,13214,Chuvas Intensas,Registro,58069.44,52790.4,110859.84,0,0,0,0
SC-F-4205100-11332-20230119,4205100,Dona Emma,SC,19/01/2023,11332,Movimento de Massa,Registro,0.0,0.0,0.0,0,0,0,0
SC-F-4202438-12200-20230120,4202438,Bocaina Do Sul,SC,20/01/2023,12200,Enxurradas,Registro,158371.2,0.0,158371.2,0,0,0,0
SC-F-4202107-11321-20230120,4202107,Barra Velha,SC,20/01/2023,11321,Movimento de Massa,Registro,0.0,0.0,0.0,0,4,0,4
SC-F-4202008-13214-20230120,4202008,Balneário Camboriú,SC,20/01/2023,13214,Chuvas Intensas,Registro,0.0,0.0,0.0,0,0,0,0
PR-F-4105904-12300-20230122,4105904,Colorado,PR,22/01/2023,12300,Alagamentos,Registro,1445189.95,173680.41,1618870.3599999999,0,0,0,0
SC-F-4211256-13214-20230123,4211256,Morro Grande,SC,23/01/2023,13214,Chuvas Intensas,Registro,686275.18,10558.08,696833.26,0,0,0,0
SC-F-4202602-13214-20230125,4202602,Bom Retiro,SC,25/01/2023,13214,Chuvas Intensas,Registro,26395.2,0.0,26395.2,0,0,0,0
RS-F-4306767-13214-20230126,4306767,Eldorado Do Sul,RS,26/01/2023,13214,Chuvas Intensas,Registro,0.0,0.0,0.0,0,0,0,0
SC-F-4202909-13214-20230129,4202909,Brusque,SC,29/01/2023,13214,Chuvas Intensas,Registro,0.0,0.0,0.0,0,0,0,0
SC-F-4218806-13214-20230129,4218806,Turvo,SC,29/01/2023,13214,Chuvas Intensas,Reconhecido,6538618.76,100301.76,6638920.52,0,962,15,978
SC-F-4202008-13214-20230129,4202008,Balneário Camboriú,SC,29/01/2023,13214,Chuvas Intensas,Registro,0.0,0.0,0.0,0,0,0,0
SC-F-4205100-11331-20230129,4205100,Dona Emma,SC,29/01/2023,11331,Movimento de Massa,Registro,0.0,0.0,0.0,0,0,0,0
SC-F-4215703-13214-20230129,4215703,Santo Amaro Da Imperatriz,SC,29/01/2023,13214,Chuvas Intensas,Registro,0.0,0.0,0.0,0,0,0,0
SC-F-4204509-13214-20230201,4204509,Corupá,SC,01/02/2023,13214,Chuvas Intensas,Reconhecido,10907178.04,1848740.87,12755918.91,0,30,0,30
SC-F-4205100-12200-20230202,4205100,Dona Emma,SC,02/02/2023,12200,Enxurradas,Reconhecido,90653.91,165616.28,256270.19,0,217,0,217
SC-F-4202859-12200-20230202,4202859,Braço Do Trombudo,SC,02/02/2023,12200,Enxurradas,Registro,0.0,0.0,0.0,0,10,0,10
SC-F-4214102-12200-20230202,4214102,Presidente Nereu,SC,02/02/2023,12200,Enxurradas,Reconhecido,2027151.3,0.0,2027151.3,0,110,0,110
SC-F-4200200-12200-20230202,4200200,Agrolândia,SC,02/02/2023,12200,Enxurradas,Registro,1636502.35,158371.2,1794873.55,0,0,0,0
SC-F-4200606-13214-20230202,4200606,Águas Mornas,SC,02/02/2023,13214,Chuvas Intensas,Registro,0.0,0.0,0.0,0,0,0,0
SC-F-4214805-12300-20230202,4214805,Rio Do Sul,SC,02/02/2023,12300,Alagamentos,Registro,0.0,0.0,0.0,0,0,0,0
SC-F-4215703-13214-20230202,4215703,Santo Amaro Da Imperatriz,SC,02/02/2023,13214,Chuvas Intensas,Registro,0.0,0.0,0.0,0,0,0,0
SC-F-4202131-13214-20230203,4202131,Bela Vista Do Toldo,SC,03/02/2023,13214,Chuvas Intensas,Registro,105580.8,0.0,105580.8,0,0,0,0
SC-F-4211702-13214-20230208,4211702,Orleans,SC,08/02/2023,13214,Chuvas Intensas,Registro,270814.74,0.0,270814.74,0,0,0,0
SC-F-4202909-13214-20230209,4202909,Brusque,SC,09/02/2023,13214,Chuvas Intensas,Registro,0.0,0.0,0.0,0,0,0,0
SC-F-4209102-12200-20230210,4209102,Joinville,SC,10/02/2023,12200,Enxurradas,Registro,527903.99,527903.99,1055807.98,0,0,0,0
SC-F-4214805-12300-20230210,4214805,Rio Do Sul,SC,10/02/2023,12300,Alagamentos,Registro,0.0,0.0,0.0,0,0,0,0
RS-F-4306767-12300-20230214,4306767,Eldorado Do Sul,RS,14/02/2023,12300,Alagamentos,Registro,0.0,0.0,0.0,0,0,0,0
RS-F-4316907-12300-20230214,4316907,Santa Maria,RS,14/02/2023,12300,Alagamentos,Registro,0.0,0.0,0.0,0,0,0,0
SC-F-4217303-12200-20230214,4217303,Saudades,SC,14/02/2023,12200,Enxurradas,Registro,0.0,0.0,0.0,0,0,0,0
SC-F-4215802-13214-20230216,4215802,São Bento Do Sul,SC,16/02/2023,13214,Chuvas Intensas,Registro,0.0,0.0,0.0,0,0,0,0
SC-F-4215059-13214-20230217,4215059,Rio Rufino,SC,17/02/2023,13214,Chuvas Intensas,Registro,0.0,0.0,0.0,0,0,0,0
SC-F-4205456-13214-20230220,4205456,Forquilhinha,SC,20/02/2023,13214,Chuvas Intensas,Registro,612368.62,612368.62,1224737.24,0,0,0,0
SC-F-4218806-13214-20230220,4218806,Turvo,SC,20/02/2023,13214,Chuvas Intensas,Registro,4223.23,0.0,4223.23,0,1,0,1
SC-F-4211256-13214-20230220,4211256,Morro Grande,SC,20/02/2023,13214,Chuvas Intensas,Registro,316742.39,0.0,316742.39,0,0,0,0
SC-F-4207007-13214-20230221,4207007,Içara,SC,21/02/2023,13214,Chuvas Intensas,Registro,14781.31,10558.08,25339.39,0,0,0,0
PR-F-4127502-12300-20230222,4127502,Tibagi,PR,22/02/2023,12300,Alagamentos,Reconhecido,942942.1,942942.1,1885884.2,0,1,5,6
SC-F-4200804-12200-20230223,4200804,Anchieta,SC,23/02/2023,12200,Enxurradas,Registro,12141.79,10558.08,22699.870000000003,0,0,0,0
SC-F-4209151-13214-20230303,4209151,José Boiteux,SC,03/03/2023,13214,Chuvas Intensas,Registro,0.0,0.0,0.0,0,5,0,5
SC-F-4204509-13214-20230303,4204509,Corupá,SC,03/03/2023,13214,Chuvas Intensas,Registro,0.0,0.0,0.0,0,0,0,0
SC-F-4207502-13214-20230303,4207502,Indaial,SC,03/03/2023,13214,Chuvas Intensas,Registro,0.0,0.0,0.0,0,0,0,0
SC-F-4210100-13214-20230304,4210100,Mafra,SC,04/03/2023,13214,Chuvas Intensas,Registro,0.0,0.0,0.0,0,0,0,0
PR-F-4102406-12200-20230305,4102406,Bandeirantes,PR,05/03/2023,12200,Enxurradas,Reconhecido,10643504.51,2380846.97,13024351.48,0,700,150,850
SC-F-4202503-13214-20230305,4202503,Bom Jardim Da Serra,SC,05/03/2023,13214,Chuvas Intensas,Registro,293514.62,16892.93,310407.55,0,0,0,0
SC-F-4211256-13214-20230305,4211256,Morro Grande,SC,05/03/2023,13214,Chuvas Intensas,Reconhecido,976622.37,52790.4,1029412.77,0,0,0,0
RS-F-4309555-12200-20230305,4309555,Harmonia,RS,05/03/2023,12200,Enxurradas,Reconhecido,343353.0,20870.68,364223.68,0,14,0,14
SC-F-4209607-13214-20230306,4209607,Lauro Muller,SC,06/03/2023,13214,Chuvas Intensas,Registro,369532.79,0.0,369532.79,0,0,0,0
RS-F-4311775-12200-20230306,4311775,Maquiné,RS,06/03/2023,12200,Enxurradas,Reconhecido,405382.75,405382.75,810765.5,0,0,0,0
RS-F-4312443-12200-20230306,4312443,Morrinhos Do Sul,RS,06/03/2023,12200,Enxurradas,Reconhecido,2088018.63,2109134.79,4197153.42,0,0,0,0
SC-F-4207007-13214-20230306,4207007,Içara,SC,06/03/2023,13214,Chuvas Intensas,Registro,8446.46,8446.46,16892.92,0,0,0,0
SC-F-4218350-13214-20230306,4218350,Treviso,SC,06/03/2023,13214,Chuvas Intensas,Reconhecido,712094.97,181540.9,893635.87,0,0,0,0
RS-F-4306551-12200-20230306,4306551,Dom Pedro De Alcântara,RS,06/03/2023,12200,Enxurradas,Reconhecido,273982.17,273982.17,547964.34,0,0,0,0
RS-F-4321832-12200-20230306,4321832,Três Forquilhas,RS,06/03/2023,12200,Enxurradas,Reconhecido,1330154.9,198882.55,1529037.45,0,40,0,41
RS-F-4310652-12200-20230306,4310652,Itati,RS,06/03/2023,12200,Enxurradas,Reconhecido,2992159.79,2596231.8,5588391.59,0,208,0,208
SC-F-4211702-13214-20230306,4211702,Orleans,SC,06/03/2023,13214,Chuvas Intensas,Registro,5279.04,0.0,5279.04,0,0,0,0
SC-F-4203303-13214-20230306,4203303,Campo Alegre,SC,06/03/2023,13214,Chuvas Intensas,Registro,0.0,0.0,0.0,0,0,0,0
RS-F-4321667-13214-20230306,4321667,Três Cachoeiras,RS,06/03/2023,13214,Chuvas Intensas,Registro,0.0,12733.04,12733.04,0,0,0,0
SC-F-4215802-13214-20230306,4215802,São Bento Do Sul,SC,06/03/2023,13214,Chuvas Intensas,Reconhecido,3190620.06,0.0,3190620.06,0,69,0,69
SC-F-4213807-12200-20230306,4213807,Praia Grande,SC,06/03/2023,12200,Enxurradas,Registro,572247.92,0.0,572247.92,0,0,0,0
SC-F-4202602-13214-20230306,4202602,Bom Retiro,SC,06/03/2023,13214,Chuvas Intensas,Registro,84464.64,0.0,84464.64,0,0,0,0
SC-F-4210100-12300-20230307,4210100,Mafra,SC,07/03/2023,12300,Alagamentos,Registro,0.0,0.0,0.0,0,0,0,0
RS-F-4317608-12300-20230308,4317608,Santo Antônio Da Patrulha,RS,08/03/2023,12300,Alagamentos,Registro,0.0,0.0,0.0,0,0,0,0
SC-F-4213708-12200-20230308,4213708,Pouso Redondo,SC,08/03/2023,12200,Enxurradas,Registro,10558.08,0.0,10558.08,0,6,0,6
SC-F-4204004-13214-20230308,4204004,Catanduvas,SC,08/03/2023,13214,Chuvas Intensas,Registro,0.0,0.0,0.0,0,0,0,0
SC-F-4214805-12300-20230308,4214805,Rio Do Sul,SC,08/03/2023,12300,Alagamentos,Registro,0.0,0.0,0.0,0,0,0,0
SC-F-4215356-12200-20230309,4215356,Saltinho,SC,09/03/2023,12200,Enxurradas,Registro,0.0,0.0,0.0,0,0,0,0
SC-F-4215059-13214-20230309,4215059,Rio Rufino,SC,09/03/2023,13214,Chuvas Intensas,Registro,0.0,0.0,0.0,0,0,0,0
PR-F-4124004-12300-20230311,4124004,Santana Do Itararé,PR,11/03/2023,12300,Alagamentos,Registro,0.0,0.0,0.0,0,0,0,0
SC-F-4208203-12300-20230313,4208203,Itajaí,SC,13/03/2023,12300,Alagamentos,Registro,0.0,0.0,0.0,0,75,130,205
RS-F-4306551-12200-20230315,4306551,Dom Pedro De Alcântara,RS,15/03/2023,12200,Enxurradas,Registro,462971.8,0.0,462971.8,0,0,0,0
SC-F-4218103-12200-20230322,4218103,Timbé Do Sul,SC,22/03/2023,12200,Enxurradas,Reconhecido,2288334.19,310717.7,2599051.89,0,22,0,22
SC-F-4200606-13214-20230322,4200606,Águas Mornas,SC,22/03/2023,13214,Chuvas Intensas,Registro,0.0,0.0,0.0,0,0,0,0
SC-F-4206207-12200-20230322,4206207,Gravatal,SC,22/03/2023,12200,Enxurradas,Registro,1583711.96,0.0,1583711.96,0,0,0,0
SC-F-4210001-13214-20230322,4210001,Luiz Alves,SC,22/03/2023,13214,Chuvas Intensas,Registro,0.0,0.0,0.0,0,0,0,0
SC-F-4208302-13214-20230323,4208302,Itapema,SC,23/03/2023,13214,Chuvas Intensas,Reconhecido,6226977.76,1128699.9,7355677.66,0,50,80,130
SC-F-4216354-13214-20230323,4216354,São João Do Itaperiú,SC,23/03/2023,13214,Chuvas Intensas,Registro,0.0,6334.85,6334.85,0,0,0,0
SC-F-4202057-13214-20230323,4202057,Balneário Barra Do Sul,SC,23/03/2023,13214,Chuvas Intensas,Reconhecido,126158.33,202187.23,328345.56,0,564,0,564
SC-F-4201307-13214-20230323,4201307,Araquari,SC,23/03/2023,13214,Chuvas Intensas,Registro,170166.78,0.0,170166.78,0,58,0,58
SC-F-4202107-12200-20230323,4202107,Barra Velha,SC,23/03/2023,12200,Enxurradas,Registro,0.0,0.0,0.0,0,0,0,0
SC-F-4212809-12100-20230323,4212809,Balneário Piçarras,SC,23/03/2023,12100,Inundações,Registro,0.0,0.0,0.0,0,0,0,0
SC-F-4213500-13214-20230323,4213500,Porto Belo,SC,23/03/2023,13214,Chuvas Intensas,Registro,0.0,0.0,0.0,0,0,0,0
SC-F-4203253-12300-20230324,4203253,Capão Alto,SC,24/03/2023,12300,Alagamentos,Registro,0.0,0.0,0.0,0,0,0,0
SC-F-4201703-13214-20230329,4201703,Ascurra,SC,29/03/2023,13214,Chuvas Intensas,Registro,0.0,2111.62,2111.62,0,0,0,0
SC-F-4200606-12200-20230329,4200606,Águas Mornas,SC,29/03/2023,12200,Enxurradas,Registro,0.0,0.0,0.0,0,0,0,0
SC-F-4208450-13214-20230329,4208450,Itapoá,SC,29/03/2023,13214,Chuvas Intensas,Registro,0.0,0.0,0.0,0,0,0,0
SC-F-4202438-12200-20230405,4202438,Bocaina Do Sul,SC,05/04/2023,12200,Enxurradas,Registro,0.0,0.0,0.0,0,0,0,0
SC-F-4207908-13214-20230417,4207908,Irineópolis,SC,17/04/2023,13214,Chuvas Intensas,Registro,0.0,0.0,0.0,0,0,0,0
SC-F-4201703-13214-20230417,4201703,Ascurra,SC,17/04/2023,13214,Chuvas Intensas,Registro,0.0,0.0,0.0,0,0,0,0
SC-F-4210001-13214-20230417,4210001,Luiz Alves,SC,17/04/2023,13214,Chuvas Intensas,Registro,0.0,0.0,0.0,0,0,0,0
SC-F-4210100-13214-20230418,4210100,Mafra,SC,18/04/2023,13214,Chuvas Intensas,Registro,0.0,0.0,0.0,0,0,0,0
SC-F-4218301-13214-20230418,4218301,Três Barras,SC,18/04/2023,13214,Chuvas Intensas,Registro,0.0,0.0,0.0,0,0,0,0
SC-F-4215059-13214-20230503,4215059,Rio Rufino,SC,03/05/2023,13214,Chuvas Intensas,Registro,0.0,0.0,0.0,0,0,0,0
SC-F-4217303-11321-20230505,4217303,Saudades,SC,05/05/2023,11321,Movimento de Massa,Registro,0.0,0.0,0.0,0,0,0,0
SC-F-4209003-13214-20230506,4209003,Joaçaba,SC,06/05/2023,13214,Chuvas Intensas,Registro,0.0,0.0,0.0,0,7,5,12
SC-F-4215554-12200-20230523,4215554,Santa Helena,SC,23/05/2023,12200,Enxurradas,Registro,0.0,0.0,0.0,0,0,0,0
SC-F-4218301-13214-20230611,4218301,Três Barras,SC,11/06/2023,13214,Chuvas Intensas,Registro,407.75,0.0,407.75,0,0,0,0
SC-F-4202438-12200-20230614,4202438,Bocaina Do Sul,SC,14/06/2023,12200,Enxurradas,Registro,3167.42,0.0,3167.42,0,0,0,0
RS-F-4317608-13214-20230615,4317608,Santo Antônio Da Patrulha,RS,15/06/2023,13214,Chuvas Intensas,Reconhecido,4932523.68,1161388.77,6093912.449999999,0,1000,20,1020
RS-F-4304630-12200-20230615,4304630,Capão Da Canoa,RS,15/06/2023,12200,Enxurradas,Reconhecido,84464.64,538462.07,622926.71,0,30,0,30
RS-F-4309209-13214-20230615,4309209,Gravataí,RS,15/06/2023,13214,Chuvas Intensas,Reconhecido,18561104.13,739065.58,19300169.709999997,1,800,64,865
RS-F-4311775-12200-20230615,4311775,Maquiné,RS,15/06/2023,12200,Enxurradas,Reconhecido,8155293.05,5969770.55,14125063.6,3,1950,50,2003
RS-F-4314050-13214-20230615,4314050,Parobé,RS,15/06/2023,13214,Chuvas Intensas,Reconhecido,707391.34,475113.59,1182504.93,0,640,202,842
RS-F-4303103-13214-20230615,4303103,Cachoeirinha,RS,15/06/2023,13214,Chuvas Intensas,Reconhecido,527903.99,263951.99,791855.98,0,160,72,232
RS-F-4304713-12200-20230615,4304713,Caraá,RS,15/06/2023,12200,Enxurradas,Reconhecido,9069390.47,805581.48,9874971.950000001,3,2960,40,3007
SC-F-4213807-13214-20230615,4213807,Praia Grande,SC,15/06/2023,13214,Chuvas Intensas,Reconhecido,18057498.51,184766.39,18242264.900000002,0,150,67,217
RS-F-4303905-13214-20230615,4303905,Campo Bom,RS,15/06/2023,13214,Chuvas Intensas,Reconhecido,4497741.96,438160.31,4935902.27,0,904,96,1012
SC-F-4220000-12300-20230615,4220000,Balneário Rincão,SC,15/06/2023,12300,Alagamentos,Registro,0.0,0.0,0.0,0,0,2,2
RS-F-4311734-13214-20230615,4311734,Mampituba,RS,15/06/2023,13214,Chuvas Intensas,Reconhecido,633484.78,0.0,633484.78,0,120,0,120
RS-F-4312443-12200-20230615,4312443,Morrinhos Do Sul,RS,15/06/2023,12200,Enxurradas,Reconhecido,2270356.67,2228124.35,4498481.02,0,0,0,0
SC-F-4211256-13214-20230615,4211256,Morro Grande,SC,15/06/2023,13214,Chuvas Intensas,Registro,0.0,0.0,0.0,0,0,0,0
RS-F-4321436-13214-20230615,4321436,Terra De Areia,RS,15/06/2023,13214,Chuvas Intensas,Reconhecido,316742.39,316742.39,633484.78,0,0,0,0
RS-F-4319901-13214-20230615,4319901,Sapiranga,RS,15/06/2023,13214,Chuvas Intensas,Reconhecido,8340882.97,2111615.94,10452498.91,0,100,250,350
RS-F-4310108-13214-20230615,4310108,Igrejinha,RS,15/06/2023,13214,Chuvas Intensas,Reconhecido,3184105.68,1747362.19,4931467.87,0,130,30,160
RS-F-4309050-13214-20230615,4309050,Glorinha,RS,15/06/2023,13214,Chuvas Intensas,Reconhecido,1868780.11,1984918.99,3853699.1,0,15,0,15
RS-F-4321667-13214-20230615,4321667,Três Cachoeiras,RS,15/06/2023,13214,Chuvas Intensas,Reconhecido,2127453.06,358974.71,2486427.77,0,4,0,4
RS-F-4310652-12200-20230615,4310652,Itati,RS,15/06/2023,12200,Enxurradas,Reconhecido,11877839.67,10795636.5,22673476.17,0,560,56,616
RS-F-4306551-13214-20230615,4306551,Dom Pedro De Alcântara,RS,15/06/2023,13214,Chuvas Intensas,Reconhecido,115083.07,115083.07,230166.14,0,0,0,0
RS-F-4304606-12300-20230615,4304606,Canoas,RS,15/06/2023,12300,Alagamentos,Registro,0.0,684421.75,684421.75,0,8,41,49
SC-F-4207007-13214-20230615,4207007,Içara,SC,15/06/2023,13214,Chuvas Intensas,Registro,14253.41,10558.08,24811.489999999998,0,0,0,0
SC-F-4205456-12300-20230615,4205456,Forquilhinha,SC,15/06/2023,12300,Alagamentos,Registro,921720.36,63348.48,985068.84,0,5,0,5
RS-F-4313508-13214-20230615,4313508,Osório,RS,15/06/2023,13214,Chuvas Intensas,Reconhecido,2849741.03,484068.76,3333809.79,0,200,0,200
RS-F-4321832-13214-20230615,4321832,Três Forquilhas,RS,15/06/2023,13214,Chuvas Intensas,Reconhecido,3032491.65,390701.74,3423193.3899999997,0,640,0,640
RS-F-4301651-13214-20230615,4301651,Barão,RS,15/06/2023,13214,Chuvas Intensas,Registro,190045.43,52790.4,242835.83,0,0,0,0
SC-F-4215455-13214-20230615,4215455,Sangão,SC,15/06/2023,13214,Chuvas Intensas,Registro,1055.81,0.0,1055.81,0,0,0,0
RS-F-4307708-12200-20230615,4307708,Esteio,RS,15/06/2023,12200,Enxurradas,Reconhecido,20476867.69,1266969.57,21743837.26,1,5000,510,5511
SC-F-4216404-13214-20230615,4216404,São João Do Sul,SC,15/06/2023,13214,Chuvas Intensas,Reconhecido,1742083.15,0.0,1742083.15,0,20,0,20
RS-F-4321436-12200-20230615,4321436,Terra De Areia,RS,15/06/2023,12200,Enxurradas,Registro,844646.38,844646.38,1689292.76,0,0,0,0
RS-F-4304804-11321-20230615,4304804,Carlos Barbosa,RS,15/06/2023,11321,Movimento de Massa,Registro,0.0,0.0,0.0,0,0,0,0
RS-F-4314902-13214-20230615,4314902,Porto Alegre,RS,15/06/2023,13214,Chuvas Intensas,Registro,0.0,0.0,0.0,0,0,0,0
SC-F-4208450-13214-20230615,4208450,Itapoá,SC,15/06/2023,13214,Chuvas Intensas,Registro,0.0,0.0,0.0,0,0,0,0
SC-F-4208708-12200-20230615,4208708,Jacinto Machado,SC,15/06/2023,12200,Enxurradas,Registro,0.0,0.0,0.0,0,0,0,0
SC-F-4217709-13214-20230615,4217709,Sombrio,SC,15/06/2023,13214,Chuvas Intensas,Registro,0.0,0.0,0.0,0,0,0,0
SC-F-4218707-12300-20230615,4218707,Tubarão,SC,15/06/2023,12300,Alagamentos,Registro,0.0,0.0,0.0,0,0,0,0
RS-F-4318705-12300-20230616,4318705,São Leopoldo,RS,16/06/2023,12300,Alagamentos,Reconhecido,163566826.67,46214448.89,209781275.56,2,27500,1400,29502
RS-F-4323002-13214-20230616,4323002,Viamão,RS,16/06/2023,13214,Chuvas Intensas,Reconhecido,1309201.88,1082203.17,2391405.05,0,200,0,200
RS-F-4319505-12100-20230616,4319505,São Sebastião Do Caí,RS,16/06/2023,12100,Inundações,Reconhecido,0.0,211161.59,211161.59,0,0,190,190
RS-F-4316006-12200-20230616,4316006,Rolante,RS,16/06/2023,12200,Enxurradas,Reconhecido,9660642.92,31674.24,9692317.16,0,700,28,728
RS-F-4313201-12200-20230616,4313201,Nova Petrópolis,RS,16/06/2023,12200,Enxurradas,Reconhecido,739065.58,443439.35,1182504.93,0,0,0,0
RS-F-4312401-13214-20230616,4312401,Montenegro,RS,16/06/2023,13214,Chuvas Intensas,Reconhecido,16503862.3,739065.58,17242927.88,0,600,52,652
RS-F-4320008-13214-20230616,4320008,Sapucaia Do Sul,RS,16/06/2023,13214,Chuvas Intensas,Reconhecido,5949161.17,2344949.5,8294110.67,0,110,30,140
RS-F-4321204-12100-20230616,4321204,Taquara,RS,16/06/2023,12100,Inundações,Reconhecido,7439222.96,21116.16,7460339.12,0,6599,161,6760
RS-F-4313409-12100-20230616,4313409,Novo Hamburgo,RS,16/06/2023,12100,Inundações,Reconhecido,86740680.93,7396711.91,94137392.84,1,2500,454,2955
RS-F-4322541-12200-20230616,4322541,Vale Real,RS,16/06/2023,12200,Enxurradas,Reconhecido,2021756.13,545324.82,2567080.9499999997,0,8,0,8
RS-F-4300877-13214-20230616,4300877,Araricá,RS,16/06/2023,13214,Chuvas Intensas,Reconhecido,4328812.68,2238312.9,6567125.58,0,280,0,280
RS-F-4311627-13214-20230616,4311627,Lindolfo Collor,RS,16/06/2023,13214,Chuvas Intensas,Reconhecido,3273004.71,1668176.59,4941181.3,0,850,150,1003
RS-F-4314159-13214-20230616,4314159,Paverama,RS,16/06/2023,13214,Chuvas Intensas,Reconhecido,633484.78,0.0,633484.78,0,0,0,0
RS-F-4315750-13214-20230616,4315750,Riozinho,RS,16/06/2023,13214,Chuvas Intensas,Reconhecido,1034691.81,897436.78,1932128.59,0,0,48,48
RS-F-4314035-12200-20230616,4314035,Pareci Novo,RS,16/06/2023,12200,Enxurradas,Reconhecido,0.0,695859.81,695859.81,0,10,3,13
RS-F-4314423-12200-20230616,4314423,Picada Café,RS,16/06/2023,12200,Enxurradas,Reconhecido,1432731.42,121629.08,1554360.5,0,150,0,160
RS-F-4308102-12200-20230616,4308102,Feliz,RS,16/06/2023,12200,Enxurradas,Reconhecido,5490201.45,527903.99,6018105.44,0,16,0,16
RS-F-4319752-12200-20230616,4319752,São Vendelino,RS,16/06/2023,12200,Enxurradas,Reconhecido,527903.99,316742.39,844646.38,0,0,0,0
RS-F-4315149-12200-20230616,4315149,Presidente Lucena,RS,16/06/2023,12200,Enxurradas,Reconhecido,105580.8,52790.4,158371.2,0,0,0,0
RS-F-4302352-12200-20230616,4302352,Bom Princípio,RS,16/06/2023,12200,Enxurradas,Reconhecido,950227.17,253393.91,1203621.08,0,2,0,2
RS-F-4310363-12200-20230616,4310363,Imigrante,RS,16/06/2023,12200,Enxurradas,Reconhecido,1188030.39,1188030.39,2376060.78,0,0,0,0
RS-F-4322608-12200-20230616,4322608,Venâncio Aires,RS,16/06/2023,12200,Enxurradas,Reconhecido,0.0,64139.12,64139.12,0,22,0,22
RS-F-4309100-12200-20230616,4309100,Gramado,RS,16/06/2023,12200,Enxurradas,Reconhecido,0.0,0.0,0.0,0,8,0,8
RS-F-4314803-12100-20230616,4314803,Portão,RS,16/06/2023,12100,Inundações,Reconhecido,1087482.21,158371.2,1245853.41,0,70,83,153
RS-F-4309555-12200-20230616,4309555,Harmonia,RS,16/06/2023,12200,Enxurradas,Reconhecido,80505.15,22540.34,103045.48999999999,0,16,0,16
RS-F-4322251-12200-20230616,4322251,Tupandi,RS,16/06/2023,12200,Enxurradas,Reconhecido,0.0,0.0,0.0,0,0,7,7
RS-F-4310801-13214-20230616,4310801,Ivoti,RS,16/06/2023,13214,Chuvas Intensas,Reconhecido,714155.27,348528.97,1062684.24,0,53,3,60
RS-F-4313060-13214-20230616,4313060,Nova Hartz,RS,16/06/2023,13214,Chuvas Intensas,Reconhecido,263951.99,211161.59,475113.57999999996,0,8,0,8
RS-F-4318614-12100-20230616,4318614,São José Do Sul,RS,16/06/2023,12100,Inundações,Reconhecido,1379941.02,0.0,1379941.02,0,8,0,8
RS-F-4311791-12200-20230616,4311791,Maratá,RS,16/06/2023,12200,Enxurradas,Reconhecido,0.0,0.0,0.0,0,16,0,16
RS-F-4318481-12300-20230616,4318481,São José Do Hortêncio,RS,16/06/2023,12300,Alagamentos,Reconhecido,2111615.94,97134.33,2208750.27,0,170,0,170
RS-F-4316956-12200-20230616,4316956,Santa Maria Do Herval,RS,16/06/2023,12200,Enxurradas,Reconhecido,0.0,0.0,0.0,0,14,0,14
RS-F-4306403-13214-20230616,4306403,Dois Irmãos,RS,16/06/2023,13214,Chuvas Intensas,Reconhecido,15704087.76,5564771.59,21268859.35,0,350,1,351
RS-F-4321451-13214-20230616,4321451,Teutônia,RS,16/06/2023,13214,Chuvas Intensas,Reconhecido,0.0,0.0,0.0,0,120,0,120
RS-F-4300570-12200-20230616,4300570,Alto Feliz,RS,16/06/2023,12200,Enxurradas,Reconhecido,31674.24,337858.55,369532.79,0,0,1,1
RS-F-4306767-13214-20230616,4306767,Eldorado Do Sul,RS,16/06/2023,13214,Chuvas Intensas,Registro,0.0,0.0,0.0,0,0,0,0
RS-F-4305587-11340-20230617,4305587,Colinas,RS,17/06/2023,11340,Movimento de Massa,Reconhecido,263951.99,0.0,263951.99,0,0,0,0
RS-F-4310363-11340-20230617,4310363,Imigrante,RS,17/06/2023,11340,Movimento de Massa,Registro,0.0,0.0,0.0,0,0,0,0
RS-F-4312476-11321-20230619,4312476,Morro Reuter,RS,19/06/2023,11321,Movimento de Massa,Reconhecido,0.0,0.0,0.0,0,0,0,0
RS-F-4302659-12100-20230619,4302659,Brochier,RS,19/06/2023,12100,Inundações,Reconhecido,0.0,0.0,0.0,0,16,0,16
RS-F-4311908-12200-20230623,4311908,Marcelino Ramos,RS,23/06/2023,12200,Enxurradas,Registro,3758.68,3547.51,7306.1900000000005,0,0,0,0
SC-F-4216008-13214-20230623,4216008,São Carlos,SC,23/06/2023,13214,Chuvas Intensas,Registro,36953.28,0.0,36953.28,0,0,0,0
SC-F-4201109-13214-20230628,4201109,Anitápolis,SC,28/06/2023,13214,Chuvas Intensas,Registro,13588248.59,895325.16,14483573.75,0,45,0,45
SC-F-4218103-13214-20230708,4218103,Timbé Do Sul,SC,08/07/2023,13214,Chuvas Intensas,Registro,0.0,0.0,0.0,0,0,0,0
SC-F-4215059-13214-20230708,4215059,Rio Rufino,SC,08/07/2023,13214,Chuvas Intensas,Registro,0.0,0.0,0.0,0,0,0,0
SC-F-4202438-12300-20230710,4202438,Bocaina Do Sul,SC,10/07/2023,12300,Alagamentos,Registro,3167.42,211.16,3378.58,0,0,0,0
SC-F-4201703-13214-20230711,4201703,Ascurra,SC,11/07/2023,13214,Chuvas Intensas,Registro,0.0,0.0,0.0,0,9,0,9
SC-F-4203501-13214-20230711,4203501,Campo Erê,SC,11/07/2023,13214,Chuvas Intensas,Registro,263951.99,153092.16,417044.15,0,0,0,0
PR-F-4102901-12100-20230711,4102901,Bituruna,PR,11/07/2023,12100,Inundações,Reconhecido,86998.58,3167.42,90166.0,0,32,0,32
SC-F-4208609-12200-20230711,4208609,Jaborá,SC,11/07/2023,12200,Enxurradas,Registro,212217.4,10558.08,222775.47999999998,0,0,0,0
SC-F-4206900-11321-20230711,4206900,Ibirama,SC,11/07/2023,11321,Movimento de Massa,Registro,31674.24,0.0,31674.24,0,0,0,0
SC-F-4206702-13214-20230711,4206702,Herval D`Oeste,SC,11/07/2023,13214,Chuvas Intensas,Registro,1762.35,0.0,1762.35,0,0,0,0
SC-F-4209458-13214-20230711,4209458,Lajeado Grande,SC,11/07/2023,13214,Chuvas Intensas,Registro,0.0,31674.24,31674.24,0,0,0,0
SC-F-4202099-12100-20230711,4202099,Barra Bonita,SC,11/07/2023,12100,Inundações,Registro,1.06,0.0,1.06,0,0,0,0
SC-F-4202131-12200-20230711,4202131,Bela Vista Do Toldo,SC,11/07/2023,12200,Enxurradas,Registro,0.0,0.0,0.0,0,0,0,0
SC-F-4205100-12100-20230711,4205100,Dona Emma,SC,11/07/2023,12100,Inundações,Registro,0.0,0.0,0.0,0,0,0,0
SC-F-4205357-13214-20230711,4205357,Flor Do Sertão,SC,11/07/2023,13214,Chuvas Intensas,Registro,0.0,0.0,0.0,0,0,0,0
SC-F-4217907-12200-20230711,4217907,Tangará,SC,11/07/2023,12200,Enxurradas,Registro,0.0,0.0,0.0,0,0,0,0
SC-F-4218855-12200-20230711,4218855,União Do Oeste,SC,11/07/2023,12200,Enxurradas,Registro,0.0,0.0,0.0,0,0,0,0
RS-F-4305207-13214-20230712,4305207,Cerro Largo,RS,12/07/2023,13214,Chuvas Intensas,Registro,85520.45,0.0,85520.45,0,0,0,0
RS-F-4314068-13214-20230712,4314068,Passa Sete,RS,12/07/2023,13214,Chuvas Intensas,Reconhecido,398039.61,0.0,398039.61,0,0,0,0
SC-F-4202602-13214-20230712,4202602,Bom Retiro,SC,12/07/2023,13214,Chuvas Intensas,Registro,348416.63,0.0,348416.63,0,0,0,0
RS-F-4314076-12200-20230712,4314076,Passo Do Sobrado,RS,12/07/2023,12200,Enxurradas,Registro,422323.19,422323.19,844646.38,0,0,0,0
RS-F-4312658-12200-20230712,4312658,Não-Me-Toque,RS,12/07/2023,12200,Enxurradas,Reconhecido,3734657.92,3918551.9,7653209.82,0,0,0,0
RS-F-4306767-13214-20230712,4306767,Eldorado Do Sul,RS,12/07/2023,13214,Chuvas Intensas,Registro,0.0,0.0,0.0,0,0,0,0
SC-F-4204558-12300-20230712,4204558,Correia Pinto,SC,12/07/2023,12300,Alagamentos,Registro,105580.8,105580.8,211161.6,0,0,0,0
SC-F-4201901-13214-20230712,4201901,Aurora,SC,12/07/2023,13214,Chuvas Intensas,Reconhecido,2196080.58,633484.78,2829565.3600000003,0,2,0,2
SC-F-4216800-13214-20230712,4216800,São José Do Cerrito,SC,12/07/2023,13214,Chuvas Intensas,Registro,0.0,0.0,0.0,0,0,0,0
SC-F-4219408-12200-20230712,4219408,Witmarsum,SC,12/07/2023,12200,Enxurradas,Registro,105580.8,5279.04,110859.84,0,30,0,31
RS-F-4311403-12100-20230712,4311403,Lajeado,RS,12/07/2023,12100,Inundações,Registro,0.0,0.0,0.0,1,50,135,186
RS-F-4309753-13214-20230712,4309753,Ibarama,RS,12/07/2023,13214,Chuvas Intensas,Registro,42232.32,0.0,42232.32,0,0,0,0
RS-F-4313102-13214-20230712,4313102,Nova Palma,RS,12/07/2023,13214,Chuvas Intensas,Registro,0.0,0.0,0.0,0,0,0,0
RS-F-4316907-12300-20230712,4316907,Santa Maria,RS,12/07/2023,12300,Alagamentos,Registro,0.0,0.0,0.0,0,0,0,0
SC-F-4200804-12200-20230712,4200804,Anchieta,SC,12/07/2023,12200,Enxurradas,Registro,0.0,0.0,0.0,0,0,0,0
SC-F-4203808-12200-20230712,4203808,Canoinhas,SC,12/07/2023,12200,Enxurradas,Registro,0.0,0.0,0.0,0,0,0,0
SC-F-4207908-13214-20230712,4207908,Irineópolis,SC,12/07/2023,13214,Chuvas Intensas,Registro,0.0,0.0,0.0,0,0,0,0
SC-F-4210308-13214-20230712,4210308,Major Vieira,SC,12/07/2023,13214,Chuvas Intensas,Registro,0.0,0.0,0.0,0,0,0,0
SC-F-4217709-13214-20230712,4217709,Sombrio,SC,12/07/2023,13214,Chuvas Intensas,Registro,0.0,0.0,0.0,0,0,0,0
SC-F-4218509-13214-20230712,4218509,Treze Tílias,SC,12/07/2023,13214,Chuvas Intensas,Registro,0.0,0.0,0.0,0,0,0,0
SC-F-4219002-11321-20230712,4219002,Urussanga,SC,12/07/2023,11321,Movimento de Massa,Registro,0.0,0.0,0.0,0,0,0,0
SC-F-4213807-13214-20230713,4213807,Praia Grande,SC,13/07/2023,13214,Chuvas Intensas,Registro,313838.92,2639.52,316478.44,0,5,0,5
SC-F-4218905-13214-20230713,4218905,Urubici,SC,13/07/2023,13214,Chuvas Intensas,Registro,989147.28,0.0,989147.28,0,6,0,6
SC-F-4214805-12100-20230713,4214805,Rio Do Sul,SC,13/07/2023,12100,Inundações,Registro,0.0,0.0,0.0,0,0,9,9
SC-F-4203253-12300-20230713,4203253,Capão Alto,SC,13/07/2023,12300,Alagamentos,Registro,0.0,117.19,117.19,0,0,0,0
SC-F-4215075-12200-20230713,4215075,Riqueza,SC,13/07/2023,12200,Enxurradas,Registro,0.0,0.0,0.0,0,0,0,0
RS-F-4321204-12100-20230714,4321204,Taquara,RS,14/07/2023,12100,Inundações,Registro,6935602.56,57013.63,6992616.1899999995,0,0,0,0
RS-F-4304713-12100-20230714,4304713,Caraá,RS,14/07/2023,12100,Inundações,Registro,0.0,0.0,0.0,0,0,0,0
SC-F-4210100-13214-20230714,4210100,Mafra,SC,14/07/2023,13214,Chuvas Intensas,Registro,0.0,0.0,0.0,0,0,0,0
RS-F-4300109-11321-20230720,4300109,Agudo,RS,20/07/2023,11321,Movimento de Massa,Registro,0.0,0.0,0.0,0,10,10,20
RS-F-4311403-11321-20230724,4311403,Lajeado,RS,24/07/2023,11321,Movimento de Massa,Registro,0.0,0.0,0.0,0,0,0,0
RS-F-4318002-12100-20230724,4318002,São Borja,RS,24/07/2023,12100,Inundações,Registro,0.0,0.0,0.0,0,0,0,0
SC-F-4218301-13214-20230808,4218301,Três Barras,SC,08/08/2023,13214,Chuvas Intensas,Registro,0.0,0.0,0.0,0,0,0,0
RS-F-4306908-13214-20230811,4306908,Encruzilhada Do Sul,RS,11/08/2023,13214,Chuvas Intensas,Registro,0.0,0.0,0.0,0,0,0,0
RS-F-4311403-12200-20230811,4311403,Lajeado,RS,11/08/2023,12200,Enxurradas,Registro,0.0,0.0,0.0,0,0,0,0
SC-F-4202099-12100-20230811,4202099,Barra Bonita,SC,11/08/2023,12100,Inundações,Registro,0.0,0.0,0.0,0,0,0,0
SC-F-4203501-13214-20230812,4203501,Campo Erê,SC,12/08/2023,13214,Chuvas Intensas,Registro,253393.91,184766.39,438160.30000000005,0,0,0,0
SC-F-4219408-11321-20230819,4219408,Witmarsum,SC,19/08/2023,11321,Movimento de Massa,Registro,5279.04,5279.04,10558.08,0,0,0,0
SC-F-4218301-13214-20230824,4218301,Três Barras,SC,24/08/2023,13214,Chuvas Intensas,Registro,292.51,0.0,292.51,0,0,0,0
RS-F-4308250-13214-20230901,4308250,Floriano Peixoto,RS,01/09/2023,13214,Chuvas Intensas,Registro,0.0,0.0,0.0,0,0,0,0
RS-F-4312450-13214-20230901,4312450,Morro Redondo,RS,01/09/2023,13214,Chuvas Intensas,Registro,1266969.57,0.0,1266969.57,0,0,0,0
RS-F-4303004-13214-20230902,4303004,Cachoeira Do Sul,RS,02/09/2023,13214,Chuvas Intensas,Reconhecido,719797.08,1164736.12,1884533.2000000002,1,393,73,469
RS-F-4300703-13214-20230902,4300703,Anta Gorda,RS,02/09/2023,13214,Chuvas Intensas,Reconhecido,6377080.14,4223.23,6381303.37,0,10,0,10
RS-F-4305975-13214-20230902,4305975,Coxilha,RS,02/09/2023,13214,Chuvas Intensas,Reconhecido,146179.25,146179.25,292358.5,0,0,0,0
RS-F-4310876-13214-20230902,4310876,Jacuizinho,RS,02/09/2023,13214,Chuvas Intensas,Reconhecido,221719.67,2111.62,223831.29,0,20,0,20
RS-F-4313409-13214-20230902,4313409,Novo Hamburgo,RS,02/09/2023,13214,Chuvas Intensas,Reconhecido,0.0,0.0,0.0,0,6,9,15
RS-F-4313706-12200-20230903,4313706,Palmeira Das Missões,RS,03/09/2023,12200,Enxurradas,Registro,2144410.61,78549.47,2222960.08,0,28,0,28
RS-F-4303103-13214-20230903,4303103,Cachoeirinha,RS,03/09/2023,13214,Chuvas Intensas,Reconhecido,844646.38,422323.19,1266969.57,0,228,92,320
RS-F-4306304-13214-20230903,4306304,David Canabarro,RS,03/09/2023,13214,Chuvas Intensas,Reconhecido,4265253.04,7390.66,4272643.7,0,0,0,0
RS-F-4316428-13214-20230903,4316428,Sagrada Família,RS,03/09/2023,13214,Chuvas Intensas,Reconhecido,31674.24,0.0,31674.24,0,0,0,0
RS-F-4322558-13214-20230903,4322558,Vanini,RS,03/09/2023,13214,Chuvas Intensas,Reconhecido,0.0,0.0,0.0,0,0,0,0
RS-F-4312625-13214-20230903,4312625,Muliterno,RS,03/09/2023,13214,Chuvas Intensas,Reconhecido,281920.79,17968.8,299889.58999999997,0,0,0,0
RS-F-4318408-13214-20230903,4318408,São Jerônimo,RS,03/09/2023,13214,Chuvas Intensas,Reconhecido,27451.01,10452.5,37903.509999999995,0,890,63,953
RS-F-4302105-12100-20230903,4302105,Bento Gonçalves,RS,03/09/2023,12100,Inundações,Reconhecido,58297685.24,58153.9,58355839.14,0,0,0,0
RS-F-4309209-13214-20230903,4309209,Gravataí,RS,03/09/2023,13214,Chuvas Intensas,Reconhecido,0.0,0.0,0.0,0,56,45,101
RS-F-4311254-13214-20230903,4311254,Lagoão,RS,03/09/2023,13214,Chuvas Intensas,Reconhecido,79185.6,0.0,79185.6,0,0,0,0
RS-F-4308805-13214-20230903,4308805,General Câmara,RS,03/09/2023,13214,Chuvas Intensas,Reconhecido,1266969.57,0.0,1266969.57,0,172,104,276
RS-F-4307500-13214-20230903,4307500,Espumoso,RS,03/09/2023,13214,Chuvas Intensas,Reconhecido,527903.99,105580.8,633484.79,0,100,0,100
RS-F-4308805-12100-20230903,4308805,General Câmara,RS,03/09/2023,12100,Inundações,Registro,0.0,0.0,0.0,0,0,0,0
RS-F-4305108-13214-20230903,4305108,Caxias Do Sul,RS,03/09/2023,13214,Chuvas Intensas,Registro,75272.77,0.0,75272.77,0,0,0,0
RS-F-4317954-12200-20230903,4317954,Santo Expedito Do Sul,RS,03/09/2023,12200,Enxurradas,Registro,1055.81,0.0,1055.81,0,0,0,0
RS-F-4303202-12200-20230903,4303202,Cacique Doble,RS,03/09/2023,12200,Enxurradas,Registro,0.0,0.0,0.0,0,0,0,0
RS-F-4313706-13214-20230903,4313706,Palmeira Das Missões,RS,03/09/2023,13214,Chuvas Intensas,Reconhecido,0.0,0.0,0.0,0,0,0,0
RS-F-4311809-13214-20230904,4311809,Marau,RS,04/09/2023,13214,Chuvas Intensas,Reconhecido,2164406.34,129864.38,2294270.7199999997,0,300,20,320
RS-F-4306809-13214-20230904,4306809,Encantado,RS,04/09/2023,13214,Chuvas Intensas,Reconhecido,48683305.54,2808449.2,51491754.74,1,1395,509,1905
RS-F-4312906-12300-20230904,4312906,Nova Bassano,RS,04/09/2023,12300,Alagamentos,Reconhecido,35674463.25,13476100.66,49150563.91,0,320,30,350
RS-F-4309902-12200-20230904,4309902,Ibiraiaras,RS,04/09/2023,12200,Enxurradas,Reconhecido,797135.02,31674.24,828809.26,2,0,0,2
RS-F-4314001-12200-20230904,4314001,Paraí,RS,04/09/2023,12200,Enxurradas,Reconhecido,1161388.77,111387.74,1272776.51,0,25,0,25
RS-F-4320503-13214-20230904,4320503,Sertão,RS,04/09/2023,13214,Chuvas Intensas,Reconhecido,578582.77,0.0,578582.77,0,4,0,4
RS-F-4310439-13214-20230904,4310439,Ipê,RS,04/09/2023,13214,Chuvas Intensas,Reconhecido,263951.99,95022.72,358974.70999999996,0,3,0,4
RS-F-4302006-12200-20230904,4302006,Barros Cassal,RS,04/09/2023,12200,Enxurradas,Reconhecido,3498262.38,3498262.38,6996524.76,0,0,0,0
RS-F-4323408-13214-20230904,4323408,Vila Maria,RS,04/09/2023,13214,Chuvas Intensas,Reconhecido,1601365.07,116899.06,1718264.1300000001,0,26,0,27
RS-F-4305504-13214-20230904,4305504,Ciríaco,RS,04/09/2023,13214,Chuvas Intensas,Reconhecido,52790.4,0.0,52790.4,0,2,0,2
RS-F-4313300-12200-20230904,4313300,Nova Prata,RS,04/09/2023,12200,Enxurradas,Reconhecido,1689292.75,0.0,1689292.75,0,3,0,3
RS-F-4305959-12200-20230904,4305959,Cotiporã,RS,04/09/2023,12200,Enxurradas,Reconhecido,5595782.25,10558.08,5606340.33,0,3,6,9
RS-F-4312807-12200-20230904,4312807,Nova Araçá,RS,04/09/2023,12200,Enxurradas,Reconhecido,0.0,84464.64,84464.64,0,300,0,300
RS-F-4304101-13214-20230904,4304101,Campos Borges,RS,04/09/2023,13214,Chuvas Intensas,Reconhecido,3072401.2,0.0,3072401.2,0,5,0,5
RS-F-4313359-12200-20230904,4313359,Nova Roma Do Sul,RS,04/09/2023,12200,Enxurradas,Reconhecido,15942700.36,50678.78,15993379.139999999,0,2,0,2
RS-F-4306205-13214-20230904,4306205,Cruzeiro Do Sul,RS,04/09/2023,13214,Chuvas Intensas,Reconhecido,126646277.73,3159083.03,129805360.76,4,2853,383,3252
RS-F-4303558-13214-20230904,4303558,Camargo,RS,04/09/2023,13214,Chuvas Intensas,Reconhecido,29290.48,0.0,29290.48,0,0,0,0
RS-F-4318051-13214-20230904,4318051,São Domingos Do Sul,RS,04/09/2023,13214,Chuvas Intensas,Reconhecido,805581.48,53793.42,859374.9,0,11,0,11
RS-F-4318440-12200-20230904,4318440,São Jorge,RS,04/09/2023,12200,Enxurradas,Reconhecido,2528660.09,105580.8,2634240.8899999997,0,60,0,60
RS-F-4318457-13214-20230904,4318457,São José Das Missões,RS,04/09/2023,13214,Chuvas Intensas,Reconhecido,0.0,11085.98,11085.98,0,0,0,0
RS-F-4319711-13214-20230904,4319711,São Valentim Do Sul,RS,04/09/2023,13214,Chuvas Intensas,Reconhecido,1562595.8,160905.13,1723500.9300000002,0,21,0,21
RS-F-4317558-13214-20230904,4317558,Santo Antônio Do Palma,RS,04/09/2023,13214,Chuvas Intensas,Reconhecido,116561.2,1934979.27,2051540.47,0,5,0,5
RS-F-4315172-12200-20230904,4315172,Protásio Alves,RS,04/09/2023,12200,Enxurradas,Reconhecido,1161388.77,174208.32,1335597.09,0,30,0,30
RS-F-4312757-13214-20230904,4312757,Nova Alvorada,RS,04/09/2023,13214,Chuvas Intensas,Reconhecido,219608.06,0.0,219608.06,0,0,0,0
RS-F-4305587-13214-20230904,4305587,Colinas,RS,04/09/2023,13214,Chuvas Intensas,Reconhecido,3494724.38,272398.46,3767122.84,0,311,6,347
RS-F-4308854-13214-20230904,4308854,Gentil,RS,04/09/2023,13214,Chuvas Intensas,Registro,1182504.93,36953.28,1219458.21,0,0,0,0
RS-F-4318705-13214-20230904,4318705,São Leopoldo,RS,04/09/2023,13214,Chuvas Intensas,Reconhecido,0.0,0.0,0.0,0,35,37,72
RS-F-4312138-13214-20230904,4312138,Mato Castelhano,RS,04/09/2023,13214,Chuvas Intensas,Reconhecido,0.0,0.0,0.0,1,0,0,1
RS-F-4310579-12200-20230904,4310579,Itapuca,RS,04/09/2023,12200,Enxurradas,Reconhecido,178792.84,178792.84,357585.68,0,0,0,0
RS-F-4317509-12300-20230904,4317509,Santo Ângelo,RS,04/09/2023,12300,Alagamentos,Reconhecido,0.0,0.0,0.0,0,0,0,0
RS-F-4314100-13214-20230904,4314100,Passo Fundo,RS,04/09/2023,13214,Chuvas Intensas,Reconhecido,263951.99,113196.9,377148.89,0,0,0,0
RS-F-4322608-13214-20230904,4322608,Venâncio Aires,RS,04/09/2023,13214,Chuvas Intensas,Reconhecido,0.0,0.0,0.0,0,1850,120,1975
RS-F-4302402-13214-20230904,4302402,Bom Retiro Do Sul,RS,04/09/2023,13214,Chuvas Intensas,Reconhecido,17377965.72,3663653.66,21041619.38,0,509,182,919
RS-F-4304903-13214-20230904,4304903,Casca,RS,04/09/2023,13214,Chuvas Intensas,Reconhecido,1510149.21,178009.22,1688158.43,0,75,0,75
RS-F-4302303-13214-20230904,4302303,Bom Jesus,RS,04/09/2023,13214,Chuvas Intensas,Reconhecido,2850681.52,39064.89,2889746.41,0,0,0,0
SC-F-4207007-13214-20230904,4207007,Içara,SC,04/09/2023,13214,Chuvas Intensas,Registro,12669.7,10558.08,23227.78,0,0,0,0
RS-F-4304606-12300-20230904,4304606,Canoas,RS,04/09/2023,12300,Alagamentos,Registro,0.0,0.0,0.0,0,10,0,10
RS-F-4317251-13214-20230904,4317251,Santa Tereza,RS,04/09/2023,13214,Chuvas Intensas,Reconhecido,30597315.0,873153.19,31470468.19,0,322,120,444
RS-F-4303673-13214-20230904,4303673,Campestre Da Serra,RS,04/09/2023,13214,Chuvas Intensas,Reconhecido,531071.41,527903.99,1058975.4,0,0,0,0
SC-F-4218301-13214-20230904,4218301,Três Barras,SC,04/09/2023,13214,Chuvas Intensas,Registro,5557.76,0.0,5557.76,0,0,0,0
RS-F-4306759-13214-20230904,4306759,Doutor Ricardo,RS,04/09/2023,13214,Chuvas Intensas,Reconhecido,506787.83,48567.17,555355.0,0,19,0,19
RS-F-4320404-13214-20230904,4320404,Serafina Corrêa,RS,04/09/2023,13214,Chuvas Intensas,Reconhecido,4064860.69,3906489.49,7971350.18,0,100,0,100
RS-F-4311403-13214-20230904,4311403,Lajeado,RS,04/09/2023,13214,Chuvas Intensas,Reconhecido,131448092.38,24811487.32,156259579.7,0,3390,870,4262
RS-F-4300661-13214-20230904,4300661,André Da Rocha,RS,04/09/2023,13214,Chuvas Intensas,Reconhecido,105580.8,0.0,105580.8,0,10,0,10
RS-F-4311106-13214-20230904,4311106,Jaguari,RS,04/09/2023,13214,Chuvas Intensas,Reconhecido,36953.28,0.0,36953.28,0,15,0,15
RS-F-4304200-13214-20230904,4304200,Candelária,RS,04/09/2023,13214,Chuvas Intensas,Reconhecido,21116.16,0.0,21116.16,0,0,20,20
SC-F-4206900-13214-20230904,4206900,Ibirama,SC,04/09/2023,13214,Chuvas Intensas,Registro,15837.12,0.0,15837.12,0,3,0,3
SC-F-4202008-13214-20230904,4202008,Balneário Camboriú,SC,04/09/2023,13214,Chuvas Intensas,Registro,0.0,0.0,0.0,0,2,0,4
RS-F-4305108-13214-20230904,4305108,Caxias Do Sul,RS,04/09/2023,13214,Chuvas Intensas,Reconhecido,1.06,0.0,1.06,0,0,0,0
RS-F-4300877-13214-20230904,4300877,Araricá,RS,04/09/2023,13214,Chuvas Intensas,Registro,0.0,0.0,0.0,0,0,0,0
RS-F-4304804-12200-20230904,4304804,Carlos Barbosa,RS,04/09/2023,12200,Enxurradas,Registro,0.0,0.0,0.0,0,0,0,0
RS-F-4305108-11332-20230904,4305108,Caxias Do Sul,RS,04/09/2023,11332,Movimento de Massa,Registro,0.0,0.0,0.0,0,0,0,0
RS-F-4307906-13214-20230904,4307906,Farroupilha,RS,04/09/2023,13214,Chuvas Intensas,Reconhecido,0.0,0.0,0.0,0,0,0,0
RS-F-4309100-12200-20230904,4309100,Gramado,RS,04/09/2023,12200,Enxurradas,Registro,0.0,0.0,0.0,0,0,0,0
RS-F-4315800-13214-20230904,4315800,Roca Sales,RS,04/09/2023,13214,Chuvas Intensas,Reconhecido,0.0,0.0,0.0,0,0,0,0
RS-F-4316907-12300-20230904,4316907,Santa Maria,RS,04/09/2023,12300,Alagamentos,Reconhecido,0.0,0.0,0.0,0,0,0,0
RS-F-4319000-13214-20230904,4319000,São Marcos,RS,04/09/2023,13214,Chuvas Intensas,Registro,0.0,0.0,0.0,0,0,0,0
RS-F-4309407-13214-20230905,4309407,Guaporé,RS,05/09/2023,13214,Chuvas Intensas,Reconhecido,3061843.12,4434.39,3066277.5100000002,0,0,0,0
RS-F-4301008-13214-20230905,4301008,Arroio Do Meio,RS,05/09/2023,13214,Chuvas Intensas,Reconhecido,35609235.44,2174964.42,37784199.86,0,7000,600,7631
RS-F-4312401-13214-20230905,4312401,Montenegro,RS,05/09/2023,13214,Chuvas Intensas,Reconhecido,0.0,0.0,0.0,0,600,40,640
RS-F-4321204-12100-20230905,4321204,Taquara,RS,05/09/2023,12100,Inundações,Registro,6935602.56,0.0,6935602.56,0,80,39,119
RS-F-4310363-13214-20230905,4310363,Imigrante,RS,05/09/2023,13214,Chuvas Intensas,Reconhecido,147813.12,0.0,147813.12,1,4,6,11
RS-F-4305355-13214-20230905,4305355,Charqueadas,RS,05/09/2023,13214,Chuvas Intensas,Reconhecido,211161.59,69683.33,280844.92,0,50,100,150
RS-F-4312385-12200-20230905,4312385,Monte Belo Do Sul,RS,05/09/2023,12200,Enxurradas,Reconhecido,422323.19,21116.16,443439.35,0,3,0,3
RS-F-4306452-13214-20230905,4306452,Dois Lajeados,RS,05/09/2023,13214,Chuvas Intensas,Reconhecido,2745100.72,0.0,2745100.72,0,0,2,2
RS-F-4304655-12200-20230905,4304655,Capão Do Cipó,RS,05/09/2023,12200,Enxurradas,Registro,246583.95,0.0,246583.95,0,0,0,0
RS-F-4307831-13214-20230905,4307831,Eugênio De Castro,RS,05/09/2023,13214,Chuvas Intensas,Reconhecido,0.0,0.0,0.0,0,0,0,0
RS-F-4307807-13214-20230906,4307807,Estrela,RS,06/09/2023,13214,Chuvas Intensas,Reconhecido,31715679.59,7347774.81,39063454.4,4,392,670,1424
RS-F-4301404-13214-20230906,4301404,Arvorezinha,RS,06/09/2023,13214,Chuvas Intensas,Reconhecido,10558079.71,739065.58,11297145.290000001,0,20,0,20
RS-F-4306767-13214-20230906,4306767,Eldorado Do Sul,RS,06/09/2023,13214,Chuvas Intensas,Reconhecido,1058489.72,0.0,1058489.72,0,187,58,245
RS-F-4302154-13214-20230906,4302154,Boa Vista Das Missões,RS,06/09/2023,13214,Chuvas Intensas,Reconhecido,2062390.07,3378.59,2065768.6600000001,0,24,0,24
RS-F-4319901-13214-20230906,4319901,Sapiranga,RS,06/09/2023,13214,Chuvas Intensas,Reconhecido,897436.78,0.0,897436.78,0,280,30,310
RS-F-4314035-12200-20230906,4314035,Pareci Novo,RS,06/09/2023,12200,Enxurradas,Reconhecido,52790.4,21116.16,73906.56,0,9,6,15
RS-F-4312609-13214-20230906,4312609,Muçum,RS,06/09/2023,13214,Chuvas Intensas,Reconhecido,2428358.33,765460.78,3193819.1100000003,14,3000,150,3415
RS-F-4321303-13214-20230906,4321303,Taquari,RS,06/09/2023,13214,Chuvas Intensas,Reconhecido,7354758.33,507843.63,7862601.96,0,439,95,549
RS-F-4313904-13214-20230906,4313904,Panambi,RS,06/09/2023,13214,Chuvas Intensas,Reconhecido,163650.24,0.0,163650.24,0,12,0,12
RS-F-4321303-12100-20230906,4321303,Taquari,RS,06/09/2023,12100,Inundações,Reconhecido,0.0,0.0,0.0,0,0,0,0
RS-F-4304507-13214-20230907,4304507,Canguçu,RS,07/09/2023,13214,Chuvas Intensas,Reconhecido,5704873.94,5667709.5,11372583.440000001,0,0,0,0
RS-F-4314506-13214-20230907,4314506,Pinheiro Machado,RS,07/09/2023,13214,Chuvas Intensas,Reconhecido,2136477.79,2111615.94,4248093.73,0,5,0,6
RS-F-4301305-13214-20230907,4301305,Arroio Grande,RS,07/09/2023,13214,Chuvas Intensas,Reconhecido,4506950.14,214962.5,4721912.64,0,60,38,98
RS-F-4306601-12100-20230907,4306601,Dom Pedrito,RS,07/09/2023,12100,Inundações,Registro,0.0,0.0,0.0,0,30,17,47
RS-F-4315602-13214-20230908,4315602,Rio Grande,RS,08/09/2023,13214,Chuvas Intensas,Reconhecido,158371.2,52790.4,211161.6,0,40,98,138
RS-F-4305157-12200-20230908,4305157,Cerro Grande,RS,08/09/2023,12200,Enxurradas,Reconhecido,27451.01,38009.09,65460.09999999999,0,0,0,0
RS-F-4311007-13214-20230908,4311007,Jaguarão,RS,08/09/2023,13214,Chuvas Intensas,Reconhecido,873311.56,873311.56,1746623.12,0,51,0,51
RS-F-4305124-12100-20230908,4305124,Cerrito,RS,08/09/2023,12100,Inundações,Reconhecido,1720966.99,728507.5,2449474.49,0,400,60,460
SC-F-4202099-12100-20230908,4202099,Barra Bonita,SC,08/09/2023,12100,Inundações,Registro,0.0,0.0,0.0,0,0,0,0
RS-F-4314605-13214-20230911,4314605,Piratini,RS,11/09/2023,13214,Chuvas Intensas,Reconhecido,105150.03,258889.71,364039.74,0,0,0,0
RS-F-4307104-13214-20230911,4307104,Herval,RS,11/09/2023,13214,Chuvas Intensas,Reconhecido,2950877.7,2946232.14,5897109.84,0,0,0,0
RS-F-4314209-12100-20230911,4314209,Pedro Osório,RS,11/09/2023,12100,Inundações,Reconhecido,2419850.92,1691343.42,4111194.34,0,405,95,500
RS-F-4319604-12100-20230911,4319604,São Sepé,RS,11/09/2023,12100,Inundações,Registro,0.0,0.0,0.0,0,45,0,45
RS-F-4319604-13214-20230911,4319604,São Sepé,RS,11/09/2023,13214,Chuvas Intensas,Registro,0.0,0.0,0.0,0,0,0,0
RS-F-4305447-13214-20230912,4305447,Chuvisca,RS,12/09/2023,13214,Chuvas Intensas,Reconhecido,358974.71,358974.71,717949.42,0,1,0,1
RS-F-4314068-12200-20230912,4314068,Passa Sete,RS,12/09/2023,12200,Enxurradas,Registro,1266969.57,686275.18,1953244.75,0,0,0,0
RS-F-4314175-13214-20230912,4314175,Pedras Altas,RS,12/09/2023,13214,Chuvas Intensas,Reconhecido,1965892.7,1954300.55,3920193.25,0,0,0,0
RS-F-4304358-13214-20230912,4304358,Candiota,RS,12/09/2023,13214,Chuvas Intensas,Reconhecido,2570427.85,1583711.96,4154139.81,0,0,9,9
RS-F-4300851-13214-20230912,4300851,Arambaré,RS,12/09/2023,13214,Chuvas Intensas,Reconhecido,1161388.77,1161388.77,2322777.54,0,500,22,522
RS-F-4322855-13214-20230912,4322855,Vespasiano Correa,RS,12/09/2023,13214,Chuvas Intensas,Reconhecido,438160.31,237556.79,675717.1,0,87,0,87
RS-F-4306056-13214-20230912,4306056,Cristal,RS,12/09/2023,13214,Chuvas Intensas,Reconhecido,952011.49,784465.32,1736476.81,1,168,0,169
RS-F-4307708-12300-20230912,4307708,Esteio,RS,12/09/2023,12300,Alagamentos,Registro,316.74,0.0,316.74,0,0,83,83
RS-F-4316907-12300-20230912,4316907,Santa Maria,RS,12/09/2023,12300,Alagamentos,Registro,0.0,316742.39,316742.39,0,70,10,80
RS-F-4309209-13214-20230912,4309209,Gravataí,RS,12/09/2023,13214,Chuvas Intensas,Registro,0.0,0.0,0.0,0,0,0,0
RS-F-4317400-13214-20230913,4317400,Santiago,RS,13/09/2023,13214,Chuvas Intensas,Registro,0.0,0.0,0.0,0,0,0,0
RS-F-4318804-13214-20230913,4318804,São Lourenço Do Sul,RS,13/09/2023,13214,Chuvas Intensas,Reconhecido,6805932.45,6924913.73,13730846.18,0,70,34,104
RS-F-4318507-13214-20230913,4318507,São José Do Norte,RS,13/09/2023,13214,Chuvas Intensas,Reconhecido,1121517.24,476249.64,1597766.88,0,0,0,0
RS-F-4322202-13214-20230913,4322202,Tupanciretã,RS,13/09/2023,13214,Chuvas Intensas,Registro,0.0,0.0,0.0,0,0,0,0
RS-F-4306502-13214-20230913,4306502,Dom Feliciano,RS,13/09/2023,13214,Chuvas Intensas,Reconhecido,1531878.12,1553354.31,3085232.43,0,116,4,120
RS-F-4300638-13214-20230913,4300638,Amaral Ferrador,RS,13/09/2023,13214,Chuvas Intensas,Reconhecido,32202.14,32202.14,64404.28,0,25,0,25
RS-F-4306908-13214-20230913,4306908,Encruzilhada Do Sul,RS,13/09/2023,13214,Chuvas Intensas,Reconhecido,684415.21,684163.57,1368578.7799999998,0,0,0,0
RS-F-4302451-12200-20230913,4302451,Boqueirão Do Leão,RS,13/09/2023,12200,Enxurradas,Reconhecido,0.0,291012.35,291012.35,0,0,0,0
RS-F-4302907-13214-20230913,4302907,Cacequi,RS,13/09/2023,13214,Chuvas Intensas,Reconhecido,1135521.47,0.0,1135521.47,0,15,0,15
RS-F-4321105-12300-20230913,4321105,Tapes,RS,13/09/2023,12300,Alagamentos,Registro,0.0,0.0,0.0,0,100,50,150
RS-F-4300109-12200-20230913,4300109,Agudo,RS,13/09/2023,12200,Enxurradas,Registro,0.0,0.0,0.0,0,15,0,15
RS-F-4300877-13214-20230913,4300877,Araricá,RS,13/09/2023,13214,Chuvas Intensas,Registro,0.0,0.0,0.0,0,0,0,0
RS-F-4313102-13214-20230913,4313102,Nova Palma,RS,13/09/2023,13214,Chuvas Intensas,Registro,0.0,0.0,0.0,0,0,0,0
SC-F-4216404-13214-20230913,4216404,São João Do Sul,SC,13/09/2023,13214,Chuvas Intensas,Registro,105580.8,0.0,105580.8,0,0,0,0
RS-F-4301750-13214-20230914,4301750,Barão Do Triunfo,RS,14/09/2023,13214,Chuvas Intensas,Reconhecido,1265913.76,1265913.76,2531827.52,0,0,0,0
RS-F-4318309-12100-20230914,4318309,São Gabriel,RS,14/09/2023,12100,Inundações,Reconhecido,405895.87,405895.87,811791.74,0,64,0,64
RS-F-4313490-13214-20230914,4313490,Novo Barreiro,RS,14/09/2023,13214,Chuvas Intensas,Reconhecido,1740784.51,0.0,1740784.51,0,80,0,80
RS-F-4319364-13214-20230914,4319364,São Pedro Das Missões,RS,14/09/2023,13214,Chuvas Intensas,Reconhecido,263951.99,5279.04,269231.02999999997,0,0,0,0
RS-F-4316402-12100-20230914,4316402,Rosário Do Sul,RS,14/09/2023,12100,Inundações,Reconhecido,720061.04,635596.4,1355657.44,0,180,250,430
RS-F-4315701-12100-20230915,4315701,Rio Pardo,RS,15/09/2023,12100,Inundações,Reconhecido,1108598.37,1269.61,1109867.9800000002,0,219,22,241
RS-F-4304663-12200-20230916,4304663,Capão Do Leão,RS,16/09/2023,12200,Enxurradas,Registro,0.0,0.0,0.0,0,0,0,0
RS-F-4303509-12100-20230918,4303509,Camaquã,RS,18/09/2023,12100,Inundações,Reconhecido,168929.28,196908.19,365837.47,0,47,0,74
SC-F-4210100-13214-20230919,4210100,Mafra,SC,19/09/2023,13214,Chuvas Intensas,Registro,0.0,0.0,0.0,0,0,0,0
RS-F-4306379-13214-20230921,4306379,Dilermando De Aguiar,RS,21/09/2023,13214,Chuvas Intensas,Registro,0.0,223936.87,223936.87,0,0,0,0
RS-F-4322525-12100-20230922,4322525,Vale Verde,RS,22/09/2023,12100,Inundações,Reconhecido,859166.77,859166.77,1718333.54,0,0,0,0
RS-F-4308409-13214-20230922,4308409,Formigueiro,RS,22/09/2023,13214,Chuvas Intensas,Registro,0.0,0.0,0.0,0,0,0,0
RS-F-4314407-13214-20230923,4314407,Pelotas,RS,23/09/2023,13214,Chuvas Intensas,Reconhecido,55875483.21,650802.14,56526285.35,0,0,155,155
RS-F-4322327-13214-20230923,4322327,Turuçu,RS,23/09/2023,13214,Chuvas Intensas,Reconhecido,331451.79,191895.14,523346.93,0,0,0,0
RS-F-4319604-13214-20230924,4319604,São Sepé,RS,24/09/2023,13214,Chuvas Intensas,Registro,0.0,0.0,0.0,0,6,0,6
RS-F-4312443-12200-20230925,4312443,Morrinhos Do Sul,RS,25/09/2023,12200,Enxurradas,Registro,0.0,640030.79,640030.79,0,0,0,0
RS-F-4309308-12100-20230925,4309308,Guaíba,RS,25/09/2023,12100,Inundações,Reconhecido,1699980.35,1025481.13,2725461.48,0,640,57,697
RS-F-4317301-13214-20230926,4317301,Santa Vitória Do Palmar,RS,26/09/2023,13214,Chuvas Intensas,Reconhecido,2018011.43,2018011.43,4036022.86,0,0,0,0
RS-F-4304606-12100-20230926,4304606,Canoas,RS,26/09/2023,12100,Inundações,Registro,2440816.87,6507.16,2447324.0300000003,0,15,34,49
RS-F-4304713-12100-20230926,4304713,Caraá,RS,26/09/2023,12100,Inundações,Reconhecido,802625.22,898357.04,1700982.26,0,0,0,0
RS-F-4314159-13214-20230926,4314159,Paverama,RS,26/09/2023,13214,Chuvas Intensas,Registro,557864.22,557864.22,1115728.44,0,0,0,0
RS-F-4317004-13214-20230926,4317004,Santana Da Boa Vista,RS,26/09/2023,13214,Chuvas Intensas,Reconhecido,2296487.92,2296487.92,4592975.84,0,0,0,0
RS-F-4313953-13214-20230926,4313953,Pantano Grande,RS,26/09/2023,13214,Chuvas Intensas,Reconhecido,2924027.78,2924757.28,5848785.06,0,0,0,0
RS-F-4321204-12100-20230926,4321204,Taquara,RS,26/09/2023,12100,Inundações,Reconhecido,3775339.14,81825.12,3857164.2600000002,0,150,51,201
RS-F-4321832-13214-20230926,4321832,Três Forquilhas,RS,26/09/2023,13214,Chuvas Intensas,Reconhecido,190678.92,190678.92,381357.84,0,0,0,0
RS-F-4310108-13214-20230926,4310108,Igrejinha,RS,26/09/2023,13214,Chuvas Intensas,Reconhecido,1112196.14,1096359.02,2208555.16,0,0,0,0
RS-F-4310652-13214-20230926,4310652,Itati,RS,26/09/2023,13214,Chuvas Intensas,Reconhecido,1404224.6,1404224.6,2808449.2,0,31,0,31
RS-F-4301909-13214-20230926,4301909,Barra Do Ribeiro,RS,26/09/2023,13214,Chuvas Intensas,Reconhecido,1864345.72,1589835.64,3454181.36,1,361,121,483
RS-F-4321105-13214-20230926,4321105,Tapes,RS,26/09/2023,13214,Chuvas Intensas,Reconhecido,2357759.97,686064.02,3043823.99,0,141,39,180
SC-F-4216404-13214-20230926,4216404,São João Do Sul,SC,26/09/2023,13214,Chuvas Intensas,Registro,0.0,0.0,0.0,0,0,0,0
RS-F-4313375-12300-20230926,4313375,Nova Santa Rita,RS,26/09/2023,12300,Alagamentos,Reconhecido,1372550.36,316742.39,1689292.75,0,1179,21,1200
RS-F-4305173-12200-20230926,4305173,Cerro Grande Do Sul,RS,26/09/2023,12200,Enxurradas,Registro,1214179.17,285068.15,1499247.3199999998,0,12,0,12
RS-F-4314050-13214-20230926,4314050,Parobé,RS,26/09/2023,13214,Chuvas Intensas,Registro,10558.08,26395.2,36953.28,0,30,6,36
RS-F-4317608-13214-20230926,4317608,Santo Antônio Da Patrulha,RS,26/09/2023,13214,Chuvas Intensas,Registro,0.0,0.0,0.0,0,23,0,23
RS-F-4309209-13214-20230926,4309209,Gravataí,RS,26/09/2023,13214,Chuvas Intensas,Registro,0.0,0.0,0.0,0,0,0,0
SC-F-4202008-13214-20230926,4202008,Balneário Camboriú,SC,26/09/2023,13214,Chuvas Intensas,Registro,0.0,0.0,0.0,0,0,0,0
RS-F-4311775-12200-20230927,4311775,Maquiné,RS,27/09/2023,12200,Enxurradas,Reconhecido,8989556.18,8989556.18,17979112.36,0,50,0,50
RS-F-4314902-13214-20230927,4314902,Porto Alegre,RS,27/09/2023,13214,Chuvas Intensas,Reconhecido,527903.99,527903.99,1055807.98,0,0,246,246
RS-F-4302808-13214-20230927,4302808,Caçapava Do Sul,RS,27/09/2023,13214,Chuvas Intensas,Reconhecido,7211759.69,6728199.64,13939959.33,0,273,0,273
RS-F-4301636-13214-20230927,4301636,Balneário Pinhal,RS,27/09/2023,13214,Chuvas Intensas,Reconhecido,1124435.49,997738.53,2122174.02,0,160,0,160
SC-F-4206900-11321-20230927,4206900,Ibirama,SC,27/09/2023,11321,Movimento de Massa,Registro,52790.4,0.0,52790.4,0,0,0,0
RS-F-4320354-13214-20230927,4320354,Sentinela Do Sul,RS,27/09/2023,13214,Chuvas Intensas,Registro,0.0,0.0,0.0,0,0,0,0
SC-F-4207502-13214-20230927,4207502,Indaial,SC,27/09/2023,13214,Chuvas Intensas,Registro,0.0,0.0,0.0,0,0,0,0
RS-F-4317301-13214-20231002,4317301,Santa Vitória Do Palmar,RS,02/10/2023,13214,Chuvas Intensas,Registro,0.0,0.0,0.0,0,0,0,0
SC-F-4205902-13214-20231003,4205902,Gaspar,SC,03/10/2023,13214,Chuvas Intensas,Reconhecido,1712042.49,0.0,1712042.49,0,126,74,200
RS-F-4310900-12200-20231003,4310900,Jacutinga,RS,03/10/2023,12200,Enxurradas,Registro,0.0,52790.4,52790.4,0,0,0,0
SC-F-4211751-13214-20231003,4211751,Otacílio Costa,SC,03/10/2023,13214,Chuvas Intensas,Reconhecido,651185.21,0.0,651185.21,0,118,68,186
SC-F-4202404-13214-20231004,4202404,Blumenau,SC,04/10/2023,13214,Chuvas Intensas,Reconhecido,3277275.05,2707138.75,5984413.8,0,14929,239,15168
SC-F-4208203-13214-20231004,4208203,Itajaí,SC,04/10/2023,13214,Chuvas Intensas,Reconhecido,149734686.44,0.0,149734686.44,0,35,565,600
SC-F-4202909-13214-20231004,4202909,Brusque,SC,04/10/2023,13214,Chuvas Intensas,Reconhecido,1700601.68,67846.81,1768448.49,0,11,4,15
SC-F-4208104-13214-20231004,4208104,Itaiópolis,SC,04/10/2023,13214,Chuvas Intensas,Reconhecido,357391.0,35369.57,392760.57,0,3,0,3
SC-F-4217808-13214-20231004,4217808,Taió,SC,04/10/2023,13214,Chuvas Intensas,Reconhecido,68634422.94,367405.85,69001828.78999999,0,3316,296,3612
RS-F-4315404-13214-20231004,4315404,Redentora,RS,04/10/2023,13214,Chuvas Intensas,Reconhecido,70739.13,4856.72,75595.85,0,0,0,0
SC-F-4201307-13214-20231004,4201307,Araquari,SC,04/10/2023,13214,Chuvas Intensas,Reconhecido,781984.17,46455.55,828439.7200000001,0,0,0,0
RS-F-4305900-13214-20231004,4305900,Coronel Bicaco,RS,04/10/2023,13214,Chuvas Intensas,Reconhecido,633484.78,1689.29,635174.0700000001,0,120,0,120
SC-F-4214003-13214-20231004,4214003,Presidente Getúlio,SC,04/10/2023,13214,Chuvas Intensas,Reconhecido,1371422.28,198228.16,1569650.44,0,681,191,893
SC-F-4201703-13214-20231004,4201703,Ascurra,SC,04/10/2023,13214,Chuvas Intensas,Reconhecido,781297.9,216440.63,997738.53,0,630,54,684
SC-F-4215000-13214-20231004,4215000,Rio Negrinho,SC,04/10/2023,13214,Chuvas Intensas,Reconhecido,6820524.77,124746.14,6945270.909999999,0,1260,48,1308
RS-F-4311601-13214-20231004,4311601,Liberato Salzano,RS,04/10/2023,13214,Chuvas Intensas,Reconhecido,2090499.78,4223.23,2094723.01,0,122,0,124
SC-F-4217907-13214-20231004,4217907,Tangará,SC,04/10/2023,13214,Chuvas Intensas,Reconhecido,7694517.33,0.0,7694517.33,0,48,0,48
SC-F-4204509-13214-20231004,4204509,Corupá,SC,04/10/2023,13214,Chuvas Intensas,Reconhecido,1726906.07,1177347.31,2904253.38,0,5,0,5
SC-F-4202859-13214-20231004,4202859,Braço Do Trombudo,SC,04/10/2023,13214,Chuvas Intensas,Reconhecido,21116.16,154105.18,175221.34,0,12,0,12
RS-F-4300646-13214-20231004,4300646,Ametista Do Sul,RS,04/10/2023,13214,Chuvas Intensas,Reconhecido,105580.8,110859.84,216440.64,0,0,0,0
RS-F-4302055-13214-20231004,4302055,Benjamin Constant Do Sul,RS,04/10/2023,13214,Chuvas Intensas,Reconhecido,569676.61,551897.22,1121573.83,0,0,0,1
SC-F-4216800-13214-20231004,4216800,São José Do Cerrito,SC,04/10/2023,13214,Chuvas Intensas,Reconhecido,55359.18,96211.56,151570.74,0,20,0,20
SC-F-4210852-13214-20231004,4210852,Mirim Doce,SC,04/10/2023,13214,Chuvas Intensas,Reconhecido,876848.52,68627.52,945476.04,0,335,4,340
SC-F-4205159-13214-20231004,4205159,Doutor Pedrinho,SC,04/10/2023,13214,Chuvas Intensas,Reconhecido,480392.63,0.0,480392.63,0,35,0,35
SC-F-4205209-13214-20231004,4205209,Erval Velho,SC,04/10/2023,13214,Chuvas Intensas,Reconhecido,4530611.44,55746.66,4586358.100000001,0,34,3,37
SC-F-4210209-13214-20231004,4210209,Major Gercino,SC,04/10/2023,13214,Chuvas Intensas,Registro,0.0,0.0,0.0,0,0,0,0
SC-F-4205100-13214-20231004,4205100,Dona Emma,SC,04/10/2023,13214,Chuvas Intensas,Reconhecido,791855.98,82880.93,874736.9099999999,0,61,0,61
SC-F-4202701-13214-20231004,4202701,Botuverá,SC,04/10/2023,13214,Chuvas Intensas,Reconhecido,2122174.02,524436.71,2646610.73,0,16,5,21
SC-F-4205407-13214-20231004,4205407,Florianópolis,SC,04/10/2023,13214,Chuvas Intensas,Registro,0.0,105580.8,105580.8,0,0,0,0
SC-F-4206751-13214-20231004,4206751,Ibiam,SC,04/10/2023,13214,Chuvas Intensas,Reconhecido,1102791.43,0.0,1102791.43,0,81,0,81
SC-F-4213906-13214-20231004,4213906,Presidente Castello Branco,SC,04/10/2023,13214,Chuvas Intensas,Reconhecido,115442.04,150051.43,265493.47,0,4,0,4
RS-F-4311908-12200-20231004,4311908,Marcelino Ramos,RS,04/10/2023,12200,Enxurradas,Registro,8710.42,1266.97,9977.39,0,0,0,0
SC-F-4209904-13214-20231004,4209904,Lontras,SC,04/10/2023,13214,Chuvas Intensas,Reconhecido,2996383.02,0.0,2996383.02,0,1018,252,1270
SC-F-4204004-13214-20231004,4204004,Catanduvas,SC,04/10/2023,13214,Chuvas Intensas,Registro,0.0,0.0,0.0,0,0,0,0
SC-F-4208609-13214-20231004,4208609,Jaborá,SC,04/10/2023,13214,Chuvas Intensas,Reconhecido,820375.29,153342.21,973717.5,0,59,0,59
SC-F-4202131-12300-20231004,4202131,Bela Vista Do Toldo,SC,04/10/2023,12300,Alagamentos,Reconhecido,862372.25,105580.8,967953.05,0,46,0,46
SC-F-4202206-13214-20231004,4202206,Benedito Novo,SC,04/10/2023,13214,Chuvas Intensas,Registro,193652.29,0.0,193652.29,0,3,0,3
SC-F-4218202-13214-20231004,4218202,Timbó,SC,04/10/2023,13214,Chuvas Intensas,Registro,0.0,47511.36,47511.36,0,30,12,43
RS-F-4303806-12200-20231004,4303806,Campinas Do Sul,RS,04/10/2023,12200,Enxurradas,Registro,0.0,0.0,0.0,0,0,0,0
SC-F-4215109-13214-20231004,4215109,Rodeio,SC,04/10/2023,13214,Chuvas Intensas,Reconhecido,858006.3,0.0,858006.3,0,76,56,132
RS-F-4320230-12200-20231004,4320230,Sede Nova,RS,04/10/2023,12200,Enxurradas,Reconhecido,533710.93,0.0,533710.93,0,0,0,0
SC-F-4209201-13214-20231004,4209201,Lacerdópolis,SC,04/10/2023,13214,Chuvas Intensas,Reconhecido,948115.56,55957.82,1004073.38,0,37,0,37
SC-F-4219150-12300-20231004,4219150,Vargem,SC,04/10/2023,12300,Alagamentos,Registro,4872701.6,4948719.77,9821421.37,0,35,0,35
SC-F-4202875-13214-20231004,4202875,Brunópolis,SC,04/10/2023,13214,Chuvas Intensas,Reconhecido,772851.43,190910.99,963762.42,0,22,0,22
SC-F-4205555-13214-20231004,4205555,Frei Rogério,SC,04/10/2023,13214,Chuvas Intensas,Reconhecido,0.0,0.0,0.0,0,2,23,25
SC-F-4218301-13214-20231004,4218301,Três Barras,SC,04/10/2023,13214,Chuvas Intensas,Reconhecido,16681.77,17827.32,34509.09,1,4352,1371,5724
PR-F-4122305-12100-20231004,4122305,Rio Negro,PR,04/10/2023,12100,Inundações,Reconhecido,3935524.21,47511.36,3983035.57,0,3272,153,3425
SC-F-4218608-13214-20231004,4218608,Trombudo Central,SC,04/10/2023,13214,Chuvas Intensas,Reconhecido,34841.66,44343.93,79185.59,0,174,33,207
SC-F-4216305-12300-20231004,4216305,São João Batista,SC,04/10/2023,12300,Alagamentos,Reconhecido,1552037.72,147813.12,1699850.8399999999,0,326,219,545
SC-F-4211058-13214-20231004,4211058,Monte Carlo,SC,04/10/2023,13214,Chuvas Intensas,Reconhecido,1133389.29,1128.12,1134517.4100000001,0,132,0,132
SC-F-4215802-13214-20231004,4215802,São Bento Do Sul,SC,04/10/2023,13214,Chuvas Intensas,Reconhecido,3273004.71,0.0,3273004.71,0,880,320,1200
SC-F-4204806-13214-20231004,4204806,Curitibanos,SC,04/10/2023,13214,Chuvas Intensas,Reconhecido,2111615.94,0.0,2111615.94,0,280,0,280
SC-F-4205555-12300-20231004,4205555,Frei Rogério,SC,04/10/2023,12300,Alagamentos,Registro,0.0,0.0,0.0,0,10,4,14
SC-F-4202438-13214-20231004,4202438,Bocaina Do Sul,SC,04/10/2023,13214,Chuvas Intensas,Reconhecido,0.0,0.0,0.0,0,20,0,20
SC-F-4216057-13214-20231004,4216057,São Cristovão Do Sul,SC,04/10/2023,13214,Chuvas Intensas,Registro,174208.32,36953.28,211161.6,0,20,9,29
SC-F-4213708-12100-20231004,4213708,Pouso Redondo,SC,04/10/2023,12100,Inundações,Registro,0.0,0.0,0.0,0,50,16,66
SC-F-4203303-13214-20231004,4203303,Campo Alegre,SC,04/10/2023,13214,Chuvas Intensas,Reconhecido,0.0,0.0,0.0,0,29,16,45
SC-F-4207502-13214-20231004,4207502,Indaial,SC,04/10/2023,13214,Chuvas Intensas,Registro,0.0,0.0,0.0,0,143,61,204
SC-F-4215679-13214-20231004,4215679,Santa Terezinha,SC,04/10/2023,13214,Chuvas Intensas,Reconhecido,3378585.51,0.0,3378585.51,0,16,0,16
SC-F-4211801-13214-20231004,4211801,Ouro,SC,04/10/2023,13214,Chuvas Intensas,Reconhecido,316742.39,316742.39,633484.78,0,2,0,2
SC-F-4204301-13214-20231004,4204301,Concórdia,SC,04/10/2023,13214,Chuvas Intensas,Reconhecido,7410357.94,0.0,7410357.94,0,12,0,12
SC-F-4203204-13214-20231004,4203204,Camboriú,SC,04/10/2023,13214,Chuvas Intensas,Registro,0.0,0.0,0.0,0,9,0,9
SC-F-4209102-13214-20231004,4209102,Joinville,SC,04/10/2023,13214,Chuvas Intensas,Registro,15837.12,3167.42,19004.54,0,3,0,3
SC-F-4207403-13214-20231004,4207403,Imbuia,SC,04/10/2023,13214,Chuvas Intensas,Registro,0.0,0.0,0.0,0,0,0,0
SC-F-4211504-13214-20231004,4211504,Nova Trento,SC,04/10/2023,13214,Chuvas Intensas,Reconhecido,193710.14,2111.62,195821.76,0,0,0,0
SC-F-4217253-13214-20231004,4217253,São Pedro De Alcântara,SC,04/10/2023,13214,Chuvas Intensas,Reconhecido,1478131.16,105580.8,1583711.96,0,0,0,0
SC-F-4219150-13214-20231004,4219150,Vargem,SC,04/10/2023,13214,Chuvas Intensas,Reconhecido,676245.01,28506.82,704751.83,0,0,0,0
RS-F-4313086-11321-20231004,4313086,Nova Pádua,RS,04/10/2023,11321,Movimento de Massa,Registro,1055.81,5279.04,6334.85,0,0,0,0
SC-F-4211108-12300-20231004,4211108,Monte Castelo,SC,04/10/2023,12300,Alagamentos,Registro,1583711.96,32730.05,1616442.01,0,0,0,0
RS-F-4306957-13214-20231004,4306957,Entre Rios Do Sul,RS,04/10/2023,13214,Chuvas Intensas,Registro,0.0,0.0,0.0,0,0,0,0
SC-F-4202008-13214-20231004,4202008,Balneário Camboriú,SC,04/10/2023,13214,Chuvas Intensas,Registro,0.0,0.0,0.0,0,0,0,0
SC-F-4203808-13214-20231004,4203808,Canoinhas,SC,04/10/2023,13214,Chuvas Intensas,Registro,0.0,0.0,0.0,0,0,0,0
SC-F-4206009-13214-20231004,4206009,Governador Celso Ramos,SC,04/10/2023,13214,Chuvas Intensas,Registro,0.0,0.0,0.0,0,0,0,0
SC-F-4208906-13214-20231004,4208906,Jaraguá Do Sul,SC,04/10/2023,13214,Chuvas Intensas,Registro,0.0,0.0,0.0,0,0,0,0
SC-F-4214102-13214-20231004,4214102,Presidente Nereu,SC,04/10/2023,13214,Chuvas Intensas,Registro,0.0,0.0,0.0,0,0,0,0
SC-F-4214706-13214-20231004,4214706,Rio Dos Cedros,SC,04/10/2023,13214,Chuvas Intensas,Registro,0.0,0.0,0.0,0,0,0,0
SC-F-4218509-13214-20231004,4218509,Treze Tílias,SC,04/10/2023,13214,Chuvas Intensas,Registro,0.0,0.0,0.0,0,0,0,0
SC-F-4200309-13214-20231005,4200309,Agronômica,SC,05/10/2023,13214,Chuvas Intensas,Reconhecido,2956262.32,3695.33,2959957.65,0,659,138,797
SC-F-4201901-13214-20231005,4201901,Aurora,SC,05/10/2023,13214,Chuvas Intensas,Reconhecido,739065.58,95022.72,834088.2999999999,0,500,116,616
SC-F-4207601-13214-20231005,4207601,Ipira,SC,05/10/2023,13214,Chuvas Intensas,Reconhecido,1039937.36,0.0,1039937.36,0,4,0,4
SC-F-4206900-13214-20231005,4206900,Ibirama,SC,05/10/2023,13214,Chuvas Intensas,Reconhecido,1470212.6,822780.59,2292993.19,0,94,11,105
SC-F-4207809-13214-20231005,4207809,Irani,SC,05/10/2023,13214,Chuvas Intensas,Reconhecido,397652.97,0.0,397652.97,0,0,0,0
SC-F-4210100-13214-20231005,4210100,Mafra,SC,05/10/2023,13214,Chuvas Intensas,Reconhecido,1428494.75,18520.88,1447015.63,0,148,306,454
SC-F-4201257-13214-20231005,4201257,Apiúna,SC,05/10/2023,13214,Chuvas Intensas,Registro,3067122.16,52790.4,3119912.56,0,55,2,57
SC-F-4202107-13214-20231005,4202107,Barra Velha,SC,05/10/2023,13214,Chuvas Intensas,Registro,0.0,0.0,0.0,0,2,3,5
SC-F-4204178-13214-20231005,4204178,Cerro Negro,SC,05/10/2023,13214,Chuvas Intensas,Registro,0.0,0.0,0.0,0,0,0,0
RS-F-4307005-13214-20231006,4307005,Erechim,RS,06/10/2023,13214,Chuvas Intensas,Reconhecido,807693.1,807693.1,1615386.2,0,50,35,85
SC-F-4218004-13214-20231006,4218004,Tijucas,SC,06/10/2023,13214,Chuvas Intensas,Reconhecido,2956.26,506787.83,509744.09,0,60,0,60
SC-F-4211702-13214-20231006,4211702,Orleans,SC,06/10/2023,13214,Chuvas Intensas,Reconhecido,3156865.83,31674.24,3188540.0700000003,0,80,3,83
SC-F-4211207-13214-20231006,4211207,Morro Da Fumaça,SC,06/10/2023,13214,Chuvas Intensas,Registro,0.0,0.0,0.0,0,114,72,186
RS-F-4301701-13214-20231006,4301701,Barão De Cotegipe,RS,06/10/2023,13214,Chuvas Intensas,Reconhecido,240073.29,205249.07,445322.36,0,0,0,0
SC-F-4209151-13214-20231006,4209151,José Boiteux,SC,06/10/2023,13214,Chuvas Intensas,Reconhecido,0.0,307472.4,307472.4,0,52,14,66
RS-F-4311908-13214-20231006,4311908,Marcelino Ramos,RS,06/10/2023,13214,Chuvas Intensas,Reconhecido,1164518.18,1161275.8,2325793.98,0,0,0,0
RS-F-4312203-13214-20231006,4312203,Maximiliano De Almeida,RS,06/10/2023,13214,Chuvas Intensas,Reconhecido,3245610.45,3157763.27,6403373.720000001,0,0,0,0
RS-F-4322905-13214-20231006,4322905,Viadutos,RS,06/10/2023,13214,Chuvas Intensas,Reconhecido,563009.6,563009.6,1126019.2,0,0,0,0
RS-F-4319703-13214-20231006,4319703,São Valentim,RS,06/10/2023,13214,Chuvas Intensas,Reconhecido,232277.75,168929.28,401207.03,0,0,0,0
SC-F-4219408-13214-20231006,4219408,Witmarsum,SC,06/10/2023,13214,Chuvas Intensas,Reconhecido,633484.78,0.0,633484.78,0,7,8,17
SC-F-4201653-13214-20231006,4201653,Arvoredo,SC,06/10/2023,13214,Chuvas Intensas,Reconhecido,75490.27,174208.32,249698.59000000003,0,0,0,0
SC-F-4218350-13214-20231006,4218350,Treviso,SC,06/10/2023,13214,Chuvas Intensas,Reconhecido,316985.23,117094.38,434079.61,0,0,0,0
SC-F-4210407-13214-20231006,4210407,Maracajá,SC,06/10/2023,13214,Chuvas Intensas,Registro,158371.2,0.0,158371.2,0,0,0,0
SC-F-4205506-13214-20231006,4205506,Fraiburgo,SC,06/10/2023,13214,Chuvas Intensas,Registro,0.0,0.0,0.0,0,8,0,8
SC-F-4209409-13214-20231006,4209409,Laguna,SC,06/10/2023,13214,Chuvas Intensas,Reconhecido,962330.32,128092.0,1090422.3199999998,0,0,0,0
SC-F-4218905-13214-20231006,4218905,Urubici,SC,06/10/2023,13214,Chuvas Intensas,Reconhecido,6929109.88,5925.66,6935035.54,0,243,57,300
SC-F-4215307-13214-20231006,4215307,Salete,SC,06/10/2023,13214,Chuvas Intensas,Reconhecido,0.0,105580.8,105580.8,0,16,0,16
SC-F-4203253-13214-20231006,4203253,Capão Alto,SC,06/10/2023,13214,Chuvas Intensas,Registro,0.0,4502.1,4502.1,0,0,0,4
SC-F-4203600-13214-20231006,4203600,Campos Novos,SC,06/10/2023,13214,Chuvas Intensas,Reconhecido,3220214.31,0.0,3220214.31,0,3,2,5
SC-F-4216701-11321-20231006,4216701,São José Do Cedro,SC,06/10/2023,11321,Movimento de Massa,Registro,10558.08,0.0,10558.08,0,0,0,0
SC-F-4205407-13214-20231006,4205407,Florianópolis,SC,06/10/2023,13214,Chuvas Intensas,Registro,0.0,0.0,0.0,0,0,0,0
SC-F-4207403-13214-20231006,4207403,Imbuia,SC,06/10/2023,13214,Chuvas Intensas,Registro,0.0,0.0,0.0,0,0,0,0
SC-F-4208807-13214-20231006,4208807,Jaguaruna,SC,06/10/2023,13214,Chuvas Intensas,Registro,0.0,0.0,0.0,0,0,0,0
SC-F-4205456-13214-20231007,4205456,Forquilhinha,SC,07/10/2023,13214,Chuvas Intensas,Reconhecido,4730019.71,312004.24,5042023.95,0,250,30,280
SC-F-4205704-13214-20231007,4205704,Garopaba,SC,07/10/2023,13214,Chuvas Intensas,Reconhecido,20677999.11,13271506.19,33949505.3,0,16,0,16
SC-F-4209607-13214-20231007,4209607,Lauro Muller,SC,07/10/2023,13214,Chuvas Intensas,Reconhecido,6678847.39,179487.36,6858334.75,0,20,0,20
SC-F-4219002-13214-20231007,4219002,Urussanga,SC,07/10/2023,13214,Chuvas Intensas,Reconhecido,1664437.13,1168841.17,2833278.3,0,181,13,197
SC-F-4207304-13214-20231007,4207304,Imbituba,SC,07/10/2023,13214,Chuvas Intensas,Registro,0.0,0.0,0.0,0,4,2,6
SC-F-4211603-13214-20231007,4211603,Nova Veneza,SC,07/10/2023,13214,Chuvas Intensas,Reconhecido,2592008.57,16892.93,2608901.5,0,5,0,5
RS-F-4320206-13214-20231007,4320206,Seberi,RS,07/10/2023,13214,Chuvas Intensas,Reconhecido,1340876.12,6862.75,1347738.87,0,0,0,0
SC-F-4206108-13214-20231007,4206108,Grão Pará,SC,07/10/2023,13214,Chuvas Intensas,Reconhecido,3509171.58,232277.75,3741449.33,0,0,0,0
SC-F-4212700-13214-20231007,4212700,Petrolândia,SC,07/10/2023,13214,Chuvas Intensas,Reconhecido,490950.71,79185.6,570136.31,0,32,0,33
SC-F-4217600-13214-20231007,4217600,Siderópolis,SC,07/10/2023,13214,Chuvas Intensas,Reconhecido,1563102.58,134636.63,1697739.21,0,4,0,4
RS-F-4318424-13214-20231007,4318424,São João Da Urtiga,RS,07/10/2023,13214,Chuvas Intensas,Reconhecido,802414.06,802414.06,1604828.12,0,0,0,0
RS-F-4303202-13214-20231007,4303202,Cacique Doble,RS,07/10/2023,13214,Chuvas Intensas,Reconhecido,814083.17,814083.17,1628166.34,0,15,25,40
RS-F-4310702-13214-20231007,4310702,Itatiba Do Sul,RS,07/10/2023,13214,Chuvas Intensas,Reconhecido,549020.14,549020.14,1098040.28,0,0,0,0
RS-F-4320602-13214-20231007,4320602,Severiano De Almeida,RS,07/10/2023,13214,Chuvas Intensas,Reconhecido,160482.81,154253.54,314736.35,0,0,2,2
SC-F-4202602-13214-20231007,4202602,Bom Retiro,SC,07/10/2023,13214,Chuvas Intensas,Registro,1103319.33,36953.28,1140272.61,0,0,0,0
RS-F-4313607-13214-20231007,4313607,Paim Filho,RS,07/10/2023,13214,Chuvas Intensas,Reconhecido,2515525.84,2515525.84,5031051.68,0,0,0,0
RS-F-4301552-13214-20231007,4301552,Áurea,RS,07/10/2023,13214,Chuvas Intensas,Reconhecido,316742.39,316742.39,633484.78,0,0,0,0
RS-F-4314779-13214-20231007,4314779,Pontão,RS,07/10/2023,13214,Chuvas Intensas,Reconhecido,2277377.79,2177076.04,4454453.83,0,3,0,3
SC-F-4201109-13214-20231007,4201109,Anitápolis,SC,07/10/2023,13214,Chuvas Intensas,Reconhecido,3307489.38,26395.2,3333884.58,0,45,0,45
RS-F-4301859-13214-20231007,4301859,Barra Do Guarita,RS,07/10/2023,13214,Chuvas Intensas,Reconhecido,284454.62,2428.36,286882.98,0,88,40,128
RS-F-4305371-13214-20231007,4305371,Charrua,RS,07/10/2023,13214,Chuvas Intensas,Reconhecido,485671.67,485671.67,971343.34,0,0,0,0
RS-F-4305116-13214-20231007,4305116,Centenário,RS,07/10/2023,13214,Chuvas Intensas,Reconhecido,544269.01,544269.01,1088538.02,0,0,0,0
SC-F-4200051-13214-20231007,4200051,Abdon Batista,SC,07/10/2023,13214,Chuvas Intensas,Reconhecido,158371.2,50409.76,208780.96000000002,0,0,0,0
RS-F-4321634-13214-20231007,4321634,Três Arroios,RS,07/10/2023,13214,Chuvas Intensas,Registro,15150.84,0.0,15150.84,0,0,0,0
RS-F-4318606-13214-20231007,4318606,São José Do Ouro,RS,07/10/2023,13214,Chuvas Intensas,Registro,0.0,0.0,0.0,0,0,0,0
RS-F-4317954-13214-20231007,4317954,Santo Expedito Do Sul,RS,07/10/2023,13214,Chuvas Intensas,Reconhecido,786576.94,786576.94,1573153.88,0,0,0,0
RS-F-4301925-13214-20231007,4301925,Barra Do Rio Azul,RS,07/10/2023,13214,Chuvas Intensas,Reconhecido,904827.43,904827.43,1809654.86,0,0,0,0
RS-F-4306924-13214-20231007,4306924,Engenho Velho,RS,07/10/2023,13214,Chuvas Intensas,Reconhecido,195324.47,7971.35,203295.82,0,5,0,5
SC-F-4204558-13214-20231007,4204558,Correia Pinto,SC,07/10/2023,13214,Chuvas Intensas,Reconhecido,2534994.94,211161.59,2746156.53,0,75,57,132
SC-F-4201406-13214-20231007,4201406,Araranguá,SC,07/10/2023,13214,Chuvas Intensas,Reconhecido,649321.9,844646.38,1493968.28,0,38,71,109
SC-F-4215653-13214-20231007,4215653,Santa Rosa Do Sul,SC,07/10/2023,13214,Chuvas Intensas,Registro,0.0,0.0,0.0,0,0,0,0
SC-F-4218707-13214-20231007,4218707,Tubarão,SC,07/10/2023,13214,Chuvas Intensas,Reconhecido,4848515.89,0.0,4848515.89,0,111,52,163
SC-F-4216008-13214-20231007,4216008,São Carlos,SC,07/10/2023,13214,Chuvas Intensas,Reconhecido,0.0,28281.38,28281.38,0,111,14,125
SC-F-4202503-13214-20231007,4202503,Bom Jardim Da Serra,SC,07/10/2023,13214,Chuvas Intensas,Reconhecido,644042.86,884767.08,1528809.94,0,15,0,15
SC-F-4210803-13214-20231007,4210803,Meleiro,SC,07/10/2023,13214,Chuvas Intensas,Registro,10558.08,0.0,10558.08,0,4,0,4
SC-F-4202073-13214-20231007,4202073,Balneário Gaivota,SC,07/10/2023,13214,Chuvas Intensas,Reconhecido,336169.26,0.0,336169.26,0,23,0,23
RS-F-4322186-13214-20231007,4322186,Tupanci Do Sul,RS,07/10/2023,13214,Chuvas Intensas,Reconhecido,153092.16,153092.16,306184.32,0,30,0,30
RS-F-4309803-12200-20231007,4309803,Ibiaçá,RS,07/10/2023,12200,Enxurradas,Registro,118974.66,0.0,118974.66,0,0,0,0
SC-F-4216503-13214-20231007,4216503,São Joaquim,SC,07/10/2023,13214,Chuvas Intensas,Reconhecido,57736491.73,606497.43,58342989.16,0,41,12,53
SC-F-4210605-13214-20231007,4210605,Massaranduba,SC,07/10/2023,13214,Chuvas Intensas,Reconhecido,765460.78,2491.71,767952.49,0,0,0,0
SC-F-4202305-13214-20231007,4202305,Biguaçu,SC,07/10/2023,13214,Chuvas Intensas,Registro,10558.08,0.0,10558.08,0,6,0,6
SC-F-4213807-13214-20231007,4213807,Praia Grande,SC,07/10/2023,13214,Chuvas Intensas,Registro,0.0,0.0,0.0,0,0,0,1
SC-F-4203402-13214-20231007,4203402,Campo Belo Do Sul,SC,07/10/2023,13214,Chuvas Intensas,Registro,84464.64,8446.46,92911.1,1,2,0,4
SC-F-4207106-13214-20231007,4207106,Ilhota,SC,07/10/2023,13214,Chuvas Intensas,Reconhecido,46987.99,104612.95,151600.94,0,334,200,535
SC-F-4200200-13214-20231007,4200200,Agrolândia,SC,07/10/2023,13214,Chuvas Intensas,Reconhecido,397828.44,26395.2,424223.64,0,300,19,319
SC-F-4211892-13214-20231007,4211892,Painel,SC,07/10/2023,13214,Chuvas Intensas,Reconhecido,1087482.21,0.0,1087482.21,0,16,7,23
SC-F-4215059-13214-20231007,4215059,Rio Rufino,SC,07/10/2023,13214,Chuvas Intensas,Reconhecido,0.0,0.0,0.0,0,25,0,25
SC-F-4218954-13214-20231007,4218954,Urupema,SC,07/10/2023,13214,Chuvas Intensas,Registro,137255.04,0.0,137255.04,0,10,0,10
SC-F-4203956-13214-20231007,4203956,Capivari De Baixo,SC,07/10/2023,13214,Chuvas Intensas,Registro,221504.29,115346.58,336850.87,0,71,0,71
SC-F-4212403-13214-20231007,4212403,Pedras Grandes,SC,07/10/2023,13214,Chuvas Intensas,Reconhecido,580694.38,23227.78,603922.16,0,9,3,12
SC-F-4201000-13214-20231007,4201000,Anita Garibaldi,SC,07/10/2023,13214,Chuvas Intensas,Reconhecido,142534.08,105580.8,248114.88,0,22,0,22
SC-F-4217105-13214-20231007,4217105,São Martinho,SC,07/10/2023,13214,Chuvas Intensas,Registro,5279.04,31674.24,36953.28,0,7,0,7
SC-F-4212056-13214-20231007,4212056,Palmeira,SC,07/10/2023,13214,Chuvas Intensas,Reconhecido,678126.76,0.0,678126.76,1,0,0,1
SC-F-4207205-13214-20231007,4207205,Imaruí,SC,07/10/2023,13214,Chuvas Intensas,Registro,0.0,0.0,0.0,0,4,0,4
SC-F-4203907-13214-20231007,4203907,Capinzal,SC,07/10/2023,13214,Chuvas Intensas,Reconhecido,72850.75,200603.51,273454.26,0,5,0,5
SC-F-4217709-13214-20231007,4217709,Sombrio,SC,07/10/2023,13214,Chuvas Intensas,Registro,0.0,0.0,0.0,0,0,0,0
RS-F-4316600-13214-20231007,4316600,Sananduva,RS,07/10/2023,13214,Chuvas Intensas,Registro,350317.08,0.0,350317.08,0,0,0,0
SC-F-4215505-13214-20231007,4215505,Santa Cecília,SC,07/10/2023,13214,Chuvas Intensas,Registro,1055.81,0.0,1055.81,0,0,0,0
RS-F-4311403-12100-20231007,4311403,Lajeado,RS,07/10/2023,12100,Inundações,Registro,0.0,0.0,0.0,0,0,0,0
SC-F-4202008-13214-20231007,4202008,Balneário Camboriú,SC,07/10/2023,13214,Chuvas Intensas,Registro,0.0,0.0,0.0,0,0,0,0
SC-F-4202800-13214-20231007,4202800,Braço Do Norte,SC,07/10/2023,13214,Chuvas Intensas,Registro,0.0,0.0,0.0,0,0,0,0
SC-F-4205191-13214-20231007,4205191,Ermo,SC,07/10/2023,13214,Chuvas Intensas,Registro,0.0,0.0,0.0,0,0,0,0
SC-F-4208708-12200-20231007,4208708,Jacinto Machado,SC,07/10/2023,12200,Enxurradas,Registro,0.0,0.0,0.0,0,0,0,0
SC-F-4211900-13214-20231007,4211900,Palhoça,SC,07/10/2023,13214,Chuvas Intensas,Registro,0.0,0.0,0.0,0,0,0,0
SC-F-4213005-13214-20231007,4213005,Pinheiro Preto,SC,07/10/2023,13214,Chuvas Intensas,Registro,0.0,0.0,0.0,0,0,0,0
SC-F-4214300-13214-20231007,4214300,Rancho Queimado,SC,07/10/2023,13214,Chuvas Intensas,Registro,1657618.51,0.0,1657618.51,0,0,0,0
SC-F-4215703-13214-20231007,4215703,Santo Amaro Da Imperatriz,SC,07/10/2023,13214,Chuvas Intensas,Registro,0.0,0.0,0.0,0,0,0,0
PR-F-4128203-13214-20231008,4128203,União Da Vitória,PR,08/10/2023,13214,Chuvas Intensas,Reconhecido,22314144.73,401114.71,22715259.44,0,7500,709,8209
SC-F-4209300-13214-20231008,4209300,Lages,SC,08/10/2023,13214,Chuvas Intensas,Reconhecido,8822044.01,119939.79,8941983.799999999,0,963,53,1016
RS-F-4310504-13214-20231008,4310504,Iraí,RS,08/10/2023,13214,Chuvas Intensas,Reconhecido,1487674.46,1178199.21,2665873.67,0,395,5,400
SC-F-4219358-13214-20231008,4219358,Vitor Meireles,SC,08/10/2023,13214,Chuvas Intensas,Reconhecido,108608.34,35897.47,144505.81,0,164,63,227
SC-F-4204194-13214-20231008,4204194,Chapadão Do Lageado,SC,08/10/2023,13214,Chuvas Intensas,Reconhecido,211161.59,0.0,211161.59,0,0,0,0
SC-F-4203808-13214-20231008,4203808,Canoinhas,SC,08/10/2023,13214,Chuvas Intensas,Reconhecido,10879756.47,140029.28,11019785.75,0,1479,109,1588
SC-F-4216206-13214-20231008,4216206,São Francisco Do Sul,SC,08/10/2023,13214,Chuvas Intensas,Registro,1129714.53,0.0,1129714.53,0,0,0,0
SC-F-4219200-13214-20231008,4219200,Vidal Ramos,SC,08/10/2023,13214,Chuvas Intensas,Registro,52790.4,316742.39,369532.79000000004,0,5,0,5
SC-F-4200606-13214-20231008,4200606,Águas Mornas,SC,08/10/2023,13214,Chuvas Intensas,Registro,158371.2,0.0,158371.2,0,0,0,0
SC-F-4210308-13214-20231008,4210308,Major Vieira,SC,08/10/2023,13214,Chuvas Intensas,Reconhecido,0.0,278621.68,278621.68,0,9,8,17
SC-F-4207908-13214-20231008,4207908,Irineópolis,SC,08/10/2023,13214,Chuvas Intensas,Reconhecido,219608.06,229369.95,448978.01,0,209,70,279
SC-F-4201802-13214-20231008,4201802,Atalanta,SC,08/10/2023,13214,Chuvas Intensas,Reconhecido,0.0,113636.43,113636.43,0,18,4,22
SC-F-4209706-13214-20231008,4209706,Lebon Régis,SC,08/10/2023,13214,Chuvas Intensas,Reconhecido,665159.02,0.0,665159.02,0,35,0,35
SC-F-4214508-13214-20231008,4214508,Rio Do Campo,SC,08/10/2023,13214,Chuvas Intensas,Reconhecido,468778.74,0.0,468778.74,0,3,5,8
SC-F-4212106-13214-20231008,4212106,Palmitos,SC,08/10/2023,13214,Chuvas Intensas,Reconhecido,31674.24,7390.66,39064.9,0,9,0,9
SC-F-4212650-13214-20231008,4212650,Pescaria Brava,SC,08/10/2023,13214,Chuvas Intensas,Registro,21116.16,21116.16,42232.32,0,0,0,0
SC-F-4208450-13214-20231008,4208450,Itapoá,SC,08/10/2023,13214,Chuvas Intensas,Registro,0.0,0.0,0.0,0,0,0,0
SC-F-4209805-13214-20231008,4209805,Leoberto Leal,SC,08/10/2023,13214,Chuvas Intensas,Registro,0.0,0.0,0.0,0,0,0,0
SC-F-4213609-13214-20231009,4213609,Porto União,SC,09/10/2023,13214,Chuvas Intensas,Reconhecido,11202122.57,0.0,11202122.57,0,2580,224,2804
SC-F-4200507-13214-20231009,4200507,Águas De Chapecó,SC,09/10/2023,13214,Chuvas Intensas,Registro,0.0,0.0,0.0,0,89,18,107
SC-F-4211306-12300-20231009,4211306,Navegantes,SC,09/10/2023,12300,Alagamentos,Registro,0.0,0.0,0.0,0,200,65,265
SC-F-4206702-13214-20231009,4206702,Herval D`Oeste,SC,09/10/2023,13214,Chuvas Intensas,Registro,0.0,0.0,0.0,0,0,0,0
SC-F-4219408-11321-20231009,4219408,Witmarsum,SC,09/10/2023,11321,Movimento de Massa,Registro,0.0,0.0,0.0,0,0,0,0
SC-F-4207007-13214-20231011,4207007,Içara,SC,11/10/2023,13214,Chuvas Intensas,Reconhecido,3210798.52,703902.95,3914701.4699999997,0,5,0,5
RS-F-4310462-13214-20231011,4310462,Ipiranga Do Sul,RS,11/10/2023,13214,Chuvas Intensas,Reconhecido,391461.92,391461.92,782923.84,0,0,0,0
SC-F-4215406-13214-20231011,4215406,Salto Veloso,SC,11/10/2023,13214,Chuvas Intensas,Registro,0.0,0.0,0.0,0,0,0,0
SC-F-4207700-13214-20231011,4207700,Ipumirim,SC,11/10/2023,13214,Chuvas Intensas,Reconhecido,158371.2,158371.2,316742.4,0,0,0,0
SC-F-4213351-12200-20231011,4213351,Ponte Alta Do Norte,SC,11/10/2023,12200,Enxurradas,Registro,0.0,0.0,0.0,0,6,0,6
SC-F-4204152-13214-20231011,4204152,Celso Ramos,SC,11/10/2023,13214,Chuvas Intensas,Registro,5279.04,0.0,5279.04,0,0,0,0
SC-F-4202099-12100-20231011,4202099,Barra Bonita,SC,11/10/2023,12100,Inundações,Registro,0.01,0.0,0.01,0,0,0,0
SC-F-4201273-13214-20231011,4201273,Arabutã,SC,11/10/2023,13214,Chuvas Intensas,Registro,0.0,0.0,0.0,0,0,0,0
SC-F-4202008-13214-20231011,4202008,Balneário Camboriú,SC,11/10/2023,13214,Chuvas Intensas,Registro,0.0,0.0,0.0,0,0,0,0
SC-F-4217709-13214-20231011,4217709,Sombrio,SC,11/10/2023,13214,Chuvas Intensas,Registro,0.0,0.0,0.0,0,0,0,0
SC-F-4218509-13214-20231011,4218509,Treze Tílias,SC,11/10/2023,13214,Chuvas Intensas,Registro,0.0,0.0,0.0,0,0,0,0
PR-F-4106902-13214-20231012,4106902,Curitiba,PR,12/10/2023,13214,Chuvas Intensas,Registro,0.0,0.0,0.0,0,0,19,19
SC-F-4219101-13214-20231012,4219101,Vargeão,SC,12/10/2023,13214,Chuvas Intensas,Registro,37440.82,0.0,37440.82,0,0,0,0
SC-F-4203501-13214-20231012,4203501,Campo Erê,SC,12/10/2023,13214,Chuvas Intensas,Reconhecido,190.05,168929.28,169119.33,0,0,0,0
SC-F-4210050-12100-20231012,4210050,Macieira,SC,12/10/2023,12100,Inundações,Registro,0.0,0.0,0.0,0,0,0,0
SC-F-4213708-13214-20231012,4213708,Pouso Redondo,SC,12/10/2023,13214,Chuvas Intensas,Reconhecido,107692.41,832537.28,940229.6900000001,0,126,22,148
SC-F-4207858-13214-20231012,4207858,Irati,SC,12/10/2023,13214,Chuvas Intensas,Registro,1583711.96,0.0,1583711.96,0,0,0,0
SC-F-4203006-12100-20231012,4203006,Caçador,SC,12/10/2023,12100,Inundações,Registro,34399.91,0.0,34399.91,0,359,0,359
RS-F-4311403-12100-20231012,4311403,Lajeado,RS,12/10/2023,12100,Inundações,Registro,0.0,0.0,0.0,0,30,70,100
SC-F-4215208-13214-20231012,4215208,Romelândia,SC,12/10/2023,13214,Chuvas Intensas,Registro,0.0,0.0,0.0,0,1,0,1
SC-F-4207502-13214-20231012,4207502,Indaial,SC,12/10/2023,13214,Chuvas Intensas,Registro,0.0,0.0,0.0,0,0,0,0
SC-F-4203808-12100-20231012,4203808,Canoinhas,SC,12/10/2023,12100,Inundações,Registro,0.0,0.0,0.0,0,0,0,0
PR-F-4113205-13214-20231013,4113205,Lapa,PR,13/10/2023,13214,Chuvas Intensas,Reconhecido,3636804.46,3488125.58,7124930.04,0,0,0,0
SC-F-4210001-13214-20231013,4210001,Luiz Alves,SC,13/10/2023,13214,Chuvas Intensas,Registro,0.0,0.0,0.0,0,0,0,0
RS-F-4322202-13214-20231016,4322202,Tupanciretã,RS,16/10/2023,13214,Chuvas Intensas,Reconhecido,316742.39,316742.39,633484.78,0,0,0,0
RS-F-4321402-13214-20231016,4321402,Tenente Portela,RS,16/10/2023,13214,Chuvas Intensas,Reconhecido,2079941.7,2054602.31,4134544.01,0,9,0,9
RS-F-4306007-13214-20231016,4306007,Crissiumal,RS,16/10/2023,13214,Chuvas Intensas,Registro,16365.02,0.0,16365.02,0,0,0,0
RS-F-4309654-13214-20231016,4309654,Hulha Negra,RS,16/10/2023,13214,Chuvas Intensas,Reconhecido,10851298.7,10851298.7,21702597.4,0,0,0,0
RS-F-4310850-13214-20231016,4310850,Jaboticaba,RS,16/10/2023,13214,Chuvas Intensas,Reconhecido,1449202.02,1455431.29,2904633.31,0,10,0,10
RS-F-4313425-13214-20231016,4313425,Novo Machado,RS,16/10/2023,13214,Chuvas Intensas,Reconhecido,1923576.54,1966336.77,3889913.31,0,0,0,0
RS-F-4305975-13214-20231016,4305975,Coxilha,RS,16/10/2023,13214,Chuvas Intensas,Reconhecido,46579.41,46579.41,93158.82,0,0,0,0
RS-F-4323507-13214-20231016,4323507,Vista Alegre,RS,16/10/2023,13214,Chuvas Intensas,Reconhecido,621720.76,613741.17,1235461.9300000002,0,0,0,0
SC-F-4207205-13214-20231016,4207205,Imaruí,SC,16/10/2023,13214,Chuvas Intensas,Reconhecido,1218180.37,8446.46,1226626.83,0,5,0,5
RS-F-4322400-12100-20231016,4322400,Uruguaiana,RS,16/10/2023,12100,Inundações,Reconhecido,1903305.03,1266969.57,3170274.6,0,318,23,341
RS-F-4318101-13214-20231016,4318101,São Francisco De Assis,RS,16/10/2023,13214,Chuvas Intensas,Reconhecido,1435898.84,1351434.2,2787333.04,0,0,0,0
RS-F-4322103-13214-20231016,4322103,Tucunduva,RS,16/10/2023,13214,Chuvas Intensas,Reconhecido,1401.55,0.0,1401.55,0,0,0,0
SC-F-4213153-13214-20231016,4213153,Planalto Alegre,SC,16/10/2023,13214,Chuvas Intensas,Registro,0.0,0.0,0.0,0,0,0,0
RS-F-4317608-13214-20231016,4317608,Santo Antônio Da Patrulha,RS,16/10/2023,13214,Chuvas Intensas,Registro,0.0,0.0,0.0,0,20,0,20
SC-F-4216404-13214-20231016,4216404,São João Do Sul,SC,16/10/2023,13214,Chuvas Intensas,Registro,527903.99,137255.04,665159.03,0,0,0,0
SC-F-4202099-13214-20231016,4202099,Barra Bonita,SC,16/10/2023,13214,Chuvas Intensas,Registro,0.0,0.0,0.0,0,0,0,0
SC-F-4208807-13214-20231016,4208807,Jaguaruna,SC,16/10/2023,13214,Chuvas Intensas,Registro,0.0,0.0,0.0,0,0,0,0
SC-F-4218509-13214-20231016,4218509,Treze Tílias,SC,16/10/2023,13214,Chuvas Intensas,Registro,0.0,0.0,0.0,0,0,0,0
RS-F-4308508-13214-20231017,4308508,Frederico Westphalen,RS,17/10/2023,13214,Chuvas Intensas,Reconhecido,5327404.83,3455716.51,8783121.34,0,157,0,157
RS-F-4320800-13214-20231017,4320800,Soledade,RS,17/10/2023,13214,Chuvas Intensas,Reconhecido,2359425.96,2378135.22,4737561.18,0,5,0,5
RS-F-4312708-13214-20231017,4312708,Nonoai,RS,17/10/2023,13214,Chuvas Intensas,Reconhecido,1335069.18,1253244.06,2588313.24,0,12,0,12
RS-F-4314704-13214-20231017,4314704,Planalto,RS,17/10/2023,13214,Chuvas Intensas,Reconhecido,897436.78,819834.89,1717271.67,0,120,0,120
RS-F-4321477-13214-20231017,4321477,Tiradentes Do Sul,RS,17/10/2023,13214,Chuvas Intensas,Reconhecido,1541479.64,4751.14,1546230.7799999998,0,40,40,80
RS-F-4323101-13214-20231017,4323101,Vicente Dutra,RS,17/10/2023,13214,Chuvas Intensas,Reconhecido,2356236.09,2007819.46,4364055.55,0,0,0,0
RS-F-4312302-13214-20231017,4312302,Miraguaí,RS,17/10/2023,13214,Chuvas Intensas,Reconhecido,368213.03,276093.78,644306.81,0,130,0,130
RS-F-4308458-13214-20231017,4308458,Fortaleza Dos Valos,RS,17/10/2023,13214,Chuvas Intensas,Registro,244890.44,0.0,244890.44,0,179,0,179
RS-F-4307450-13214-20231017,4307450,Esperança Do Sul,RS,17/10/2023,13214,Chuvas Intensas,Reconhecido,116138.88,96078.53,212217.41,0,0,0,0
RS-F-4321329-13214-20231017,4321329,Taquaruçu Do Sul,RS,17/10/2023,13214,Chuvas Intensas,Reconhecido,950227.17,636652.21,1586879.38,0,0,0,0
RS-F-4306072-13214-20231017,4306072,Cristal Do Sul,RS,17/10/2023,13214,Chuvas Intensas,Reconhecido,525216.95,507134.13,1032351.08,0,0,0,0
RS-F-4315552-13214-20231017,4315552,Rio Dos Índios,RS,17/10/2023,13214,Chuvas Intensas,Reconhecido,133554.46,104519.74,238074.2,0,20,0,20
RS-F-4323705-13214-20231017,4323705,Vista Gaúcha,RS,17/10/2023,13214,Chuvas Intensas,Reconhecido,411118.11,386953.62,798071.73,1,24,0,25
RS-F-4308052-13214-20231017,4308052,Faxinalzinho,RS,17/10/2023,13214,Chuvas Intensas,Reconhecido,85098.12,91327.39,176425.51,0,0,0,0
RS-F-4309126-13214-20231017,4309126,Gramado Dos Loureiros,RS,17/10/2023,13214,Chuvas Intensas,Reconhecido,2987408.65,2729263.6,5716672.25,0,0,0,0
RS-F-4306429-13214-20231017,4306429,Dois Irmãos Das Missões,RS,17/10/2023,13214,Chuvas Intensas,Reconhecido,238522.86,5279.04,243801.9,0,0,0,0
RS-F-4313441-13214-20231017,4313441,Novo Tiradentes,RS,17/10/2023,13214,Chuvas Intensas,Reconhecido,89953.57,9660.64,99614.21,0,0,0,0
RS-F-4316105-13214-20231017,4316105,Ronda Alta,RS,17/10/2023,13214,Chuvas Intensas,Registro,6862.75,0.0,6862.75,0,0,0,0
RS-F-4308854-13214-20231017,4308854,Gentil,RS,17/10/2023,13214,Chuvas Intensas,Reconhecido,939669.09,939669.09,1879338.18,0,0,0,0
RS-F-4313466-13214-20231017,4313466,Novo Xingu,RS,17/10/2023,13214,Chuvas Intensas,Reconhecido,232819.68,237570.81,470390.49,0,7,0,7
RS-F-4304853-13214-20231017,4304853,Carlos Gomes,RS,17/10/2023,13214,Chuvas Intensas,Reconhecido,727499.9,727499.9,1454999.8,0,0,0,0
SC-F-4208005-13214-20231017,4208005,Itá,SC,17/10/2023,13214,Chuvas Intensas,Reconhecido,35579.78,505020.4,540600.18,0,0,0,0
PR-F-4108502-13214-20231017,4108502,General Carneiro,PR,17/10/2023,13214,Chuvas Intensas,Reconhecido,3725946.33,0.0,3725946.33,0,0,0,0
RS-F-4307559-13214-20231017,4307559,Estação,RS,17/10/2023,13214,Chuvas Intensas,Registro,0.0,0.0,0.0,0,0,0,0
SC-F-4207684-13214-20231017,4207684,Ipuaçu,SC,17/10/2023,13214,Chuvas Intensas,Reconhecido,23078.08,0.0,23078.08,0,0,0,0
RS-F-4303400-13214-20231017,4303400,Caiçara,RS,17/10/2023,13214,Chuvas Intensas,Reconhecido,1963802.83,1327708.97,3291511.8,0,15,0,15
SC-F-4215687-13214-20231017,4215687,Santa Terezinha Do Progresso,SC,17/10/2023,13214,Chuvas Intensas,Reconhecido,591252.46,39592.8,630845.26,0,0,0,0
RS-F-4305116-13214-20231017,4305116,Centenário,RS,17/10/2023,13214,Chuvas Intensas,Reconhecido,706335.53,706335.53,1412671.06,0,0,0,0
RS-F-4316709-13214-20231017,4316709,Santa Bárbara Do Sul,RS,17/10/2023,13214,Chuvas Intensas,Registro,0.0,0.0,0.0,0,0,0,0
SC-F-4217501-13214-20231017,4217501,Seara,SC,17/10/2023,13214,Chuvas Intensas,Registro,42232.32,42232.32,84464.64,0,0,0,0
RS-F-4318002-12100-20231017,4318002,São Borja,RS,17/10/2023,12100,Inundações,Reconhecido,1273076.36,192984.8,1466061.1600000001,0,1184,180,1364
PR-F-4118600-12100-20231017,4118600,Paula Freitas,PR,17/10/2023,12100,Inundações,Reconhecido,19004.54,0.0,19004.54,0,24,48,72
RS-F-4310603-12100-20231017,4310603,Itaqui,RS,17/10/2023,12100,Inundações,Reconhecido,828809.26,638763.82,1467573.08,0,235,22,257
RS-F-4311403-12100-20231017,4311403,Lajeado,RS,17/10/2023,12100,Inundações,Registro,0.0,0.0,0.0,0,10,20,30
RS-F-4302378-13214-20231017,4302378,Bom Progresso,RS,17/10/2023,13214,Chuvas Intensas,Registro,15837.12,11613.89,27451.010000000002,0,0,0,0
SC-F-4200101-13214-20231017,4200101,Abelardo Luz,SC,17/10/2023,13214,Chuvas Intensas,Registro,0.0,0.0,0.0,0,0,0,0
SC-F-4206801-13214-20231017,4206801,Ibicaré,SC,17/10/2023,13214,Chuvas Intensas,Registro,0.0,0.0,0.0,0,0,0,0
SC-F-4218756-13214-20231017,4218756,Tunápolis,SC,17/10/2023,13214,Chuvas Intensas,Registro,0.0,0.0,0.0,0,0,0,0
RS-F-4315107-13214-20231018,4315107,Porto Xavier,RS,18/10/2023,13214,Chuvas Intensas,Reconhecido,3187948.82,731083.67,3919032.4899999998,0,550,50,600
RS-F-4313805-13214-20231018,4313805,Palmitinho,RS,18/10/2023,13214,Chuvas Intensas,Reconhecido,3241330.47,2175089.01,5416419.48,0,0,0,0
RS-F-4307203-13214-20231018,4307203,Erval Grande,RS,18/10/2023,13214,Chuvas Intensas,Reconhecido,633484.78,114027.26,747512.04,0,500,0,500
RS-F-4307302-13214-20231018,4307302,Erval Seco,RS,18/10/2023,13214,Chuvas Intensas,Registro,52790.4,731886.09,784676.49,0,0,0,0
SC-F-4211876-13214-20231018,4211876,Paial,SC,18/10/2023,13214,Chuvas Intensas,Reconhecido,105580.8,355620.94,461201.74,0,0,0,0
SC-F-4218251-12200-20231018,4218251,Timbó Grande,SC,18/10/2023,12200,Enxurradas,Registro,327300.47,0.0,327300.47,0,0,0,0
RS-F-4321907-13214-20231019,4321907,Três Passos,RS,19/10/2023,13214,Chuvas Intensas,Reconhecido,857540.85,858055.14,1715595.99,0,0,0,0
RS-F-4306734-13214-20231019,4306734,Doutor Maurício Cardoso,RS,19/10/2023,13214,Chuvas Intensas,Reconhecido,2944578.55,2971184.91,5915763.46,0,78,0,78
SC-F-4209854-13214-20231019,4209854,Lindóia Do Sul,SC,19/10/2023,13214,Chuvas Intensas,Registro,296900.67,0.0,296900.67,0,0,0,0
RS-F-4308656-12100-20231019,4308656,Garruchos,RS,19/10/2023,12100,Inundações,Registro,0.0,0.0,0.0,0,400,0,400
SC-F-4211454-13214-20231019,4211454,Nova Itaberaba,SC,19/10/2023,13214,Chuvas Intensas,Registro,624230.4,186004.12,810234.52,0,0,0,0
RS-F-4315057-12100-20231019,4315057,Porto Mauá,RS,19/10/2023,12100,Inundações,Reconhecido,1195174.62,1095928.67,2291103.29,0,25,5,30
SC-F-4202537-13214-20231019,4202537,Bom Jesus,SC,19/10/2023,13214,Chuvas Intensas,Registro,183580.72,0.0,183580.72,0,0,0,0
SC-F-4209458-13214-20231019,4209458,Lajeado Grande,SC,19/10/2023,13214,Chuvas Intensas,Registro,0.0,0.0,0.0,0,0,0,0
RS-F-4315073-12100-20231020,4315073,Porto Vera Cruz,RS,20/10/2023,12100,Inundações,Reconhecido,0.0,25077.76,25077.76,0,24,12,36
SC-F-4215075-13214-20231020,4215075,Riqueza,SC,20/10/2023,13214,Chuvas Intensas,Registro,0.0,0.0,0.0,0,0,0,0
RS-F-4319802-13214-20231023,4319802,São Vicente Do Sul,RS,23/10/2023,13214,Chuvas Intensas,Registro,0.0,0.0,0.0,0,0,0,0
SC-F-4215356-13214-20231023,4215356,Saltinho,SC,23/10/2023,13214,Chuvas Intensas,Reconhecido,49622.97,62026.47,111649.44,0,0,0,0
RS-F-4311759-12100-20231023,4311759,Manoel Viana,RS,23/10/2023,12100,Inundações,Reconhecido,1532105.12,1532105.12,3064210.24,0,48,0,48
PR-F-4121505-13214-20231025,4121505,Rebouças,PR,25/10/2023,13214,Chuvas Intensas,Reconhecido,1308568.4,4341904.7,5650473.1,0,6,0,6
PR-F-4113908-13214-20231025,4113908,Mallet,PR,25/10/2023,13214,Chuvas Intensas,Reconhecido,633012.2,628232.14,1261244.3399999999,0,96,0,96
PR-F-4118709-13214-20231025,4118709,Paulo Frontin,PR,25/10/2023,13214,Chuvas Intensas,Reconhecido,26078456.88,26020387.44,52098844.32,0,57,11,68
PR-F-4125605-13214-20231025,4125605,São Mateus Do Sul,PR,25/10/2023,13214,Chuvas Intensas,Reconhecido,214962.5,294148.1,509110.6,0,850,105,955
RS-F-4321808-13214-20231025,4321808,Três De Maio,RS,25/10/2023,13214,Chuvas Intensas,Reconhecido,479864.72,479864.72,959729.44,0,0,0,0
PR-F-4122008-13214-20231025,4122008,Rio Azul,PR,25/10/2023,13214,Chuvas Intensas,Reconhecido,4149196.26,3875448.74,8024645.0,0,107,5,112
PR-F-4105706-13214-20231025,4105706,Clevelândia,PR,25/10/2023,13214,Chuvas Intensas,Reconhecido,4223231.88,4244348.04,8467579.92,0,0,0,0
PR-F-4122503-13214-20231025,4122503,Roncador,PR,25/10/2023,13214,Chuvas Intensas,Reconhecido,367421.17,0.0,367421.17,0,0,0,0
PR-F-4117701-13214-20231025,4117701,Palmeira,PR,25/10/2023,13214,Chuvas Intensas,Reconhecido,4391362.02,3442937.32,7834299.34,0,0,0,0
PR-F-4120101-13214-20231025,4120101,Porto Amazonas,PR,25/10/2023,13214,Chuvas Intensas,Reconhecido,564857.26,105580.8,670438.06,0,304,80,384
RS-F-4312427-12200-20231025,4312427,Mormaço,RS,25/10/2023,12200,Enxurradas,Registro,0.0,0.0,0.0,0,0,0,0
PR-F-4104204-12200-20231026,4104204,Campo Largo,PR,26/10/2023,12200,Enxurradas,Registro,0.0,0.0,0.0,0,0,0,0
PR-F-4103479-12200-20231026,4103479,Cafezal Do Sul,PR,26/10/2023,12200,Enxurradas,Registro,0.0,0.0,0.0,0,0,0,0
PR-F-4128203-13214-20231026,4128203,União Da Vitória,PR,26/10/2023,13214,Chuvas Intensas,Registro,0.0,0.0,0.0,0,0,0,0
RS-F-4310405-13214-20231027,4310405,Independência,RS,27/10/2023,13214,Chuvas Intensas,Reconhecido,564857.26,564857.26,1129714.52,0,0,0,0
PR-F-4125100-13214-20231027,4125100,São João Do Triunfo,PR,27/10/2023,13214,Chuvas Intensas,Reconhecido,3389685.23,3430695.6,6820380.83,0,15,0,15
SC-F-4205001-12200-20231027,4205001,Dionísio Cerqueira,SC,27/10/2023,12200,Enxurradas,Reconhecido,253393.91,739065.58,992459.49,0,4,0,4
PR-F-4110607-12200-20231027,4110607,Iporã,PR,27/10/2023,12200,Enxurradas,Reconhecido,298793.66,10558.08,309351.74,0,0,0,0
PR-F-4108320-12200-20231027,4108320,Francisco Alves,PR,27/10/2023,12200,Enxurradas,Reconhecido,1161388.77,844646.38,2006035.15,0,0,0,0
PR-F-4124806-12200-20231027,4124806,São João,PR,27/10/2023,12200,Enxurradas,Reconhecido,4303889.12,4303889.12,8607778.24,0,0,0,0
SC-F-4216255-13214-20231027,4216255,São João Do Oeste,SC,27/10/2023,13214,Chuvas Intensas,Registro,54374.11,158371.2,212745.31,0,0,0,0
PR-F-4127601-13214-20231027,4127601,Tijucas Do Sul,PR,27/10/2023,13214,Chuvas Intensas,Registro,0.0,0.0,0.0,0,0,0,0
SC-F-4202099-13214-20231027,4202099,Barra Bonita,SC,27/10/2023,13214,Chuvas Intensas,Registro,0.0,0.0,0.0,0,0,0,0
SC-F-4206405-13214-20231027,4206405,Guaraciaba,SC,27/10/2023,13214,Chuvas Intensas,Registro,0.0,0.0,0.0,0,0,0,0
SC-F-4218756-13214-20231027,4218756,Tunápolis,SC,27/10/2023,13214,Chuvas Intensas,Registro,0.0,0.0,0.0,0,0,0,0
SC-F-4215000-13214-20231028,4215000,Rio Negrinho,SC,28/10/2023,13214,Chuvas Intensas,Registro,0.0,0.0,0.0,0,40,16,56
PR-F-4124400-12200-20231028,4124400,Santo Antônio Do Sudoeste,PR,28/10/2023,12200,Enxurradas,Reconhecido,8106493.6,87162.23,8193655.83,0,35,15,50
PR-F-4107207-13214-20231028,4107207,Dois Vizinhos,PR,28/10/2023,13214,Chuvas Intensas,Reconhecido,29740291.23,11951956.46,41692247.69,0,2400,132,2532
PR-F-4104600-12200-20231028,4104600,Capitão Leônidas Marques,PR,28/10/2023,12200,Enxurradas,Reconhecido,300143.4,29708.32,329851.72000000003,0,21,0,21
SC-F-4202909-13214-20231028,4202909,Brusque,SC,28/10/2023,13214,Chuvas Intensas,Registro,0.0,0.0,0.0,0,0,0,0
PR-F-4113304-12200-20231028,4113304,Laranjeiras Do Sul,PR,28/10/2023,12200,Enxurradas,Reconhecido,13695927.5,21122480.72,34818408.22,0,79,10,89
PR-F-4122156-13214-20231028,4122156,Rio Bonito Do Iguaçu,PR,28/10/2023,13214,Chuvas Intensas,Reconhecido,3723544.37,3723544.37,7447088.74,0,0,0,0
PR-F-4107546-12200-20231028,4107546,Espigão Alto Do Iguaçu,PR,28/10/2023,12200,Enxurradas,Reconhecido,1817516.83,1680261.79,3497778.62,0,200,0,200
PR-F-4114500-12200-20231028,4114500,Manoel Ribas,PR,28/10/2023,12200,Enxurradas,Reconhecido,1803985.35,1803985.35,3607970.7,0,0,0,0
PR-F-4116950-12200-20231028,4116950,Nova Esperança Do Sudoeste,PR,28/10/2023,12200,Enxurradas,Reconhecido,643791.95,145762.95,789554.8999999999,0,1,0,1
PR-F-4106506-12200-20231028,4106506,Coronel Vivida,PR,28/10/2023,12200,Enxurradas,Reconhecido,7620821.93,31515.87,7652337.8,0,0,0,0
PR-F-4120903-13214-20231028,4120903,Quedas Do Iguaçu,PR,28/10/2023,13214,Chuvas Intensas,Reconhecido,5827004.19,5805771.89,11632776.08,0,0,8,8
PR-F-4103024-12200-20231028,4103024,Boa Esperança Do Iguaçu,PR,28/10/2023,12200,Enxurradas,Reconhecido,7486280.32,90672.79,7576953.11,0,164,9,173
PR-F-4123808-12200-20231028,4123808,Santa Izabel Do Oeste,PR,28/10/2023,12200,Enxurradas,Reconhecido,11175727.37,211161.59,11386888.959999999,0,1600,16,1616
PR-F-4108957-12300-20231028,4108957,Guamiranga,PR,28/10/2023,12300,Alagamentos,Registro,279328.78,0.0,279328.78,0,15,0,15
PR-F-4120150-12200-20231028,4120150,Porto Barreiro,PR,28/10/2023,12200,Enxurradas,Reconhecido,3451253.6,3451253.6,6902507.2,0,4,0,4
SC-F-4203501-13214-20231028,4203501,Campo Erê,SC,28/10/2023,13214,Chuvas Intensas,Reconhecido,374811.83,290347.19,665159.02,0,0,0,0
PR-F-4117057-12200-20231028,4117057,Nova Laranjeiras,PR,28/10/2023,12200,Enxurradas,Reconhecido,13952502.34,13025729.94,26978232.28,0,44,112,156
PR-F-4119004-13214-20231028,4119004,Pérola D`Oeste,PR,28/10/2023,13214,Chuvas Intensas,Reconhecido,261840.38,261840.38,523680.76,0,0,0,0
PR-F-4121406-13214-20231028,4121406,Realeza,PR,28/10/2023,13214,Chuvas Intensas,Reconhecido,4505660.52,299321.56,4804982.079999999,0,5,0,5
PR-F-4126652-12200-20231028,4126652,Sulina,PR,28/10/2023,12200,Enxurradas,Reconhecido,842314.15,338961.68,1181275.83,0,36,75,111
PR-F-4104451-12200-20231028,4104451,Cantagalo,PR,28/10/2023,12200,Enxurradas,Registro,2940425.2,2940425.2,5880850.4,0,0,0,0
PR-F-4128658-12200-20231028,4128658,Virmond,PR,28/10/2023,12200,Enxurradas,Reconhecido,1752957.97,1622037.79,3374995.76,0,0,0,0
PR-F-4104428-12100-20231028,4104428,Candói,PR,28/10/2023,12100,Inundações,Reconhecido,950227.17,950227.17,1900454.34,0,0,0,0
PR-F-4109658-12200-20231028,4109658,Honório Serpa,PR,28/10/2023,12200,Enxurradas,Reconhecido,1131336.95,1131336.95,2262673.9,0,19,2,21
PR-F-4104501-13214-20231028,4104501,Capanema,PR,28/10/2023,13214,Chuvas Intensas,Reconhecido,3095655.37,2789038.17,5884693.54,0,31,0,31
PR-F-4117255-13214-20231028,4117255,Nova Prata Do Iguaçu,PR,28/10/2023,13214,Chuvas Intensas,Reconhecido,10359461.11,9475749.84,19835210.95,0,60,0,60
PR-F-4125506-12300-20231028,4125506,São José Dos Pinhais,PR,28/10/2023,12300,Alagamentos,Reconhecido,1219255.49,127127.73,1346383.22,0,180,35,215
SC-F-4205357-13214-20231028,4205357,Flor Do Sertão,SC,28/10/2023,13214,Chuvas Intensas,Registro,0.0,527.9,527.9,0,0,0,0
PR-F-4128609-12200-20231028,4128609,Verê,PR,28/10/2023,12200,Enxurradas,Reconhecido,912745.99,867346.25,1780092.24,0,31,0,31
PR-F-4118501-12200-20231028,4118501,Pato Branco,PR,28/10/2023,12200,Enxurradas,Reconhecido,11629724.8,11656139.0,23285863.8,0,0,0,0
PR-F-4110102-13214-20231028,4110102,Imbituva,PR,28/10/2023,13214,Chuvas Intensas,Reconhecido,0.0,66581.56,66581.56,0,55,15,70
PR-F-4101002-12200-20231028,4101002,Ampére,PR,28/10/2023,12200,Enxurradas,Reconhecido,739065.58,0.0,739065.58,0,96,65,161
SC-F-4212007-13214-20231028,4212007,Palma Sola,SC,28/10/2023,13214,Chuvas Intensas,Registro,160482.81,0.0,160482.81,0,0,0,0
PR-F-4123006-12200-20231028,4123006,Salto Do Lontra,PR,28/10/2023,12200,Enxurradas,Reconhecido,780856.59,387040.22,1167896.81,0,206,30,236
SC-F-4208401-13214-20231028,4208401,Itapiranga,SC,28/10/2023,13214,Chuvas Intensas,Registro,0.0,0.0,0.0,0,0,0,0
PR-F-4116802-12200-20231028,4116802,Nova Cantu,PR,28/10/2023,12200,Enxurradas,Registro,3271104.26,0.0,3271104.26,0,0,0,0
SC-F-4210100-13214-20231028,4210100,Mafra,SC,28/10/2023,13214,Chuvas Intensas,Registro,0.0,0.0,0.0,0,0,0,0
SC-F-4218509-13214-20231028,4218509,Treze Tílias,SC,28/10/2023,13214,Chuvas Intensas,Registro,0.0,0.0,0.0,0,0,0,0
PR-F-4120606-13214-20231029,4120606,Prudentópolis,PR,29/10/2023,13214,Chuvas Intensas,Reconhecido,50262315.98,50262315.98,100524631.96,0,998,31,1029
PR-F-4119301-12200-20231029,4119301,Pinhão,PR,29/10/2023,12200,Enxurradas,Reconhecido,0.0,880298.37,880298.37,0,4,0,4
PR-F-4110706-13214-20231029,4110706,Irati,PR,29/10/2023,13214,Chuvas Intensas,Reconhecido,5260919.09,4694546.38,9955465.469999999,0,4,30,34
PR-F-4119608-13214-20231029,4119608,Pitanga,PR,29/10/2023,13214,Chuvas Intensas,Reconhecido,36690382.8,31685853.02,68376235.82,0,800,25,825
SC-F-4201703-13214-20231029,4201703,Ascurra,SC,29/10/2023,13214,Chuvas Intensas,Registro,21116.16,0.0,21116.16,0,0,0,0
PR-F-4104402-12200-20231029,4104402,Cândido De Abreu,PR,29/10/2023,12200,Enxurradas,Reconhecido,695249.55,352639.86,1047889.41,0,18,11,29
PR-F-4127502-13214-20231029,4127502,Tibagi,PR,29/10/2023,13214,Chuvas Intensas,Reconhecido,755061.07,561848.21,1316909.2799999998,0,5,5,10
PR-F-4122206-13214-20231029,4122206,Rio Branco Do Sul,PR,29/10/2023,13214,Chuvas Intensas,Reconhecido,6886929.81,739065.58,7625995.39,0,45,43,88
PR-F-4110201-13214-20231029,4110201,Inácio Martins,PR,29/10/2023,13214,Chuvas Intensas,Reconhecido,1803531.18,1803531.18,3607062.36,0,0,0,0
PR-F-4111407-12100-20231029,4111407,Ivaí,PR,29/10/2023,12100,Inundações,Reconhecido,6479282.36,5218436.48,11697718.84,0,12,2,14
PR-F-4101853-12100-20231029,4101853,Ariranha Do Ivaí,PR,29/10/2023,12100,Inundações,Reconhecido,22171.97,0.0,22171.97,0,0,0,0
PR-F-4117800-13214-20231029,4117800,Palmital,PR,29/10/2023,13214,Chuvas Intensas,Reconhecido,10684776.67,9164413.19,19849189.86,0,250,0,250
PR-F-4110508-12200-20231029,4110508,Ipiranga,PR,29/10/2023,12200,Enxurradas,Reconhecido,10606629.98,7280834.87,17887464.85,0,244,10,254
PR-F-4115739-12200-20231029,4115739,Mato Rico,PR,29/10/2023,12200,Enxurradas,Reconhecido,512066.87,207810.8,719877.6699999999,0,7,4,11
PR-F-4103222-12200-20231029,4103222,Bom Sucesso Do Sul,PR,29/10/2023,12200,Enxurradas,Reconhecido,717949.42,696833.26,1414782.6800000002,0,20,0,20
PR-F-4100459-13214-20231029,4100459,Altamira Do Paraná,PR,29/10/2023,13214,Chuvas Intensas,Registro,105580.8,21116.16,126696.96,0,100,0,100
PR-F-4119400-12300-20231029,4119400,Piraí Do Sul,PR,29/10/2023,12300,Alagamentos,Reconhecido,508385.45,159229.76,667615.21,0,270,30,303
PR-F-4106902-12300-20231029,4106902,Curitiba,PR,29/10/2023,12300,Alagamentos,Registro,0.0,0.0,0.0,0,152,0,152
SC-F-4215802-13214-20231029,4215802,São Bento Do Sul,SC,29/10/2023,13214,Chuvas Intensas,Registro,0.0,0.0,0.0,0,0,0,0
RS-F-4310207-13214-20231030,4310207,Ijuí,RS,30/10/2023,13214,Chuvas Intensas,Reconhecido,2005507.24,2005507.24,4011014.48,0,0,0,0
PR-F-4113254-12200-20231030,4113254,Laranjal,PR,30/10/2023,12200,Enxurradas,Reconhecido,1417950.1,90799.49,1508749.59,0,40,0,40
PR-F-4123857-13214-20231030,4123857,Santa Maria Do Oeste,PR,30/10/2023,13214,Chuvas Intensas,Reconhecido,2627906.04,2468264.71,5096170.75,0,0,0,0
RS-F-4320321-13214-20231030,4320321,Senador Salgado Filho,RS,30/10/2023,13214,Chuvas Intensas,Reconhecido,348741.82,348741.82,697483.64,0,0,0,0
PR-F-4106571-12100-20231030,4106571,Cruzeiro Do Iguaçu,PR,30/10/2023,12100,Inundações,Reconhecido,136178.11,125092.13,261270.24,0,23,4,27
PR-F-4117271-13214-20231030,4117271,Nova Tebas,PR,30/10/2023,13214,Chuvas Intensas,Reconhecido,248504.59,274688.63,523193.22,0,8,0,8
PR-F-4110805-12100-20231030,4110805,Iretama,PR,30/10/2023,12100,Inundações,Reconhecido,200636.98,195674.69,396311.67000000004,0,30,0,30
PR-F-4125001-12100-20231030,4125001,São João Do Ivaí,PR,30/10/2023,12100,Inundações,Reconhecido,337858.55,341284.65,679143.2,0,9,0,9
SC-F-4218905-13214-20231030,4218905,Urubici,SC,30/10/2023,13214,Chuvas Intensas,Registro,0.0,0.0,0.0,0,0,0,0
PR-F-4104907-12200-20231031,4104907,Castro,PR,31/10/2023,12200,Enxurradas,Reconhecido,4735469.73,3775303.41,8510773.14,0,20,10,30
SC-F-4200804-13214-20231031,4200804,Anchieta,SC,31/10/2023,13214,Chuvas Intensas,Reconhecido,527903.99,47511.36,575415.35,0,0,0,0
PR-F-4113452-12200-20231031,4113452,Lindoeste,PR,31/10/2023,12200,Enxurradas,Reconhecido,3914735.35,4153875.86,8068611.21,0,0,0,0
SC-F-4215356-13214-20231031,4215356,Saltinho,SC,31/10/2023,13214,Chuvas Intensas,Registro,0.0,36953.28,36953.28,0,0,0,0
SC-F-4216107-13214-20231101,4216107,São Domingos,SC,01/11/2023,13214,Chuvas Intensas,Reconhecido,15155888.82,12109.27,15167998.09,0,180,3,183
SC-F-4204707-13214-20231101,4204707,Cunha Porã,SC,01/11/2023,13214,Chuvas Intensas,Reconhecido,4289219.88,154654.75,4443874.63,0,4,0,4
RS-F-4312708-13214-20231101,4312708,Nonoai,RS,01/11/2023,13214,Chuvas Intensas,Registro,0.0,0.0,0.0,0,0,0,0
SC-F-4216701-11321-20231101,4216701,São José Do Cedro,SC,01/11/2023,11321,Movimento de Massa,Registro,0.0,0.0,0.0,0,0,0,0
SC-F-4218509-13214-20231101,4218509,Treze Tílias,SC,01/11/2023,13214,Chuvas Intensas,Registro,0.0,0.0,0.0,0,0,0,0
RS-F-4316105-13214-20231102,4316105,Ronda Alta,RS,02/11/2023,13214,Chuvas Intensas,Reconhecido,43593.26,50456.01,94049.27,0,0,0,0
RS-F-4305801-13214-20231102,4305801,Constantina,RS,02/11/2023,13214,Chuvas Intensas,Reconhecido,7741184.04,7754170.48,15495354.52,0,0,0,0
SC-F-4217303-13214-20231102,4217303,Saudades,SC,02/11/2023,13214,Chuvas Intensas,Registro,98770.84,56737.45,155508.28999999998,0,0,0,0
SC-F-4210506-13214-20231102,4210506,Maravilha,SC,02/11/2023,13214,Chuvas Intensas,Reconhecido,0.0,14811.19,14811.19,0,16,0,16
RS-F-4304309-12200-20231102,4304309,Cândido Godói,RS,02/11/2023,12200,Enxurradas,Reconhecido,781297.9,781297.9,1562595.8,0,0,0,0
PR-F-4117602-12200-20231102,4117602,Palmas,PR,02/11/2023,12200,Enxurradas,Reconhecido,1300947.37,1356796.44,2657743.81,0,0,0,0
RS-F-4300406-12200-20231102,4300406,Alegrete,RS,02/11/2023,12200,Enxurradas,Reconhecido,1361740.73,1361740.73,2723481.46,0,0,0,0
SC-F-4208955-13214-20231102,4208955,Jardinópolis,SC,02/11/2023,13214,Chuvas Intensas,Reconhecido,1046305.7,73906.56,1120212.26,0,37,0,37
SC-F-4214201-13214-20231102,4214201,Quilombo,SC,02/11/2023,13214,Chuvas Intensas,Reconhecido,22400586.92,1928982.28,24329569.200000003,0,61,21,84
SC-F-4214409-12300-20231102,4214409,Rio Das Antas,SC,02/11/2023,12300,Alagamentos,Registro,0.0,0.0,0.0,0,16,0,16
SC-F-4215695-13214-20231102,4215695,Santiago Do Sul,SC,02/11/2023,13214,Chuvas Intensas,Registro,656712.56,633484.78,1290197.34,0,2,0,2
SC-F-4215109-13214-20231102,4215109,Rodeio,SC,02/11/2023,13214,Chuvas Intensas,Registro,0.0,0.0,0.0,0,0,0,0
SC-F-4215687-13214-20231102,4215687,Santa Terezinha Do Progresso,SC,02/11/2023,13214,Chuvas Intensas,Registro,0.0,0.0,0.0,0,0,0,0
SC-F-4216701-12300-20231102,4216701,São José Do Cedro,SC,02/11/2023,12300,Alagamentos,Registro,0.0,0.0,0.0,0,0,0,0
SC-F-4216800-13214-20231102,4216800,São José Do Cerrito,SC,02/11/2023,13214,Chuvas Intensas,Registro,0.0,0.0,0.0,0,0,0,0
SC-F-4217758-13214-20231102,4217758,Sul Brasil,SC,02/11/2023,13214,Chuvas Intensas,Registro,0.0,0.0,0.0,0,0,0,0
SC-F-4218756-13214-20231102,4218756,Tunápolis,SC,02/11/2023,13214,Chuvas Intensas,Registro,0.0,0.0,0.0,0,0,0,0
SC-F-4218855-13214-20231102,4218855,União Do Oeste,SC,02/11/2023,13214,Chuvas Intensas,Registro,1680846.29,0.0,1680846.29,0,0,0,0
SC-F-4218202-13214-20231103,4218202,Timbó,SC,03/11/2023,13214,Chuvas Intensas,Registro,0.0,0.0,0.0,0,0,50,50
RS-F-4301701-13214-20231103,4301701,Barão De Cotegipe,RS,03/11/2023,13214,Chuvas Intensas,Reconhecido,431213.09,393204.0,824417.0900000001,0,0,0,0
RS-F-4300901-13214-20231103,4300901,Aratiba,RS,03/11/2023,13214,Chuvas Intensas,Reconhecido,633484.78,633484.78,1266969.56,0,0,0,0
RS-F-4308706-13214-20231103,4308706,Gaurama,RS,03/11/2023,13214,Chuvas Intensas,Reconhecido,140855.34,140855.34,281710.68,0,0,0,0
RS-F-4307559-13214-20231103,4307559,Estação,RS,03/11/2023,13214,Chuvas Intensas,Reconhecido,268954.2,268954.2,537908.4,0,0,0,0
PR-F-4101705-13214-20231103,4101705,Araruna,PR,03/11/2023,13214,Chuvas Intensas,Reconhecido,348395.51,316721.28,665116.79,0,15,0,15
RS-F-4305116-13214-20231103,4305116,Centenário,RS,03/11/2023,13214,Chuvas Intensas,Reconhecido,1332551.08,1332551.08,2665102.16,0,0,0,0
RS-F-4321634-13214-20231103,4321634,Três Arroios,RS,03/11/2023,13214,Chuvas Intensas,Reconhecido,1134993.57,1134993.57,2269987.14,0,0,0,0
PR-F-4103958-13214-20231103,4103958,Campina Do Simão,PR,03/11/2023,13214,Chuvas Intensas,Reconhecido,947059.75,968175.91,1915235.6600000001,0,3,0,3
SC-F-4205159-13214-20231103,4205159,Doutor Pedrinho,SC,03/11/2023,13214,Chuvas Intensas,Reconhecido,527903.99,90799.49,618703.48,0,65,0,65
SC-F-4215554-13214-20231103,4215554,Santa Helena,SC,03/11/2023,13214,Chuvas Intensas,Registro,232277.75,135143.42,367421.17000000004,0,0,0,0
RS-F-4314134-13214-20231103,4314134,Paulo Bento,RS,03/11/2023,13214,Chuvas Intensas,Reconhecido,122473.72,122473.72,244947.44,0,0,0,0
RS-F-4302055-13214-20231103,4302055,Benjamin Constant Do Sul,RS,03/11/2023,13214,Chuvas Intensas,Reconhecido,855204.46,855204.46,1710408.92,0,0,0,0
SC-F-4202206-13214-20231103,4202206,Benedito Novo,SC,03/11/2023,13214,Chuvas Intensas,Reconhecido,666987.68,48567.17,715554.8500000001,0,48,0,48
RS-F-4306130-13214-20231103,4306130,Cruzaltense,RS,03/11/2023,13214,Chuvas Intensas,Reconhecido,910060.87,910060.87,1820121.74,0,0,0,0
RS-F-4314787-13214-20231103,4314787,Ponte Preta,RS,03/11/2023,13214,Chuvas Intensas,Reconhecido,782828.82,785943.45,1568772.27,0,0,0,0
SC-F-4210555-13214-20231103,4210555,Marema,SC,03/11/2023,13214,Chuvas Intensas,Reconhecido,118715.05,149888.39,268603.44,0,0,0,0
RS-F-4301925-13214-20231103,4301925,Barra Do Rio Azul,RS,03/11/2023,13214,Chuvas Intensas,Reconhecido,5908301.41,1436954.65,7345256.0600000005,0,0,356,356
PR-F-4106803-13214-20231103,4106803,Cruz Machado,PR,03/11/2023,13214,Chuvas Intensas,Reconhecido,574887.44,12141.79,587029.23,0,12,4,16
SC-F-4204400-13214-20231103,4204400,Coronel Freitas,SC,03/11/2023,13214,Chuvas Intensas,Registro,305128.5,12669.7,317798.2,0,28,2,30
SC-F-4212270-13214-20231103,4212270,Passos Maia,SC,03/11/2023,13214,Chuvas Intensas,Reconhecido,13365351.62,18780.67,13384132.29,0,0,0,0
PR-F-4125704-12100-20231103,4125704,São Miguel Do Iguaçu,PR,03/11/2023,12100,Inundações,Reconhecido,821418.6,56893.94,878312.54,0,550,485,1035
PR-F-4120309-13214-20231103,4120309,Porto Vitória,PR,03/11/2023,13214,Chuvas Intensas,Reconhecido,304072.7,84464.64,388537.34,0,19,6,25
SC-F-4207684-13214-20231103,4207684,Ipuaçu,SC,03/11/2023,13214,Chuvas Intensas,Reconhecido,16846.82,0.0,16846.82,0,9,0,9
RS-F-4322186-13214-20231103,4322186,Tupanci Do Sul,RS,03/11/2023,13214,Chuvas Intensas,Reconhecido,105580.8,105580.8,211161.6,0,0,10,10
SC-F-4202537-13214-20231103,4202537,Bom Jesus,SC,03/11/2023,13214,Chuvas Intensas,Reconhecido,232336.5,0.0,232336.5,0,0,0,0
SC-F-4215687-13214-20231103,4215687,Santa Terezinha Do Progresso,SC,03/11/2023,13214,Chuvas Intensas,Registro,158371.2,0.0,158371.2,0,0,0,0
SC-F-4211850-13214-20231103,4211850,Ouro Verde,SC,03/11/2023,13214,Chuvas Intensas,Reconhecido,855236.13,0.0,855236.13,0,0,0,0
SC-F-4205357-13214-20231103,4205357,Flor Do Sertão,SC,03/11/2023,13214,Chuvas Intensas,Registro,0.0,527.9,527.9,0,0,0,0
PR-F-4115457-13214-20231103,4115457,Marquinho,PR,03/11/2023,13214,Chuvas Intensas,Reconhecido,275882.62,27588.26,303470.88,0,0,0,0
PR-F-4123303-12200-20231103,4123303,Santa Cruz De Monte Castelo,PR,03/11/2023,12200,Enxurradas,Reconhecido,628205.74,549020.14,1177225.88,0,10,0,10
SC-F-4219309-12100-20231103,4219309,Videira,SC,03/11/2023,12100,Inundações,Reconhecido,0.0,251853.49,251853.49,0,0,0,0
SC-F-4200556-13214-20231103,4200556,Águas Frias,SC,03/11/2023,13214,Chuvas Intensas,Registro,26395.2,166611.78,193006.98,0,0,0,0
PR-F-4115804-13214-20231103,4115804,Medianeira,PR,03/11/2023,13214,Chuvas Intensas,Reconhecido,2787756.42,25503.57,2813259.9899999998,0,226,0,226
SC-F-4217204-13214-20231103,4217204,São Miguel Do Oeste,SC,03/11/2023,13214,Chuvas Intensas,Reconhecido,0.0,278416.56,278416.56,0,120,0,120
SC-F-4201307-13214-20231103,4201307,Araquari,SC,03/11/2023,13214,Chuvas Intensas,Reconhecido,0.0,0.0,0.0,0,12,0,12
SC-F-4216701-13214-20231103,4216701,São José Do Cedro,SC,03/11/2023,13214,Chuvas Intensas,Registro,0.0,179487.36,179487.36,0,0,0,0
SC-F-4210001-13214-20231103,4210001,Luiz Alves,SC,03/11/2023,13214,Chuvas Intensas,Registro,897436.78,903156.38,1800593.1600000001,0,0,0,0
SC-F-4203204-13214-20231103,4203204,Camboriú,SC,03/11/2023,13214,Chuvas Intensas,Registro,0.0,0.0,0.0,0,0,0,0
RS-F-4303806-13214-20231103,4303806,Campinas Do Sul,RS,03/11/2023,13214,Chuvas Intensas,Registro,0.0,0.0,0.0,0,0,0,0
SC-F-4201703-13214-20231103,4201703,Ascurra,SC,03/11/2023,13214,Chuvas Intensas,Registro,0.0,0.0,0.0,0,0,0,0
SC-F-4207502-13214-20231103,4207502,Indaial,SC,03/11/2023,13214,Chuvas Intensas,Registro,0.0,0.0,0.0,0,0,0,0
SC-F-4213401-13214-20231103,4213401,Ponte Serrada,SC,03/11/2023,13214,Chuvas Intensas,Registro,0.0,0.0,0.0,0,0,0,0
SC-F-4214706-13214-20231103,4214706,Rio Dos Cedros,SC,03/11/2023,13214,Chuvas Intensas,Registro,0.0,0.0,0.0,0,0,0,0
SC-F-4215059-13214-20231103,4215059,Rio Rufino,SC,03/11/2023,13214,Chuvas Intensas,Registro,0.0,0.0,0.0,0,0,0,0
RS-F-4314498-13214-20231104,4314498,Pinheirinho Do Vale,RS,04/11/2023,13214,Chuvas Intensas,Reconhecido,1752641.23,1611479.71,3364120.94,0,12,0,12
RS-F-4306320-13214-20231104,4306320,Derrubadas,RS,04/11/2023,13214,Chuvas Intensas,Reconhecido,235870.35,217707.6,453577.95,0,8,0,8
RS-F-4311205-13214-20231104,4311205,Júlio De Castilhos,RS,04/11/2023,13214,Chuvas Intensas,Registro,0.0,0.0,0.0,0,0,0,0
SC-F-4204509-11321-20231104,4204509,Corupá,SC,04/11/2023,11321,Movimento de Massa,Registro,0.0,0.0,0.0,0,0,0,0
SC-F-4209458-11321-20231104,4209458,Lajeado Grande,SC,04/11/2023,11321,Movimento de Massa,Registro,0.0,0.0,0.0,0,0,0,0
PR-F-4121000-12100-20231105,4121000,Querência Do Norte,PR,05/11/2023,12100,Inundações,Reconhecido,1309201.88,380090.87,1689292.75,0,120,0,120
PR-F-4108650-13214-20231108,4108650,Goioxim,PR,08/11/2023,13214,Chuvas Intensas,Reconhecido,462443.89,296154.14,758598.03,0,63,0,63
PR-F-4102901-13214-20231108,4102901,Bituruna,PR,08/11/2023,13214,Chuvas Intensas,Reconhecido,265958.17,265958.17,531916.34,0,0,0,0
RS-F-4307302-13214-20231109,4307302,Erval Seco,RS,09/11/2023,13214,Chuvas Intensas,Reconhecido,830129.02,837308.51,1667437.53,0,0,0,0
SC-F-4202099-12100-20231109,4202099,Barra Bonita,SC,09/11/2023,12100,Inundações,Registro,0.0,0.0,0.0,0,0,0,0
SC-F-4202602-13214-20231112,4202602,Bom Retiro,SC,12/11/2023,13214,Chuvas Intensas,Reconhecido,828809.26,0.0,828809.26,0,0,0,0
RS-F-4306601-12100-20231112,4306601,Dom Pedrito,RS,12/11/2023,12100,Inundações,Registro,0.0,1266969.57,1266969.57,0,2506,54,2560
RS-F-4317608-13214-20231112,4317608,Santo Antônio Da Patrulha,RS,12/11/2023,13214,Chuvas Intensas,Registro,0.0,0.0,0.0,0,18,0,18
RS-F-4319752-12200-20231113,4319752,São Vendelino,RS,13/11/2023,12200,Enxurradas,Registro,1034691.81,1034691.81,2069383.62,0,0,0,0
RS-F-4319604-13214-20231113,4319604,São Sepé,RS,13/11/2023,13214,Chuvas Intensas,Registro,0.0,0.0,0.0,0,0,0,0
SC-F-4215802-13214-20231113,4215802,São Bento Do Sul,SC,13/11/2023,13214,Chuvas Intensas,Registro,0.0,0.0,0.0,0,0,0,0
PR-F-4119806-12200-20231114,4119806,Planalto,PR,14/11/2023,12200,Enxurradas,Registro,941569.55,316742.39,1258311.94,0,0,0,0
PR-F-4124400-12200-20231115,4124400,Santo Antônio Do Sudoeste,PR,15/11/2023,12200,Enxurradas,Reconhecido,7235371.78,3165126.47,10400498.25,0,660,0,660
SC-F-4216800-13214-20231115,4216800,São José Do Cerrito,SC,15/11/2023,13214,Chuvas Intensas,Reconhecido,419149.22,194067.64,613216.86,0,342,4,346
PR-F-4118501-12200-20231115,4118501,Pato Branco,PR,15/11/2023,12200,Enxurradas,Reconhecido,14252879.7,14221733.37,28474613.07,0,0,0,0
SC-F-4212056-13214-20231115,4212056,Palmeira,SC,15/11/2023,13214,Chuvas Intensas,Registro,975652.17,0.0,975652.17,0,0,0,0
PR-F-4122800-12200-20231115,4122800,Salgado Filho,PR,15/11/2023,12200,Enxurradas,Reconhecido,769684.01,760181.74,1529865.75,0,14,2,16
PR-F-4114351-12200-20231115,4114351,Manfrinópolis,PR,15/11/2023,12200,Enxurradas,Reconhecido,493695.81,286185.2,779881.01,0,0,0,0
SC-F-4211504-13214-20231115,4211504,Nova Trento,SC,15/11/2023,13214,Chuvas Intensas,Reconhecido,628205.74,71660.1,699865.84,0,40,0,40
SC-F-4209805-13214-20231115,4209805,Leoberto Leal,SC,15/11/2023,13214,Chuvas Intensas,Registro,0.0,274510.07,274510.07,0,0,0,0
SC-F-4202438-13214-20231115,4202438,Bocaina Do Sul,SC,15/11/2023,13214,Chuvas Intensas,Registro,0.0,0.0,0.0,0,0,0,0
SC-F-4202909-13214-20231116,4202909,Brusque,SC,16/11/2023,13214,Chuvas Intensas,Reconhecido,14240483.37,18204099.8,32444583.17,0,479,38,517
RS-F-4306106-13214-20231116,4306106,Cruz Alta,RS,16/11/2023,13214,Chuvas Intensas,Reconhecido,1042363.25,561302.53,1603665.78,0,0,0,0
RS-F-4308904-13214-20231116,4308904,Getúlio Vargas,RS,16/11/2023,13214,Chuvas Intensas,Reconhecido,1909956.62,1981202.54,3891159.16,0,8,12,20
RS-F-4300802-12200-20231116,4300802,Antônio Prado,RS,16/11/2023,12200,Enxurradas,Reconhecido,601810.54,601810.54,1203621.08,0,0,0,0
RS-F-4312708-12200-20231116,4312708,Nonoai,RS,16/11/2023,12200,Enxurradas,Reconhecido,797198.37,742824.26,1540022.63,0,8,0,8
SC-F-4214003-13214-20231116,4214003,Presidente Getúlio,SC,16/11/2023,13214,Chuvas Intensas,Reconhecido,4119708.86,215418.54,4335127.399999999,0,890,139,1086
RS-F-4311155-13214-20231116,4311155,Jóia,RS,16/11/2023,13214,Chuvas Intensas,Reconhecido,1318839.3,1318839.3,2637678.6,0,0,0,0
SC-F-4201703-13214-20231116,4201703,Ascurra,SC,16/11/2023,13214,Chuvas Intensas,Registro,0.0,0.0,0.0,0,48,0,48
RS-F-4318606-13214-20231116,4318606,São José Do Ouro,RS,16/11/2023,13214,Chuvas Intensas,Reconhecido,728507.5,728507.5,1457015.0,0,60,0,60
RS-F-4315909-13214-20231116,4315909,Rodeio Bonito,RS,16/11/2023,13214,Chuvas Intensas,Reconhecido,2357619.2,2115416.85,4473036.050000001,0,0,0,0
RS-F-4305306-12200-20231116,4305306,Chapada,RS,16/11/2023,12200,Enxurradas,Reconhecido,480392.63,545665.77,1026058.4,0,0,0,0
RS-F-4316204-13214-20231116,4316204,Rondinha,RS,16/11/2023,13214,Chuvas Intensas,Reconhecido,728507.5,737587.45,1466094.95,0,0,0,0
RS-F-4303806-13214-20231116,4303806,Campinas Do Sul,RS,16/11/2023,13214,Chuvas Intensas,Reconhecido,302045.25,298152.25,600197.5,0,0,0,0
RS-F-4311908-13214-20231116,4311908,Marcelino Ramos,RS,16/11/2023,13214,Chuvas Intensas,Reconhecido,3683726.68,3683726.68,7367453.36,0,8,0,8
SC-F-4217907-13214-20231116,4217907,Tangará,SC,16/11/2023,13214,Chuvas Intensas,Registro,0.0,0.0,0.0,0,2,0,2
RS-F-4322905-13214-20231116,4322905,Viadutos,RS,16/11/2023,13214,Chuvas Intensas,Reconhecido,592549.52,583333.9,1175883.42,0,0,0,0
RS-F-4303202-13214-20231116,4303202,Cacique Doble,RS,16/11/2023,13214,Chuvas Intensas,Reconhecido,1032942.67,1032688.22,2065630.8900000001,0,0,15,15
SC-F-4200309-13214-20231116,4200309,Agronômica,SC,16/11/2023,13214,Chuvas Intensas,Reconhecido,4592764.67,461915.99,5054680.66,0,983,226,1209
RS-F-4306973-13214-20231116,4306973,Erebango,RS,16/11/2023,13214,Chuvas Intensas,Reconhecido,132346.89,132346.89,264693.78,0,0,0,0
SC-F-4200408-13214-20231116,4200408,Água Doce,SC,16/11/2023,13214,Chuvas Intensas,Reconhecido,352139.3,0.0,352139.3,0,5,0,5
SC-F-4204194-13214-20231116,4204194,Chapadão Do Lageado,SC,16/11/2023,13214,Chuvas Intensas,Registro,6234546.07,253393.91,6487939.98,0,52,0,52
SC-F-4200051-13214-20231116,4200051,Abdon Batista,SC,16/11/2023,13214,Chuvas Intensas,Reconhecido,1108598.37,76677.59,1185275.9600000002,0,0,0,0
RS-F-4305850-13214-20231116,4305850,Coqueiros Do Sul,RS,16/11/2023,13214,Chuvas Intensas,Reconhecido,1504315.2,1506025.61,3010340.81,0,0,0,0
RS-F-4312955-13214-20231116,4312955,Nova Boa Vista,RS,16/11/2023,13214,Chuvas Intensas,Reconhecido,823530.22,829020.42,1652550.6400000001,0,0,0,0
SC-F-4204004-13214-20231116,4204004,Catanduvas,SC,16/11/2023,13214,Chuvas Intensas,Registro,882655.46,0.0,882655.46,0,0,0,0
SC-F-4209904-13214-20231116,4209904,Lontras,SC,16/11/2023,13214,Chuvas Intensas,Reconhecido,6319538.61,0.0,6319538.61,0,2060,339,2399
RS-F-4301925-13214-20231116,4301925,Barra Do Rio Azul,RS,16/11/2023,13214,Chuvas Intensas,Registro,0.0,0.0,0.0,0,0,0,0
SC-F-4204558-13214-20231116,4204558,Correia Pinto,SC,16/11/2023,13214,Chuvas Intensas,Registro,0.0,0.0,0.0,0,422,76,498
SC-F-4206900-13214-20231116,4206900,Ibirama,SC,16/11/2023,13214,Chuvas Intensas,Registro,1521313.71,254827.14,1776140.85,0,30,21,52
SC-F-4210209-13214-20231116,4210209,Major Gercino,SC,16/11/2023,13214,Chuvas Intensas,Registro,0.0,0.0,0.0,0,0,0,0
SC-F-4205100-13214-20231116,4205100,Dona Emma,SC,16/11/2023,13214,Chuvas Intensas,Registro,0.0,0.0,0.0,0,20,0,20
SC-F-4219408-11321-20231116,4219408,Witmarsum,SC,16/11/2023,11321,Movimento de Massa,Registro,105580.8,0.0,105580.8,0,0,0,0
RS-F-4314787-13214-20231116,4314787,Ponte Preta,RS,16/11/2023,13214,Chuvas Intensas,Registro,0.0,0.0,0.0,0,0,0,0
SC-F-4208005-13214-20231116,4208005,Itá,SC,16/11/2023,13214,Chuvas Intensas,Registro,0.0,0.0,0.0,0,0,0,0
SC-F-4215075-13214-20231116,4215075,Riqueza,SC,16/11/2023,13214,Chuvas Intensas,Reconhecido,1161388.77,284012.34,1445401.11,0,0,0,0
SC-F-4208609-13214-20231116,4208609,Jaborá,SC,16/11/2023,13214,Chuvas Intensas,Registro,443228.19,0.0,443228.19,0,95,0,95
SC-F-4219853-13214-20231116,4219853,Zortéa,SC,16/11/2023,13214,Chuvas Intensas,Reconhecido,239668.41,29562.62,269231.03,0,24,20,44
SC-F-4202701-13214-20231116,4202701,Botuverá,SC,16/11/2023,13214,Chuvas Intensas,Reconhecido,12531384.81,246087.72,12777472.530000001,0,44,6,50
SC-F-4210035-13214-20231116,4210035,Luzerna,SC,16/11/2023,13214,Chuvas Intensas,Registro,327300.47,260019.39,587319.86,0,33,6,39
SC-F-4206702-13214-20231116,4206702,Herval D`Oeste,SC,16/11/2023,13214,Chuvas Intensas,Registro,0.0,0.0,0.0,0,9,0,9
SC-F-4214805-13214-20231116,4214805,Rio Do Sul,SC,16/11/2023,13214,Chuvas Intensas,Reconhecido,23913412.39,14961317.69,38874730.08,0,18969,1838,20861
SC-F-4201901-13214-20231116,4201901,Aurora,SC,16/11/2023,13214,Chuvas Intensas,Reconhecido,1478131.16,263951.99,1742083.15,0,500,254,754
SC-F-4208500-13214-20231116,4208500,Ituporanga,SC,16/11/2023,13214,Chuvas Intensas,Reconhecido,4539974.28,547964.34,5087938.62,0,2082,63,2145
SC-F-4202859-13214-20231116,4202859,Braço Do Trombudo,SC,16/11/2023,13214,Chuvas Intensas,Reconhecido,5886027.87,4869904.13,10755932.0,0,233,80,315
RS-F-4307807-13214-20231116,4307807,Estrela,RS,16/11/2023,13214,Chuvas Intensas,Reconhecido,683107.76,63348.48,746456.24,0,235,401,1312
SC-F-4207601-13214-20231116,4207601,Ipira,SC,16/11/2023,13214,Chuvas Intensas,Reconhecido,2431528.67,819887.55,3251416.2199999997,0,2,84,86
SC-F-4204152-13214-20231116,4204152,Celso Ramos,SC,16/11/2023,13214,Chuvas Intensas,Registro,6334.85,20271.51,26606.36,0,48,0,48
SC-F-4217501-13214-20231116,4217501,Seara,SC,16/11/2023,13214,Chuvas Intensas,Reconhecido,1038915.04,167203.24,1206118.28,0,34,0,34
SC-F-4204301-13214-20231116,4204301,Concórdia,SC,16/11/2023,13214,Chuvas Intensas,Reconhecido,4782810.11,1173677.48,5956487.59,0,30,0,30
SC-F-4207502-13214-20231116,4207502,Indaial,SC,16/11/2023,13214,Chuvas Intensas,Registro,0.0,0.0,0.0,0,25,0,25
RS-F-4311403-13214-20231116,4311403,Lajeado,RS,16/11/2023,13214,Chuvas Intensas,Registro,49622.97,0.0,49622.97,0,10,0,10
SC-F-4206751-13214-20231116,4206751,Ibiam,SC,16/11/2023,13214,Chuvas Intensas,Registro,0.0,0.0,0.0,0,0,0,0
SC-F-4219705-12200-20231116,4219705,Xaxim,SC,16/11/2023,12200,Enxurradas,Registro,865762.54,190045.43,1055807.97,0,0,0,0
SC-F-4210050-12200-20231116,4210050,Macieira,SC,16/11/2023,12200,Enxurradas,Registro,0.0,105580.8,105580.8,0,0,0,0
RS-F-4301701-13214-20231116,4301701,Barão De Cotegipe,RS,16/11/2023,13214,Chuvas Intensas,Registro,0.0,0.0,0.0,0,0,0,0
SC-F-4201000-13214-20231116,4201000,Anita Garibaldi,SC,16/11/2023,13214,Chuvas Intensas,Registro,0.0,0.0,0.0,0,0,0,0
SC-F-4204178-13214-20231116,4204178,Cerro Negro,SC,16/11/2023,13214,Chuvas Intensas,Registro,0.0,0.0,0.0,0,0,0,0
SC-F-4205506-13214-20231116,4205506,Fraiburgo,SC,16/11/2023,13214,Chuvas Intensas,Registro,0.0,0.0,0.0,0,0,0,0
SC-F-4206801-12200-20231116,4206801,Ibicaré,SC,16/11/2023,12200,Enxurradas,Registro,0.0,0.0,0.0,0,0,0,0
SC-F-4207403-13214-20231116,4207403,Imbuia,SC,16/11/2023,13214,Chuvas Intensas,Registro,0.0,0.0,0.0,0,0,0,0
SC-F-4213005-12300-20231116,4213005,Pinheiro Preto,SC,16/11/2023,12300,Alagamentos,Registro,0.0,0.0,0.0,0,0,0,0
RS-F-4305108-12200-20231117,4305108,Caxias Do Sul,RS,17/11/2023,12200,Enxurradas,Reconhecido,9671827.61,9566027.21,19237854.82,0,80,0,80
RS-F-4304804-12200-20231117,4304804,Carlos Barbosa,RS,17/11/2023,12200,Enxurradas,Reconhecido,1283582.7,470610.57,1754193.27,0,80,0,80
SC-F-4208203-12100-20231117,4208203,Itajaí,SC,17/11/2023,12100,Inundações,Reconhecido,70937625.95,844646.38,71782272.33,0,99,88,187
RS-F-4318200-12200-20231117,4318200,São Francisco De Paula,RS,17/11/2023,12200,Enxurradas,Reconhecido,1314480.92,1314480.92,2628961.84,0,0,0,0
RS-F-4316006-13214-20231117,4316006,Rolante,RS,17/11/2023,13214,Chuvas Intensas,Reconhecido,6831077.57,6894426.05,13725503.620000001,0,700,116,816
SC-F-4216305-13214-20231117,4216305,São João Batista,SC,17/11/2023,13214,Chuvas Intensas,Registro,4814484.35,3494724.38,8309208.7299999995,0,800,285,1086
RS-F-4315107-12100-20231117,4315107,Porto Xavier,RS,17/11/2023,12100,Inundações,Reconhecido,2866518.64,41799.44,2908318.08,0,1200,50,1250
SC-F-4213708-13214-20231117,4213708,Pouso Redondo,SC,17/11/2023,13214,Chuvas Intensas,Reconhecido,9650171.26,848433.69,10498604.95,0,2000,51,2053
RS-F-4320503-13214-20231117,4320503,Sertão,RS,17/11/2023,13214,Chuvas Intensas,Reconhecido,618175.57,618175.57,1236351.14,0,0,0,0
RS-F-4322806-12300-20231117,4322806,Veranópolis,RS,17/11/2023,12300,Alagamentos,Reconhecido,9502271.74,9291110.14,18793381.880000003,0,1,0,1
RS-F-4320263-13214-20231117,4320263,Segredo,RS,17/11/2023,13214,Chuvas Intensas,Reconhecido,322021.43,322021.43,644042.86,0,0,0,0
SC-F-4212700-13214-20231117,4212700,Petrolândia,SC,17/11/2023,13214,Chuvas Intensas,Reconhecido,5574666.09,527903.99,6102570.08,0,125,8,133
RS-F-4311254-13214-20231117,4311254,Lagoão,RS,17/11/2023,13214,Chuvas Intensas,Reconhecido,1342924.39,1464435.22,2807359.61,0,0,0,0
RS-F-4315156-12200-20231117,4315156,Progresso,RS,17/11/2023,12200,Enxurradas,Reconhecido,2940214.04,2940214.04,5880428.08,0,0,0,0
SC-F-4218608-13214-20231117,4218608,Trombudo Central,SC,17/11/2023,13214,Chuvas Intensas,Reconhecido,54542081.63,1055807.97,55597889.6,0,1100,63,1163
RS-F-4302451-12200-20231117,4302451,Boqueirão Do Leão,RS,17/11/2023,12200,Enxurradas,Reconhecido,316742.39,546296.16,863038.55,0,0,47,47
RS-F-4314068-13214-20231117,4314068,Passa Sete,RS,17/11/2023,13214,Chuvas Intensas,Reconhecido,2481148.73,1847663.95,4328812.68,0,0,0,0
RS-F-4315354-13214-20231117,4315354,Quinze De Novembro,RS,17/11/2023,13214,Chuvas Intensas,Reconhecido,110092.51,110092.51,220185.02,0,0,0,0
RS-F-4315206-12100-20231117,4315206,Putinga,RS,17/11/2023,12100,Inundações,Reconhecido,1689292.75,1689292.75,3378585.5,0,0,0,0
RS-F-4302600-13214-20231117,4302600,Braga,RS,17/11/2023,13214,Chuvas Intensas,Reconhecido,2584617.91,2346955.54,4931573.45,0,0,0,0
RS-F-4322152-13214-20231117,4322152,Tunas,RS,17/11/2023,13214,Chuvas Intensas,Reconhecido,4234177.28,4234177.28,8468354.56,0,0,0,0
RS-F-4310900-13214-20231117,4310900,Jacutinga,RS,17/11/2023,13214,Chuvas Intensas,Reconhecido,1631645.64,1631645.64,3263291.28,0,0,0,0
RS-F-4304101-13214-20231117,4304101,Campos Borges,RS,17/11/2023,13214,Chuvas Intensas,Reconhecido,487994.44,380090.87,868085.31,0,0,0,0
RS-F-4313359-12200-20231117,4313359,Nova Roma Do Sul,RS,17/11/2023,12200,Enxurradas,Reconhecido,533183.03,797135.02,1330318.05,0,0,0,0
RS-F-4309159-12200-20231117,4309159,Gramado Xavier,RS,17/11/2023,12200,Enxurradas,Reconhecido,2797891.12,3121369.23,5919260.35,0,0,0,0
RS-F-4307815-13214-20231117,4307815,Estrela Velha,RS,17/11/2023,13214,Chuvas Intensas,Reconhecido,714993.16,714993.16,1429986.32,0,0,0,0
RS-F-4305116-13214-20231117,4305116,Centenário,RS,17/11/2023,13214,Chuvas Intensas,Reconhecido,2994952.4,2994952.4,5989904.8,0,0,0,0
RS-F-4304697-13214-20231117,4304697,Capitão,RS,17/11/2023,13214,Chuvas Intensas,Reconhecido,1383108.44,1689081.59,3072190.0300000003,0,50,0,50
RS-F-4302253-13214-20231117,4302253,Boa Vista Do Sul,RS,17/11/2023,13214,Chuvas Intensas,Reconhecido,211161.59,138758.51,349920.1,0,0,0,0
RS-F-4319737-13214-20231117,4319737,São Valério Do Sul,RS,17/11/2023,13214,Chuvas Intensas,Reconhecido,1266969.57,1276049.51,2543019.08,0,0,0,0
SC-F-4219200-13214-20231117,4219200,Vidal Ramos,SC,17/11/2023,13214,Chuvas Intensas,Reconhecido,0.0,3663653.66,3663653.66,0,0,31,31
SC-F-4204806-13214-20231117,4204806,Curitibanos,SC,17/11/2023,13214,Chuvas Intensas,Registro,1055807.97,0.0,1055807.97,0,212,0,212
RS-F-4321626-13214-20231117,4321626,Travesseiro,RS,17/11/2023,13214,Chuvas Intensas,Reconhecido,126696.96,126696.96,253393.92,0,15,0,15
SC-F-4203709-13214-20231117,4203709,Canelinha,SC,17/11/2023,13214,Chuvas Intensas,Reconhecido,2396684.09,1641781.39,4038465.4799999995,0,45,52,97
RS-F-4319752-12200-20231117,4319752,São Vendelino,RS,17/11/2023,12200,Enxurradas,Reconhecido,5871348.13,5871348.13,11742696.26,0,0,0,0
RS-F-4306759-13214-20231117,4306759,Doutor Ricardo,RS,17/11/2023,13214,Chuvas Intensas,Reconhecido,274510.07,274510.07,549020.14,0,0,0,0
RS-F-4300554-13214-20231117,4300554,Alto Alegre,RS,17/11/2023,13214,Chuvas Intensas,Registro,52790.4,0.0,52790.4,0,0,0,0
RS-F-4312005-13214-20231117,4312005,Mariano Moro,RS,17/11/2023,13214,Chuvas Intensas,Reconhecido,1050740.09,1019382.6,2070122.69,0,10,0,10
RS-F-4304614-12200-20231117,4304614,Canudos Do Vale,RS,17/11/2023,12200,Enxurradas,Reconhecido,1614330.39,1618553.62,3232884.01,0,0,0,0
RS-F-4308854-13214-20231117,4308854,Gentil,RS,17/11/2023,13214,Chuvas Intensas,Registro,1029412.77,1070114.17,2099526.94,0,0,0,0
RS-F-4309951-12200-20231117,4309951,Ibirapuitã,RS,17/11/2023,12200,Enxurradas,Reconhecido,3489208.84,3489208.84,6978417.68,0,0,0,0
RS-F-4308250-13214-20231117,4308250,Floriano Peixoto,RS,17/11/2023,13214,Chuvas Intensas,Reconhecido,1768267.19,1768267.19,3536534.38,0,0,0,0
SC-F-4200200-13214-20231117,4200200,Agrolândia,SC,17/11/2023,13214,Chuvas Intensas,Reconhecido,635387779.89,879643.62,636267423.51,0,700,300,1002
RS-F-4315453-13214-20231117,4315453,Relvado,RS,17/11/2023,13214,Chuvas Intensas,Reconhecido,1256538.18,1256538.18,2513076.36,0,0,0,0
RS-F-4300471-13214-20231117,4300471,Almirante Tamandaré Do Sul,RS,17/11/2023,13214,Chuvas Intensas,Reconhecido,98190.14,98190.14,196380.28,0,0,0,0
RS-F-4305835-13214-20231117,4305835,Coqueiro Baixo,RS,17/11/2023,13214,Chuvas Intensas,Reconhecido,1219679.93,1343821.83,2563501.76,0,0,0,0
RS-F-4310306-12200-20231117,4310306,Ilópolis,RS,17/11/2023,12200,Enxurradas,Reconhecido,230169.77,105580.8,335750.57,0,0,0,0
RS-F-4310363-13214-20231117,4310363,Imigrante,RS,17/11/2023,13214,Chuvas Intensas,Reconhecido,21834108.84,21168949.82,43003058.66,0,36,0,36
RS-F-4316956-12200-20231117,4316956,Santa Maria Do Herval,RS,17/11/2023,12200,Enxurradas,Reconhecido,475113.59,44766.26,519879.85000000003,0,0,0,0
RS-F-4314753-13214-20231117,4314753,Poço Das Antas,RS,17/11/2023,13214,Chuvas Intensas,Reconhecido,1500686.38,1321199.03,2821885.41,0,15,0,15
RS-F-4302105-12200-20231117,4302105,Bento Gonçalves,RS,17/11/2023,12200,Enxurradas,Reconhecido,1817616.45,1908933.28,3726549.73,0,61,0,61
RS-F-4323770-13214-20231117,4323770,Westfalia,RS,17/11/2023,13214,Chuvas Intensas,Reconhecido,1131921.78,796162.33,1928084.1099999999,0,4,0,4
SC-F-4213104-13214-20231117,4213104,Piratuba,SC,17/11/2023,13214,Chuvas Intensas,Registro,147813.12,84464.64,232277.76,0,12,0,12
RS-F-4319711-13214-20231117,4319711,São Valentim Do Sul,RS,17/11/2023,13214,Chuvas Intensas,Reconhecido,2692310.33,1377195.92,4069506.25,0,23,15,38
SC-F-4202305-13214-20231117,4202305,Biguaçu,SC,17/11/2023,13214,Chuvas Intensas,Registro,0.0,0.0,0.0,0,6,0,6
SC-F-4212254-13214-20231117,4212254,Passo De Torres,SC,17/11/2023,13214,Chuvas Intensas,Registro,0.0,0.0,0.0,0,0,0,0
SC-F-4218905-13214-20231117,4218905,Urubici,SC,17/11/2023,13214,Chuvas Intensas,Reconhecido,9166863.11,276176.58,9443039.69,0,3162,8,3170
RS-F-4312054-13214-20231117,4312054,Marques De Souza,RS,17/11/2023,13214,Chuvas Intensas,Reconhecido,600695.22,600695.22,1201390.44,0,0,0,0
SC-F-4215307-13214-20231117,4215307,Salete,SC,17/11/2023,13214,Chuvas Intensas,Registro,14781.31,0.0,14781.31,0,0,0,0
SC-F-4201802-13214-20231117,4201802,Atalanta,SC,17/11/2023,13214,Chuvas Intensas,Reconhecido,1795489.49,0.0,1795489.49,0,82,7,89
RS-F-4305355-13214-20231117,4305355,Charqueadas,RS,17/11/2023,13214,Chuvas Intensas,Reconhecido,1319759.96,83313.81,1403073.77,0,840,120,960
RS-F-4302238-13214-20231117,4302238,Boa Vista Do Incra,RS,17/11/2023,13214,Chuvas Intensas,Registro,0.0,0.0,0.0,0,5,0,5
RS-F-4321451-13214-20231117,4321451,Teutônia,RS,17/11/2023,13214,Chuvas Intensas,Reconhecido,41176.51,36953.28,78129.79000000001,0,30,11,41
SC-F-4215109-13214-20231117,4215109,Rodeio,SC,17/11/2023,13214,Chuvas Intensas,Registro,0.0,0.0,0.0,0,0,3,3
SC-F-4215059-13214-20231117,4215059,Rio Rufino,SC,17/11/2023,13214,Chuvas Intensas,Registro,0.0,0.0,0.0,0,0,0,0
RS-F-4307559-13214-20231117,4307559,Estação,RS,17/11/2023,13214,Chuvas Intensas,Registro,0.0,0.0,0.0,0,0,0,0
RS-F-4317608-13214-20231117,4317608,Santo Antônio Da Patrulha,RS,17/11/2023,13214,Chuvas Intensas,Registro,0.0,0.0,0.0,0,0,0,0
SC-F-4204178-13214-20231117,4204178,Cerro Negro,SC,17/11/2023,13214,Chuvas Intensas,Registro,0.0,0.0,0.0,0,0,0,0
SC-F-4208708-12200-20231117,4208708,Jacinto Machado,SC,17/11/2023,12200,Enxurradas,Registro,0.0,0.0,0.0,0,0,0,0
SC-F-4211900-13214-20231117,4211900,Palhoça,SC,17/11/2023,13214,Chuvas Intensas,Registro,0.0,0.0,0.0,0,0,0,0
RS-F-4309100-12200-20231118,4309100,Gramado,RS,18/11/2023,12200,Enxurradas,Reconhecido,23597308.15,1055807.97,24653116.119999997,2,626,53,683
RS-F-4304200-13214-20231118,4304200,Candelária,RS,18/11/2023,13214,Chuvas Intensas,Reconhecido,709502.96,654600.94,1364103.9,0,15,0,15
RS-F-4313201-12200-20231118,4313201,Nova Petrópolis,RS,18/11/2023,12200,Enxurradas,Reconhecido,3167423.91,3167423.91,6334847.82,0,0,0,0
RS-F-4311205-13214-20231118,4311205,Júlio De Castilhos,RS,18/11/2023,13214,Chuvas Intensas,Reconhecido,168929.28,168929.28,337858.56,0,0,0,0
RS-F-4306767-13214-20231118,4306767,Eldorado Do Sul,RS,18/11/2023,13214,Chuvas Intensas,Reconhecido,107094246.61,43140411.28,150234657.89,1,5000,700,5701
RS-F-4319505-12100-20231118,4319505,São Sebastião Do Caí,RS,18/11/2023,12100,Inundações,Reconhecido,5532433.77,102413.37,5634847.14,0,4500,546,5046
RS-F-4300109-13214-20231118,4300109,Agudo,RS,18/11/2023,13214,Chuvas Intensas,Reconhecido,58069.44,58069.44,116138.88,0,0,0,0
RS-F-4307500-13214-20231118,4307500,Espumoso,RS,18/11/2023,13214,Chuvas Intensas,Reconhecido,168638.93,168638.93,337277.86,0,0,0,0
RS-F-4308102-12200-20231118,4308102,Feliz,RS,18/11/2023,12200,Enxurradas,Reconhecido,4170441.49,3114633.51,7285075.0,0,500,0,500
RS-F-4310108-13214-20231118,4310108,Igrejinha,RS,18/11/2023,13214,Chuvas Intensas,Reconhecido,16638199.61,3128062.65,19766262.259999998,0,500,100,600
RS-F-4301206-13214-20231118,4301206,Arroio Do Tigre,RS,18/11/2023,13214,Chuvas Intensas,Reconhecido,779199.39,779199.39,1558398.78,0,0,0,0
RS-F-4321709-12200-20231118,4321709,Três Coroas,RS,18/11/2023,12200,Enxurradas,Reconhecido,6562881.47,1944306.1,8507187.57,0,1150,20,1170
SC-F-4216404-13214-20231118,4216404,São João Do Sul,SC,18/11/2023,13214,Chuvas Intensas,Reconhecido,3479066.54,1288085.72,4767152.26,0,320,0,320
RS-F-4314001-12200-20231118,4314001,Paraí,RS,18/11/2023,12200,Enxurradas,Reconhecido,1794873.55,1922098.41,3716971.96,0,0,0,0
RS-F-4301206-12200-20231118,4301206,Arroio Do Tigre,RS,18/11/2023,12200,Enxurradas,Registro,805465.34,374917.41,1180382.75,0,0,0,0
RS-F-4322541-12200-20231118,4322541,Vale Real,RS,18/11/2023,12200,Enxurradas,Reconhecido,2435695.57,2435695.57,4871391.14,0,150,0,150
SC-F-4214607-13214-20231118,4214607,Rio Do Oeste,SC,18/11/2023,13214,Chuvas Intensas,Reconhecido,10722785.75,1569731.69,12292517.44,0,1600,317,1928
SC-F-4217709-13214-20231118,4217709,Sombrio,SC,18/11/2023,13214,Chuvas Intensas,Reconhecido,3695327.9,0.0,3695327.9,0,240,4,244
RS-F-4301651-12200-20231118,4301651,Barão,RS,18/11/2023,12200,Enxurradas,Reconhecido,649321.9,633484.78,1282806.6800000002,0,11,0,11
SC-F-4209508-13214-20231118,4209508,Laurentino,SC,18/11/2023,13214,Chuvas Intensas,Reconhecido,38351379.9,607089.58,38958469.48,0,2138,227,2369
RS-F-4302006-12200-20231118,4302006,Barros Cassal,RS,18/11/2023,12200,Enxurradas,Reconhecido,12776125.92,12776125.92,25552251.84,0,0,0,0
RS-F-4322251-12200-20231118,4322251,Tupandi,RS,18/11/2023,12200,Enxurradas,Reconhecido,632038.75,674271.07,1306309.8199999998,0,7,0,7
RS-F-4314423-12200-20231118,4314423,Picada Café,RS,18/11/2023,12200,Enxurradas,Reconhecido,1701962.45,1944798.28,3646760.73,0,170,0,178
RS-F-4321501-13214-20231118,4321501,Torres,RS,18/11/2023,13214,Chuvas Intensas,Reconhecido,7596385.82,7596385.82,15192771.64,0,0,0,0
RS-F-4306007-12200-20231118,4306007,Crissiumal,RS,18/11/2023,12200,Enxurradas,Reconhecido,575740.11,575740.11,1151480.22,0,0,0,0
RS-F-4312401-13214-20231118,4312401,Montenegro,RS,18/11/2023,13214,Chuvas Intensas,Reconhecido,30818295.61,686591.92,31504887.53,0,1234,268,1502
RS-F-4315750-13214-20231118,4315750,Riozinho,RS,18/11/2023,13214,Chuvas Intensas,Reconhecido,3853699.09,3853699.09,7707398.18,0,0,0,0
RS-F-4309753-13214-20231118,4309753,Ibarama,RS,18/11/2023,13214,Chuvas Intensas,Reconhecido,379189.03,379189.03,758378.06,0,0,0,0
RS-F-4323408-13214-20231118,4323408,Vila Maria,RS,18/11/2023,13214,Chuvas Intensas,Reconhecido,555354.99,418099.96,973454.95,0,26,0,26
RS-F-4311122-13214-20231118,4311122,Jaquirana,RS,18/11/2023,13214,Chuvas Intensas,Reconhecido,150040.03,74021.85,224061.88,0,0,0,0
RS-F-4305959-12200-20231118,4305959,Cotiporã,RS,18/11/2023,12200,Enxurradas,Reconhecido,527903.99,844646.38,1372550.37,0,10,0,10
RS-F-4306809-13214-20231118,4306809,Encantado,RS,18/11/2023,13214,Chuvas Intensas,Reconhecido,13904990.98,3853699.09,17758690.07,0,923,681,1604
SC-F-4213807-13214-20231118,4213807,Praia Grande,SC,18/11/2023,13214,Chuvas Intensas,Reconhecido,7955513.06,337858.55,8293371.609999999,1,50,24,77
RS-F-4306700-13214-20231118,4306700,Dona Francisca,RS,18/11/2023,13214,Chuvas Intensas,Reconhecido,204285.52,204285.52,408571.04,0,0,0,0
RS-F-4315149-12200-20231118,4315149,Presidente Lucena,RS,18/11/2023,12200,Enxurradas,Reconhecido,8446.46,8446.46,16892.92,0,0,0,0
RS-F-4300570-12200-20231118,4300570,Alto Feliz,RS,18/11/2023,12200,Enxurradas,Reconhecido,422323.19,527903.99,950227.1799999999,0,0,0,0
RS-F-4308607-12200-20231118,4308607,Garibaldi,RS,18/11/2023,12200,Enxurradas,Reconhecido,759125.93,759125.93,1518251.86,0,0,0,0
RS-F-4312385-12200-20231118,4312385,Monte Belo Do Sul,RS,18/11/2023,12200,Enxurradas,Reconhecido,126696.96,253393.91,380090.87,0,0,0,0
RS-F-4310876-13214-20231118,4310876,Jacuizinho,RS,18/11/2023,13214,Chuvas Intensas,Reconhecido,268895.96,268895.96,537791.92,0,0,0,0
RS-F-4305157-13214-20231118,4305157,Cerro Grande,RS,18/11/2023,13214,Chuvas Intensas,Reconhecido,139366.65,139366.65,278733.3,0,0,0,0
RS-F-4317558-13214-20231118,4317558,Santo Antônio Do Palma,RS,18/11/2023,13214,Chuvas Intensas,Registro,0.0,533183.03,533183.03,0,0,0,0
RS-F-4303905-13214-20231118,4303905,Campo Bom,RS,18/11/2023,13214,Chuvas Intensas,Reconhecido,145701.5,198491.9,344193.4,0,198,48,248
SC-F-4202073-13214-20231118,4202073,Balneário Gaivota,SC,18/11/2023,13214,Chuvas Intensas,Reconhecido,1140272.61,0.0,1140272.61,0,200,0,200
RS-F-4305587-13214-20231118,4305587,Colinas,RS,18/11/2023,13214,Chuvas Intensas,Reconhecido,2175822.14,95022.72,2270844.8600000003,0,350,25,375
RS-F-4304622-12200-20231118,4304622,Capão Bonito Do Sul,RS,18/11/2023,12200,Enxurradas,Reconhecido,823530.22,889737.1,1713267.3199999998,0,0,0,0
RS-F-4311270-12200-20231118,4311270,Lagoa Dos Três Cantos,RS,18/11/2023,12200,Enxurradas,Reconhecido,1543068.0,1543068.0,3086136.0,0,0,0,0
SC-F-4215653-13214-20231118,4215653,Santa Rosa Do Sul,SC,18/11/2023,13214,Chuvas Intensas,Reconhecido,1223681.44,0.0,1223681.44,0,80,0,80
RS-F-4317251-13214-20231118,4317251,Santa Tereza,RS,18/11/2023,13214,Chuvas Intensas,Reconhecido,15001400.14,13451725.22,28453125.36,0,309,2,311
RS-F-4318051-13214-20231118,4318051,São Domingos Do Sul,RS,18/11/2023,13214,Chuvas Intensas,Reconhecido,80017.05,114260.07,194277.12,0,0,0,0
RS-F-4300604-12100-20231118,4300604,Alvorada,RS,18/11/2023,12100,Inundações,Registro,4935958.19,433993.0,5369951.19,0,240,6,248
RS-F-4302402-12200-20231118,4302402,Bom Retiro Do Sul,RS,18/11/2023,12200,Enxurradas,Reconhecido,1649488.79,1376773.59,3026262.38,0,470,5,493
RS-F-4302352-13214-20231118,4302352,Bom Princípio,RS,18/11/2023,13214,Chuvas Intensas,Reconhecido,4095479.12,4106013.98,8201493.1,0,0,4,4
RS-F-4318481-12200-20231118,4318481,São José Do Hortêncio,RS,18/11/2023,12200,Enxurradas,Reconhecido,1435898.84,940197.0,2376095.84,0,112,0,112
RS-F-4315131-13214-20231118,4315131,Pouso Novo,RS,18/11/2023,13214,Chuvas Intensas,Reconhecido,47813.32,80397.67,128210.98999999999,0,0,0,0
SC-F-4211009-13214-20231118,4211009,Mondaí,SC,18/11/2023,13214,Chuvas Intensas,Reconhecido,36953.28,0.0,36953.28,0,0,0,0
RS-F-4314035-12200-20231118,4314035,Pareci Novo,RS,18/11/2023,12200,Enxurradas,Reconhecido,0.0,26395.2,26395.2,0,953,12,965
RS-F-4314050-13214-20231118,4314050,Parobé,RS,18/11/2023,13214,Chuvas Intensas,Reconhecido,1959579.59,649321.9,2608901.49,0,3500,138,3638
RS-F-4308805-13214-20231118,4308805,General Câmara,RS,18/11/2023,13214,Chuvas Intensas,Reconhecido,1694571.79,0.0,1694571.79,0,345,2,347
RS-F-4309555-12100-20231118,4309555,Harmonia,RS,18/11/2023,12100,Inundações,Reconhecido,242093.87,260627.04,502720.91000000003,0,101,9,110
RS-F-4316501-12200-20231118,4316501,Salvador Do Sul,RS,18/11/2023,12200,Enxurradas,Reconhecido,2533939.13,422323.19,2956262.32,0,132,0,132
RS-F-4311627-12200-20231118,4311627,Lindolfo Collor,RS,18/11/2023,12200,Enxurradas,Registro,0.0,0.0,0.0,0,30,12,42
RS-F-4320008-13214-20231118,4320008,Sapucaia Do Sul,RS,18/11/2023,13214,Chuvas Intensas,Registro,527903.99,0.0,527903.99,0,430,140,570
SC-F-4218954-13214-20231118,4218954,Urupema,SC,18/11/2023,13214,Chuvas Intensas,Registro,137255.04,0.0,137255.04,0,3,0,3
RS-F-4303707-12200-20231118,4303707,Campina Das Missões,RS,18/11/2023,12200,Enxurradas,Registro,0.0,0.0,0.0,0,0,0,0
RS-F-4308607-13214-20231118,4308607,Garibaldi,RS,18/11/2023,13214,Chuvas Intensas,Registro,0.0,0.0,0.0,0,0,0,0
RS-F-4309209-12100-20231118,4309209,Gravataí,RS,18/11/2023,12100,Inundações,Registro,0.0,0.0,0.0,0,0,0,0
RS-F-4313102-13214-20231118,4313102,Nova Palma,RS,18/11/2023,13214,Chuvas Intensas,Registro,0.0,0.0,0.0,0,0,0,0
RS-F-4301008-13214-20231119,4301008,Arroio Do Meio,RS,19/11/2023,13214,Chuvas Intensas,Reconhecido,1854662.9,422323.19,2276986.09,0,4500,553,5053
RS-F-4300208-13214-20231119,4300208,Ajuricaba,RS,19/11/2023,13214,Chuvas Intensas,Reconhecido,460015.53,460015.53,920031.06,0,0,0,0
SC-F-4209177-13214-20231119,4209177,Jupiá,SC,19/11/2023,13214,Chuvas Intensas,Registro,52790.4,369532.79,422323.19,0,0,0,0
RS-F-4321204-12100-20231120,4321204,Taquara,RS,20/11/2023,12100,Inundações,Reconhecido,5239663.62,544796.91,5784460.53,0,4576,122,4698
RS-F-4306205-12100-20231120,4306205,Cruzeiro Do Sul,RS,20/11/2023,12100,Inundações,Reconhecido,59519062.75,2323833.34,61842896.09,0,2732,257,2990
RS-F-4305934-11321-20231120,4305934,Coronel Pilar,RS,20/11/2023,11321,Movimento de Massa,Reconhecido,115561.6,134498.7,250060.30000000002,0,0,0,0
RS-F-4321303-13214-20231120,4321303,Taquari,RS,20/11/2023,13214,Chuvas Intensas,Reconhecido,9252532.63,83408.83,9335941.46,0,39,66,105
RS-F-4308433-12200-20231120,4308433,Forquetinha,RS,20/11/2023,12200,Enxurradas,Reconhecido,317005.63,317005.63,634011.26,0,0,0,0
RS-F-4315800-13214-20231120,4315800,Roca Sales,RS,20/11/2023,13214,Chuvas Intensas,Reconhecido,63612430.25,26131247.28,89743677.53,0,500,63,563
RS-F-4314902-12100-20231121,4314902,Porto Alegre,RS,21/11/2023,12100,Inundações,Reconhecido,0.0,0.0,0.0,0,0,78,78
RS-F-4304655-13214-20231121,4304655,Capão Do Cipó,RS,21/11/2023,13214,Chuvas Intensas,Reconhecido,460912.97,460912.97,921825.94,0,0,0,0
RS-F-4313409-12100-20231121,4313409,Novo Hamburgo,RS,21/11/2023,12100,Inundações,Reconhecido,20769.84,20769.84,41539.68,0,750,148,898
RS-F-4318705-13214-20231121,4318705,São Leopoldo,RS,21/11/2023,13214,Chuvas Intensas,Reconhecido,622926.7,0.0,622926.7,0,60,103,163
RS-F-4322004-12100-20231121,4322004,Triunfo,RS,21/11/2023,12100,Inundações,Reconhecido,158371.2,158371.2,316742.4,0,950,177,1127
SC-F-4203402-13214-20231121,4203402,Campo Belo Do Sul,SC,21/11/2023,13214,Chuvas Intensas,Registro,0.0,0.0,0.0,0,0,0,0
RS-F-4303004-13214-20231122,4303004,Cachoeira Do Sul,RS,22/11/2023,13214,Chuvas Intensas,Reconhecido,997768.22,797458.78,1795227.0,0,123,37,160
RS-F-4320701-13214-20231122,4320701,Sobradinho,RS,22/11/2023,13214,Chuvas Intensas,Reconhecido,157361.84,157361.84,314723.68,0,0,0,0
RS-F-4309803-12200-20231122,4309803,Ibiaçá,RS,22/11/2023,12200,Enxurradas,Reconhecido,1094608.91,1094608.91,2189217.82,0,0,0,0
RS-F-4312674-13214-20231122,4312674,Nicolau Vergueiro,RS,22/11/2023,13214,Chuvas Intensas,Reconhecido,329200.93,329200.93,658401.86,0,0,0,0
RS-F-4304606-12100-20231122,4304606,Canoas,RS,22/11/2023,12100,Inundações,Reconhecido,1796937.36,65129.63,1862066.99,0,192,182,374
PR-F-4106902-12300-20231122,4106902,Curitiba,PR,22/11/2023,12300,Alagamentos,Registro,0.0,0.0,0.0,0,0,0,0
RS-F-4322343-13214-20231123,4322343,Ubiretama,RS,23/11/2023,13214,Chuvas Intensas,Reconhecido,63529.65,63529.65,127059.3,0,4,0,4
PR-F-4127882-12300-20231123,4127882,Tunas Do Paraná,PR,23/11/2023,12300,Alagamentos,Reconhecido,167873.47,74962.37,242835.84,1,60,30,91
SC-F-4203808-12200-20231123,4203808,Canoinhas,SC,23/11/2023,12200,Enxurradas,Registro,0.0,0.0,0.0,0,0,0,0
SC-F-4219309-13214-20231124,4219309,Videira,SC,24/11/2023,13214,Chuvas Intensas,Registro,0.0,0.0,0.0,0,0,0,0
RS-F-4318408-12100-20231125,4318408,São Jerônimo,RS,25/11/2023,12100,Inundações,Reconhecido,3570932.03,2175453.76,5746385.789999999,0,3272,172,3444
RS-F-4322350-12100-20231127,4322350,União Da Serra,RS,27/11/2023,12100,Inundações,Reconhecido,46455.55,46455.55,92911.1,0,0,0,0
SC-F-4205407-13214-20231128,4205407,Florianópolis,SC,28/11/2023,13214,Chuvas Intensas,Registro,6349636.0,1142071.71,7491707.71,0,543,48,592
SC-F-4202909-13214-20231128,4202909,Brusque,SC,28/11/2023,13214,Chuvas Intensas,Registro,0.0,0.0,0.0,0,54,0,54
RS-F-4312443-12200-20231128,4312443,Morrinhos Do Sul,RS,28/11/2023,12200,Enxurradas,Reconhecido,1278583.45,1310257.69,2588841.1399999997,0,0,0,0
SC-F-4219606-13214-20231128,4219606,Xavantina,SC,28/11/2023,13214,Chuvas Intensas,Registro,0.0,0.0,0.0,0,0,0,0
RS-F-4300208-12200-20231128,4300208,Ajuricaba,RS,28/11/2023,12200,Enxurradas,Reconhecido,162594.43,162594.43,325188.86,0,0,0,0
SC-F-4203204-13214-20231128,4203204,Camboriú,SC,28/11/2023,13214,Chuvas Intensas,Registro,0.0,0.0,0.0,0,0,0,0
SC-F-4203808-12200-20231128,4203808,Canoinhas,SC,28/11/2023,12200,Enxurradas,Registro,0.0,0.0,0.0,0,0,0,0
SC-F-4207304-13214-20231128,4207304,Imbituba,SC,28/11/2023,13214,Chuvas Intensas,Registro,0.0,0.0,0.0,0,0,0,0
RS-F-4301875-12100-20231129,4301875,Barra Do Quaraí,RS,29/11/2023,12100,Inundações,Reconhecido,173680.41,173680.41,347360.82,0,63,9,72
SC-F-4206009-11321-20231130,4206009,Governador Celso Ramos,SC,30/11/2023,11321,Movimento de Massa,Registro,0.0,0.01,0.01,0,0,0,0
RS-F-4305108-11331-20231130,4305108,Caxias Do Sul,RS,30/11/2023,11331,Movimento de Massa,Registro,0.0,0.0,0.0,0,0,0,0
RS-F-4311304-13214-20231130,4311304,Lagoa Vermelha,RS,30/11/2023,13214,Chuvas Intensas,Registro,0.0,0.0,0.0,0,0,0,0
SC-F-4208500-12200-20231202,4208500,Ituporanga,SC,02/12/2023,12200,Enxurradas,Registro,0.0,0.0,0.0,0,24,0,24
RS-F-4313037-13214-20231203,4313037,Nova Esperança Do Sul,RS,03/12/2023,13214,Chuvas Intensas,Reconhecido,369532.79,369532.79,739065.58,0,0,0,0
RS-F-4305405-13214-20231203,4305405,Chiapetta,RS,03/12/2023,13214,Chuvas Intensas,Reconhecido,1905733.39,776124.44,2681857.83,0,0,0,0
SC-F-4207403-13214-20231203,4207403,Imbuia,SC,03/12/2023,13214,Chuvas Intensas,Registro,0.0,0.0,0.0,0,0,0,0
RS-F-4321667-13214-20231204,4321667,Três Cachoeiras,RS,04/12/2023,13214,Chuvas Intensas,Registro,422323.19,0.0,422323.19,0,0,0,0
RS-F-4317806-13214-20231205,4317806,Santo Augusto,RS,05/12/2023,13214,Chuvas Intensas,Reconhecido,1706924.75,1708297.3,3415222.05,0,0,0,0
RS-F-4314704-13214-20231206,4314704,Planalto,RS,06/12/2023,13214,Chuvas Intensas,Reconhecido,337858.55,301433.18,639291.73,0,50,0,50
RS-F-4319125-13214-20231207,4319125,São Martinho Da Serra,RS,07/12/2023,13214,Chuvas Intensas,Reconhecido,263951.99,262896.18,526848.1699999999,0,0,0,0
RS-F-4314456-13214-20231207,4314456,Pinhal,RS,07/12/2023,13214,Chuvas Intensas,Reconhecido,633484.78,432881.27,1066366.05,0,0,0,0
SC-F-4219606-13214-20231207,4219606,Xavantina,SC,07/12/2023,13214,Chuvas Intensas,Reconhecido,125970.24,270831.53,396801.77,0,0,0,0
SC-F-4218509-13214-20231207,4218509,Treze Tílias,SC,07/12/2023,13214,Chuvas Intensas,Registro,0.0,0.0,0.0,0,0,0,0
RS-F-4311502-13214-20231208,4311502,Lavras Do Sul,RS,08/12/2023,13214,Chuvas Intensas,Registro,63348.48,87632.06,150980.54,0,0,100,100
SC-F-4219507-13214-20231210,4219507,Xanxerê,SC,10/12/2023,13214,Chuvas Intensas,Reconhecido,12584324.89,285596.06,12869920.950000001,1,664,142,808
SC-F-4209177-12200-20231210,4209177,Jupiá,SC,10/12/2023,12200,Enxurradas,Registro,26395.2,0.0,26395.2,0,0,0,0
SC-F-4206405-13214-20231211,4206405,Guaraciaba,SC,11/12/2023,13214,Chuvas Intensas,Registro,336339.83,77896.63,414236.46,0,0,0,0
RS-F-4317509-13214-20231215,4317509,Santo Ângelo,RS,15/12/2023,13214,Chuvas Intensas,Reconhecido,1396005.73,1396005.73,2792011.46,0,5,0,5
RS-F-4300877-13214-20231215,4300877,Araricá,RS,15/12/2023,13214,Chuvas Intensas,Reconhecido,1187044.9,1134544.43,2321589.33,0,0,0,0
RS-F-4319604-13214-20231215,4319604,São Sepé,RS,15/12/2023,13214,Chuvas Intensas,Registro,0.0,0.0,0.0,0,2,0,2
SC-F-4215208-12200-20231216,4215208,Romelândia,SC,16/12/2023,12200,Enxurradas,Registro,316742.39,0.0,316742.39,0,0,0,0
RS-F-4314027-13214-20231218,4314027,Paraíso Do Sul,RS,18/12/2023,13214,Chuvas Intensas,Reconhecido,26305.77,8812.62,35118.39,0,0,0,0
RS-F-4313953-13214-20231218,4313953,Pantano Grande,RS,18/12/2023,13214,Chuvas Intensas,Reconhecido,253193.86,200403.46,453597.31999999995,0,0,0,0
RS-F-4310363-12200-20231218,4310363,Imigrante,RS,18/12/2023,12200,Enxurradas,Reconhecido,1921570.51,2138011.14,4059581.6500000004,0,4,0,4
RS-F-4323770-13214-20231218,4323770,Westfalia,RS,18/12/2023,13214,Chuvas Intensas,Reconhecido,3328829.95,3328829.95,6657659.9,0,0,0,0
SC-F-4206652-12300-20231218,4206652,Guatambú,SC,18/12/2023,12300,Alagamentos,Registro,252687.47,534238.83,786926.2999999999,0,0,0,5
RS-F-4303004-13214-20231222,4303004,Cachoeira Do Sul,RS,22/12/2023,13214,Chuvas Intensas,Reconhecido,4396029.56,997347.43,5393376.989999999,0,800,0,825
RS-F-4319604-13214-20231222,4319604,São Sepé,RS,22/12/2023,13214,Chuvas Intensas,Reconhecido,1742083.15,1055807.97,2797891.12,0,0,60,60
SC-F-4202008-13214-20240102,4202008,Balneário Camboriú,SC,02/01/2024,13214,Chuvas Intensas,Registro,0.0,0.0,0.0,0,0,0,0
SC-F-4203204-13214-20240103,4203204,Camboriú,SC,03/01/2024,13214,Chuvas Intensas,Registro,0.0,0.0,0.0,0,0,0,0
SC-F-4202008-13214-20240108,4202008,Balneário Camboriú,SC,08/01/2024,13214,Chuvas Intensas,Registro,0.0,0.0,0.0,0,0,0,0
SC-F-4217402-13214-20240109,4217402,Schroeder,SC,09/01/2024,13214,Chuvas Intensas,Registro,2964.02,0.0,2964.02,0,0,0,0
SC-F-4209102-13214-20240111,4209102,Joinville,SC,11/01/2024,13214,Chuvas Intensas,Registro,1482011.28,0.0,1482011.28,0,9,0,9
SC-F-4201307-13214-20240111,4201307,Araquari,SC,11/01/2024,13214,Chuvas Intensas,Registro,0.0,0.0,0.0,0,0,0,0
SC-F-4202057-13214-20240111,4202057,Balneário Barra Do Sul,SC,11/01/2024,13214,Chuvas Intensas,Registro,0.0,0.0,0.0,0,0,0,0
SC-F-4208906-13214-20240111,4208906,Jaraguá Do Sul,SC,11/01/2024,13214,Chuvas Intensas,Registro,0.0,0.0,0.0,0,0,0,0
SC-F-4217402-13214-20240111,4217402,Schroeder,SC,11/01/2024,13214,Chuvas Intensas,Registro,0.0,0.0,0.0,0,0,0,0
SC-F-4202057-13214-20240112,4202057,Balneário Barra Do Sul,SC,12/01/2024,13214,Chuvas Intensas,Registro,0.0,0.0,0.0,0,0,0,0
RS-F-4309209-13214-20240114,4309209,Gravataí,RS,14/01/2024,13214,Chuvas Intensas,Registro,0.0,0.0,0.0,0,1,0,1
PR-F-4118907-12200-20240115,4118907,Pérola,PR,15/01/2024,12200,Enxurradas,Reconhecido,818940.73,818940.73,1637881.46,0,0,0,0
RS-F-4314902-13214-20240116,4314902,Porto Alegre,RS,16/01/2024,13214,Chuvas Intensas,Reconhecido,15808120.32,15314116.56,31122236.880000003,0,10000,0,10000
RS-F-4316907-13214-20240116,4316907,Santa Maria,RS,16/01/2024,13214,Chuvas Intensas,Reconhecido,425757.46,73112.56,498870.02,0,6,0,7
RS-F-4309209-13214-20240116,4309209,Gravataí,RS,16/01/2024,13214,Chuvas Intensas,Reconhecido,26390893.9,23579017.99,49969911.89,0,220,17,237
RS-F-4315503-13214-20240116,4315503,Restinga Seca,RS,16/01/2024,13214,Chuvas Intensas,Reconhecido,149287.94,34797.62,184085.56,0,0,0,0
RS-F-4314027-13214-20240116,4314027,Paraíso Do Sul,RS,16/01/2024,13214,Chuvas Intensas,Registro,0.0,0.0,0.0,0,0,0,0
RS-F-4311239-13214-20240116,4311239,Lagoa Bonita Do Sul,RS,16/01/2024,13214,Chuvas Intensas,Reconhecido,121133.67,121133.67,242267.34,0,0,0,0
RS-F-4306767-13214-20240116,4306767,Eldorado Do Sul,RS,16/01/2024,13214,Chuvas Intensas,Reconhecido,1208772.5,0.0,1208772.5,0,160,16,176
RS-F-4320859-12200-20240116,4320859,Tabaí,RS,16/01/2024,12200,Enxurradas,Reconhecido,39520.3,0.0,39520.3,0,0,0,0
RS-F-4309050-13214-20240116,4309050,Glorinha,RS,16/01/2024,13214,Chuvas Intensas,Registro,3517.31,0.0,3517.31,0,0,0,0
SC-F-4204509-13214-20240116,4204509,Corupá,SC,16/01/2024,13214,Chuvas Intensas,Registro,0.0,0.0,0.0,0,0,0,0
RS-F-4317509-13214-20240117,4317509,Santo Ângelo,RS,17/01/2024,13214,Chuvas Intensas,Reconhecido,1095022.98,1095022.88,2190045.86,0,0,0,0
RS-F-4306353-13214-20240117,4306353,Dezesseis De Novembro,RS,17/01/2024,13214,Chuvas Intensas,Registro,0.0,6333.13,6333.13,0,0,0,0
RS-F-4306379-13214-20240117,4306379,Dilermando De Aguiar,RS,17/01/2024,13214,Chuvas Intensas,Registro,1976.02,0.0,1976.02,0,0,0,0
RS-F-4301800-13214-20240117,4301800,Barracão,RS,17/01/2024,13214,Chuvas Intensas,Registro,0.0,0.0,0.0,0,0,0,0
RS-F-4313904-13214-20240118,4313904,Panambi,RS,18/01/2024,13214,Chuvas Intensas,Reconhecido,2063115.38,1738.89,2064854.2699999998,0,0,0,0
SC-F-4209854-13214-20240118,4209854,Lindóia Do Sul,SC,18/01/2024,13214,Chuvas Intensas,Registro,873208.87,863328.8,1736537.67,0,0,0,0
RS-F-4305371-13214-20240118,4305371,Charrua,RS,18/01/2024,13214,Chuvas Intensas,Reconhecido,983067.48,983067.48,1966134.96,0,0,0,0
SC-F-4200051-13214-20240118,4200051,Abdon Batista,SC,18/01/2024,13214,Chuvas Intensas,Registro,0.0,0.0,0.0,0,0,0,0
RS-F-4317954-13214-20240118,4317954,Santo Expedito Do Sul,RS,18/01/2024,13214,Chuvas Intensas,Reconhecido,745945.68,745945.68,1491891.36,0,0,0,0
SC-F-4200309-13214-20240118,4200309,Agronômica,SC,18/01/2024,13214,Chuvas Intensas,Registro,9880.08,0.0,9880.08,0,0,0,0
SC-F-4219150-13214-20240118,4219150,Vargem,SC,18/01/2024,13214,Chuvas Intensas,Registro,0.0,0.0,0.0,0,0,0,0
PR-F-4115705-13214-20240120,4115705,Matinhos,PR,20/01/2024,13214,Chuvas Intensas,Reconhecido,4051971.98,649584.3,4701556.28,0,300,14,314
PR-F-4119954-13214-20240120,4119954,Pontal Do Paraná,PR,20/01/2024,13214,Chuvas Intensas,Reconhecido,7583117.62,225475.14,7808592.76,0,18,0,18
SC-F-4216206-13214-20240120,4216206,São Francisco Do Sul,SC,20/01/2024,13214,Chuvas Intensas,Registro,4263252.45,1793233.65,6056486.1,0,0,8,8
SC-F-4208450-13214-20240120,4208450,Itapoá,SC,20/01/2024,13214,Chuvas Intensas,Reconhecido,52101.59,5917.18,58018.77,0,400,51,451
SC-F-4207007-13214-20240121,4207007,Içara,SC,21/01/2024,13214,Chuvas Intensas,Registro,29640.23,29640.23,59280.46,0,0,0,0
SC-F-4201307-13214-20240122,4201307,Araquari,SC,22/01/2024,13214,Chuvas Intensas,Registro,0.0,0.0,0.0,0,0,0,1
SC-F-4209102-13214-20240122,4209102,Joinville,SC,22/01/2024,13214,Chuvas Intensas,Registro,988007.52,0.0,988007.52,0,3,0,5
PR-F-4109609-13214-20240123,4109609,Guaratuba,PR,23/01/2024,13214,Chuvas Intensas,Reconhecido,20965530.89,20546386.69,41511917.58,0,136,82,218
RS-F-4306924-12200-20240124,4306924,Engenho Velho,RS,24/01/2024,12200,Enxurradas,Registro,31616.24,59280.45,90896.69,0,0,0,0
SC-F-4202057-12300-20240126,4202057,Balneário Barra Do Sul,SC,26/01/2024,12300,Alagamentos,Registro,0.0,0.0,0.0,0,0,0,0
SC-F-4211702-12200-20240126,4211702,Orleans,SC,26/01/2024,12200,Enxurradas,Registro,0.0,0.0,0.0,0,0,0,0
SC-F-4211702-13214-20240127,4211702,Orleans,SC,27/01/2024,13214,Chuvas Intensas,Reconhecido,1336774.17,474243.61,1811017.7799999998,0,0,0,0
SC-F-4209607-13214-20240127,4209607,Lauro Muller,SC,27/01/2024,13214,Chuvas Intensas,Registro,592804.51,53352.41,646156.92,0,0,0,0
SC-F-4204194-12200-20240128,4204194,Chapadão Do Lageado,SC,28/01/2024,12200,Enxurradas,Registro,0.0,0.0,0.0,0,188,0,188
SC-F-4202438-12200-20240128,4202438,Bocaina Do Sul,SC,28/01/2024,12200,Enxurradas,Registro,148201.13,0.0,148201.13,0,0,0,0
SC-F-4217253-13214-20240128,4217253,São Pedro De Alcântara,SC,28/01/2024,13214,Chuvas Intensas,Reconhecido,558224.25,2139530.3,2697754.55,1,80,0,81
SC-F-4208906-12200-20240128,4208906,Jaraguá Do Sul,SC,28/01/2024,12200,Enxurradas,Reconhecido,21874486.49,0.0,21874486.49,0,20,0,20
SC-F-4210605-13214-20240128,4210605,Massaranduba,SC,28/01/2024,13214,Chuvas Intensas,Registro,0.0,0.0,0.0,0,0,0,0
SC-F-4208450-13214-20240129,4208450,Itapoá,SC,29/01/2024,13214,Chuvas Intensas,Registro,0.0,0.0,0.0,0,0,0,0
RS-F-4320701-13214-20240209,4320701,Sobradinho,RS,09/02/2024,13214,Chuvas Intensas,Registro,30134.23,14820.11,44954.34,0,0,0,0
SC-F-4206652-13214-20240209,4206652,Guatambú,SC,09/02/2024,13214,Chuvas Intensas,Registro,40633.19,5928.05,46561.240000000005,0,4,0,4
PR-F-4113700-12300-20240214,4113700,Londrina,PR,14/02/2024,12300,Alagamentos,Registro,0.0,0.0,0.0,0,0,0,1
SC-F-4214805-11331-20240214,4214805,Rio Do Sul,SC,14/02/2024,11331,Movimento de Massa,Registro,0.0,0.0,0.0,0,0,0,0
SC-F-4202909-13214-20240218,4202909,Brusque,SC,18/02/2024,13214,Chuvas Intensas,Registro,0.0,0.0,0.0,0,0,0,0
RS-F-4314068-13214-20240219,4314068,Passa Sete,RS,19/02/2024,13214,Chuvas Intensas,Registro,1482.01,494003.76,495485.77,0,0,0,0
RS-F-4315206-12200-20240219,4315206,Putinga,RS,19/02/2024,12200,Enxurradas,Reconhecido,938607.14,414963.16,1353570.3,0,0,0,0
RS-F-4302451-13214-20240219,4302451,Boqueirão Do Leão,RS,19/02/2024,13214,Chuvas Intensas,Reconhecido,531548.05,583813.64,1115361.69,0,32,0,32
PR-F-4113700-12300-20240219,4113700,Londrina,PR,19/02/2024,12300,Alagamentos,Registro,0.0,0.0,0.0,0,0,0,0
SC-F-4209300-13214-20240221,4209300,Lages,SC,21/02/2024,13214,Chuvas Intensas,Registro,355682.71,0.0,355682.71,0,16,0,16
SC-F-4202438-12200-20240221,4202438,Bocaina Do Sul,SC,21/02/2024,12200,Enxurradas,Registro,49400.38,0.0,49400.38,0,0,0,0
SC-F-4202602-13214-20240223,4202602,Bom Retiro,SC,23/02/2024,13214,Chuvas Intensas,Registro,39520.3,0.0,39520.3,0,0,0,0
RS-F-4304507-12200-20240223,4304507,Canguçu,RS,23/02/2024,12200,Enxurradas,Registro,45512.41,0.0,45512.41,0,0,0,0
SC-F-4201307-13214-20240224,4201307,Araquari,SC,24/02/2024,13214,Chuvas Intensas,Reconhecido,0.0,126464.96,126464.96,0,631,0,631
SC-F-4204509-13214-20240224,4204509,Corupá,SC,24/02/2024,13214,Chuvas Intensas,Registro,0.0,0.0,0.0,0,0,0,0
SC-F-4209102-13214-20240225,4209102,Joinville,SC,25/02/2024,13214,Chuvas Intensas,Reconhecido,7164946.57,308652.24,7473598.8100000005,0,1693,0,1693
SC-F-4202057-13214-20240225,4202057,Balneário Barra Do Sul,SC,25/02/2024,13214,Chuvas Intensas,Registro,27947.06,60202.27,88149.33,0,461,0,461
SC-F-4205803-13214-20240225,4205803,Garuva,SC,25/02/2024,13214,Chuvas Intensas,Registro,0.0,0.0,0.0,0,0,0,0
SC-F-4217402-11331-20240225,4217402,Schroeder,SC,25/02/2024,11331,Movimento de Massa,Registro,0.0,0.0,0.0,0,0,0,0
RS-F-4313102-13214-20240226,4313102,Nova Palma,RS,26/02/2024,13214,Chuvas Intensas,Registro,0.0,0.0,0.0,0,0,0,0
RS-F-4314472-13214-20240226,4314472,Pinhal Grande,RS,26/02/2024,13214,Chuvas Intensas,Registro,0.0,17670.51,17670.51,0,0,0,0
RS-F-4303509-12300-20240226,4303509,Camaquã,RS,26/02/2024,12300,Alagamentos,Registro,69160.53,0.0,69160.53,0,0,0,0
RS-F-4308003-13214-20240226,4308003,Faxinal Do Soturno,RS,26/02/2024,13214,Chuvas Intensas,Registro,0.0,0.0,0.0,0,0,0,0
SC-F-4209607-11311-20240227,4209607,Lauro Muller,SC,27/02/2024,11311,Movimento de Massa,Registro,0.0,0.0,0.0,0,0,0,0
SC-F-4201653-13214-20240227,4201653,Arvoredo,SC,27/02/2024,13214,Chuvas Intensas,Registro,0.0,14820.11,14820.11,0,0,0,0
SC-F-4205001-13214-20240228,4205001,Dionísio Cerqueira,SC,28/02/2024,13214,Chuvas Intensas,Registro,0.0,790406.02,790406.02,0,0,0,0
SC-F-4201257-12200-20240228,4201257,Apiúna,SC,28/02/2024,12200,Enxurradas,Registro,0.0,0.0,0.0,0,4,0,4
SC-F-4215109-13214-20240229,4215109,Rodeio,SC,29/02/2024,13214,Chuvas Intensas,Registro,0.0,0.0,0.0,0,0,0,0
RS-F-4311304-13214-20240301,4311304,Lagoa Vermelha,RS,01/03/2024,13214,Chuvas Intensas,Registro,0.0,0.0,0.0,0,0,0,0
PR-F-4104204-12300-20240304,4104204,Campo Largo,PR,04/03/2024,12300,Alagamentos,Registro,0.0,0.0,0.0,0,0,0,0
SC-F-4202438-12300-20240304,4202438,Bocaina Do Sul,SC,04/03/2024,12300,Alagamentos,Registro,49400.38,0.0,49400.38,0,0,0,0
SC-F-4201703-13214-20240304,4201703,Ascurra,SC,04/03/2024,13214,Chuvas Intensas,Registro,0.0,0.0,0.0,0,0,0,0
SC-F-4206900-13214-20240304,4206900,Ibirama,SC,04/03/2024,13214,Chuvas Intensas,Registro,0.0,0.0,0.0,0,0,0,0
SC-F-4209177-12200-20240304,4209177,Jupiá,SC,04/03/2024,12200,Enxurradas,Registro,14820.11,0.0,14820.11,0,0,0,0
SC-F-4217907-13214-20240304,4217907,Tangará,SC,04/03/2024,13214,Chuvas Intensas,Registro,0.0,0.0,0.0,0,0,0,0
SC-F-4205308-11331-20240308,4205308,Faxinal Dos Guedes,SC,08/03/2024,11331,Movimento de Massa,Registro,0.0,0.0,0.0,0,0,0,0
RS-F-4312104-13214-20240315,4312104,Mata,RS,15/03/2024,13214,Chuvas Intensas,Reconhecido,296402.26,296402.26,592804.52,0,0,0,0
SC-F-4204707-12200-20240315,4204707,Cunha Porã,SC,15/03/2024,12200,Enxurradas,Registro,0.0,0.0,0.0,1,0,0,1
RS-F-4322400-13214-20240316,4322400,Uruguaiana,RS,16/03/2024,13214,Chuvas Intensas,Reconhecido,2525841.22,1491199.75,4017040.97,0,0,0,0
SC-F-4211702-12300-20240316,4211702,Orleans,SC,16/03/2024,12300,Alagamentos,Registro,177841.35,0.0,177841.35,0,0,0,0
SC-F-4204251-12300-20240316,4204251,Cocal Do Sul,SC,16/03/2024,12300,Alagamentos,Registro,237121.8,3.95,237125.75,0,8,0,10
RS-F-4307005-13214-20240316,4307005,Erechim,RS,16/03/2024,13214,Chuvas Intensas,Registro,2964.02,0.0,2964.02,0,0,0,0
SC-F-4219002-13214-20240316,4219002,Urussanga,SC,16/03/2024,13214,Chuvas Intensas,Registro,0.0,9880.08,9880.08,0,0,0,0
RS-F-4319125-13214-20240316,4319125,São Martinho Da Serra,RS,16/03/2024,13214,Chuvas Intensas,Registro,0.0,49400.38,49400.38,0,0,0,0
PR-F-4100608-12200-20240317,4100608,Alto Paraná,PR,17/03/2024,12200,Enxurradas,Reconhecido,1182125.35,1062205.58,2244330.93,0,22,0,22
PR-F-4113700-12300-20240317,4113700,Londrina,PR,17/03/2024,12300,Alagamentos,Registro,0.0,0.0,0.0,0,12,0,12
RS-F-4323507-12200-20240317,4323507,Vista Alegre,RS,17/03/2024,12200,Enxurradas,Registro,0.0,0.0,0.0,0,0,0,0
PR-F-4120903-12200-20240318,4120903,Quedas Do Iguaçu,PR,18/03/2024,12200,Enxurradas,Reconhecido,197601.5,197601.5,395203.0,0,0,0,0
RS-F-4305157-13214-20240318,4305157,Cerro Grande,RS,18/03/2024,13214,Chuvas Intensas,Reconhecido,91884.7,91884.7,183769.4,0,0,0,0
RS-F-4308508-13214-20240318,4308508,Frederico Westphalen,RS,18/03/2024,13214,Chuvas Intensas,Reconhecido,749057.9,407553.1,1156611.0,0,76,7,83
RS-F-4300646-13214-20240319,4300646,Ametista Do Sul,RS,19/03/2024,13214,Chuvas Intensas,Reconhecido,79040.6,79040.6,158081.2,0,0,0,0
PR-F-4104204-12300-20240319,4104204,Campo Largo,PR,19/03/2024,12300,Alagamentos,Registro,0.0,0.0,0.0,0,8,0,8
RS-F-4317301-13214-20240320,4317301,Santa Vitória Do Palmar,RS,20/03/2024,13214,Chuvas Intensas,Reconhecido,2779301.2,2779301.2,5558602.4,0,0,0,0
RS-F-4316907-13214-20240321,4316907,Santa Maria,RS,21/03/2024,13214,Chuvas Intensas,Registro,0.0,0.0,0.0,0,0,0,2
RS-F-4311007-13214-20240321,4311007,Jaguarão,RS,21/03/2024,13214,Chuvas Intensas,Registro,148201.13,98800.75,247001.88,0,0,0,0
RS-F-4306379-13214-20240321,4306379,Dilermando De Aguiar,RS,21/03/2024,13214,Chuvas Intensas,Registro,0.0,0.0,0.0,0,0,0,0
RS-F-4317608-13214-20240321,4317608,Santo Antônio Da Patrulha,RS,21/03/2024,13214,Chuvas Intensas,Registro,0.0,0.0,0.0,0,0,0,0
RS-F-4309100-12300-20240329,4309100,Gramado,RS,29/03/2024,12300,Alagamentos,Registro,0.0,0.0,0.0,0,0,0,0
RS-F-4322509-13214-20240402,4322509,Vacaria,RS,02/04/2024,13214,Chuvas Intensas,Registro,988.01,0.0,988.01,0,10,0,10
RS-F-4305132-13214-20240407,4305132,Cerro Branco,RS,07/04/2024,13214,Chuvas Intensas,Registro,0.0,0.0,0.0,0,0,0,0
RS-F-4311403-12200-20240407,4311403,Lajeado,RS,07/04/2024,12200,Enxurradas,Registro,0.0,0.0,0.0,0,0,0,0
SC-F-4202008-13214-20240412,4202008,Balneário Camboriú,SC,12/04/2024,13214,Chuvas Intensas,Registro,0.0,0.0,0.0,0,0,0,0
SC-F-4205704-13214-20240413,4205704,Garopaba,SC,13/04/2024,13214,Chuvas Intensas,Registro,4199031.96,573044.36,4772076.32,0,20,0,20
SC-F-4211900-13214-20240413,4211900,Palhoça,SC,13/04/2024,13214,Chuvas Intensas,Registro,0.0,0.0,0.0,0,50,11,61
RS-F-4312203-13214-20240413,4312203,Maximiliano De Almeida,RS,13/04/2024,13214,Chuvas Intensas,Reconhecido,1113199.49,1113199.49,2226398.98,0,0,0,0
RS-F-4306304-13214-20240413,4306304,David Canabarro,RS,13/04/2024,13214,Chuvas Intensas,Reconhecido,582080.88,585090.54,1167171.42,0,0,0,0
RS-F-4308854-13214-20240413,4308854,Gentil,RS,13/04/2024,13214,Chuvas Intensas,Reconhecido,223586.1,217213.45,440799.55000000005,0,1,0,1
SC-F-4207304-13214-20240413,4207304,Imbituba,SC,13/04/2024,13214,Chuvas Intensas,Reconhecido,523767.49,0.0,523767.49,0,68,3,71
SC-F-4203709-13214-20240414,4203709,Canelinha,SC,14/04/2024,13214,Chuvas Intensas,Reconhecido,2731840.79,2474958.84,5206799.63,0,12,38,50
SC-F-4200606-13214-20240414,4200606,Águas Mornas,SC,14/04/2024,13214,Chuvas Intensas,Reconhecido,228576.49,228576.49,457152.98,0,16,0,16
SC-F-4202909-13214-20240414,4202909,Brusque,SC,14/04/2024,13214,Chuvas Intensas,Registro,0.0,0.0,0.0,0,0,0,0
PR-F-4116208-12300-20240414,4116208,Morretes,PR,14/04/2024,12300,Alagamentos,Reconhecido,1591482.51,98800.75,1690283.26,0,247,9,256
SC-F-4212304-13214-20240414,4212304,Paulo Lopes,SC,14/04/2024,13214,Chuvas Intensas,Reconhecido,4228672.18,869446.62,5098118.8,0,20,0,20
SC-F-4201208-13214-20240414,4201208,Antônio Carlos,SC,14/04/2024,13214,Chuvas Intensas,Reconhecido,2976866.66,98010.35,3074877.0100000002,0,0,0,0
SC-F-4216305-13214-20240414,4216305,São João Batista,SC,14/04/2024,13214,Chuvas Intensas,Reconhecido,1679612.78,296402.26,1976015.04,0,98,0,98
SC-F-4217253-13214-20240414,4217253,São Pedro De Alcântara,SC,14/04/2024,13214,Chuvas Intensas,Reconhecido,21242.16,41496.32,62738.479999999996,0,5,0,5
SC-F-4213807-11331-20240414,4213807,Praia Grande,SC,14/04/2024,11331,Movimento de Massa,Registro,79040.6,0.0,79040.6,0,0,0,0
SC-F-4210100-13214-20240414,4210100,Mafra,SC,14/04/2024,13214,Chuvas Intensas,Registro,0.0,0.0,0.0,0,0,0,0
SC-F-4202701-13214-20240414,4202701,Botuverá,SC,14/04/2024,13214,Chuvas Intensas,Registro,0.0,49400.38,49400.38,0,0,0,0
SC-F-4205407-13214-20240414,4205407,Florianópolis,SC,14/04/2024,13214,Chuvas Intensas,Registro,0.0,0.0,0.0,0,0,0,0
SC-F-4211504-13214-20240414,4211504,Nova Trento,SC,14/04/2024,13214,Chuvas Intensas,Registro,0.0,0.0,0.0,0,0,0,0
SC-F-4215703-13214-20240415,4215703,Santo Amaro Da Imperatriz,SC,15/04/2024,13214,Chuvas Intensas,Reconhecido,706622.98,3848412.79,4555035.77,0,120,0,120
RS-F-4302907-13214-20240415,4302907,Cacequi,RS,15/04/2024,13214,Chuvas Intensas,Reconhecido,1100047.57,1085227.46,2185275.0300000003,0,0,0,0
RS-F-4311106-13214-20240416,4311106,Jaguari,RS,16/04/2024,13214,Chuvas Intensas,Reconhecido,197601.5,197601.5,395203.0,0,36,0,36
RS-F-4304655-13214-20240416,4304655,Capão Do Cipó,RS,16/04/2024,13214,Chuvas Intensas,Reconhecido,319620.43,319620.43,639240.86,0,0,0,0
RS-F-4315321-13214-20240416,4315321,Quevedos,RS,16/04/2024,13214,Chuvas Intensas,Reconhecido,200565.53,200565.53,401131.06,0,0,0,0
RS-F-4319802-13214-20240416,4319802,São Vicente Do Sul,RS,16/04/2024,13214,Chuvas Intensas,Registro,0.0,0.0,0.0,0,0,0,0
SC-F-4210001-13214-20240416,4210001,Luiz Alves,SC,16/04/2024,13214,Chuvas Intensas,Registro,98800.75,0.0,98800.75,0,0,0,0
SC-F-4216701-13214-20240416,4216701,São José Do Cedro,SC,16/04/2024,13214,Chuvas Intensas,Registro,0.0,98800.75,98800.75,0,0,0,0
RS-F-4300406-12100-20240418,4300406,Alegrete,RS,18/04/2024,12100,Inundações,Registro,0.0,0.0,0.0,0,6,0,6
RS-F-4314068-13214-20240423,4314068,Passa Sete,RS,23/04/2024,13214,Chuvas Intensas,Registro,0.0,592804.51,592804.51,0,0,0,0
RS-F-4311403-12200-20240423,4311403,Lajeado,RS,23/04/2024,12200,Enxurradas,Registro,0.0,0.0,0.0,0,0,0,0
RS-F-4313300-12200-20240424,4313300,Nova Prata,RS,24/04/2024,12200,Enxurradas,Reconhecido,7410056.4,296402.26,7706458.66,0,180,3,183
RS-F-4319901-13214-20240424,4319901,Sapiranga,RS,24/04/2024,13214,Chuvas Intensas,Reconhecido,0.0,0.0,0.0,0,273,55,328
RS-F-4307609-13214-20240424,4307609,Estância Velha,RS,24/04/2024,13214,Chuvas Intensas,Registro,0.0,0.0,0.0,0,0,0,0
RS-F-4314506-13214-20240426,4314506,Pinheiro Machado,RS,26/04/2024,13214,Chuvas Intensas,Reconhecido,0.0,0.0,0.0,0,0,0,0
RS-F-4311981-13214-20240426,4311981,Mariana Pimentel,RS,26/04/2024,13214,Chuvas Intensas,Reconhecido,0.0,0.0,0.0,0,2,0,2
RS-F-4318705-13214-20240427,4318705,São Leopoldo,RS,27/04/2024,13214,Chuvas Intensas,Reconhecido,4823240240.88,32352306.24,4855592547.12,9,165000,15000,180010
RS-F-4307864-13214-20240427,4307864,Fagundes Varela,RS,27/04/2024,13214,Chuvas Intensas,Reconhecido,5266080.08,547715.01,5813795.09,0,5,0,5
RS-F-4320305-12300-20240427,4320305,Selbach,RS,27/04/2024,12300,Alagamentos,Reconhecido,0.0,0.0,0.0,0,0,0,0
RS-F-4301305-13214-20240428,4301305,Arroio Grande,RS,28/04/2024,13214,Chuvas Intensas,Reconhecido,0.0,0.0,0.0,0,8,4,12
SC-F-4213401-13214-20240428,4213401,Ponte Serrada,SC,28/04/2024,13214,Chuvas Intensas,Reconhecido,0.0,40368.9,40368.9,0,184,0,184
RS-F-4315800-13214-20240428,4315800,Roca Sales,RS,28/04/2024,13214,Chuvas Intensas,Reconhecido,0.0,0.0,0.0,14,3000,350,3380
RS-F-4313508-12300-20240428,4313508,Osório,RS,28/04/2024,12300,Alagamentos,Registro,0.0,0.0,0.0,0,10,0,10
SC-F-4219101-12300-20240428,4219101,Vargeão,SC,28/04/2024,12300,Alagamentos,Registro,0.0,0.0,0.0,0,0,0,0
SC-F-4211504-13214-20240428,4211504,Nova Trento,SC,28/04/2024,13214,Chuvas Intensas,Registro,0.0,0.0,0.0,0,0,0,0
RS-F-4311007-13214-20240429,4311007,Jaguarão,RS,29/04/2024,13214,Chuvas Intensas,Reconhecido,0.0,0.0,0.0,0,0,0,0
RS-F-4319604-13214-20240429,4319604,São Sepé,RS,29/04/2024,13214,Chuvas Intensas,Reconhecido,0.0,0.0,0.0,0,206,597,813
RS-F-4322202-13214-20240429,4322202,Tupanciretã,RS,29/04/2024,13214,Chuvas Intensas,Reconhecido,0.0,0.0,0.0,0,46,1,47
RS-F-4300109-13214-20240429,4300109,Agudo,RS,29/04/2024,13214,Chuvas Intensas,Reconhecido,0.0,0.0,0.0,1,27,100,139
RS-F-4300802-13214-20240429,4300802,Antônio Prado,RS,29/04/2024,13214,Chuvas Intensas,Reconhecido,0.0,0.0,0.0,0,40,36,79
RS-F-4317608-13214-20240429,4317608,Santo Antônio Da Patrulha,RS,29/04/2024,13214,Chuvas Intensas,Reconhecido,0.0,0.0,0.0,0,0,0,0
RS-F-4317004-13214-20240429,4317004,Santana Da Boa Vista,RS,29/04/2024,13214,Chuvas Intensas,Reconhecido,0.0,0.0,0.0,0,0,4,4
RS-F-4315305-13214-20240429,4315305,Quaraí,RS,29/04/2024,13214,Chuvas Intensas,Reconhecido,0.0,0.0,0.0,0,0,57,57
RS-F-4314159-13214-20240429,4314159,Paverama,RS,29/04/2024,13214,Chuvas Intensas,Reconhecido,0.0,0.0,0.0,2,95,0,97
RS-F-4322541-13214-20240429,4322541,Vale Real,RS,29/04/2024,13214,Chuvas Intensas,Reconhecido,0.0,0.0,0.0,0,1200,300,1510
RS-F-4314068-13214-20240429,4314068,Passa Sete,RS,29/04/2024,13214,Chuvas Intensas,Reconhecido,0.0,0.0,0.0,0,1000,0,1000
RS-F-4307815-13214-20240429,4307815,Estrela Velha,RS,29/04/2024,13214,Chuvas Intensas,Reconhecido,11618968.43,256881.96,11875850.39,0,32,14,46
RS-F-4304697-13214-20240429,4304697,Capitão,RS,29/04/2024,13214,Chuvas Intensas,Reconhecido,0.0,0.0,0.0,2,106,32,155
RS-F-4318432-13214-20240429,4318432,São João Do Polêsine,RS,29/04/2024,13214,Chuvas Intensas,Reconhecido,0.0,0.0,0.0,1,100,21,124
RS-F-4309571-13214-20240429,4309571,Herveiras,RS,29/04/2024,13214,Chuvas Intensas,Reconhecido,0.0,0.0,0.0,0,40,0,40
RS-F-4305835-13214-20240429,4305835,Coqueiro Baixo,RS,29/04/2024,13214,Chuvas Intensas,Reconhecido,0.0,0.0,0.0,0,10,1,11
RS-F-4303509-13214-20240429,4303509,Camaquã,RS,29/04/2024,13214,Chuvas Intensas,Reconhecido,316162.41,0.0,316162.41,0,0,0,0
RS-F-4300406-13214-20240429,4300406,Alegrete,RS,29/04/2024,13214,Chuvas Intensas,Reconhecido,0.0,0.0,0.0,0,296,214,510
RS-F-4319406-13214-20240429,4319406,São Pedro Do Sul,RS,29/04/2024,13214,Chuvas Intensas,Reconhecido,11124964.67,296402.26,11421366.93,0,120,4,126
RS-F-4323309-12200-20240429,4323309,Vila Flores,RS,29/04/2024,12200,Enxurradas,Reconhecido,0.0,0.0,0.0,0,0,0,0
RS-F-4310751-13214-20240429,4310751,Ivorá,RS,29/04/2024,13214,Chuvas Intensas,Reconhecido,0.0,4940.04,4940.04,0,23,11,41
RS-F-4312252-12300-20240429,4312252,Minas Do Leão,RS,29/04/2024,12300,Alagamentos,Reconhecido,839806.39,146225.11,986031.5,0,68,12,80
RS-F-4309100-13214-20240429,4309100,Gramado,RS,29/04/2024,13214,Chuvas Intensas,Reconhecido,32703048.91,0.0,32703048.91,7,900,272,1181
RS-F-4302352-13214-20240429,4302352,Bom Princípio,RS,29/04/2024,13214,Chuvas Intensas,Reconhecido,5361444.05,247989.89,5609433.9399999995,1,468,171,640
RS-F-4319752-13214-20240429,4319752,São Vendelino,RS,29/04/2024,13214,Chuvas Intensas,Reconhecido,0.0,0.0,0.0,2,43,65,115
RS-F-4315503-13214-20240429,4315503,Restinga Seca,RS,29/04/2024,13214,Chuvas Intensas,Reconhecido,592804.51,178829.36,771633.87,0,146,151,297
RS-F-4306056-13214-20240429,4306056,Cristal,RS,29/04/2024,13214,Chuvas Intensas,Reconhecido,0.0,0.0,0.0,0,144,0,144
RS-F-4301651-13214-20240429,4301651,Barão,RS,29/04/2024,13214,Chuvas Intensas,Reconhecido,0.0,0.0,0.0,0,81,0,81
RS-F-4313656-13214-20240429,4313656,Palmares Do Sul,RS,29/04/2024,13214,Chuvas Intensas,Reconhecido,0.0,0.0,0.0,0,150,0,150
RS-F-4314902-13214-20240429,4314902,Porto Alegre,RS,29/04/2024,13214,Chuvas Intensas,Reconhecido,16400924.83,0.0,16400924.83,5,10000,83,10189
RS-F-4304804-13214-20240429,4304804,Carlos Barbosa,RS,29/04/2024,13214,Chuvas Intensas,Reconhecido,0.0,0.0,0.0,0,0,73,73
RS-F-4306403-13214-20240429,4306403,Dois Irmãos,RS,29/04/2024,13214,Chuvas Intensas,Reconhecido,1482011.28,0.0,1482011.28,0,60,0,60
RS-F-4302659-12100-20240429,4302659,Brochier,RS,29/04/2024,12100,Inundações,Registro,0.0,0.0,0.0,0,5,0,5
RS-F-4321667-13214-20240429,4321667,Três Cachoeiras,RS,29/04/2024,13214,Chuvas Intensas,Reconhecido,296402.26,0.0,296402.26,0,0,0,0
RS-F-4320008-13214-20240430,4320008,Sapucaia Do Sul,RS,30/04/2024,13214,Chuvas Intensas,Reconhecido,0.0,0.0,0.0,0,5000,550,5550
RS-F-4317400-13214-20240430,4317400,Santiago,RS,30/04/2024,13214,Chuvas Intensas,Reconhecido,0.0,0.0,0.0,0,12,6,18
RS-F-4304408-11321-20240430,4304408,Canela,RS,30/04/2024,11321,Movimento de Massa,Reconhecido,17141930.47,8585785.35,25727715.82,2,402,235,651
RS-F-4308607-13214-20240430,4308607,Garibaldi,RS,30/04/2024,13214,Chuvas Intensas,Reconhecido,0.0,0.0,0.0,0,0,17,17
RS-F-4308201-13214-20240430,4308201,Flores Da Cunha,RS,30/04/2024,13214,Chuvas Intensas,Reconhecido,0.0,0.0,0.0,0,80,12,92
RS-F-4322707-13214-20240430,4322707,Vera Cruz,RS,30/04/2024,13214,Chuvas Intensas,Reconhecido,20376414.52,79040.6,20455455.12,0,2000,150,2350
RS-F-4304200-13214-20240430,4304200,Candelária,RS,30/04/2024,13214,Chuvas Intensas,Reconhecido,0.0,0.0,0.0,0,800,500,1332
RS-F-4322806-13214-20240430,4322806,Veranópolis,RS,30/04/2024,13214,Chuvas Intensas,Reconhecido,0.0,0.0,0.0,5,348,146,520
RS-F-4313201-13214-20240430,4313201,Nova Petrópolis,RS,30/04/2024,13214,Chuvas Intensas,Reconhecido,0.0,0.0,0.0,1,1200,35,1239
RS-F-4318200-13214-20240430,4318200,São Francisco De Paula,RS,30/04/2024,13214,Chuvas Intensas,Reconhecido,0.0,0.0,0.0,0,40,4,44
RS-F-4314605-13214-20240430,4314605,Piratini,RS,30/04/2024,13214,Chuvas Intensas,Reconhecido,939452.88,5928.05,945380.93,0,0,0,0
RS-F-4311205-13214-20240430,4311205,Júlio De Castilhos,RS,30/04/2024,13214,Chuvas Intensas,Reconhecido,0.0,0.0,0.0,0,10,7,17
RS-F-4319505-13214-20240430,4319505,São Sebastião Do Caí,RS,30/04/2024,13214,Chuvas Intensas,Reconhecido,0.0,0.0,0.0,0,5000,600,5600
RS-F-4316006-13214-20240430,4316006,Rolante,RS,30/04/2024,13214,Chuvas Intensas,Reconhecido,61686249.5,24811832.9,86498082.4,0,7000,200,7204
RS-F-4320701-13214-20240430,4320701,Sobradinho,RS,30/04/2024,13214,Chuvas Intensas,Reconhecido,17704304.35,1242913.46,18947217.810000002,1,140,510,651
RS-F-4306767-13214-20240430,4306767,Eldorado Do Sul,RS,30/04/2024,13214,Chuvas Intensas,Reconhecido,0.0,0.0,0.0,6,20000,6000,26006
RS-F-4306205-13214-20240430,4306205,Cruzeiro Do Sul,RS,30/04/2024,13214,Chuvas Intensas,Reconhecido,0.0,0.0,0.0,13,2987,800,3805
RS-F-4301206-13214-20240430,4301206,Arroio Do Tigre,RS,30/04/2024,13214,Chuvas Intensas,Reconhecido,0.0,0.0,0.0,0,770,32,802
RS-F-4316451-13214-20240430,4316451,Salto Do Jacuí,RS,30/04/2024,13214,Chuvas Intensas,Reconhecido,0.0,0.0,0.0,0,120,0,120
RS-F-4318309-12100-20240430,4318309,São Gabriel,RS,30/04/2024,12100,Inundações,Reconhecido,0.0,0.0,0.0,0,1850,50,1900
RS-F-4307708-12200-20240430,4307708,Esteio,RS,30/04/2024,12200,Enxurradas,Reconhecido,0.0,0.0,0.0,0,2000,419,2419
RS-F-4309209-13214-20240430,4309209,Gravataí,RS,30/04/2024,13214,Chuvas Intensas,Reconhecido,0.0,0.0,0.0,0,1200,314,1514
RS-F-4308300-13214-20240430,4308300,Fontoura Xavier,RS,30/04/2024,13214,Chuvas Intensas,Reconhecido,0.0,0.0,0.0,1,400,23,577
RS-F-4320677-13214-20240430,4320677,Sinimbu,RS,30/04/2024,13214,Chuvas Intensas,Reconhecido,0.0,0.0,0.0,3,1200,800,2003
RS-F-4314027-13214-20240430,4314027,Paraíso Do Sul,RS,30/04/2024,13214,Chuvas Intensas,Reconhecido,1933431.92,1933431.92,3866863.84,0,0,0,0
RS-F-4308003-13214-20240430,4308003,Faxinal Do Soturno,RS,30/04/2024,13214,Chuvas Intensas,Reconhecido,0.0,0.0,0.0,0,320,43,363
RS-F-4300703-13214-20240430,4300703,Anta Gorda,RS,30/04/2024,13214,Chuvas Intensas,Reconhecido,0.0,0.0,0.0,0,50,30,80
RS-F-4300703-12200-20240430,4300703,Anta Gorda,RS,30/04/2024,12200,Enxurradas,Registro,2623159.97,123500.94,2746660.91,0,50,30,80
RS-F-4315156-13214-20240430,4315156,Progresso,RS,30/04/2024,13214,Chuvas Intensas,Reconhecido,494.0,716305.45,716799.45,0,0,0,0
RS-F-4314423-13214-20240430,4314423,Picada Café,RS,30/04/2024,13214,Chuvas Intensas,Reconhecido,0.0,0.0,0.0,0,16,13,29
RS-F-4322251-13214-20240430,4322251,Tupandi,RS,30/04/2024,13214,Chuvas Intensas,Reconhecido,0.0,0.0,0.0,0,50,0,50
RS-F-4302659-13214-20240430,4302659,Brochier,RS,30/04/2024,13214,Chuvas Intensas,Reconhecido,0.0,0.0,0.0,0,100,3,103
RS-F-4322152-13214-20240430,4322152,Tunas,RS,30/04/2024,13214,Chuvas Intensas,Reconhecido,0.0,0.0,0.0,0,120,0,120
RS-F-4309753-13214-20240430,4309753,Ibarama,RS,30/04/2024,13214,Chuvas Intensas,Reconhecido,0.0,0.0,0.0,0,150,27,187
RS-F-4301404-13214-20240430,4301404,Arvorezinha,RS,30/04/2024,13214,Chuvas Intensas,Reconhecido,0.0,0.0,0.0,0,1000,200,1201
RS-F-4305132-13214-20240430,4305132,Cerro Branco,RS,30/04/2024,13214,Chuvas Intensas,Reconhecido,0.0,0.0,0.0,0,200,100,300
RS-F-4312054-13214-20240430,4312054,Marques De Souza,RS,30/04/2024,13214,Chuvas Intensas,Reconhecido,0.0,0.0,0.0,1,150,400,572
RS-F-4306700-13214-20240430,4306700,Dona Francisca,RS,30/04/2024,13214,Chuvas Intensas,Reconhecido,0.0,0.0,0.0,0,150,80,230
RS-F-4300570-12200-20240430,4300570,Alto Feliz,RS,30/04/2024,12200,Enxurradas,Reconhecido,0.0,0.0,0.0,0,0,20,20
RS-F-4306379-13214-20240430,4306379,Dilermando De Aguiar,RS,30/04/2024,13214,Chuvas Intensas,Reconhecido,91884.7,0.0,91884.7,0,64,0,64
RS-F-4314076-13214-20240430,4314076,Passo Do Sobrado,RS,30/04/2024,13214,Chuvas Intensas,Reconhecido,0.0,0.0,0.0,0,50,34,84
RS-F-4302253-13214-20240430,4302253,Boa Vista Do Sul,RS,30/04/2024,13214,Chuvas Intensas,Reconhecido,770645.87,0.0,770645.87,2,5,0,7
RS-F-4313953-13214-20240430,4313953,Pantano Grande,RS,30/04/2024,13214,Chuvas Intensas,Reconhecido,167961.28,3225844.55,3393805.8299999996,1,2550,80,2631
RS-F-4323770-13214-20240430,4323770,Westfalia,RS,30/04/2024,13214,Chuvas Intensas,Reconhecido,502376.23,508919.31,1011295.54,0,87,0,87
RS-F-4312401-13214-20240430,4312401,Montenegro,RS,30/04/2024,13214,Chuvas Intensas,Reconhecido,38611333.88,0.0,38611333.88,1,7845,768,8614
RS-F-4310363-13214-20240430,4310363,Imigrante,RS,30/04/2024,13214,Chuvas Intensas,Reconhecido,31962043.27,30944395.52,62906438.79,0,500,40,570
RS-F-4320453-12200-20240430,4320453,Sério,RS,30/04/2024,12200,Enxurradas,Reconhecido,0.0,0.0,0.0,0,41,0,41
RS-F-4311239-13214-20240430,4311239,Lagoa Bonita Do Sul,RS,30/04/2024,13214,Chuvas Intensas,Reconhecido,8200462.41,7904060.16,16104522.57,0,15,0,16
RS-F-4320651-13214-20240430,4320651,Silveira Martins,RS,30/04/2024,13214,Chuvas Intensas,Reconhecido,10196632.81,0.0,10196632.81,1,200,24,225
RS-F-4319711-13214-20240430,4319711,São Valentim Do Sul,RS,30/04/2024,13214,Chuvas Intensas,Reconhecido,0.0,0.0,0.0,0,70,15,95
RS-F-4321626-13214-20240430,4321626,Travesseiro,RS,30/04/2024,13214,Chuvas Intensas,Reconhecido,0.0,0.0,0.0,1,350,40,414
RS-F-4322533-13214-20240430,4322533,Vale Do Sol,RS,30/04/2024,13214,Chuvas Intensas,Reconhecido,0.0,0.0,0.0,1,300,16,317
RS-F-4314753-13214-20240430,4314753,Poço Das Antas,RS,30/04/2024,13214,Chuvas Intensas,Reconhecido,0.0,0.0,0.0,0,61,0,62
RS-F-4311791-13214-20240430,4311791,Maratá,RS,30/04/2024,13214,Chuvas Intensas,Reconhecido,0.0,0.0,0.0,0,19,0,19
RS-F-4300554-13214-20240430,4300554,Alto Alegre,RS,30/04/2024,13214,Chuvas Intensas,Reconhecido,0.0,0.0,0.0,0,20,0,20
RS-F-4322855-13214-20240430,4322855,Vespasiano Correa,RS,30/04/2024,13214,Chuvas Intensas,Reconhecido,0.0,0.0,0.0,0,126,0,138
RS-F-4315131-13214-20240430,4315131,Pouso Novo,RS,30/04/2024,13214,Chuvas Intensas,Reconhecido,0.0,0.0,0.0,0,90,0,92
RS-F-4306759-13214-20240430,4306759,Doutor Ricardo,RS,30/04/2024,13214,Chuvas Intensas,Reconhecido,0.0,0.0,0.0,0,200,50,250
RS-F-4304614-13214-20240430,4304614,Canudos Do Vale,RS,30/04/2024,13214,Chuvas Intensas,Reconhecido,52562000.06,1679612.78,54241612.84,0,34,0,34
RS-F-4312609-13214-20240430,4312609,Muçum,RS,30/04/2024,13214,Chuvas Intensas,Reconhecido,66196503.83,2173616.54,68370120.37,0,3520,306,3826
RS-F-4302402-13214-20240430,4302402,Bom Retiro Do Sul,RS,30/04/2024,13214,Chuvas Intensas,Registro,11500407.53,276642.11,11777049.639999999,0,497,11,508
RS-F-4317251-13214-20240430,4317251,Santa Tereza,RS,30/04/2024,13214,Chuvas Intensas,Reconhecido,0.0,0.0,0.0,0,948,0,948
RS-F-4310538-13214-20240430,4310538,Itaara,RS,30/04/2024,13214,Chuvas Intensas,Reconhecido,3191264.29,19760.15,3211024.44,2,50,50,120
RS-F-4319000-13214-20240430,4319000,São Marcos,RS,30/04/2024,13214,Chuvas Intensas,Reconhecido,0.0,0.0,0.0,0,15,0,15
SC-F-4218806-13214-20240430,4218806,Turvo,SC,30/04/2024,13214,Chuvas Intensas,Registro,79040.6,0.0,79040.6,0,0,0,0
RS-F-4318481-12200-20240430,4318481,São José Do Hortêncio,RS,30/04/2024,12200,Enxurradas,Reconhecido,2430498.5,122512.93,2553011.43,0,143,2,145
RS-F-4320859-13214-20240430,4320859,Tabaí,RS,30/04/2024,13214,Chuvas Intensas,Reconhecido,0.0,0.0,0.0,0,0,0,0
RS-F-4309555-13214-20240430,4309555,Harmonia,RS,30/04/2024,13214,Chuvas Intensas,Reconhecido,0.0,0.0,0.0,0,179,28,207
RS-F-4301008-13214-20240430,4301008,Arroio Do Meio,RS,30/04/2024,13214,Chuvas Intensas,Reconhecido,0.0,0.0,0.0,1,12000,1000,13001
RS-F-4322608-13214-20240430,4322608,Venâncio Aires,RS,30/04/2024,13214,Chuvas Intensas,Reconhecido,0.0,0.0,0.0,5,23235,391,23650
RS-F-4315701-12100-20240430,4315701,Rio Pardo,RS,30/04/2024,12100,Inundações,Reconhecido,0.0,0.0,0.0,0,3088,414,3502
RS-F-4319125-13214-20240430,4319125,São Martinho Da Serra,RS,30/04/2024,13214,Chuvas Intensas,Reconhecido,0.0,0.0,0.0,0,250,23,273
RS-F-4312385-13214-20240430,4312385,Monte Belo Do Sul,RS,30/04/2024,13214,Chuvas Intensas,Reconhecido,0.0,0.0,0.0,0,50,147,216
RS-F-4311627-13214-20240430,4311627,Lindolfo Collor,RS,30/04/2024,13214,Chuvas Intensas,Reconhecido,0.0,0.0,0.0,0,250,150,401
RS-F-4311643-13214-20240430,4311643,Linha Nova,RS,30/04/2024,13214,Chuvas Intensas,Reconhecido,4446033.84,1496831.39,5942865.2299999995,0,30,5,35
RS-F-4302451-13214-20240430,4302451,Boqueirão Do Leão,RS,30/04/2024,13214,Chuvas Intensas,Reconhecido,0.0,0.0,0.0,0,114,0,114
RS-F-4313391-13214-20240430,4313391,Novo Cabrais,RS,30/04/2024,13214,Chuvas Intensas,Reconhecido,0.0,0.0,0.0,0,50,10,60
RS-F-4304689-12300-20240430,4304689,Capela De Santana,RS,30/04/2024,12300,Alagamentos,Reconhecido,0.0,0.0,0.0,1,100,50,151
RS-F-4312153-13214-20240430,4312153,Mato Leitão,RS,30/04/2024,13214,Chuvas Intensas,Reconhecido,0.0,0.0,0.0,0,48,0,48
RS-F-4306502-13214-20240430,4306502,Dom Feliciano,RS,30/04/2024,13214,Chuvas Intensas,Reconhecido,0.0,88920.68,88920.68,0,120,0,120
RS-F-4316758-13214-20240430,4316758,Santa Clara Do Sul,RS,30/04/2024,13214,Chuvas Intensas,Reconhecido,0.0,0.0,0.0,0,60,0,61
RS-F-4304101-13214-20240430,4304101,Campos Borges,RS,30/04/2024,13214,Chuvas Intensas,Reconhecido,0.0,0.0,0.0,0,30,0,30
RS-F-4321451-13214-20240430,4321451,Teutônia,RS,30/04/2024,13214,Chuvas Intensas,Reconhecido,0.0,0.0,0.0,2,250,21,273
RS-F-4305934-11321-20240430,4305934,Coronel Pilar,RS,30/04/2024,11321,Movimento de Massa,Registro,0.0,0.0,0.0,0,10,0,10
RS-F-4321493-13214-20240430,4321493,Toropi,RS,30/04/2024,13214,Chuvas Intensas,Reconhecido,0.0,0.0,0.0,0,11,0,11
RS-F-4307906-13214-20240430,4307906,Farroupilha,RS,30/04/2024,13214,Chuvas Intensas,Reconhecido,0.0,0.0,0.0,1,111,0,112
SC-F-4211702-11321-20240430,4211702,Orleans,SC,30/04/2024,11321,Movimento de Massa,Registro,0.0,0.0,0.0,0,4,0,4
RS-F-4307609-13214-20240430,4307609,Estância Velha,RS,30/04/2024,13214,Chuvas Intensas,Registro,0.0,0.0,0.0,0,0,0,0
RS-F-4302808-13214-20240430,4302808,Caçapava Do Sul,RS,30/04/2024,13214,Chuvas Intensas,Reconhecido,0.0,0.0,0.0,0,0,0,0
RS-F-4316907-13214-20240501,4316907,Santa Maria,RS,01/05/2024,13214,Chuvas Intensas,Reconhecido,0.0,0.0,0.0,5,2000,120,2127
RS-F-4300604-12100-20240501,4300604,Alvorada,RS,01/05/2024,12100,Inundações,Reconhecido,54982618.48,13832105.28,68814723.75999999,1,9802,212,12020
RS-F-4310207-13214-20240501,4310207,Ijuí,RS,01/05/2024,13214,Chuvas Intensas,Reconhecido,0.0,0.0,0.0,0,0,0,0
RS-F-4303004-13214-20240501,4303004,Cachoeira Do Sul,RS,01/05/2024,13214,Chuvas Intensas,Reconhecido,31105934.75,70129207.49,101235142.24,0,2446,372,2840
RS-F-4311403-13214-20240501,4311403,Lajeado,RS,01/05/2024,13214,Chuvas Intensas,Reconhecido,0.0,0.0,0.0,2,5000,1326,6391
RS-F-4320800-13214-20240501,4320800,Soledade,RS,01/05/2024,13214,Chuvas Intensas,Reconhecido,0.0,0.0,0.0,0,25,15,40
RS-F-4311304-13214-20240501,4311304,Lagoa Vermelha,RS,01/05/2024,13214,Chuvas Intensas,Reconhecido,2964022.56,0.0,2964022.56,0,5,7,12
RS-F-4309407-13214-20240501,4309407,Guaporé,RS,01/05/2024,13214,Chuvas Intensas,Reconhecido,4.94,0.0,4.94,0,76,7,83
RS-F-4321303-13214-20240501,4321303,Taquari,RS,01/05/2024,13214,Chuvas Intensas,Reconhecido,0.0,0.0,0.0,2,894,90,986
RS-F-4306809-13214-20240501,4306809,Encantado,RS,01/05/2024,13214,Chuvas Intensas,Reconhecido,0.0,0.0,0.0,1,923,726,1664
RS-F-4320404-13214-20240501,4320404,Serafina Corrêa,RS,01/05/2024,13214,Chuvas Intensas,Reconhecido,0.0,0.0,0.0,2,466,106,577
RS-F-4307500-13214-20240501,4307500,Espumoso,RS,01/05/2024,13214,Chuvas Intensas,Reconhecido,0.0,0.0,0.0,0,800,48,848
RS-F-4302907-13214-20240501,4302907,Cacequi,RS,01/05/2024,13214,Chuvas Intensas,Reconhecido,0.0,0.0,0.0,0,107,16,123
RS-F-4305009-13214-20240501,4305009,Catuípe,RS,01/05/2024,13214,Chuvas Intensas,Reconhecido,0.0,0.0,0.0,0,0,0,0
RS-F-4312906-13214-20240501,4312906,Nova Bassano,RS,01/05/2024,13214,Chuvas Intensas,Reconhecido,0.0,0.0,0.0,0,650,0,650
RS-F-4319802-13214-20240501,4319802,São Vicente Do Sul,RS,01/05/2024,13214,Chuvas Intensas,Reconhecido,0.0,0.0,0.0,0,90,60,150
RS-F-4309902-13214-20240501,4309902,Ibiraiaras,RS,01/05/2024,13214,Chuvas Intensas,Registro,98800.75,29640.23,128440.98,0,0,0,0
RS-F-4314001-13214-20240501,4314001,Paraí,RS,01/05/2024,13214,Chuvas Intensas,Reconhecido,0.0,0.0,0.0,0,0,0,0
RS-F-4308409-13214-20240501,4308409,Formigueiro,RS,01/05/2024,13214,Chuvas Intensas,Reconhecido,0.0,0.0,0.0,0,9,0,9
RS-F-4300638-13214-20240501,4300638,Amaral Ferrador,RS,01/05/2024,13214,Chuvas Intensas,Reconhecido,0.0,0.0,0.0,0,4,0,4
RS-F-4320503-13214-20240501,4320503,Sertão,RS,01/05/2024,13214,Chuvas Intensas,Reconhecido,0.0,0.0,0.0,0,0,0,0
RS-F-4307104-13214-20240501,4307104,Herval,RS,01/05/2024,13214,Chuvas Intensas,Reconhecido,0.0,0.0,0.0,0,0,0,0
RS-F-4311254-13214-20240501,4311254,Lagoão,RS,01/05/2024,13214,Chuvas Intensas,Reconhecido,0.0,0.0,0.0,0,0,0,0
RS-F-4320263-13214-20240501,4320263,Segredo,RS,01/05/2024,13214,Chuvas Intensas,Reconhecido,0.0,0.0,0.0,1,0,0,1
RS-F-4310439-13214-20240501,4310439,Ipê,RS,01/05/2024,13214,Chuvas Intensas,Reconhecido,0.0,0.0,0.0,0,78,0,78
RS-F-4302006-13214-20240501,4302006,Barros Cassal,RS,01/05/2024,13214,Chuvas Intensas,Reconhecido,0.0,0.0,0.0,0,0,0,1
RS-F-4300877-13214-20240501,4300877,Araricá,RS,01/05/2024,13214,Chuvas Intensas,Reconhecido,0.0,0.0,0.0,0,72,9,81
RS-F-4308458-13214-20240501,4308458,Fortaleza Dos Valos,RS,01/05/2024,13214,Chuvas Intensas,Reconhecido,592804.51,0.0,592804.51,0,0,0,0
RS-F-4315750-13214-20240501,4315750,Riozinho,RS,01/05/2024,13214,Chuvas Intensas,Reconhecido,0.0,0.0,0.0,0,13,0,13
RS-F-4314472-13214-20240501,4314472,Pinhal Grande,RS,01/05/2024,13214,Chuvas Intensas,Reconhecido,1973051.26,0.0,1973051.26,2,43,26,71
RS-F-4305504-13214-20240501,4305504,Ciríaco,RS,01/05/2024,13214,Chuvas Intensas,Reconhecido,0.0,0.0,0.0,0,0,0,0
RS-F-4312658-13214-20240501,4312658,Não-Me-Toque,RS,01/05/2024,13214,Chuvas Intensas,Reconhecido,0.0,0.0,0.0,0,3,3,7
RS-F-4313359-13214-20240501,4313359,Nova Roma Do Sul,RS,01/05/2024,13214,Chuvas Intensas,Reconhecido,0.0,0.0,0.0,0,0,0,0
RS-F-4311718-13214-20240501,4311718,Maçambará,RS,01/05/2024,13214,Chuvas Intensas,Reconhecido,328348.49,328348.49,656696.98,0,0,0,0
RS-F-4311734-13214-20240501,4311734,Mampituba,RS,01/05/2024,13214,Chuvas Intensas,Reconhecido,1218861.57,1218861.57,2437723.14,0,30,0,30
RS-F-4315149-12200-20240501,4315149,Presidente Lucena,RS,01/05/2024,12200,Enxurradas,Reconhecido,247001.88,69160.53,316162.41000000003,0,0,0,0
RS-F-4313003-13214-20240501,4313003,Nova Bréscia,RS,01/05/2024,13214,Chuvas Intensas,Reconhecido,0.0,0.0,0.0,0,5,16,21
RS-F-4302303-13214-20240501,4302303,Bom Jesus,RS,01/05/2024,13214,Chuvas Intensas,Reconhecido,0.0,0.0,0.0,0,25,20,45
RS-F-4303558-13214-20240501,4303558,Camargo,RS,01/05/2024,13214,Chuvas Intensas,Reconhecido,0.0,0.0,0.0,0,0,0,0
RS-F-4311775-13214-20240501,4311775,Maquiné,RS,01/05/2024,13214,Chuvas Intensas,Reconhecido,0.0,0.0,0.0,0,300,52,352
RS-F-4312617-13214-20240501,4312617,Muitos Capões,RS,01/05/2024,13214,Chuvas Intensas,Reconhecido,0.0,0.0,0.0,0,10,0,10
RS-F-4302402-13214-20240501,4302402,Bom Retiro Do Sul,RS,01/05/2024,13214,Chuvas Intensas,Reconhecido,0.0,0.0,0.0,0,1400,55,1455
RS-F-4316972-13214-20240501,4316972,Santa Margarida Do Sul,RS,01/05/2024,13214,Chuvas Intensas,Reconhecido,666586.94,0.0,666586.94,0,0,0,0
RS-F-4310876-13214-20240501,4310876,Jacuizinho,RS,01/05/2024,13214,Chuvas Intensas,Reconhecido,0.0,0.0,0.0,0,40,5,45
SC-F-4216800-13214-20240501,4216800,São José Do Cerrito,SC,01/05/2024,13214,Chuvas Intensas,Registro,0.0,0.0,0.0,0,0,0,0
RS-F-4309951-13214-20240501,4309951,Ibirapuitã,RS,01/05/2024,13214,Chuvas Intensas,Reconhecido,0.0,0.0,0.0,0,0,0,0
RS-F-4318614-12200-20240501,4318614,São José Do Sul,RS,01/05/2024,12200,Enxurradas,Reconhecido,0.0,0.0,0.0,0,13,0,13
RS-F-4309258-13214-20240501,4309258,Guabiju,RS,01/05/2024,13214,Chuvas Intensas,Reconhecido,551308.2,501907.82,1053216.02,0,0,0,0
RS-F-4312138-13214-20240501,4312138,Mato Castelhano,RS,01/05/2024,13214,Chuvas Intensas,Reconhecido,0.0,0.0,0.0,0,59,0,59
RS-F-4305934-13214-20240501,4305934,Coronel Pilar,RS,01/05/2024,13214,Chuvas Intensas,Reconhecido,0.0,0.0,0.0,0,20,70,90
RS-F-4322350-13214-20240501,4322350,União Da Serra,RS,01/05/2024,13214,Chuvas Intensas,Reconhecido,2684021.23,247001.88,2931023.11,0,0,0,0
RS-F-4305587-13214-20240501,4305587,Colinas,RS,01/05/2024,13214,Chuvas Intensas,Reconhecido,6431928.95,1936494.74,8368423.69,0,1150,200,1630
RS-F-4308433-12200-20240501,4308433,Forquetinha,RS,01/05/2024,12200,Enxurradas,Reconhecido,17409680.51,17464020.92,34873701.43000001,2,189,0,199
RS-F-4318465-13214-20240501,4318465,São José Do Herval,RS,01/05/2024,13214,Chuvas Intensas,Reconhecido,197601.5,0.0,197601.5,0,0,0,0
RS-F-4321832-13214-20240501,4321832,Três Forquilhas,RS,01/05/2024,13214,Chuvas Intensas,Reconhecido,2027391.43,0.0,2027391.43,0,384,0,384
RS-F-4302238-13214-20240501,4302238,Boa Vista Do Incra,RS,01/05/2024,13214,Chuvas Intensas,Reconhecido,0.0,0.0,0.0,0,0,0,0
RS-F-4303673-12200-20240501,4303673,Campestre Da Serra,RS,01/05/2024,12200,Enxurradas,Reconhecido,503883.84,39520.3,543404.14,0,0,0,0
RS-F-4311502-13214-20240501,4311502,Lavras Do Sul,RS,01/05/2024,13214,Chuvas Intensas,Reconhecido,0.0,0.0,0.0,0,10,0,10
RS-F-4314548-13214-20240501,4314548,Pinto Bandeira,RS,01/05/2024,13214,Chuvas Intensas,Reconhecido,0.0,0.0,0.0,0,100,15,115
RS-F-4313060-13214-20240501,4313060,Nova Hartz,RS,01/05/2024,13214,Chuvas Intensas,Reconhecido,592804.51,0.0,592804.51,0,32,0,32
RS-F-4315172-13214-20240501,4315172,Protásio Alves,RS,01/05/2024,13214,Chuvas Intensas,Reconhecido,3043063.16,118560.9,3161624.06,0,13,0,13
RS-F-4316956-13214-20240501,4316956,Santa Maria Do Herval,RS,01/05/2024,13214,Chuvas Intensas,Reconhecido,395203.01,0.0,395203.01,0,0,0,0
RS-F-4307609-13214-20240501,4307609,Estância Velha,RS,01/05/2024,13214,Chuvas Intensas,Registro,0.0,0.0,0.0,0,0,0,0
RS-F-4315453-13214-20240501,4315453,Relvado,RS,01/05/2024,13214,Chuvas Intensas,Reconhecido,0.0,0.0,0.0,1,800,400,1202
RS-F-4313375-12100-20240501,4313375,Nova Santa Rita,RS,01/05/2024,12100,Inundações,Reconhecido,0.0,0.0,0.0,0,8000,1500,9550
RS-F-4301636-13214-20240501,4301636,Balneário Pinhal,RS,01/05/2024,13214,Chuvas Intensas,Reconhecido,340862.59,227241.73,568104.3200000001,0,4036,6,4042
RS-F-4314035-13214-20240501,4314035,Pareci Novo,RS,01/05/2024,13214,Chuvas Intensas,Reconhecido,1916734.59,523643.99,2440378.58,0,626,503,1129
RS-F-4305355-13214-20240501,4305355,Charqueadas,RS,01/05/2024,13214,Chuvas Intensas,Reconhecido,3572635.19,143261.09,3715896.28,1,6300,615,6916
RS-F-4305454-12300-20240501,4305454,Cidreira,RS,01/05/2024,12300,Alagamentos,Registro,2627296.85,91884.7,2719181.5500000003,0,3200,0,3200
RS-F-4314050-13214-20240501,4314050,Parobé,RS,01/05/2024,13214,Chuvas Intensas,Reconhecido,0.0,0.0,0.0,0,6000,598,7098
RS-F-4301107-13214-20240501,4301107,Arroio Dos Ratos,RS,01/05/2024,13214,Chuvas Intensas,Reconhecido,45053142.91,9880075.2,54933218.11,0,1800,60,1870
RS-F-4312757-13214-20240501,4312757,Nova Alvorada,RS,01/05/2024,13214,Chuvas Intensas,Reconhecido,0.0,0.0,0.0,0,103,22,125
RS-F-4319356-13214-20240501,4319356,São Pedro Da Serra,RS,01/05/2024,13214,Chuvas Intensas,Reconhecido,0.0,0.0,0.0,0,40,38,79
RS-F-4323606-13214-20240501,4323606,Vista Alegre Do Prata,RS,01/05/2024,13214,Chuvas Intensas,Reconhecido,0.0,0.0,0.0,0,17,5,24
RS-F-4316501-13214-20240501,4316501,Salvador Do Sul,RS,01/05/2024,13214,Chuvas Intensas,Reconhecido,0.0,0.0,0.0,2,60,30,92
RS-F-4302105-13214-20240501,4302105,Bento Gonçalves,RS,01/05/2024,13214,Chuvas Intensas,Reconhecido,0.0,0.0,0.0,11,600,104,783
RS-F-4300661-13214-20240501,4300661,André Da Rocha,RS,01/05/2024,13214,Chuvas Intensas,Reconhecido,0.0,0.0,0.0,0,6,0,6
RS-F-4310009-12300-20240501,4310009,Ibirubá,RS,01/05/2024,12300,Alagamentos,Registro,2292177.45,0.0,2292177.45,0,100,0,100
RS-F-4323002-13214-20240501,4323002,Viamão,RS,01/05/2024,13214,Chuvas Intensas,Reconhecido,98800.75,1739841.72,1838642.47,0,378,11,389
RS-F-4314779-13214-20240501,4314779,Pontão,RS,01/05/2024,13214,Chuvas Intensas,Reconhecido,497296.79,282352.79,779649.58,0,5,0,5
RS-F-4305603-12300-20240501,4305603,Colorado,RS,01/05/2024,12300,Alagamentos,Registro,0.0,0.0,0.0,0,2,0,2
RS-F-4315206-13214-20240501,4315206,Putinga,RS,01/05/2024,13214,Chuvas Intensas,Reconhecido,0.0,0.0,0.0,1,0,0,1
RS-F-4312351-13214-20240501,4312351,Montauri,RS,01/05/2024,13214,Chuvas Intensas,Reconhecido,0.0,0.0,0.0,0,0,0,0
RS-F-4311205-13214-20240501,4311205,Júlio De Castilhos,RS,01/05/2024,13214,Chuvas Intensas,Registro,0.0,0.0,0.0,0,0,0,0
RS-F-4312377-13214-20240501,4312377,Monte Alegre Dos Campos,RS,01/05/2024,13214,Chuvas Intensas,Reconhecido,0.0,0.0,0.0,0,0,0,0
RS-F-4315602-13214-20240501,4315602,Rio Grande,RS,01/05/2024,13214,Chuvas Intensas,Reconhecido,0.0,0.0,0.0,0,0,0,0
RS-F-4318432-13214-20240501,4318432,São João Do Polêsine,RS,01/05/2024,13214,Chuvas Intensas,Registro,0.0,0.0,0.0,0,0,0,0
SC-F-4202099-13214-20240501,4202099,Barra Bonita,SC,01/05/2024,13214,Chuvas Intensas,Registro,47424.36,0.0,47424.36,0,0,0,0
RS-F-4305108-13214-20240502,4305108,Caxias Do Sul,RS,02/05/2024,13214,Chuvas Intensas,Reconhecido,0.0,0.0,0.0,9,760,44,814
RS-F-4303103-13214-20240502,4303103,Cachoeirinha,RS,02/05/2024,13214,Chuvas Intensas,Reconhecido,0.0,0.0,0.0,1,3016,1853,4870
RS-F-4317509-13214-20240502,4317509,Santo Ângelo,RS,02/05/2024,13214,Chuvas Intensas,Reconhecido,0.0,0.0,0.0,0,0,0,0
RS-F-4322509-13214-20240502,4322509,Vacaria,RS,02/05/2024,13214,Chuvas Intensas,Reconhecido,0.0,0.0,0.0,0,0,0,0
RS-F-4306106-13214-20240502,4306106,Cruz Alta,RS,02/05/2024,13214,Chuvas Intensas,Reconhecido,0.0,0.0,0.0,0,0,0,0
RS-F-4313904-13214-20240502,4313904,Panambi,RS,02/05/2024,13214,Chuvas Intensas,Reconhecido,0.0,0.0,0.0,0,4,0,4
RS-F-4313706-13214-20240502,4313706,Palmeira Das Missões,RS,02/05/2024,13214,Chuvas Intensas,Reconhecido,0.0,0.0,0.0,0,0,0,0
RS-F-4308508-13214-20240502,4308508,Frederico Westphalen,RS,02/05/2024,13214,Chuvas Intensas,Reconhecido,0.0,0.0,0.0,0,22,6,28
RS-F-4321907-13214-20240502,4321907,Três Passos,RS,02/05/2024,13214,Chuvas Intensas,Reconhecido,0.0,0.0,0.0,0,0,0,0
RS-F-4321808-12200-20240502,4321808,Três De Maio,RS,02/05/2024,12200,Enxurradas,Registro,494003.76,0.0,494003.76,0,8,0,8
RS-F-4304507-13214-20240502,4304507,Canguçu,RS,02/05/2024,13214,Chuvas Intensas,Reconhecido,0.0,0.0,0.0,0,0,0,0
RS-F-4320107-13214-20240502,4320107,Sarandi,RS,02/05/2024,13214,Chuvas Intensas,Reconhecido,0.0,0.0,0.0,0,845,35,880
RS-F-4309605-13214-20240502,4309605,Horizontina,RS,02/05/2024,13214,Chuvas Intensas,Reconhecido,0.0,0.0,0.0,0,31,0,31
RS-F-4320404-13214-20240502,4320404,Serafina Corrêa,RS,02/05/2024,13214,Chuvas Intensas,Registro,26498361.68,5384640.98,31883002.66,0,0,0,0
RS-F-4318408-13214-20240502,4318408,São Jerônimo,RS,02/05/2024,13214,Chuvas Intensas,Reconhecido,0.0,0.0,0.0,1,4080,975,5326
RS-F-4317905-13214-20240502,4317905,Santo Cristo,RS,02/05/2024,13214,Chuvas Intensas,Reconhecido,0.0,0.0,0.0,0,0,0,0
RS-F-4306007-13214-20240502,4306007,Crissiumal,RS,02/05/2024,13214,Chuvas Intensas,Reconhecido,0.0,0.0,0.0,0,0,0,0
RS-F-4317806-13214-20240502,4317806,Santo Augusto,RS,02/05/2024,13214,Chuvas Intensas,Reconhecido,0.0,0.0,0.0,0,0,0,0
RS-F-4305207-13214-20240502,4305207,Cerro Largo,RS,02/05/2024,13214,Chuvas Intensas,Reconhecido,0.0,0.0,0.0,0,0,0,0
RS-F-4321402-13214-20240502,4321402,Tenente Portela,RS,02/05/2024,13214,Chuvas Intensas,Reconhecido,0.0,0.0,0.0,0,12,0,12
RS-F-4312708-13214-20240502,4312708,Nonoai,RS,02/05/2024,13214,Chuvas Intensas,Reconhecido,0.0,0.0,0.0,0,52,0,52
RS-F-4320206-13214-20240502,4320206,Seberi,RS,02/05/2024,13214,Chuvas Intensas,Reconhecido,0.0,0.0,0.0,0,60,20,80
RS-F-4314704-13214-20240502,4314704,Planalto,RS,02/05/2024,13214,Chuvas Intensas,Reconhecido,0.0,0.0,0.0,0,0,0,0
RS-F-4316105-13214-20240502,4316105,Ronda Alta,RS,02/05/2024,13214,Chuvas Intensas,Reconhecido,0.0,0.0,0.0,0,0,0,0
RS-F-4315404-13214-20240502,4315404,Redentora,RS,02/05/2024,13214,Chuvas Intensas,Reconhecido,0.0,0.0,0.0,0,65,42,107
RS-F-4315107-13214-20240502,4315107,Porto Xavier,RS,02/05/2024,13214,Chuvas Intensas,Reconhecido,0.0,0.0,0.0,0,760,50,810
RS-F-4305801-13214-20240502,4305801,Constantina,RS,02/05/2024,13214,Chuvas Intensas,Reconhecido,0.0,0.0,0.0,0,45,72,117
RS-F-4305306-13214-20240502,4305306,Chapada,RS,02/05/2024,13214,Chuvas Intensas,Reconhecido,0.0,0.0,0.0,0,3,0,3
RS-F-4311809-13214-20240502,4311809,Marau,RS,02/05/2024,13214,Chuvas Intensas,Reconhecido,1383210.53,49400.38,1432610.91,0,24,30,54
RS-F-4322301-13214-20240502,4322301,Tuparendi,RS,02/05/2024,13214,Chuvas Intensas,Reconhecido,0.0,0.0,0.0,0,0,0,0
RS-F-4311155-13214-20240502,4311155,Jóia,RS,02/05/2024,13214,Chuvas Intensas,Reconhecido,0.0,0.0,0.0,0,0,0,0
RS-F-4310504-13214-20240502,4310504,Iraí,RS,02/05/2024,13214,Chuvas Intensas,Reconhecido,0.0,0.0,0.0,0,92,0,92
RS-F-4307302-13214-20240502,4307302,Erval Seco,RS,02/05/2024,13214,Chuvas Intensas,Reconhecido,0.0,0.0,0.0,0,0,0,0
RS-F-4313805-13214-20240502,4313805,Palmitinho,RS,02/05/2024,13214,Chuvas Intensas,Reconhecido,0.0,0.0,0.0,0,54,10,64
RS-F-4305900-13214-20240502,4305900,Coronel Bicaco,RS,02/05/2024,13214,Chuvas Intensas,Reconhecido,0.0,0.0,0.0,0,8,0,8
RS-F-4300646-13214-20240502,4300646,Ametista Do Sul,RS,02/05/2024,13214,Chuvas Intensas,Reconhecido,0.0,0.0,0.0,0,4,0,4
RS-F-4304713-13214-20240502,4304713,Caraá,RS,02/05/2024,13214,Chuvas Intensas,Reconhecido,0.0,0.0,0.0,0,22,0,22
RS-F-4301503-13214-20240502,4301503,Augusto Pestana,RS,02/05/2024,13214,Chuvas Intensas,Reconhecido,0.0,0.0,0.0,0,0,0,0
RS-F-4300505-13214-20240502,4300505,Alpestre,RS,02/05/2024,13214,Chuvas Intensas,Reconhecido,0.0,0.0,0.0,0,0,0,0
RS-F-4301701-13214-20240502,4301701,Barão De Cotegipe,RS,02/05/2024,13214,Chuvas Intensas,Reconhecido,0.0,0.0,0.0,0,45,0,45
RS-F-4319158-13214-20240502,4319158,São Miguel Das Missões,RS,02/05/2024,13214,Chuvas Intensas,Reconhecido,0.0,0.0,0.0,0,0,0,0
RS-F-4306908-13214-20240502,4306908,Encruzilhada Do Sul,RS,02/05/2024,13214,Chuvas Intensas,Reconhecido,888464.53,789663.78,1678128.31,0,15,0,15
RS-F-4313409-13214-20240502,4313409,Novo Hamburgo,RS,02/05/2024,13214,Chuvas Intensas,Reconhecido,0.0,0.0,0.0,1,10000,3981,13982
RS-F-4321204-13214-20240502,4321204,Taquara,RS,02/05/2024,13214,Chuvas Intensas,Reconhecido,0.0,0.0,0.0,2,8800,439,9241
RS-F-4300208-13214-20240502,4300208,Ajuricaba,RS,02/05/2024,13214,Chuvas Intensas,Reconhecido,874386.66,29640.23,904026.89,0,0,0,0
RS-F-4315909-13214-20240502,4315909,Rodeio Bonito,RS,02/05/2024,13214,Chuvas Intensas,Reconhecido,0.0,0.0,0.0,0,0,0,0
RS-F-4321477-13214-20240502,4321477,Tiradentes Do Sul,RS,02/05/2024,13214,Chuvas Intensas,Reconhecido,0.0,0.0,0.0,0,0,0,0
RS-F-4305702-13214-20240502,4305702,Condor,RS,02/05/2024,13214,Chuvas Intensas,Reconhecido,0.0,0.0,0.0,0,40,0,40
RS-F-4304309-13214-20240502,4304309,Cândido Godói,RS,02/05/2024,13214,Chuvas Intensas,Reconhecido,0.0,0.0,0.0,0,0,0,0
RS-F-4310108-13214-20240502,4310108,Igrejinha,RS,02/05/2024,13214,Chuvas Intensas,Reconhecido,276188218.28,12396867.3,288585085.58,0,25000,500,25500
RS-F-4303905-13214-20240502,4303905,Campo Bom,RS,02/05/2024,13214,Chuvas Intensas,Reconhecido,41086292.71,3889785.61,44976078.32,0,3200,280,3480
RS-F-4322103-13214-20240502,4322103,Tucunduva,RS,02/05/2024,13214,Chuvas Intensas,Reconhecido,0.0,0.0,0.0,0,0,0,0
RS-F-4301750-12200-20240502,4301750,Barão Do Triunfo,RS,02/05/2024,12200,Enxurradas,Reconhecido,1482011.28,1906854.51,3388865.79,0,0,0,0
RS-F-4303707-13214-20240502,4303707,Campina Das Missões,RS,02/05/2024,13214,Chuvas Intensas,Registro,0.0,0.0,0.0,0,0,0,0
RS-F-4319109-13214-20240502,4319109,São Martinho,RS,02/05/2024,13214,Chuvas Intensas,Reconhecido,86450.66,0.0,86450.66,0,0,0,0
RS-F-4321956-13214-20240502,4321956,Trindade Do Sul,RS,02/05/2024,13214,Chuvas Intensas,Reconhecido,0.0,0.0,0.0,0,24,0,24
RS-F-4319208-13214-20240502,4319208,São Nicolau,RS,02/05/2024,13214,Chuvas Intensas,Reconhecido,148127.03,60974.88,209101.91,0,0,0,0
RS-F-4316204-13214-20240502,4316204,Rondinha,RS,02/05/2024,13214,Chuvas Intensas,Reconhecido,0.0,0.0,0.0,0,0,0,0
RS-F-4307559-13214-20240502,4307559,Estação,RS,02/05/2024,13214,Chuvas Intensas,Reconhecido,0.0,0.0,0.0,0,0,0,0
RS-F-4311601-13214-20240502,4311601,Liberato Salzano,RS,02/05/2024,13214,Chuvas Intensas,Reconhecido,0.0,0.0,0.0,0,404,0,424
RS-F-4303806-13214-20240502,4303806,Campinas Do Sul,RS,02/05/2024,13214,Chuvas Intensas,Reconhecido,0.0,0.0,0.0,0,3,0,3
RS-F-4323101-13214-20240502,4323101,Vicente Dutra,RS,02/05/2024,13214,Chuvas Intensas,Reconhecido,0.0,0.0,0.0,0,36,0,36
RS-F-4307203-13214-20240502,4307203,Erval Grande,RS,02/05/2024,13214,Chuvas Intensas,Reconhecido,0.0,0.0,0.0,0,0,4,4
RS-F-4303400-13214-20240502,4303400,Caiçara,RS,02/05/2024,13214,Chuvas Intensas,Reconhecido,0.0,0.0,0.0,0,0,0,0
RS-F-4306304-13214-20240502,4306304,David Canabarro,RS,02/05/2024,13214,Chuvas Intensas,Registro,0.0,0.0,0.0,0,0,0,0
RS-F-4312302-13214-20240502,4312302,Miraguaí,RS,02/05/2024,13214,Chuvas Intensas,Reconhecido,0.0,0.0,0.0,0,0,0,0
RS-F-4322905-13214-20240502,4322905,Viadutos,RS,02/05/2024,13214,Chuvas Intensas,Reconhecido,0.0,0.0,0.0,0,15,0,15
RS-F-4318424-13214-20240502,4318424,São João Da Urtiga,RS,02/05/2024,13214,Chuvas Intensas,Reconhecido,0.0,0.0,0.0,0,0,0,0
RS-F-4309704-13214-20240502,4309704,Humaitá,RS,02/05/2024,13214,Chuvas Intensas,Reconhecido,0.0,0.0,0.0,0,0,0,0
RS-F-4313037-13214-20240502,4313037,Nova Esperança Do Sul,RS,02/05/2024,13214,Chuvas Intensas,Reconhecido,345802.63,1976015.04,2321817.67,0,0,0,0
RS-F-4321857-13214-20240502,4321857,Três Palmeiras,RS,02/05/2024,13214,Chuvas Intensas,Reconhecido,0.0,0.0,0.0,0,0,0,0
RS-F-4303202-13214-20240502,4303202,Cacique Doble,RS,02/05/2024,13214,Chuvas Intensas,Reconhecido,0.0,0.0,0.0,0,10,10,20
RS-F-4314498-13214-20240502,4314498,Pinheirinho Do Vale,RS,02/05/2024,13214,Chuvas Intensas,Reconhecido,0.0,0.0,0.0,0,20,0,20
RS-F-4306734-13214-20240502,4306734,Doutor Maurício Cardoso,RS,02/05/2024,13214,Chuvas Intensas,Reconhecido,0.0,0.0,0.0,0,0,0,0
RS-F-4315008-13214-20240502,4315008,Porto Lucena,RS,02/05/2024,13214,Chuvas Intensas,Reconhecido,0.0,0.0,0.0,0,33,2,35
RS-F-4312104-13214-20240502,4312104,Mata,RS,02/05/2024,13214,Chuvas Intensas,Reconhecido,0.0,0.0,0.0,0,700,100,800
RS-F-4300455-13214-20240502,4300455,Alegria,RS,02/05/2024,13214,Chuvas Intensas,Reconhecido,0.0,0.0,0.0,0,0,0,0
RS-F-4313490-13214-20240502,4313490,Novo Barreiro,RS,02/05/2024,13214,Chuvas Intensas,Reconhecido,0.0,0.0,0.0,0,48,0,48
RS-F-4312203-13214-20240502,4312203,Maximiliano De Almeida,RS,02/05/2024,13214,Chuvas Intensas,Reconhecido,0.0,0.0,0.0,0,0,0,0
RS-F-4310702-13214-20240502,4310702,Itatiba Do Sul,RS,02/05/2024,13214,Chuvas Intensas,Reconhecido,0.0,0.0,0.0,0,0,0,0
RS-F-4310850-13214-20240502,4310850,Jaboticaba,RS,02/05/2024,13214,Chuvas Intensas,Reconhecido,0.0,0.0,0.0,0,0,0,0
RS-F-4305405-13214-20240502,4305405,Chiapetta,RS,02/05/2024,13214,Chuvas Intensas,Reconhecido,0.0,0.0,0.0,0,0,0,0
RS-F-4316402-13214-20240502,4316402,Rosário Do Sul,RS,02/05/2024,13214,Chuvas Intensas,Reconhecido,0.0,0.0,0.0,0,158,0,158
RS-F-4305959-13214-20240502,4305959,Cotiporã,RS,02/05/2024,13214,Chuvas Intensas,Reconhecido,0.0,0.0,0.0,0,160,70,230
RS-F-4301552-13214-20240502,4301552,Áurea,RS,02/05/2024,13214,Chuvas Intensas,Reconhecido,0.0,0.0,0.0,0,0,0,0
RS-F-4320602-13214-20240502,4320602,Severiano De Almeida,RS,02/05/2024,13214,Chuvas Intensas,Reconhecido,8822571.23,79040.6,8901611.83,0,180,0,180
RS-F-4313607-13214-20240502,4313607,Paim Filho,RS,02/05/2024,13214,Chuvas Intensas,Reconhecido,0.0,0.0,0.0,0,0,0,0
RS-F-4315552-13214-20240502,4315552,Rio Dos Índios,RS,02/05/2024,13214,Chuvas Intensas,Reconhecido,0.0,0.0,0.0,0,5,0,5
RS-F-4305603-13214-20240502,4305603,Colorado,RS,02/05/2024,13214,Chuvas Intensas,Reconhecido,0.0,0.0,0.0,0,2,0,2
RS-F-4304903-13214-20240502,4304903,Casca,RS,02/05/2024,13214,Chuvas Intensas,Reconhecido,245025.86,0.0,245025.86,0,0,0,0
RS-F-4323754-13214-20240502,4323754,Vitória Das Missões,RS,02/05/2024,13214,Chuvas Intensas,Reconhecido,296402.26,100776.77,397179.03,0,0,0,0
RS-F-4319703-13214-20240502,4319703,São Valentim,RS,02/05/2024,13214,Chuvas Intensas,Reconhecido,0.0,0.0,0.0,0,0,0,0
RS-F-4313425-13214-20240502,4313425,Novo Machado,RS,02/05/2024,13214,Chuvas Intensas,Reconhecido,0.0,0.0,0.0,0,0,0,0
RS-F-4312443-13214-20240502,4312443,Morrinhos Do Sul,RS,02/05/2024,13214,Chuvas Intensas,Reconhecido,1213579.52,1243219.74,2456799.26,0,0,0,0
RS-F-4302600-13214-20240502,4302600,Braga,RS,02/05/2024,13214,Chuvas Intensas,Reconhecido,0.0,0.0,0.0,0,120,0,120
RS-F-4321329-13214-20240502,4321329,Taquaruçu Do Sul,RS,02/05/2024,13214,Chuvas Intensas,Reconhecido,0.0,0.0,0.0,0,15,0,15
RS-F-4319372-13214-20240502,4319372,São Pedro Do Butiá,RS,02/05/2024,13214,Chuvas Intensas,Registro,0.0,0.0,0.0,0,0,0,0
RS-F-4306957-13214-20240502,4306957,Entre Rios Do Sul,RS,02/05/2024,13214,Chuvas Intensas,Reconhecido,0.0,0.0,0.0,0,12,0,12
RS-F-4323200-13214-20240502,4323200,Victor Graeff,RS,02/05/2024,13214,Chuvas Intensas,Reconhecido,0.0,0.0,0.0,0,3,0,3
RS-F-4301859-13214-20240502,4301859,Barra Do Guarita,RS,02/05/2024,13214,Chuvas Intensas,Reconhecido,0.0,0.0,0.0,0,52,40,92
RS-F-4305116-13214-20240502,4305116,Centenário,RS,02/05/2024,13214,Chuvas Intensas,Reconhecido,0.0,0.0,0.0,0,0,0,0
RS-F-4318051-13214-20240502,4318051,São Domingos Do Sul,RS,02/05/2024,13214,Chuvas Intensas,Reconhecido,277696.02,145317.13,423013.15,0,0,0,0
RS-F-4316477-13214-20240502,4316477,Salvador Das Missões,RS,02/05/2024,13214,Chuvas Intensas,Reconhecido,364574.77,0.0,364574.77,0,0,0,0
RS-F-4323507-13214-20240502,4323507,Vista Alegre,RS,02/05/2024,13214,Chuvas Intensas,Reconhecido,0.0,0.0,0.0,0,0,0,0
RS-F-4306072-13214-20240502,4306072,Cristal Do Sul,RS,02/05/2024,13214,Chuvas Intensas,Reconhecido,0.0,0.0,0.0,0,4,8,12
RS-F-4314456-13214-20240502,4314456,Pinhal,RS,02/05/2024,13214,Chuvas Intensas,Reconhecido,0.0,0.0,0.0,0,0,150,150
RS-F-4306320-13214-20240502,4306320,Derrubadas,RS,02/05/2024,13214,Chuvas Intensas,Reconhecido,0.0,0.0,0.0,0,12,0,12
RS-F-4323705-13214-20240502,4323705,Vista Gaúcha,RS,02/05/2024,13214,Chuvas Intensas,Reconhecido,0.0,0.0,0.0,0,56,0,56
RS-F-4318457-13214-20240502,4318457,São José Das Missões,RS,02/05/2024,13214,Chuvas Intensas,Reconhecido,0.0,0.0,0.0,0,8,0,8
RS-F-4315321-13214-20240502,4315321,Quevedos,RS,02/05/2024,13214,Chuvas Intensas,Reconhecido,0.0,0.0,0.0,0,2,0,2
RS-F-4318440-13214-20240502,4318440,São Jorge,RS,02/05/2024,13214,Chuvas Intensas,Reconhecido,0.0,0.0,0.0,0,90,0,90
RS-F-4320321-13214-20240502,4320321,Senador Salgado Filho,RS,02/05/2024,13214,Chuvas Intensas,Reconhecido,0.0,0.0,0.0,0,0,0,0
RS-F-4321634-13214-20240502,4321634,Três Arroios,RS,02/05/2024,13214,Chuvas Intensas,Reconhecido,0.0,0.0,0.0,0,11,0,11
RS-F-4316428-13214-20240502,4316428,Sagrada Família,RS,02/05/2024,13214,Chuvas Intensas,Reconhecido,0.0,0.0,0.0,0,16,0,16
RS-F-4308052-13214-20240502,4308052,Faxinalzinho,RS,02/05/2024,13214,Chuvas Intensas,Reconhecido,0.0,0.0,0.0,0,12,0,12
RS-F-4319737-13214-20240502,4319737,São Valério Do Sul,RS,02/05/2024,13214,Chuvas Intensas,Reconhecido,0.0,0.0,0.0,0,0,0,0
RS-F-4301958-13214-20240502,4301958,Barra Funda,RS,02/05/2024,13214,Chuvas Intensas,Reconhecido,0.0,0.0,0.0,0,24,0,24
RS-F-4315354-13214-20240502,4315354,Quinze De Novembro,RS,02/05/2024,13214,Chuvas Intensas,Reconhecido,0.0,0.0,0.0,0,0,0,0
RS-F-4311429-13214-20240502,4311429,Lajeado Do Bugre,RS,02/05/2024,13214,Chuvas Intensas,Reconhecido,0.0,0.0,0.0,0,0,0,0
RS-F-4317954-13214-20240502,4317954,Santo Expedito Do Sul,RS,02/05/2024,13214,Chuvas Intensas,Reconhecido,0.0,0.0,0.0,0,0,0,0
RS-F-4313334-13214-20240502,4313334,Nova Ramada,RS,02/05/2024,13214,Chuvas Intensas,Reconhecido,0.0,0.0,0.0,0,16,0,16
RS-F-4318499-13214-20240502,4318499,São José Do Inhacorá,RS,02/05/2024,13214,Chuvas Intensas,Reconhecido,0.0,0.0,0.0,0,20,0,20
RS-F-4302378-13214-20240502,4302378,Bom Progresso,RS,02/05/2024,13214,Chuvas Intensas,Reconhecido,54340.41,0.0,54340.41,0,0,0,0
RS-F-4322343-13214-20240502,4322343,Ubiretama,RS,02/05/2024,13214,Chuvas Intensas,Reconhecido,0.0,0.0,0.0,0,0,0,0
RS-F-4310413-13214-20240502,4310413,Inhacorá,RS,02/05/2024,13214,Chuvas Intensas,Reconhecido,873392.63,108680.83,982073.46,0,0,0,0
RS-F-4302220-13214-20240502,4302220,Boa Vista Do Cadeado,RS,02/05/2024,13214,Chuvas Intensas,Reconhecido,0.0,0.0,0.0,0,0,0,0
RS-F-4315958-13214-20240502,4315958,Rolador,RS,02/05/2024,13214,Chuvas Intensas,Reconhecido,0.0,0.0,0.0,0,8,0,8
RS-F-4306429-13214-20240502,4306429,Dois Irmãos Das Missões,RS,02/05/2024,13214,Chuvas Intensas,Reconhecido,0.0,0.0,0.0,0,12,0,12
RS-F-4315057-13214-20240502,4315057,Porto Mauá,RS,02/05/2024,13214,Chuvas Intensas,Reconhecido,0.0,0.0,0.0,0,0,0,0
RS-F-4313441-13214-20240502,4313441,Novo Tiradentes,RS,02/05/2024,13214,Chuvas Intensas,Reconhecido,0.0,0.0,0.0,0,7,0,7
RS-F-4317558-13214-20240502,4317558,Santo Antônio Do Palma,RS,02/05/2024,13214,Chuvas Intensas,Reconhecido,508823.87,0.0,508823.87,0,6,0,6
RS-F-4311700-13214-20240502,4311700,Machadinho,RS,02/05/2024,13214,Chuvas Intensas,Reconhecido,0.0,0.0,0.0,0,0,0,0
RS-F-4302154-13214-20240502,4302154,Boa Vista Das Missões,RS,02/05/2024,13214,Chuvas Intensas,Reconhecido,0.0,0.0,0.0,0,0,0,0
RS-F-4309126-13214-20240502,4309126,Gramado Dos Loureiros,RS,02/05/2024,13214,Chuvas Intensas,Reconhecido,0.0,0.0,0.0,0,160,10,170
RS-F-4312955-13214-20240502,4312955,Nova Boa Vista,RS,02/05/2024,13214,Chuvas Intensas,Reconhecido,0.0,0.0,0.0,0,1,0,1
RS-F-4309050-13214-20240502,4309050,Glorinha,RS,02/05/2024,13214,Chuvas Intensas,Reconhecido,0.0,59280.45,59280.45,0,0,0,0
RS-F-4309001-13214-20240502,4309001,Giruá,RS,02/05/2024,13214,Chuvas Intensas,Reconhecido,0.0,0.0,0.0,0,0,0,0
RS-F-4312005-13214-20240502,4312005,Mariano Moro,RS,02/05/2024,13214,Chuvas Intensas,Reconhecido,0.0,0.0,0.0,0,0,0,0
RS-F-4320578-13214-20240502,4320578,Sete De Setembro,RS,02/05/2024,13214,Chuvas Intensas,Reconhecido,85687.09,0.0,85687.09,0,0,0,0
RS-F-4310405-13214-20240502,4310405,Independência,RS,02/05/2024,13214,Chuvas Intensas,Reconhecido,988007.52,0.0,988007.52,0,0,0,0
RS-F-4319364-13214-20240502,4319364,São Pedro Das Missões,RS,02/05/2024,13214,Chuvas Intensas,Reconhecido,0.0,0.0,0.0,0,0,0,0
RS-F-4304622-13214-20240502,4304622,Capão Bonito Do Sul,RS,02/05/2024,13214,Chuvas Intensas,Reconhecido,0.0,0.0,0.0,0,0,0,0
RS-F-4308854-13214-20240502,4308854,Gentil,RS,02/05/2024,13214,Chuvas Intensas,Reconhecido,0.0,0.0,0.0,0,1,0,1
RS-F-4311270-13214-20240502,4311270,Lagoa Dos Três Cantos,RS,02/05/2024,13214,Chuvas Intensas,Reconhecido,0.0,0.0,0.0,0,0,0,0
RS-F-4308250-13214-20240502,4308250,Floriano Peixoto,RS,02/05/2024,13214,Chuvas Intensas,Reconhecido,978127.44,978127.44,1956254.88,0,0,0,0
RS-F-4306130-13214-20240502,4306130,Cruzaltense,RS,02/05/2024,13214,Chuvas Intensas,Reconhecido,0.0,0.0,0.0,0,0,0,0
RS-F-4310652-13214-20240502,4310652,Itati,RS,02/05/2024,13214,Chuvas Intensas,Reconhecido,0.0,0.0,0.0,0,600,80,680
RS-F-4313466-13214-20240502,4313466,Novo Xingu,RS,02/05/2024,13214,Chuvas Intensas,Reconhecido,0.0,0.0,0.0,0,50,0,50
RS-F-4315073-13214-20240502,4315073,Porto Vera Cruz,RS,02/05/2024,13214,Chuvas Intensas,Reconhecido,0.0,0.0,0.0,0,0,0,0
RS-F-4306924-13214-20240502,4306924,Engenho Velho,RS,02/05/2024,13214,Chuvas Intensas,Reconhecido,0.0,0.0,0.0,0,15,15,30
RS-F-4314787-13214-20240502,4314787,Ponte Preta,RS,02/05/2024,13214,Chuvas Intensas,Reconhecido,0.0,0.0,0.0,0,167,0,167
RS-F-4304853-13214-20240502,4304853,Carlos Gomes,RS,02/05/2024,13214,Chuvas Intensas,Reconhecido,0.0,0.0,0.0,0,0,0,0
RS-F-4322525-12100-20240502,4322525,Vale Verde,RS,02/05/2024,12100,Inundações,Reconhecido,7904060.16,988007.52,8892067.68,0,0,100,100
RS-F-4317202-13214-20240502,4317202,Santa Rosa,RS,02/05/2024,13214,Chuvas Intensas,Reconhecido,366905.64,22377.98,389283.62,0,0,0,0
RS-F-4301925-13214-20240502,4301925,Barra Do Rio Azul,RS,02/05/2024,13214,Chuvas Intensas,Reconhecido,8684586.1,0.0,8684586.1,0,0,420,420
RS-F-4314555-13214-20240502,4314555,Pirapó,RS,02/05/2024,13214,Chuvas Intensas,Reconhecido,104299.17,104299.53,208598.7,0,0,0,0
SC-F-4213807-13214-20240502,4213807,Praia Grande,SC,02/05/2024,13214,Chuvas Intensas,Reconhecido,11557711.97,174877.33,11732589.3,0,1276,20,1296
RS-F-4305173-12200-20240502,4305173,Cerro Grande Do Sul,RS,02/05/2024,12200,Enxurradas,Reconhecido,3458026.32,741005.64,4199031.96,0,150,103,253
RS-F-4302709-13214-20240502,4302709,Butiá,RS,02/05/2024,13214,Chuvas Intensas,Reconhecido,2815821.43,2618219.93,5434041.36,0,50,50,100
SC-F-4207601-13214-20240502,4207601,Ipira,SC,02/05/2024,13214,Chuvas Intensas,Reconhecido,418356.09,544327.05,962683.1400000001,1,6,0,7
RS-F-4300307-13214-20240502,4300307,Alecrim,RS,02/05/2024,13214,Chuvas Intensas,Reconhecido,0.0,98800.75,98800.75,0,10,0,10
RS-F-4323457-13214-20240502,4323457,Vila Nova Do Sul,RS,02/05/2024,13214,Chuvas Intensas,Reconhecido,1729013.16,296402.26,2025415.42,0,7,0,7
RS-F-4300901-13214-20240502,4300901,Aratiba,RS,02/05/2024,13214,Chuvas Intensas,Reconhecido,0.0,0.0,0.0,0,10,0,10
RS-F-4314803-12100-20240502,4314803,Portão,RS,02/05/2024,12100,Inundações,Reconhecido,1314050.0,1058156.05,2372206.05,0,70,22,92
RS-F-4321501-13214-20240502,4321501,Torres,RS,02/05/2024,13214,Chuvas Intensas,Reconhecido,177719.43,0.0,177719.43,0,6,0,10
RS-F-4307401-13214-20240502,4307401,Esmeralda,RS,02/05/2024,13214,Chuvas Intensas,Registro,0.0,0.0,0.0,0,0,0,0
SC-F-4213906-12200-20240502,4213906,Presidente Castello Branco,SC,02/05/2024,12200,Enxurradas,Registro,118560.9,165985.26,284546.16000000003,0,0,0,0
RS-F-4300034-13214-20240502,4300034,Aceguá,RS,02/05/2024,13214,Chuvas Intensas,Reconhecido,0.0,0.0,0.0,0,1,0,1
RS-F-4306551-12100-20240502,4306551,Dom Pedro De Alcântara,RS,02/05/2024,12100,Inundações,Reconhecido,0.0,0.0,0.0,0,0,0,0
RS-F-4319307-13214-20240502,4319307,São Paulo Das Missões,RS,02/05/2024,13214,Chuvas Intensas,Reconhecido,405083.08,23586.87,428669.95,0,0,0,0
RS-F-4304606-13214-20240502,4304606,Canoas,RS,02/05/2024,13214,Chuvas Intensas,Reconhecido,0.0,0.0,0.0,31,157512,22000,179917
RS-F-4300851-13214-20240502,4300851,Arambaré,RS,02/05/2024,13214,Chuvas Intensas,Reconhecido,592804.51,592804.51,1185609.02,0,480,80,560
RS-F-4311106-13214-20240502,4311106,Jaguari,RS,02/05/2024,13214,Chuvas Intensas,Reconhecido,1712217.03,0.0,1712217.03,0,700,106,806
RS-F-4323408-13214-20240502,4323408,Vila Maria,RS,02/05/2024,13214,Chuvas Intensas,Reconhecido,0.0,0.0,0.0,0,25,60,85
RS-F-4306452-13214-20240502,4306452,Dois Lajeados,RS,02/05/2024,13214,Chuvas Intensas,Reconhecido,0.0,0.0,0.0,0,0,39,39
RS-F-4310306-13214-20240502,4310306,Ilópolis,RS,02/05/2024,13214,Chuvas Intensas,Reconhecido,2470018.8,100776.77,2570795.57,0,32,0,32
RS-F-4307831-13214-20240502,4307831,Eugênio De Castro,RS,02/05/2024,13214,Chuvas Intensas,Reconhecido,0.0,0.0,0.0,0,16,0,16
SC-F-4202438-13214-20240502,4202438,Bocaina Do Sul,SC,02/05/2024,13214,Chuvas Intensas,Registro,0.0,0.0,0.0,0,20,0,20
SC-F-4216008-13214-20240502,4216008,São Carlos,SC,02/05/2024,13214,Chuvas Intensas,Registro,0.0,0.0,0.0,0,42,0,42
RS-F-4311908-13214-20240502,4311908,Marcelino Ramos,RS,02/05/2024,13214,Chuvas Intensas,Reconhecido,0.0,0.0,0.0,0,12,0,12
SC-F-4203907-13214-20240502,4203907,Capinzal,SC,02/05/2024,13214,Chuvas Intensas,Reconhecido,5300660.34,276642.11,5577302.45,0,19,31,50
RS-F-4307005-13214-20240502,4307005,Erechim,RS,02/05/2024,13214,Chuvas Intensas,Reconhecido,12154962.51,397673.03,12552635.54,0,52,0,54
SC-F-4201406-13214-20240502,4201406,Araranguá,SC,02/05/2024,13214,Chuvas Intensas,Registro,0.0,0.0,0.0,0,4,0,4
RS-F-4306353-13214-20240502,4306353,Dezesseis De Novembro,RS,02/05/2024,13214,Chuvas Intensas,Reconhecido,0.0,0.0,0.0,0,0,0,0
RS-F-4316303-13214-20240502,4316303,Roque Gonzales,RS,02/05/2024,13214,Chuvas Intensas,Reconhecido,0.0,0.0,0.0,0,0,0,0
SC-F-4215208-13214-20240502,4215208,Romelândia,SC,02/05/2024,13214,Chuvas Intensas,Registro,0.0,0.0,0.0,0,0,0,0
RS-F-4312500-13214-20240502,4312500,Mostardas,RS,02/05/2024,13214,Chuvas Intensas,Registro,0.0,0.0,0.0,0,0,0,0
RS-F-4320230-13214-20240502,4320230,Sede Nova,RS,02/05/2024,13214,Chuvas Intensas,Reconhecido,0.0,0.0,0.0,0,0,0,0
RS-F-4309159-12200-20240502,4309159,Gramado Xavier,RS,02/05/2024,12200,Enxurradas,Registro,0.0,0.0,0.0,0,0,0,0
RS-F-4302055-13214-20240502,4302055,Benjamin Constant Do Sul,RS,02/05/2024,13214,Chuvas Intensas,Reconhecido,0.0,0.0,0.0,0,0,0,0
RS-F-4302006-12200-20240502,4302006,Barros Cassal,RS,02/05/2024,12200,Enxurradas,Registro,0.0,0.0,0.0,0,0,0,0
RS-F-4312708-12200-20240502,4312708,Nonoai,RS,02/05/2024,12200,Enxurradas,Registro,0.0,0.0,0.0,0,0,0,0
RS-F-4314787-12200-20240502,4314787,Ponte Preta,RS,02/05/2024,12200,Enxurradas,Registro,0.0,0.0,0.0,0,0,0,0
SC-F-4204152-13214-20240502,4204152,Celso Ramos,SC,02/05/2024,13214,Chuvas Intensas,Registro,33592.26,23712.18,57304.44,0,0,0,0
SC-F-4219150-12300-20240502,4219150,Vargem,SC,02/05/2024,12300,Alagamentos,Registro,0.0,0.0,0.0,0,0,0,0
RS-F-4307807-12100-20240503,4307807,Estrela,RS,03/05/2024,12100,Inundações,Reconhecido,0.0,0.0,0.0,2,4000,1100,5103
RS-F-4322004-13214-20240503,4322004,Triunfo,RS,03/05/2024,13214,Chuvas Intensas,Reconhecido,0.0,0.0,0.0,0,8000,937,8937
RS-F-4308102-13214-20240503,4308102,Feliz,RS,03/05/2024,13214,Chuvas Intensas,Reconhecido,0.0,0.0,0.0,0,1200,80,1280
RS-F-4313102-13214-20240503,4313102,Nova Palma,RS,03/05/2024,13214,Chuvas Intensas,Reconhecido,0.0,0.0,0.0,0,550,50,600
RS-F-4308706-13214-20240503,4308706,Gaurama,RS,03/05/2024,13214,Chuvas Intensas,Reconhecido,216472.45,216472.45,432944.9,0,0,0,0
PR-F-4107207-12200-20240503,4107207,Dois Vizinhos,PR,03/05/2024,12200,Enxurradas,Reconhecido,12582428.51,11733730.05,24316158.560000002,0,2100,98,2198
RS-F-4311908-13214-20240503,4311908,Marcelino Ramos,RS,03/05/2024,13214,Chuvas Intensas,Registro,2321817.67,2359747.28,4681564.949999999,0,14,0,14
RS-F-4311130-13214-20240503,4311130,Jari,RS,03/05/2024,13214,Chuvas Intensas,Reconhecido,9880.08,88920.68,98800.76,0,0,0,0
RS-F-4309159-13214-20240503,4309159,Gramado Xavier,RS,03/05/2024,13214,Chuvas Intensas,Reconhecido,0.0,0.0,0.0,0,12,164,176
RS-F-4318101-13214-20240503,4318101,São Francisco De Assis,RS,03/05/2024,13214,Chuvas Intensas,Reconhecido,0.0,1976015.04,1976015.04,0,40,0,40
RS-F-4312427-13214-20240503,4312427,Mormaço,RS,03/05/2024,13214,Chuvas Intensas,Reconhecido,0.0,0.0,0.0,0,7,0,7
RS-F-4308656-13214-20240503,4308656,Garruchos,RS,03/05/2024,13214,Chuvas Intensas,Reconhecido,0.0,0.0,0.0,0,88,0,88
RS-F-4305157-13214-20240503,4305157,Cerro Grande,RS,03/05/2024,13214,Chuvas Intensas,Reconhecido,0.0,0.0,0.0,0,0,0,0
RS-F-4310579-13214-20240503,4310579,Itapuca,RS,03/05/2024,13214,Chuvas Intensas,Reconhecido,0.0,0.0,0.0,0,3,0,3
RS-F-4312476-13214-20240503,4312476,Morro Reuter,RS,03/05/2024,13214,Chuvas Intensas,Reconhecido,395203.01,34580.26,429783.27,0,40,0,40
PR-F-4119004-12200-20240503,4119004,Pérola D`Oeste,PR,03/05/2024,12200,Enxurradas,Reconhecido,205505.56,205505.56,411011.12,0,0,0,0
RS-F-4310801-13214-20240503,4310801,Ivoti,RS,03/05/2024,13214,Chuvas Intensas,Reconhecido,0.0,0.0,0.0,0,361,55,416
RS-F-4321709-13214-20240503,4321709,Três Coroas,RS,03/05/2024,13214,Chuvas Intensas,Reconhecido,0.0,0.0,0.0,3,18200,1120,19323
RS-F-4308805-13214-20240503,4308805,General Câmara,RS,03/05/2024,13214,Chuvas Intensas,Reconhecido,0.0,0.0,0.0,1,300,400,701
RS-F-4311759-13214-20240503,4311759,Manoel Viana,RS,03/05/2024,13214,Chuvas Intensas,Reconhecido,0.0,0.0,0.0,0,432,8,440
RS-F-4318507-12100-20240503,4318507,São José Do Norte,RS,03/05/2024,12100,Inundações,Reconhecido,0.0,0.0,0.0,0,1000,273,1273
RS-F-4314100-13214-20240503,4314100,Passo Fundo,RS,03/05/2024,13214,Chuvas Intensas,Reconhecido,0.0,0.0,0.0,0,468,0,468
RS-F-4308904-12300-20240503,4308904,Getúlio Vargas,RS,03/05/2024,12300,Alagamentos,Registro,0.0,0.0,0.0,0,0,9,9
RS-F-4310579-12200-20240503,4310579,Itapuca,RS,03/05/2024,12200,Enxurradas,Registro,0.0,0.0,0.0,0,0,0,0
RS-F-4308078-13214-20240504,4308078,Fazenda Vilanova,RS,04/05/2024,13214,Chuvas Intensas,Reconhecido,494003.76,0.0,494003.76,0,0,0,0
RS-F-4309803-13214-20240504,4309803,Ibiaçá,RS,04/05/2024,13214,Chuvas Intensas,Reconhecido,0.0,0.0,0.0,0,0,0,0
RS-F-4302584-13214-20240504,4302584,Bozano,RS,04/05/2024,13214,Chuvas Intensas,Reconhecido,745945.68,148201.13,894146.81,0,0,0,0
RS-F-4314134-13214-20240504,4314134,Paulo Bento,RS,04/05/2024,13214,Chuvas Intensas,Reconhecido,0.0,0.0,0.0,0,6,0,6
RS-F-4321352-12300-20240504,4321352,Tavares,RS,04/05/2024,12300,Alagamentos,Reconhecido,98800.75,98800.75,197601.5,0,0,0,0
RS-F-4322400-12100-20240504,4322400,Uruguaiana,RS,04/05/2024,12100,Inundações,Reconhecido,0.0,0.0,0.0,0,1836,297,2133
RS-F-4320354-13214-20240504,4320354,Sentinela Do Sul,RS,04/05/2024,13214,Chuvas Intensas,Reconhecido,0.0,0.0,0.0,0,0,4,4
RS-F-4313086-13214-20240504,4313086,Nova Pádua,RS,04/05/2024,13214,Chuvas Intensas,Reconhecido,1995775.19,2020475.38,4016250.57,0,72,0,72
RS-F-4318002-12100-20240505,4318002,São Borja,RS,05/05/2024,12100,Inundações,Reconhecido,0.0,0.0,0.0,0,500,200,700
RS-F-4309308-13214-20240505,4309308,Guaíba,RS,05/05/2024,13214,Chuvas Intensas,Reconhecido,907769185.08,0.0,907769185.08,1,40000,13000,59871
RS-F-4301909-13214-20240506,4301909,Barra Do Ribeiro,RS,06/05/2024,13214,Chuvas Intensas,Reconhecido,0.0,0.0,0.0,0,780,416,1196
RS-F-4316808-12300-20240506,4316808,Santa Cruz Do Sul,RS,06/05/2024,12300,Alagamentos,Reconhecido,0.0,0.0,0.0,2,11603,272,11902
RS-F-4321105-13214-20240506,4321105,Tapes,RS,06/05/2024,13214,Chuvas Intensas,Reconhecido,8687550.12,988007.52,9675557.639999999,0,608,72,680
RS-F-4318622-13214-20240506,4318622,São José Dos Ausentes,RS,06/05/2024,13214,Chuvas Intensas,Reconhecido,0.0,0.0,0.0,0,0,0,0
RS-F-4310603-12100-20240506,4310603,Itaqui,RS,06/05/2024,12100,Inundações,Reconhecido,528584.02,528584.02,1057168.04,0,1379,90,1469
RS-F-4321006-13214-20240506,4321006,Tapera,RS,06/05/2024,13214,Chuvas Intensas,Reconhecido,296402.26,0.0,296402.26,0,10,26,36
RS-F-4304671-13214-20240506,4304671,Capivari Do Sul,RS,06/05/2024,13214,Chuvas Intensas,Reconhecido,0.0,0.0,0.0,0,7,0,7
RS-F-4314209-12100-20240506,4314209,Pedro Osório,RS,06/05/2024,12100,Inundações,Reconhecido,185175.62,87609.88,272785.5,0,0,0,0
RS-F-4313490-13214-20240506,4313490,Novo Barreiro,RS,06/05/2024,13214,Chuvas Intensas,Registro,0.0,0.0,0.0,0,0,0,0
RS-F-4301602-13214-20240507,4301602,Bagé,RS,07/05/2024,13214,Chuvas Intensas,Reconhecido,7175564.67,7175564.67,14351129.34,0,0,0,0
RS-F-4307708-12100-20240507,4307708,Esteio,RS,07/05/2024,12100,Inundações,Registro,0.0,0.0,0.0,0,10000,1061,11061
RS-F-4304358-13214-20240507,4304358,Candiota,RS,07/05/2024,13214,Chuvas Intensas,Reconhecido,0.0,0.0,0.0,0,0,0,0
RS-F-4314175-13214-20240507,4314175,Pedras Altas,RS,07/05/2024,13214,Chuvas Intensas,Reconhecido,0.0,0.0,0.0,0,0,0,0
RS-F-4305124-13214-20240507,4305124,Cerrito,RS,07/05/2024,13214,Chuvas Intensas,Reconhecido,1912455.15,14820.11,1927275.26,0,0,0,0
RS-F-4320552-13214-20240507,4320552,Sertão Santana,RS,07/05/2024,13214,Chuvas Intensas,Reconhecido,968247.37,968247.37,1936494.74,0,3,500,503
RS-F-4311304-13214-20240507,4311304,Lagoa Vermelha,RS,07/05/2024,13214,Chuvas Intensas,Registro,0.0,0.0,0.0,0,5,7,12
RS-F-4317301-13214-20240508,4317301,Santa Vitória Do Palmar,RS,08/05/2024,13214,Chuvas Intensas,Reconhecido,7281220.22,0.0,7281220.22,0,60,25,85
RS-F-4312179-13214-20240508,4312179,Mato Queimado,RS,08/05/2024,13214,Chuvas Intensas,Reconhecido,278618.12,280100.13,558718.25,0,3,0,3
RS-F-4322525-13214-20240508,4322525,Vale Verde,RS,08/05/2024,13214,Chuvas Intensas,Reconhecido,9781274.45,988007.52,10769281.969999999,0,73,0,73
RS-F-4304663-13214-20240509,4304663,Capão Do Leão,RS,09/05/2024,13214,Chuvas Intensas,Reconhecido,98800.75,0.0,98800.75,0,0,0,0
RS-F-4305439-13214-20240509,4305439,Chuí,RS,09/05/2024,13214,Chuvas Intensas,Reconhecido,626199.17,626199.17,1252398.34,0,34,0,34
RS-F-4318804-13214-20240510,4318804,São Lourenço Do Sul,RS,10/05/2024,13214,Chuvas Intensas,Reconhecido,2756540.98,1440514.96,4197055.9399999995,0,2000,152,2152
SC-F-4208708-13214-20240510,4208708,Jacinto Machado,SC,10/05/2024,13214,Chuvas Intensas,Registro,39520.3,0.0,39520.3,0,4,0,4
RS-F-4322327-13214-20240511,4322327,Turuçu,RS,11/05/2024,13214,Chuvas Intensas,Reconhecido,109668.83,126267.36,235936.19,0,0,0,0
SC-F-4216404-13214-20240511,4216404,São João Do Sul,SC,11/05/2024,13214,Chuvas Intensas,Reconhecido,3981670.3,1778.41,3983448.71,0,211,0,211
SC-F-4218806-13214-20240511,4218806,Turvo,SC,11/05/2024,13214,Chuvas Intensas,Registro,108680.83,0.0,108680.83,0,0,0,0
SC-F-4217709-13214-20240512,4217709,Sombrio,SC,12/05/2024,13214,Chuvas Intensas,Reconhecido,4268192.49,0.0,4268192.49,0,256,20,276
RS-F-4308904-13214-20240512,4308904,Getúlio Vargas,RS,12/05/2024,13214,Chuvas Intensas,Reconhecido,0.0,19883.65,19883.65,0,0,0,0
RS-F-4310900-13214-20240512,4310900,Jacutinga,RS,12/05/2024,13214,Chuvas Intensas,Reconhecido,0.0,0.0,0.0,0,0,0,0
RS-F-4310553-13214-20240512,4310553,Itacurubi,RS,12/05/2024,13214,Chuvas Intensas,Reconhecido,810600.1,810600.1,1621200.2,0,0,0,0
SC-F-4202073-13214-20240512,4202073,Balneário Gaivota,SC,12/05/2024,13214,Chuvas Intensas,Reconhecido,1086808.27,0.0,1086808.27,0,52,20,72
SC-F-4213807-13214-20240512,4213807,Praia Grande,SC,12/05/2024,13214,Chuvas Intensas,Registro,1778413.54,0.0,1778413.54,0,0,0,0
RS-F-4301073-13214-20240512,4301073,Arroio Do Padre,RS,12/05/2024,13214,Chuvas Intensas,Reconhecido,0.0,0.0,0.0,0,0,0,0
SC-F-4201406-13214-20240512,4201406,Araranguá,SC,12/05/2024,13214,Chuvas Intensas,Reconhecido,9976899.94,10571680.46,20548580.4,0,200,90,290
RS-F-4315313-13214-20240512,4315313,Quatro Irmãos,RS,12/05/2024,13214,Chuvas Intensas,Reconhecido,83980.64,83980.64,167961.28,0,0,0,0
SC-F-4205191-13214-20240512,4205191,Ermo,SC,12/05/2024,13214,Chuvas Intensas,Registro,197601.5,0.0,197601.5,0,0,15,15
RS-F-4317251-12100-20240512,4317251,Santa Tereza,RS,12/05/2024,12100,Inundações,Registro,0.0,0.0,0.0,0,120,0,120
RS-F-4309555-12100-20240512,4309555,Harmonia,RS,12/05/2024,12100,Inundações,Registro,0.0,0.0,0.0,0,0,0,0
RS-F-4315800-13214-20240512,4315800,Roca Sales,RS,12/05/2024,13214,Chuvas Intensas,Registro,0.0,0.0,0.0,0,0,0,0
SC-F-4210407-13214-20240512,4210407,Maracajá,SC,12/05/2024,13214,Chuvas Intensas,Registro,296402.26,0.0,296402.26,0,0,0,0
SC-F-4212254-13214-20240512,4212254,Passo De Torres,SC,12/05/2024,13214,Chuvas Intensas,Registro,0.0,0.0,0.0,0,0,0,0
SC-F-4215653-13214-20240512,4215653,Santa Rosa Do Sul,SC,12/05/2024,13214,Chuvas Intensas,Registro,0.0,0.0,0.0,0,0,0,0
RS-F-4309654-13214-20240513,4309654,Hulha Negra,RS,13/05/2024,13214,Chuvas Intensas,Reconhecido,24689833.68,24689833.68,49379667.36,0,0,0,0
RS-F-4305447-13214-20240513,4305447,Chuvisca,RS,13/05/2024,13214,Chuvas Intensas,Reconhecido,494003.76,494003.76,988007.52,0,0,0,0
RS-F-4307450-13214-20240513,4307450,Esperança Do Sul,RS,13/05/2024,13214,Chuvas Intensas,Reconhecido,78052.59,40310.71,118363.29999999999,0,0,0,0
RS-F-4306601-13214-20240513,4306601,Dom Pedrito,RS,13/05/2024,13214,Chuvas Intensas,Reconhecido,4011310.53,4198351.07,8209661.6,0,0,0,0
RS-F-4305975-13214-20240513,4305975,Coxilha,RS,13/05/2024,13214,Chuvas Intensas,Registro,187663.14,0.0,187663.14,0,0,0,0
RS-F-4314407-13214-20240514,4314407,Pelotas,RS,14/05/2024,13214,Chuvas Intensas,Reconhecido,0.0,0.0,0.0,0,720,740,1460
RS-F-4304655-13214-20240514,4304655,Capão Do Cipó,RS,14/05/2024,13214,Chuvas Intensas,Reconhecido,300354.29,114503.16,414857.44999999995,0,0,0,0
RS-F-4310108-11321-20240514,4310108,Igrejinha,RS,14/05/2024,11321,Movimento de Massa,Registro,0.0,0.0,0.0,0,0,0,0
RS-F-4316600-13214-20240514,4316600,Sananduva,RS,14/05/2024,13214,Chuvas Intensas,Registro,0.0,0.0,0.0,0,0,0,0
SC-F-4203253-13214-20240515,4203253,Capão Alto,SC,15/05/2024,13214,Chuvas Intensas,Registro,0.0,29640.23,29640.23,0,0,0,0
SC-F-4209904-13214-20240515,4209904,Lontras,SC,15/05/2024,13214,Chuvas Intensas,Registro,0.0,0.0,0.0,0,0,0,0
RS-F-4306932-13214-20240516,4306932,Entre-Ijuís,RS,16/05/2024,13214,Chuvas Intensas,Reconhecido,0.0,0.0,0.0,0,60,0,60
RS-F-4321436-13214-20240516,4321436,Terra De Areia,RS,16/05/2024,13214,Chuvas Intensas,Reconhecido,0.0,0.0,0.0,0,40,0,40
RS-F-4302501-13214-20240517,4302501,Bossoroca,RS,17/05/2024,13214,Chuvas Intensas,Reconhecido,1426682.86,0.0,1426682.86,0,0,0,0
SC-F-4214003-13214-20240518,4214003,Presidente Getúlio,SC,18/05/2024,13214,Chuvas Intensas,Registro,275309.47,21580.72,296890.18999999994,0,11,50,61
SC-F-4206900-13214-20240518,4206900,Ibirama,SC,18/05/2024,13214,Chuvas Intensas,Registro,0.0,0.0,0.0,0,6,0,6
SC-F-4201257-13214-20240518,4201257,Apiúna,SC,18/05/2024,13214,Chuvas Intensas,Registro,0.0,0.0,0.0,0,5,0,5
SC-F-4201703-13214-20240518,4201703,Ascurra,SC,18/05/2024,13214,Chuvas Intensas,Registro,0.0,0.0,0.0,0,0,0,0
SC-F-4202701-13214-20240518,4202701,Botuverá,SC,18/05/2024,13214,Chuvas Intensas,Registro,296402.26,0.0,296402.26,0,0,0,0
SC-F-4205100-12300-20240518,4205100,Dona Emma,SC,18/05/2024,12300,Alagamentos,Registro,0.0,0.0,0.0,0,0,0,0
SC-F-4216305-13214-20240518,4216305,São João Batista,SC,18/05/2024,13214,Chuvas Intensas,Registro,0.0,0.0,0.0,0,0,0,0
SC-F-4202909-13214-20240519,4202909,Brusque,SC,19/05/2024,13214,Chuvas Intensas,Reconhecido,3229704.92,999768.96,4229473.88,0,123,0,123
SC-F-4202404-12100-20240519,4202404,Blumenau,SC,19/05/2024,12100,Inundações,Registro,34580.26,0.0,34580.26,0,350,4,354
SC-F-4214805-13214-20240519,4214805,Rio Do Sul,SC,19/05/2024,13214,Chuvas Intensas,Reconhecido,1191537.07,2025.42,1193562.49,0,2712,483,3195
SC-F-4217808-13214-20240519,4217808,Taió,SC,19/05/2024,13214,Chuvas Intensas,Registro,0.0,0.0,0.0,0,25,35,60
SC-F-4207502-13214-20240519,4207502,Indaial,SC,19/05/2024,13214,Chuvas Intensas,Registro,0.0,0.0,0.0,0,0,0,0
SC-F-4215109-13214-20240519,4215109,Rodeio,SC,19/05/2024,13214,Chuvas Intensas,Registro,0.0,0.0,0.0,0,0,0,0
SC-F-4214607-13214-20240520,4214607,Rio Do Oeste,SC,20/05/2024,13214,Chuvas Intensas,Reconhecido,651096.96,118636.67,769733.63,0,150,77,235
RS-F-4317103-13214-20240522,4317103,Sant`Ana Do Livramento,RS,22/05/2024,13214,Chuvas Intensas,Reconhecido,9826572.62,9826572.62,19653145.24,0,0,0,0
RS-F-4318903-13214-20240523,4318903,São Luiz Gonzaga,RS,23/05/2024,13214,Chuvas Intensas,Reconhecido,1086413.07,0.0,1086413.07,0,0,0,0
RS-F-4316709-13214-20240523,4316709,Santa Bárbara Do Sul,RS,23/05/2024,13214,Chuvas Intensas,Reconhecido,218843.67,347778.65,566622.3200000001,0,0,0,0
RS-F-4309506-13214-20240523,4309506,Guarani Das Missões,RS,23/05/2024,13214,Chuvas Intensas,Reconhecido,2057525.66,0.0,2057525.66,0,0,0,0
RS-F-4303301-13214-20240523,4303301,Caibaté,RS,23/05/2024,13214,Chuvas Intensas,Reconhecido,983067.48,8398.06,991465.54,0,0,0,0
RS-F-4314308-13214-20240523,4314308,Pejuçara,RS,23/05/2024,13214,Chuvas Intensas,Reconhecido,79040.6,0.0,79040.6,0,0,0,0
RS-F-4305871-13214-20240523,4305871,Coronel Barros,RS,23/05/2024,13214,Chuvas Intensas,Reconhecido,785419.43,98800.75,884220.18,0,10,0,10
RS-F-4316436-13214-20240523,4316436,Saldanha Marinho,RS,23/05/2024,13214,Chuvas Intensas,Reconhecido,355682.71,365562.78,721245.49,0,0,0,0
RS-F-4312450-13214-20240523,4312450,Morro Redondo,RS,23/05/2024,13214,Chuvas Intensas,Reconhecido,494003.76,494003.76,988007.52,0,0,0,0
RS-F-4321808-13214-20240523,4321808,Três De Maio,RS,23/05/2024,13214,Chuvas Intensas,Reconhecido,875671.06,875671.06,1751342.12,0,0,0,0
SC-F-4207502-11321-20240524,4207502,Indaial,SC,24/05/2024,11321,Movimento de Massa,Registro,0.0,0.0,0.0,0,0,0,0
SC-F-4204558-13214-20240527,4204558,Correia Pinto,SC,27/05/2024,13214,Chuvas Intensas,Registro,0.0,0.0,0.0,0,0,0,0
RS-F-4304002-13214-20240527,4304002,Campo Novo,RS,27/05/2024,13214,Chuvas Intensas,Reconhecido,108680.83,110162.84,218843.66999999998,0,0,0,0
SC-F-4205407-12300-20240527,4205407,Florianópolis,SC,27/05/2024,12300,Alagamentos,Registro,0.0,0.0,0.0,0,0,0,0
SC-F-4207502-11321-20240528,4207502,Indaial,SC,28/05/2024,11321,Movimento de Massa,Registro,0.0,0.0,0.0,0,0,0,0
SC-F-4202503-13214-20240531,4202503,Bom Jardim Da Serra,SC,31/05/2024,13214,Chuvas Intensas,Registro,0.0,0.0,0.0,0,0,0,0
SC-F-4211751-13214-20240531,4211751,Otacílio Costa,SC,31/05/2024,13214,Chuvas Intensas,Registro,0.0,0.0,0.0,0,0,0,0
SC-F-4203402-13214-20240604,4203402,Campo Belo Do Sul,SC,04/06/2024,13214,Chuvas Intensas,Registro,0.0,0.0,0.0,0,0,0,0
SC-F-4212056-13214-20240605,4212056,Palmeira,SC,05/06/2024,13214,Chuvas Intensas,Registro,0.0,0.0,0.0,0,0,0,0
SC-F-4211751-13214-20240605,4211751,Otacílio Costa,SC,05/06/2024,13214,Chuvas Intensas,Registro,64220.49,0.0,64220.49,0,0,0,0
SC-F-4202438-11321-20240606,4202438,Bocaina Do Sul,SC,06/06/2024,11321,Movimento de Massa,Registro,0.0,0.0,0.0,0,24,0,24
SC-F-4215505-13214-20240608,4215505,Santa Cecília,SC,08/06/2024,13214,Chuvas Intensas,Registro,0.0,0.0,0.0,0,3,0,3
SC-F-4209300-13214-20240613,4209300,Lages,SC,13/06/2024,13214,Chuvas Intensas,Registro,0.0,0.0,0.0,0,0,0,0
SC-F-4216404-13214-20240615,4216404,São João Do Sul,SC,15/06/2024,13214,Chuvas Intensas,Registro,5073418.61,0.0,5073418.61,0,65,0,65
RS-F-4314050-13214-20240615,4314050,Parobé,RS,15/06/2024,13214,Chuvas Intensas,Registro,0.0,0.0,0.0,0,150,60,210
RS-F-4302105-13214-20240615,4302105,Bento Gonçalves,RS,15/06/2024,13214,Chuvas Intensas,Registro,0.0,0.0,0.0,0,0,0,0
RS-F-4312138-11321-20240615,4312138,Mato Castelhano,RS,15/06/2024,11321,Movimento de Massa,Registro,197601.5,0.0,197601.5,0,0,0,0
RS-F-4314506-13214-20240616,4314506,Pinheiro Machado,RS,16/06/2024,13214,Chuvas Intensas,Registro,0.0,0.0,0.0,0,0,0,0
RS-F-4311122-13214-20240616,4311122,Jaquirana,RS,16/06/2024,13214,Chuvas Intensas,Reconhecido,138536.83,138536.83,277073.66,0,0,0,0
SC-F-4213807-13214-20240616,4213807,Praia Grande,SC,16/06/2024,13214,Chuvas Intensas,Registro,1096688.35,0.0,1096688.35,0,3,0,3
RS-F-4306106-13214-20240616,4306106,Cruz Alta,RS,16/06/2024,13214,Chuvas Intensas,Registro,0.0,0.0,0.0,0,0,0,0
SC-F-4202073-13214-20240616,4202073,Balneário Gaivota,SC,16/06/2024,13214,Chuvas Intensas,Registro,0.0,0.0,0.0,0,0,0,0
SC-F-4215653-13214-20240616,4215653,Santa Rosa Do Sul,SC,16/06/2024,13214,Chuvas Intensas,Registro,0.0,0.0,0.0,0,0,0,0
SC-F-4217709-13214-20240616,4217709,Sombrio,SC,16/06/2024,13214,Chuvas Intensas,Registro,0.0,0.0,0.0,0,0,0,0
RS-F-4321469-13214-20240617,4321469,Tio Hugo,RS,17/06/2024,13214,Chuvas Intensas,Reconhecido,178038.96,178038.96,356077.92,0,0,0,0
RS-F-4317251-12100-20240617,4317251,Santa Tereza,RS,17/06/2024,12100,Inundações,Registro,0.0,0.0,0.0,0,68,0,68
RS-F-4311403-12100-20240617,4311403,Lajeado,RS,17/06/2024,12100,Inundações,Registro,0.0,0.0,0.0,0,500,300,800
RS-F-4314068-13214-20240618,4314068,Passa Sete,RS,18/06/2024,13214,Chuvas Intensas,Registro,0.0,0.0,0.0,0,0,0,0
RS-F-4303004-13214-20240619,4303004,Cachoeira Do Sul,RS,19/06/2024,13214,Chuvas Intensas,Reconhecido,553185.41,971280.95,1524466.3599999999,0,76,50,128
RS-F-4311007-13214-20240619,4311007,Jaguarão,RS,19/06/2024,13214,Chuvas Intensas,Registro,1361474.36,0.0,1361474.36,0,0,0,0
RS-F-4306973-13214-20240620,4306973,Erebango,RS,20/06/2024,13214,Chuvas Intensas,Reconhecido,1121598.53,1121598.53,2243197.06,0,0,0,0
RS-F-4302006-13214-20240621,4302006,Barros Cassal,RS,21/06/2024,13214,Chuvas Intensas,Reconhecido,0.0,4752615.3,4752615.3,0,0,0,0
RS-F-4301305-13214-20240624,4301305,Arroio Grande,RS,24/06/2024,13214,Chuvas Intensas,Registro,0.0,0.0,0.0,0,24,75,99
RS-F-4312674-13214-20240625,4312674,Nicolau Vergueiro,RS,25/06/2024,13214,Chuvas Intensas,Reconhecido,170431.3,170431.3,340862.6,0,0,0,0
RS-F-4310462-13214-20240626,4310462,Ipiranga Do Sul,RS,26/06/2024,13214,Chuvas Intensas,Reconhecido,189697.44,189697.44,379394.88,0,0,0,0
SC-F-4200200-11321-20240703,4200200,Agrolândia,SC,03/07/2024,11321,Movimento de Massa,Registro,0.0,0.0,0.0,0,0,0,0
SC-F-4215059-13214-20240706,4215059,Rio Rufino,SC,06/07/2024,13214,Chuvas Intensas,Registro,0.0,0.0,0.0,0,0,0,0
SC-F-4202800-13214-20240706,4202800,Braço Do Norte,SC,06/07/2024,13214,Chuvas Intensas,Registro,0.0,0.0,0.0,0,8,0,8
SC-F-4208500-13214-20240707,4208500,Ituporanga,SC,07/07/2024,13214,Chuvas Intensas,Registro,355682.71,0.0,355682.71,0,16,0,16
SC-F-4214805-13214-20240708,4214805,Rio Do Sul,SC,08/07/2024,13214,Chuvas Intensas,Registro,0.0,0.0,0.0,0,195,255,450
SC-F-4211702-13214-20240711,4211702,Orleans,SC,11/07/2024,13214,Chuvas Intensas,Registro,0.0,0.0,0.0,0,0,0,0
SC-F-4215802-11321-20240712,4215802,São Bento Do Sul,SC,12/07/2024,11321,Movimento de Massa,Reconhecido,2272417.3,39376.18,2311793.48,0,11,0,11
SC-F-4216404-13214-20240713,4216404,São João Do Sul,SC,13/07/2024,13214,Chuvas Intensas,Registro,691605.26,0.0,691605.26,0,40,0,40
SC-F-4207304-13214-20240713,4207304,Imbituba,SC,13/07/2024,13214,Chuvas Intensas,Registro,0.0,0.0,0.0,0,10,1,11
SC-F-4201901-13214-20240714,4201901,Aurora,SC,14/07/2024,13214,Chuvas Intensas,Registro,197601.5,88920.68,286522.18,0,1,10,11
SC-F-4208807-13214-20240714,4208807,Jaguaruna,SC,14/07/2024,13214,Chuvas Intensas,Reconhecido,691605.26,9880.08,701485.34,0,0,0,0
SC-F-4209102-12300-20240716,4209102,Joinville,SC,16/07/2024,12300,Alagamentos,Registro,2964.02,0.0,2964.02,0,0,0,0
SC-F-4210100-13214-20240716,4210100,Mafra,SC,16/07/2024,13214,Chuvas Intensas,Registro,0.0,0.0,0.0,0,0,0,0
RS-F-4312500-13214-20240719,4312500,Mostardas,RS,19/07/2024,13214,Chuvas Intensas,Registro,0.0,0.0,0.0,0,0,0,0
RS-F-4314506-13214-20240820,4314506,Pinheiro Machado,RS,20/08/2024,13214,Chuvas Intensas,Registro,0.0,0.0,0.0,0,0,0,0
RS-F-4309654-11321-20240822,4309654,Hulha Negra,RS,22/08/2024,11321,Movimento de Massa,Registro,0.0,0.0,0.0,0,0,0,0
SC-F-4215059-13214-20240913,4215059,Rio Rufino,SC,13/09/2024,13214,Chuvas Intensas,Registro,0.0,0.0,0.0,0,0,0,0
SC-F-4215505-13214-20240913,4215505,Santa Cecília,SC,13/09/2024,13214,Chuvas Intensas,Registro,0.0,0.0,0.0,0,0,0,0
SC-F-4208104-13214-20240914,4208104,Itaiópolis,SC,14/09/2024,13214,Chuvas Intensas,Registro,69160.53,69160.53,138321.06,0,0,0,0
SC-F-4215059-13214-20240914,4215059,Rio Rufino,SC,14/09/2024,13214,Chuvas Intensas,Registro,0.0,0.0,0.0,0,0,0,0
SC-F-4210100-13214-20240915,4210100,Mafra,SC,15/09/2024,13214,Chuvas Intensas,Registro,0.0,0.0,0.0,0,0,0,0
RS-F-4314605-13214-20240919,4314605,Piratini,RS,19/09/2024,13214,Chuvas Intensas,Reconhecido,895700.45,1366799.23,2262499.6799999997,0,2,0,2
RS-F-4314506-13214-20240923,4314506,Pinheiro Machado,RS,23/09/2024,13214,Chuvas Intensas,Reconhecido,939101.15,913906.96,1853008.1099999999,0,0,0,0
RS-F-4306056-13214-20240923,4306056,Cristal,RS,23/09/2024,13214,Chuvas Intensas,Reconhecido,316162.41,201553.53,517715.93999999994,0,0,0,0
RS-F-4304358-13214-20240923,4304358,Candiota,RS,23/09/2024,13214,Chuvas Intensas,Registro,0.0,0.0,0.0,0,0,0,0
RS-F-4300851-13214-20240923,4300851,Arambaré,RS,23/09/2024,13214,Chuvas Intensas,Reconhecido,623619.11,426017.61,1049636.72,0,150,8,158
RS-F-4314407-13214-20240923,4314407,Pelotas,RS,23/09/2024,13214,Chuvas Intensas,Reconhecido,1328870.11,0.0,1328870.11,0,0,44,44
RS-F-4321352-13214-20240924,4321352,Tavares,RS,24/09/2024,13214,Chuvas Intensas,Reconhecido,115529.2,109668.83,225198.03,0,6,0,6
RS-F-4303509-13214-20240925,4303509,Camaquã,RS,25/09/2024,13214,Chuvas Intensas,Reconhecido,3966692.11,3083571.47,7050263.58,0,60,0,60
RS-F-4304507-13214-20240925,4304507,Canguçu,RS,25/09/2024,13214,Chuvas Intensas,Reconhecido,1152411.97,628076.38,1780488.35,0,4,0,4
RS-F-4315602-13214-20240925,4315602,Rio Grande,RS,25/09/2024,13214,Chuvas Intensas,Reconhecido,571068.35,452507.44,1023575.79,0,150,43,193
RS-F-4300638-13214-20240925,4300638,Amaral Ferrador,RS,25/09/2024,13214,Chuvas Intensas,Reconhecido,356375.6,2148.22,358523.81999999995,0,12,0,12
RS-F-4318507-13214-20240926,4318507,São José Do Norte,RS,26/09/2024,13214,Chuvas Intensas,Reconhecido,174764.78,106161.41,280926.19,0,7,0,7
RS-F-4309654-13214-20241001,4309654,Hulha Negra,RS,01/10/2024,13214,Chuvas Intensas,Reconhecido,35607791.02,35607791.02,71215582.04,0,0,0,0
RS-F-4306601-13214-20241001,4306601,Dom Pedrito,RS,01/10/2024,13214,Chuvas Intensas,Reconhecido,3695896.58,3516760.94,7212657.52,0,520,49,569
SC-F-4209805-13214-20241001,4209805,Leoberto Leal,SC,01/10/2024,13214,Chuvas Intensas,Registro,227241.73,187721.43,414963.16000000003,0,0,0,0
SC-F-4212809-12300-20241009,4212809,Balneário Piçarras,SC,09/10/2024,12300,Alagamentos,Registro,0.0,0.0,0.0,0,0,0,0
SC-F-4208203-13214-20241010,4208203,Itajaí,SC,10/10/2024,13214,Chuvas Intensas,Registro,1284.41,0.0,1284.41,0,0,0,0
SC-F-4202107-12100-20241010,4202107,Barra Velha,SC,10/10/2024,12100,Inundações,Registro,0.0,0.0,0.0,0,2,7,9
SC-F-4202305-11321-20241010,4202305,Biguaçu,SC,10/10/2024,11321,Movimento de Massa,Registro,0.0,0.0,0.0,0,0,0,0
SC-F-4216354-12300-20241010,4216354,São João Do Itaperiú,SC,10/10/2024,12300,Alagamentos,Registro,0.0,0.0,0.0,0,0,0,0
SC-F-4200200-13214-20241011,4200200,Agrolândia,SC,11/10/2024,13214,Chuvas Intensas,Registro,0.0,0.0,0.0,0,0,0,1
SC-F-4203105-12200-20241011,4203105,Caibi,SC,11/10/2024,12200,Enxurradas,Registro,49400.38,49400.38,98800.76,0,0,0,0
SC-F-4213500-13214-20241011,4213500,Porto Belo,SC,11/10/2024,13214,Chuvas Intensas,Registro,0.0,0.0,0.0,0,0,0,0
SC-F-4215075-12200-20241011,4215075,Riqueza,SC,11/10/2024,12200,Enxurradas,Registro,0.0,0.0,0.0,0,0,0,0
SC-F-4216701-13214-20241011,4216701,São José Do Cedro,SC,11/10/2024,13214,Chuvas Intensas,Registro,0.0,0.0,0.0,0,0,0,0
SC-F-4217303-11321-20241011,4217303,Saudades,SC,11/10/2024,11321,Movimento de Massa,Registro,0.0,0.0,0.0,0,0,0,0
SC-F-4217907-13214-20241023,4217907,Tangará,SC,23/10/2024,13214,Chuvas Intensas,Registro,0.0,0.0,0.0,0,0,0,0
SC-F-4213005-12300-20241023,4213005,Pinheiro Preto,SC,23/10/2024,12300,Alagamentos,Registro,4940.04,0.0,4940.04,0,0,0,0
SC-F-4210100-13214-20241024,4210100,Mafra,SC,24/10/2024,13214,Chuvas Intensas,Registro,0.0,0.0,0.0,0,0,0,0
SC-F-4203808-13214-20241024,4203808,Canoinhas,SC,24/10/2024,13214,Chuvas Intensas,Registro,0.0,0.0,0.0,0,0,0,0
RS-F-4304606-13214-20241101,4304606,Canoas,RS,01/11/2024,13214,Chuvas Intensas,Registro,2672331.46,2672331.46,5344662.92,0,0,3341,3341
SC-F-4208708-13214-20241106,4208708,Jacinto Machado,SC,06/11/2024,13214,Chuvas Intensas,Reconhecido,2753576.96,2753576.96,5507153.92,0,30,0,30
SC-F-4216107-13214-20241106,4216107,São Domingos,SC,06/11/2024,13214,Chuvas Intensas,Reconhecido,6570250.01,4199031.96,10769281.969999999,0,10,0,10
SC-F-4216107-12300-20241106,4216107,São Domingos,SC,06/11/2024,12300,Alagamentos,Registro,0.0,0.0,0.0,0,0,0,0
SC-F-4216701-13214-20241106,4216701,São José Do Cedro,SC,06/11/2024,13214,Chuvas Intensas,Registro,9880.08,0.0,9880.08,0,0,0,0
SC-F-4218103-12100-20241106,4218103,Timbé Do Sul,SC,06/11/2024,12100,Inundações,Registro,0.0,0.0,0.0,0,0,0,0
PR-F-4108502-12100-20241107,4108502,General Carneiro,PR,07/11/2024,12100,Inundações,Registro,1739881.24,108680.83,1848562.07,1,270,0,271
PR-F-4121505-12200-20241107,4121505,Rebouças,PR,07/11/2024,12200,Enxurradas,Reconhecido,417433.18,408047.11,825480.29,0,0,0,0
SC-F-4212403-13214-20241107,4212403,Pedras Grandes,SC,07/11/2024,13214,Chuvas Intensas,Reconhecido,0.0,0.0,0.0,0,0,0,0
SC-F-4207684-13214-20241107,4207684,Ipuaçu,SC,07/11/2024,13214,Chuvas Intensas,Registro,0.0,0.0,0.0,0,0,0,0
SC-F-4210100-13214-20241107,4210100,Mafra,SC,07/11/2024,13214,Chuvas Intensas,Registro,0.0,0.0,0.0,0,0,0,0
SC-F-4210704-12200-20241107,4210704,Matos Costa,SC,07/11/2024,12200,Enxurradas,Registro,98800.75,0.0,98800.75,0,0,0,0
RS-F-4319604-12300-20241107,4319604,São Sepé,RS,07/11/2024,12300,Alagamentos,Registro,0.0,0.0,0.0,0,0,0,0
SC-F-4204202-12300-20241107,4204202,Chapecó,SC,07/11/2024,12300,Alagamentos,Registro,0.0,0.0,0.0,0,0,0,0
SC-F-4204509-13214-20241107,4204509,Corupá,SC,07/11/2024,13214,Chuvas Intensas,Registro,0.0,0.0,0.0,0,0,0,0
RS-F-4310538-13214-20241117,4310538,Itaara,RS,17/11/2024,13214,Chuvas Intensas,Registro,29640.23,21736.17,51376.399999999994,0,2,0,2
SC-F-4202305-13214-20241120,4202305,Biguaçu,SC,20/11/2024,13214,Chuvas Intensas,Registro,0.0,0.0,0.0,0,0,0,0
SC-F-4202438-13214-20241127,4202438,Bocaina Do Sul,SC,27/11/2024,13214,Chuvas Intensas,Registro,0.0,0.0,0.0,0,0,0,0
RS-F-4306734-13214-20241128,4306734,Doutor Maurício Cardoso,RS,28/11/2024,13214,Chuvas Intensas,Reconhecido,0.0,3076684.49,3076684.49,0,0,0,0
RS-F-4315453-13214-20241129,4315453,Relvado,RS,29/11/2024,13214,Chuvas Intensas,Registro,13253456.33,1390606.21,14644062.54,1,0,0,2
SC-F-4210100-11321-20241129,4210100,Mafra,SC,29/11/2024,11321,Movimento de Massa,Registro,0.0,0.0,0.0,0,0,0,0
RS-F-4317004-13214-20241201,4317004,Santana Da Boa Vista,RS,01/12/2024,13214,Chuvas Intensas,Reconhecido,49400.38,0.0,49400.38,0,1,0,1
SC-F-4202602-13214-20241206,4202602,Bom Retiro,SC,06/12/2024,13214,Chuvas Intensas,Registro,494003.76,0.0,494003.76,0,0,0,0
PR-F-4111407-13214-20241206,4111407,Ivaí,PR,06/12/2024,13214,Chuvas Intensas,Reconhecido,1896974.44,1570931.96,3467906.4,0,2,0,2
SC-F-4212007-13214-20241206,4212007,Palma Sola,SC,06/12/2024,13214,Chuvas Intensas,Reconhecido,1008261.67,988007.52,1996269.19,0,0,0,0
SC-F-4207007-13214-20241206,4207007,Içara,SC,06/12/2024,13214,Chuvas Intensas,Registro,7410.06,0.0,7410.06,0,0,0,0
SC-F-4215059-13214-20241206,4215059,Rio Rufino,SC,06/12/2024,13214,Chuvas Intensas,Registro,0.0,0.0,0.0,0,0,0,0
PR-F-4120606-13214-20241207,4120606,Prudentópolis,PR,07/12/2024,13214,Chuvas Intensas,Reconhecido,411520.94,411520.94,823041.88,0,0,0,0
SC-F-4205001-12200-20241207,4205001,Dionísio Cerqueira,SC,07/12/2024,12200,Enxurradas,Reconhecido,88920.68,351355.23,440275.91,0,1,0,1
PR-F-4107207-12200-20241207,4107207,Dois Vizinhos,PR,07/12/2024,12200,Enxurradas,Reconhecido,1551171.81,1502759.44,3053931.25,0,0,0,0
SC-F-4205357-13214-20241207,4205357,Flor Do Sertão,SC,07/12/2024,13214,Chuvas Intensas,Registro,0.0,0.0,0.0,0,0,0,0
PR-F-4107405-12200-20241207,4107405,Enéas Marques,PR,07/12/2024,12200,Enxurradas,Reconhecido,1934716.33,1934716.33,3869432.66,0,0,0,0
PR-F-4122503-12200-20241207,4122503,Roncador,PR,07/12/2024,12200,Enxurradas,Reconhecido,355682.71,414963.16,770645.87,0,0,0,0
SC-F-4215802-13214-20241207,4215802,São Bento Do Sul,SC,07/12/2024,13214,Chuvas Intensas,Registro,98800.75,34580.26,133381.01,0,0,0,0
PR-F-4102604-12200-20241207,4102604,Barracão,PR,07/12/2024,12200,Enxurradas,Reconhecido,513269.91,513269.91,1026539.82,0,0,0,0
PR-F-4106605-11321-20241207,4106605,Cruzeiro Do Oeste,PR,07/12/2024,11321,Movimento de Massa,Registro,0.0,0.0,0.0,0,0,0,0
PR-F-4104204-12100-20241207,4104204,Campo Largo,PR,07/12/2024,12100,Inundações,Registro,0.0,0.0,0.0,0,0,0,0
SC-F-4203808-13214-20241207,4203808,Canoinhas,SC,07/12/2024,13214,Chuvas Intensas,Registro,0.0,0.0,0.0,0,0,0,0
SC-F-4201307-13214-20241207,4201307,Araquari,SC,07/12/2024,13214,Chuvas Intensas,Registro,0.0,0.0,0.0,0,0,3,3
SC-F-4216206-13214-20241207,4216206,São Francisco Do Sul,SC,07/12/2024,13214,Chuvas Intensas,Registro,0.0,0.0,0.0,0,2,0,2
SC-F-4202107-12300-20241207,4202107,Barra Velha,SC,07/12/2024,12300,Alagamentos,Registro,0.0,0.0,0.0,0,0,0,0
SC-F-4206405-12200-20241207,4206405,Guaraciaba,SC,07/12/2024,12200,Enxurradas,Registro,0.0,0.0,0.0,0,0,0,0
SC-F-4209102-13214-20241207,4209102,Joinville,SC,07/12/2024,13214,Chuvas Intensas,Registro,0.0,0.0,0.0,0,0,0,0
SC-F-4214151-12200-20241207,4214151,Princesa,SC,07/12/2024,12200,Enxurradas,Registro,39520.3,59280.45,98800.75,0,0,0,0
SC-F-4216701-13214-20241207,4216701,São José Do Cedro,SC,07/12/2024,13214,Chuvas Intensas,Registro,0.0,0.0,0.0,0,0,0,0
SC-F-4202099-12100-20241208,4202099,Barra Bonita,SC,08/12/2024,12100,Inundações,Registro,8892.07,0.0,8892.07,0,7,0,7
PR-F-4106902-11321-20241208,4106902,Curitiba,PR,08/12/2024,11321,Movimento de Massa,Registro,0.0,0.0,0.0,0,7,0,7
PR-F-4110508-12200-20241209,4110508,Ipiranga,PR,09/12/2024,12200,Enxurradas,Reconhecido,5024492.48,4925691.73,9950184.21,0,22,11,33
PR-F-4104402-12200-20241209,4104402,Cândido De Abreu,PR,09/12/2024,12200,Enxurradas,Reconhecido,1111270.35,1085582.15,2196852.5,0,0,0,0
PR-F-4122008-12100-20241209,4122008,Rio Azul,PR,09/12/2024,12100,Inundações,Reconhecido,56058.33,56058.33,112116.66,0,0,0,0
PR-F-4103479-12200-20241209,4103479,Cafezal Do Sul,PR,09/12/2024,12200,Enxurradas,Reconhecido,839806.39,691605.26,1531411.65,0,0,0,0
PR-F-4123857-12200-20241209,4123857,Santa Maria Do Oeste,PR,09/12/2024,12200,Enxurradas,Reconhecido,141285.08,141285.08,282570.16,0,0,0,0
PR-F-4123303-12100-20241209,4123303,Santa Cruz De Monte Castelo,PR,09/12/2024,12100,Inundações,Reconhecido,302330.3,395203.01,697533.31,0,12,0,12
PR-F-4119400-12100-20241209,4119400,Piraí Do Sul,PR,09/12/2024,12100,Inundações,Reconhecido,154919.58,85561.45,240481.02999999997,0,81,32,113
SC-F-4210100-13214-20241209,4210100,Mafra,SC,09/12/2024,13214,Chuvas Intensas,Registro,0.0,0.0,0.0,0,0,0,0
PR-F-4106902-11321-20241212,4106902,Curitiba,PR,12/12/2024,11321,Movimento de Massa,Registro,0.0,0.0,0.0,0,0,5,5
RS-F-4301925-13214-20241216,4301925,Barra Do Rio Azul,RS,16/12/2024,13214,Chuvas Intensas,Registro,1482011.28,0.0,1482011.28,0,40,0,40
SC-F-4207908-13214-20241216,4207908,Irineópolis,SC,16/12/2024,13214,Chuvas Intensas,Registro,0.0,0.0,0.0,0,4,0,4
RS-F-4308102-13214-20241219,4308102,Feliz,RS,19/12/2024,13214,Chuvas Intensas,Registro,8496864.67,4544834.59,13041699.26,0,40,0,390
RS-F-4309407-12200-20241220,4309407,Guaporé,RS,20/12/2024,12200,Enxurradas,Registro,0.0,434723.31,434723.31,0,0,77,77
RS-F-4314902-13214-20241224,4314902,Porto Alegre,RS,24/12/2024,13214,Chuvas Intensas,Registro,0.0,0.0,0.0,0,0,0,0
RS-F-4311908-13214-20241226,4311908,Marcelino Ramos,RS,26/12/2024,13214,Chuvas Intensas,Registro,1783995.78,1487593.52,3271589.3,0,6,0,6
SC-F-4210100-13214-20241229,4210100,Mafra,SC,29/12/2024,13214,Chuvas Intensas,Registro,0.0,0.0,0.0,0,0,0,0
RS-F-4314787-13214-20241230,4314787,Ponte Preta,RS,30/12/2024,13214,Chuvas Intensas,Registro,0.0,0.0,0.0,0,0,0,0
RS-F-4306700-13214-20241231,4306700,Dona Francisca,RS,31/12/2024,13214,Chuvas Intensas,Registro,5928045.12,1141148.69,7069193.8100000005,0,0,0,0
SC-F-4210100-13214-20250101,4210100,Mafra,SC,01/01/2025,13214,Chuvas Intensas,Registro,0.0,0.0,0.0,0,0,0,0
SC-F-4201653-13214-20250109,4201653,Arvoredo,SC,09/01/2025,13214,Chuvas Intensas,Registro,0.0,50000.0,50000.0,0,0,0,0
SC-F-4202008-13214-20250116,4202008,Balneário Camboriú,SC,16/01/2025,13214,Chuvas Intensas,Reconhecido,10242199.5,562903.22,10805102.72,0,722,12,734
SC-F-4202305-13214-20250116,4202305,Biguaçu,SC,16/01/2025,13214,Chuvas Intensas,Reconhecido,1903663.31,1503663.31,3407326.62,0,14,30,44
SC-F-4202909-13214-20250116,4202909,Brusque,SC,16/01/2025,13214,Chuvas Intensas,Registro,0.0,0.0,0.0,0,0,0,0
SC-F-4203204-13214-20250116,4203204,Camboriú,SC,16/01/2025,13214,Chuvas Intensas,Reconhecido,15304960.0,830000.0,16134960.0,0,1132,428,1560
SC-F-4203709-13214-20250116,4203709,Canelinha,SC,16/01/2025,13214,Chuvas Intensas,Registro,950000.0,650000.0,1600000.0,0,36,0,36
SC-F-4205407-13214-20250116,4205407,Florianópolis,SC,16/01/2025,13214,Chuvas Intensas,Reconhecido,20790841.0,3000000.0,23790841.0,0,1531,115,1650
SC-F-4205902-13214-20250116,4205902,Gaspar,SC,16/01/2025,13214,Chuvas Intensas,Reconhecido,2009882.35,18712.64,2028594.99,0,77,0,77
SC-F-4206009-13214-20250116,4206009,Governador Celso Ramos,SC,16/01/2025,13214,Chuvas Intensas,Reconhecido,25800000.0,9300000.0,35100000.0,1,30,10,144
SC-F-4208203-13214-20250116,4208203,Itajaí,SC,16/01/2025,13214,Chuvas Intensas,Registro,0.0,0.0,0.0,0,12,0,12
SC-F-4208302-13214-20250116,4208302,Itapema,SC,16/01/2025,13214,Chuvas Intensas,Reconhecido,18771448.26,0.0,18771448.26,0,300,450,751
SC-F-4211900-13214-20250116,4211900,Palhoça,SC,16/01/2025,13214,Chuvas Intensas,Registro,6000000.0,0.0,6000000.0,0,200,70,270
SC-F-4213500-13214-20250116,4213500,Porto Belo,SC,16/01/2025,13214,Chuvas Intensas,Reconhecido,929300.0,607887.42,1537187.42,0,500,136,636
SC-F-4216305-13214-20250116,4216305,São João Batista,SC,16/01/2025,13214,Chuvas Intensas,Registro,0.0,0.0,0.0,0,0,3,3
SC-F-4218004-13214-20250116,4218004,Tijucas,SC,16/01/2025,13214,Chuvas Intensas,Reconhecido,22418020.0,2801226.53,25219246.53,0,3500,311,3814
SC-F-4201109-11321-20250117,4201109,Anitápolis,SC,17/01/2025,11321,Movimento de Massa,Registro,636000.0,475000.0,1111000.0,0,0,0,0
SC-F-4201208-13214-20250117,4201208,Antônio Carlos,SC,17/01/2025,13214,Chuvas Intensas,Registro,40000.0,0.0,40000.0,0,10,0,10
SC-F-4207106-13214-20250117,4207106,Ilhota,SC,17/01/2025,13214,Chuvas Intensas,Reconhecido,324628.0,343500.0,668128.0,0,75,0,75
SC-F-4209706-13214-20250117,4209706,Lebon Régis,SC,17/01/2025,13214,Chuvas Intensas,Registro,35000.0,0.0,35000.0,0,0,0,0
SC-F-4215109-12200-20250117,4215109,Rodeio,SC,17/01/2025,12200,Enxurradas,Registro,0.0,0.0,0.0,0,0,0,0
SC-F-4216602-13214-20250117,4216602,São José,SC,17/01/2025,13214,Chuvas Intensas,Reconhecido,25292071.52,457910.0,25749981.52,0,3000,32,3032
SC-F-4217253-13214-20250117,4217253,São Pedro De Alcântara,SC,17/01/2025,13214,Chuvas Intensas,Reconhecido,500000.0,306000.0,806000.0,0,5,0,5
SC-F-4200903-13214-20250119,4200903,Angelina,SC,19/01/2025,13214,Chuvas Intensas,Reconhecido,3200000.0,72820.0,3272820.0,0,50,0,50
SC-F-4202602-13214-20250119,4202602,Bom Retiro,SC,19/01/2025,13214,Chuvas Intensas,Registro,80000.0,0.0,80000.0,0,0,0,0
SC-F-4209805-13214-20250119,4209805,Leoberto Leal,SC,19/01/2025,13214,Chuvas Intensas,Reconhecido,1700000.0,420000.0,2120000.0,0,65,0,65
PR-F-4127502-12200-20250119,4127502,Tibagi,PR,19/01/2025,12200,Enxurradas,Reconhecido,1049520.0,439000.0,1488520.0,0,3,0,3
RS-F-4317301-13214-20250120,4317301,Santa Vitória Do Palmar,RS,20/01/2025,13214,Chuvas Intensas,Reconhecido,114805391.0,114805391.0,229610782.0,0,25,0,25
SC-F-4203303-13214-20250122,4203303,Campo Alegre,SC,22/01/2025,13214,Chuvas Intensas,Registro,60000.0,60000.0,120000.0,0,0,0,0
SC-F-4210100-13214-20250122,4210100,Mafra,SC,22/01/2025,13214,Chuvas Intensas,Registro,0.0,0.0,0.0,0,0,0,0
SC-F-4208906-12200-20250124,4208906,Jaraguá Do Sul,SC,24/01/2025,12200,Enxurradas,Registro,0.0,0.0,0.0,0,0,0,0
SC-F-4216305-13214-20250124,4216305,São João Batista,SC,24/01/2025,13214,Chuvas Intensas,Registro,0.0,0.0,0.0,0,0,0,0
SC-F-4215703-13214-20250125,4215703,Santo Amaro Da Imperatriz,SC,25/01/2025,13214,Chuvas Intensas,Reconhecido,1325000.0,160000.0,1485000.0,0,250,0,250
PR-F-4104204-12300-20250127,4104204,Campo Largo,PR,27/01/2025,12300,Alagamentos,Registro,0.0,0.0,0.0,0,0,0,0
SC-F-4201802-13214-20250128,4201802,Atalanta,SC,28/01/2025,13214,Chuvas Intensas,Registro,0.0,0.0,0.0,0,0,0,0
SC-F-4202438-13214-20250128,4202438,Bocaina Do Sul,SC,28/01/2025,13214,Chuvas Intensas,Registro,0.0,0.0,0.0,0,0,0,0
PR-F-4106902-12300-20250128,4106902,Curitiba,PR,28/01/2025,12300,Alagamentos,Registro,0.0,0.0,0.0,0,12,0,12
SC-F-4205456-13214-20250128,4205456,Forquilhinha,SC,28/01/2025,13214,Chuvas Intensas,Registro,800000.0,0.0,800000.0,0,0,0,0
RS-F-4313409-12300-20250128,4313409,Novo Hamburgo,RS,28/01/2025,12300,Alagamentos,Registro,0.0,0.0,0.0,0,0,0,0
SC-F-4211702-13214-20250128,4211702,Orleans,SC,28/01/2025,13214,Chuvas Intensas,Registro,0.0,0.0,0.0,0,0,0,0
SC-F-4217600-12200-20250128,4217600,Siderópolis,SC,28/01/2025,12200,Enxurradas,Registro,0.0,204000.0,204000.0,0,0,0,0
SC-F-4213708-13214-20250129,4213708,Pouso Redondo,SC,29/01/2025,13214,Chuvas Intensas,Registro,0.0,50000.0,50000.0,0,0,4,4
SC-F-4213807-13214-20250129,4213807,Praia Grande,SC,29/01/2025,13214,Chuvas Intensas,Registro,500000.0,0.0,500000.0,0,0,0,0
SC-F-4216404-13214-20250129,4216404,São João Do Sul,SC,29/01/2025,13214,Chuvas Intensas,Registro,300000.0,0.0,300000.0,0,0,0,0
SC-F-4219002-13214-20250129,4219002,Urussanga,SC,29/01/2025,13214,Chuvas Intensas,Registro,10000.0,4000.0,14000.0,0,0,0,0
SC-F-4201505-13214-20250130,4201505,Armazém,SC,30/01/2025,13214,Chuvas Intensas,Registro,200000.0,0.0,200000.0,0,0,0,0
SC-F-4206207-13214-20250130,4206207,Gravatal,SC,30/01/2025,13214,Chuvas Intensas,Registro,1500000.0,0.0,1500000.0,0,0,0,0
SC-F-4210803-13214-20250130,4210803,Meleiro,SC,30/01/2025,13214,Chuvas Intensas,Registro,300.0,0.0,300.0,0,0,0,0
SC-F-4212650-13214-20250130,4212650,Pescaria Brava,SC,30/01/2025,13214,Chuvas Intensas,Registro,800000.0,10000.0,810000.0,0,0,0,0
SC-F-4217105-13214-20250130,4217105,São Martinho,SC,30/01/2025,13214,Chuvas Intensas,Registro,0.0,0.0,0.0,0,0,0,0
RS-F-4320677-13214-20250130,4320677,Sinimbu,RS,30/01/2025,13214,Chuvas Intensas,Registro,41006407.02,4226836.0,45233243.02,3,1168,336,1507
PR-F-4104204-12300-20250131,4104204,Campo Largo,PR,31/01/2025,12300,Alagamentos,Registro,0.0,0.0,0.0,0,0,0,0
SC-F-4208500-12200-20250131,4208500,Ituporanga,SC,31/01/2025,12200,Enxurradas,Registro,0.0,0.0,0.0,0,9,0,9
SC-F-4206751-13214-20250202,4206751,Ibiam,SC,02/02/2025,13214,Chuvas Intensas,Registro,160000.0,50000.0,210000.0,0,0,0,0
SC-F-4200606-12200-20250203,4200606,Águas Mornas,SC,03/02/2025,12200,Enxurradas,Registro,0.01,0.0,0.01,0,0,0,0
PR-F-4106902-12300-20250203,4106902,Curitiba,PR,03/02/2025,12300,Alagamentos,Registro,0.0,0.0,0.0,0,0,0,0
SC-F-4208708-13214-20250203,4208708,Jacinto Machado,SC,03/02/2025,13214,Chuvas Intensas,Registro,900000.0,0.0,900000.0,0,0,0,0
SC-F-4201604-13214-20250204,4201604,Arroio Trinta,SC,04/02/2025,13214,Chuvas Intensas,Registro,350000.0,0.0,350000.0,0,0,0,0
SC-F-4209102-12200-20250204,4209102,Joinville,SC,04/02/2025,12200,Enxurradas,Registro,25000.0,81000.0,106000.0,0,0,0,0
SC-F-4215505-12300-20250204,4215505,Santa Cecília,SC,04/02/2025,12300,Alagamentos,Registro,100000.0,0.0,100000.0,0,10,15,25
PR-F-4107124-13214-20250206,4107124,Diamante Do Sul,PR,06/02/2025,13214,Chuvas Intensas,Reconhecido,1497250.0,1272250.0,2769500.0,0,0,0,0
PR-F-4101200-12200-20250207,4101200,Antonina,PR,07/02/2025,12200,Enxurradas,Reconhecido,1622000.0,333171.0,1955171.0,0,0,0,0
PR-F-4116208-12200-20250207,4116208,Morretes,PR,07/02/2025,12200,Enxurradas,Reconhecido,3460000.0,1982254.99,5442254.99,0,41,32,73
PR-F-4118204-12300-20250207,4118204,Paranaguá,PR,07/02/2025,12300,Alagamentos,Reconhecido,5364871.47,2364871.47,7729742.9399999995,0,100,0,100
PR-F-4109609-12200-20250208,4109609,Guaratuba,PR,08/02/2025,12200,Enxurradas,Reconhecido,3759543.44,41418.83,3800962.27,2,0,3,6
SC-F-4206504-13214-20250212,4206504,Guaramirim,SC,12/02/2025,13214,Chuvas Intensas,Registro,200000.0,300000.0,500000.0,0,4,0,4
SC-F-4202404-13214-20250213,4202404,Blumenau,SC,13/02/2025,13214,Chuvas Intensas,Reconhecido,1504366.64,411034.28,1915400.92,1,96,0,97
SC-F-4206504-13214-20250213,4206504,Guaramirim,SC,13/02/2025,13214,Chuvas Intensas,Reconhecido,3520250.0,1056000.0,4576250.0,0,17,4,21
SC-F-4211256-13214-20250213,4211256,Morro Grande,SC,13/02/2025,13214,Chuvas Intensas,Registro,370000.0,0.0,370000.0,0,0,0,0
SC-F-4213203-13214-20250213,4213203,Pomerode,SC,13/02/2025,13214,Chuvas Intensas,Registro,4620.0,0.0,4620.0,0,0,0,0
SC-F-4200200-12200-20250215,4200200,Agrolândia,SC,15/02/2025,12200,Enxurradas,Reconhecido,6500000.0,6000000.0,12500000.0,0,50,0,50
SC-F-4200903-13214-20250215,4200903,Angelina,SC,15/02/2025,13214,Chuvas Intensas,Registro,2380000.0,0.0,2380000.0,0,0,0,0
SC-F-4202859-12200-20250215,4202859,Braço Do Trombudo,SC,15/02/2025,12200,Enxurradas,Reconhecido,2481830.22,1968131.22,4449961.44,0,34,20,54
RS-F-4313409-12300-20250215,4313409,Novo Hamburgo,RS,15/02/2025,12300,Alagamentos,Registro,0.0,0.0,0.0,0,0,0,0
SC-F-4213708-13214-20250215,4213708,Pouso Redondo,SC,15/02/2025,13214,Chuvas Intensas,Registro,7500.0,239980.0,247480.0,0,40,0,40
SC-F-4218350-12200-20250215,4218350,Treviso,SC,15/02/2025,12200,Enxurradas,Registro,80000.0,80000.0,160000.0,0,0,0,0
SC-F-4218905-13214-20250215,4218905,Urubici,SC,15/02/2025,13214,Chuvas Intensas,Registro,0.0,0.0,0.0,0,0,0,0
SC-F-4219002-13214-20250215,4219002,Urussanga,SC,15/02/2025,13214,Chuvas Intensas,Registro,350000.0,15000.0,365000.0,0,0,0,0
SC-F-4202438-13214-20250216,4202438,Bocaina Do Sul,SC,16/02/2025,13214,Chuvas Intensas,Registro,15000.0,0.0,15000.0,0,0,0,0
SC-F-4202909-13214-20250216,4202909,Brusque,SC,16/02/2025,13214,Chuvas Intensas,Registro,0.0,0.0,0.0,0,6,9,15
RS-F-4313409-13214-20250216,4313409,Novo Hamburgo,RS,16/02/2025,13214,Chuvas Intensas,Registro,0.0,0.0,0.0,0,0,0,0
SC-F-4205308-13214-20250217,4205308,Faxinal Dos Guedes,SC,17/02/2025,13214,Chuvas Intensas,Registro,7000.0,4000.0,11000.0,0,0,0,0
SC-F-4205902-12200-20250217,4205902,Gaspar,SC,17/02/2025,12200,Enxurradas,Registro,6200.0,0.0,6200.0,0,1,0,1
SC-F-4207502-13214-20250217,4207502,Indaial,SC,17/02/2025,13214,Chuvas Intensas,Registro,0.0,0.0,0.0,0,0,0,0
SC-F-4208500-12200-20250217,4208500,Ituporanga,SC,17/02/2025,12200,Enxurradas,Registro,0.0,0.0,0.0,0,4,0,4
SC-F-4213203-13214-20250217,4213203,Pomerode,SC,17/02/2025,13214,Chuvas Intensas,Registro,35000.0,0.0,35000.0,0,0,0,0
SC-F-4218905-13214-20250217,4218905,Urubici,SC,17/02/2025,13214,Chuvas Intensas,Registro,0.0,0.0,0.0,0,0,0,0
SC-F-4219358-13214-20250217,4219358,Vitor Meireles,SC,17/02/2025,13214,Chuvas Intensas,Registro,60000.0,0.0,60000.0,0,0,0,0
PR-F-4104204-12300-20250218,4104204,Campo Largo,PR,18/02/2025,12300,Alagamentos,Registro,0.0,0.0,0.0,0,0,0,0
PR-F-4106902-12300-20250218,4106902,Curitiba,PR,18/02/2025,12300,Alagamentos,Registro,0.0,0.0,0.0,0,0,0,0
RS-F-4309555-12200-20250226,4309555,Harmonia,RS,26/02/2025,12200,Enxurradas,Reconhecido,2668786.32,2694330.32,5363116.64,0,0,0,0
RS-F-4311791-12200-20250226,4311791,Maratá,RS,26/02/2025,12200,Enxurradas,Reconhecido,10443810.0,10443810.0,20887620.0,0,18,0,18
RS-F-4314035-13214-20250226,4314035,Pareci Novo,RS,26/02/2025,13214,Chuvas Intensas,Reconhecido,218000.0,98000.0,316000.0,0,1,0,1
RS-F-4316501-13214-20250226,4316501,Salvador Do Sul,RS,26/02/2025,13214,Chuvas Intensas,Reconhecido,3149510.0,3139510.0,6289020.0,0,25,0,25
RS-F-4318614-13214-20250226,4318614,São José Do Sul,RS,26/02/2025,13214,Chuvas Intensas,Reconhecido,7294180.0,7328460.0,14622640.0,0,94,0,97
RS-F-4302253-13214-20250227,4302253,Boa Vista Do Sul,RS,27/02/2025,13214,Chuvas Intensas,Registro,970000.0,395325.0,1365325.0,0,1,0,1
PR-F-4106902-12300-20250227,4106902,Curitiba,PR,27/02/2025,12300,Alagamentos,Registro,0.0,0.0,0.0,0,0,0,0
SC-F-4210704-12200-20250227,4210704,Matos Costa,SC,27/02/2025,12200,Enxurradas,Registro,350000.0,0.0,350000.0,0,0,0,0
SC-F-4213708-13214-20250227,4213708,Pouso Redondo,SC,27/02/2025,13214,Chuvas Intensas,Registro,30000.0,0.0,30000.0,0,3,0,3
SC-F-4200408-13214-20250228,4200408,Água Doce,SC,28/02/2025,13214,Chuvas Intensas,Registro,40440.0,40440.0,80880.0,0,0,0,0
SC-F-4205308-12300-20250228,4205308,Faxinal Dos Guedes,SC,28/02/2025,12300,Alagamentos,Registro,0.0,0.0,0.0,0,0,0,0
SC-F-4201505-13214-20250309,4201505,Armazém,SC,09/03/2025,13214,Chuvas Intensas,Registro,1600000.0,0.0,1600000.0,0,0,0,0
SC-F-4202909-13214-20250309,4202909,Brusque,SC,09/03/2025,13214,Chuvas Intensas,Registro,0.0,0.0,0.0,0,4,0,4
SC-F-4203956-12300-20250309,4203956,Capivari De Baixo,SC,09/03/2025,12300,Alagamentos,Registro,0.0,0.0,0.0,0,0,0,0
SC-F-4205803-13214-20250309,4205803,Garuva,SC,09/03/2025,13214,Chuvas Intensas,Reconhecido,322071.73,160950.0,483021.73,0,200,18,218
SC-F-4212650-13214-20250309,4212650,Pescaria Brava,SC,09/03/2025,13214,Chuvas Intensas,Registro,0.0,0.0,0.0,0,0,0,0
SC-F-4218707-13214-20250309,4218707,Tubarão,SC,09/03/2025,13214,Chuvas Intensas,Registro,100000.0,0.0,100000.0,0,0,0,0
PR-F-4106902-12300-20250311,4106902,Curitiba,PR,11/03/2025,12300,Alagamentos,Registro,0.0,0.0,0.0,0,4,0,4
SC-F-4203303-13214-20250312,4203303,Campo Alegre,SC,12/03/2025,13214,Chuvas Intensas,Registro,0.0,20000.0,20000.0,0,0,0,0
SC-F-4207304-13214-20250312,4207304,Imbituba,SC,12/03/2025,13214,Chuvas Intensas,Registro,0.0,0.0,0.0,0,0,0,0
SC-F-4203303-13214-20250314,4203303,Campo Alegre,SC,14/03/2025,13214,Chuvas Intensas,Registro,0.0,20000.0,20000.0,0,0,0,0
SC-F-4202602-13214-20250318,4202602,Bom Retiro,SC,18/03/2025,13214,Chuvas Intensas,Registro,200000.0,0.0,200000.0,0,0,0,0
SC-F-4202909-13214-20250318,4202909,Brusque,SC,18/03/2025,13214,Chuvas Intensas,Registro,2968978.86,180531.78,3149510.6399999997,0,9,0,9
SC-F-4207205-13214-20250318,4207205,Imaruí,SC,18/03/2025,13214,Chuvas Intensas,Registro,0.0,0.0,0.0,0,0,0,0
PR-F-4104204-12300-20250325,4104204,Campo Largo,PR,25/03/2025,12300,Alagamentos,Registro,0.0,0.0,0.0,0,4,0,4
SC-F-4205506-13214-20250325,4205506,Fraiburgo,SC,25/03/2025,13214,Chuvas Intensas,Registro,400000.0,0.0,400000.0,0,0,0,0
SC-F-4203105-12200-20250327,4203105,Caibi,SC,27/03/2025,12200,Enxurradas,Registro,700000.0,0.0,700000.0,0,0,0,0
RS-F-4304705-13214-20250327,4304705,Carazinho,RS,27/03/2025,13214,Chuvas Intensas,Registro,145000.0,310000.0,455000.0,1,6,0,7
SC-F-4205308-13214-20250327,4205308,Faxinal Dos Guedes,SC,27/03/2025,13214,Chuvas Intensas,Registro,200.0,0.0,200.0,0,0,0,0
SC-F-4205506-13214-20250329,4205506,Fraiburgo,SC,29/03/2025,13214,Chuvas Intensas,Registro,500000.0,0.0,500000.0,0,0,0,0
SC-F-4203501-12300-20250331,4203501,Campo Erê,SC,31/03/2025,12300,Alagamentos,Registro,30000.0,10000.0,40000.0,0,0,0,0
SC-F-4206751-13214-20250408,4206751,Ibiam,SC,08/04/2025,13214,Chuvas Intensas,Registro,150000.0,50000.0,200000.0,0,0,0,0
SC-F-4207577-13214-20250408,4207577,Iomerê,SC,08/04/2025,13214,Chuvas Intensas,Registro,100000.0,100000.0,200000.0,0,0,0,0
SC-F-4219309-13214-20250408,4219309,Videira,SC,08/04/2025,13214,Chuvas Intensas,Registro,0.0,0.0,0.0,0,0,0,0
SC-F-4203303-13214-20250409,4203303,Campo Alegre,SC,09/04/2025,13214,Chuvas Intensas,Registro,100000.0,90000.0,190000.0,0,0,0,0
SC-F-4202800-12300-20250410,4202800,Braço Do Norte,SC,10/04/2025,12300,Alagamentos,Registro,111000.0,12000.0,123000.0,0,10,0,10
SC-F-4203956-12300-20250410,4203956,Capivari De Baixo,SC,10/04/2025,12300,Alagamentos,Registro,0.0,5000.0,5000.0,0,0,0,0
SC-F-4207205-13214-20250410,4207205,Imaruí,SC,10/04/2025,13214,Chuvas Intensas,Reconhecido,755640.16,768402.16,1524042.32,0,0,0,0
SC-F-4207304-13214-20250410,4207304,Imbituba,SC,10/04/2025,13214,Chuvas Intensas,Reconhecido,939997.29,0.0,939997.29,0,20,0,20
SC-F-4208708-13214-20250410,4208708,Jacinto Machado,SC,10/04/2025,13214,Chuvas Intensas,Registro,800000.0,0.0,800000.0,0,0,0,0
SC-F-4208807-12300-20250410,4208807,Jaguaruna,SC,10/04/2025,12300,Alagamentos,Registro,0.0,0.0,0.0,0,10,0,10
SC-F-4209409-12300-20250410,4209409,Laguna,SC,10/04/2025,12300,Alagamentos,Registro,0.0,0.0,0.0,0,0,0,0
SC-F-4210803-13214-20250410,4210803,Meleiro,SC,10/04/2025,13214,Chuvas Intensas,Registro,600000.0,0.0,600000.0,0,0,0,0
SC-F-4212650-13214-20250410,4212650,Pescaria Brava,SC,10/04/2025,13214,Chuvas Intensas,Registro,880000.0,0.0,880000.0,0,0,0,0
SC-F-4215653-13214-20250410,4215653,Santa Rosa Do Sul,SC,10/04/2025,13214,Chuvas Intensas,Registro,400000.0,0.0,400000.0,0,0,0,0
SC-F-4217709-13214-20250410,4217709,Sombrio,SC,10/04/2025,13214,Chuvas Intensas,Registro,400000.0,0.0,400000.0,0,0,0,0
RS-F-4312500-13214-20250411,4312500,Mostardas,RS,11/04/2025,13214,Chuvas Intensas,Reconhecido,2760539.09,2760539.09,5521078.18,0,0,0,0
SC-F-4212304-11321-20250411,4212304,Paulo Lopes,SC,11/04/2025,11321,Movimento de Massa,Registro,10000.0,0.0,10000.0,0,0,0,0
RS-F-4311007-13214-20250412,4311007,Jaguarão,RS,12/04/2025,13214,Chuvas Intensas,Registro,0.0,0.0,0.0,0,7,0,7
SC-F-4203808-13214-20250413,4203808,Canoinhas,SC,13/04/2025,13214,Chuvas Intensas,Registro,0.0,0.0,0.0,0,0,0,0
SC-F-4215802-13214-20250413,4215802,São Bento Do Sul,SC,13/04/2025,13214,Chuvas Intensas,Registro,4000000.0,100000.0,4100000.0,0,0,0,0
SC-F-4219150-11312-20250416,4219150,Vargem,SC,16/04/2025,11312,Movimento de Massa,Registro,100000.0,0.0,100000.0,0,0,4,4
SC-F-4206504-13214-20250419,4206504,Guaramirim,SC,19/04/2025,13214,Chuvas Intensas,Registro,400000.0,10000.0,410000.0,0,0,0,0
SC-F-4206207-13214-20250507,4206207,Gravatal,SC,07/05/2025,13214,Chuvas Intensas,Registro,0.0,0.0,0.0,2,0,0,4
RS-F-4306700-12200-20250508,4306700,Dona Francisca,RS,08/05/2025,12200,Enxurradas,Reconhecido,65410.0,38490.0,103900.0,0,4,3,7
RS-F-4314027-13214-20250508,4314027,Paraíso Do Sul,RS,08/05/2025,13214,Chuvas Intensas,Reconhecido,600000.0,600000.0,1200000.0,0,0,0,0
RS-F-4317400-13214-20250508,4317400,Santiago,RS,08/05/2025,13214,Chuvas Intensas,Reconhecido,657653.29,657653.29,1315306.58,0,6,0,6
RS-F-4300109-12200-20250509,4300109,Agudo,RS,09/05/2025,12200,Enxurradas,Registro,0.0,0.0,0.0,0,0,0,0
SC-F-4202156-12200-20250509,4202156,Belmonte,SC,09/05/2025,12200,Enxurradas,Registro,0.0,0.0,0.0,0,0,0,0
SC-F-4202438-13214-20250509,4202438,Bocaina Do Sul,SC,09/05/2025,13214,Chuvas Intensas,Registro,0.0,0.0,0.0,0,0,0,0
RS-F-4303004-13214-20250509,4303004,Cachoeira Do Sul,RS,09/05/2025,13214,Chuvas Intensas,Reconhecido,330154.0,330154.0,660308.0,0,0,0,0
SC-F-4203501-13214-20250509,4203501,Campo Erê,SC,09/05/2025,13214,Chuvas Intensas,Registro,450.0,450.0,900.0,0,0,0,0
RS-F-4308003-13214-20250509,4308003,Faxinal Do Soturno,RS,09/05/2025,13214,Chuvas Intensas,Reconhecido,5760000.0,5760000.0,11520000.0,0,0,0,0
RS-F-4310538-13214-20250509,4310538,Itaara,RS,09/05/2025,13214,Chuvas Intensas,Registro,32000.0,24000.0,56000.0,0,0,0,0
RS-F-4311106-13214-20250509,4311106,Jaguari,RS,09/05/2025,13214,Chuvas Intensas,Reconhecido,500000.0,500000.0,1000000.0,0,0,10,10
SC-F-4209409-13214-20250509,4209409,Laguna,SC,09/05/2025,13214,Chuvas Intensas,Registro,0.0,0.0,0.0,0,0,0,0
RS-F-4313037-13214-20250509,4313037,Nova Esperança Do Sul,RS,09/05/2025,13214,Chuvas Intensas,Reconhecido,350000.0,350000.0,700000.0,0,0,0,0
RS-F-4313391-13214-20250509,4313391,Novo Cabrais,RS,09/05/2025,13214,Chuvas Intensas,Reconhecido,652500.0,652500.0,1305000.0,0,0,0,0
RS-F-4315321-13214-20250509,4315321,Quevedos,RS,09/05/2025,13214,Chuvas Intensas,Reconhecido,437638.16,437638.16,875276.32,0,0,0,0
RS-F-4316907-13214-20250509,4316907,Santa Maria,RS,09/05/2025,13214,Chuvas Intensas,Reconhecido,16351866.06,125727.0,16477593.06,0,644,0,644
RS-F-4318101-13214-20250509,4318101,São Francisco De Assis,RS,09/05/2025,13214,Chuvas Intensas,Reconhecido,48485.8,48485.8,96971.6,0,0,0,0
RS-F-4321493-13214-20250509,4321493,Toropi,RS,09/05/2025,13214,Chuvas Intensas,Reconhecido,166400.0,166400.0,332800.0,0,0,0,0
RS-F-4312104-13214-20250510,4312104,Mata,RS,10/05/2025,13214,Chuvas Intensas,Reconhecido,694409.82,694409.82,1388819.64,0,16,0,16
SC-F-4206751-12100-20250515,4206751,Ibiam,SC,15/05/2025,12100,Inundações,Registro,2050000.0,135000.0,2185000.0,0,20,100,120
RS-F-4301909-13214-20250517,4301909,Barra Do Ribeiro,RS,17/05/2025,13214,Chuvas Intensas,Registro,0.0,0.0,0.0,0,482,29,511
SC-F-4200754-12300-20250518,4200754,Alto Bela Vista,SC,18/05/2025,12300,Alagamentos,Registro,130000.0,11000.0,141000.0,0,1,11,12
RS-F-4307500-13214-20250518,4307500,Espumoso,RS,18/05/2025,13214,Chuvas Intensas,Registro,0.0,0.0,0.0,0,17,36,53
SC-F-4213906-12300-20250518,4213906,Presidente Castello Branco,SC,18/05/2025,12300,Alagamentos,Registro,0.0,0.0,0.0,0,61,0,63
SC-F-4217253-13214-20250518,4217253,São Pedro De Alcântara,SC,18/05/2025,13214,Chuvas Intensas,Registro,135000.0,35350.0,170350.0,0,14,0,14
SC-F-4214409-13214-20250521,4214409,Rio Das Antas,SC,21/05/2025,13214,Chuvas Intensas,Registro,180000.0,180000.0,360000.0,0,0,0,0
SC-F-4218251-13214-20250521,4218251,Timbó Grande,SC,21/05/2025,13214,Chuvas Intensas,Registro,150000.0,150000.0,300000.0,0,0,0,0
SC-F-4213609-13214-20250522,4213609,Porto União,SC,22/05/2025,13214,Chuvas Intensas,Registro,250000.0,0.0,250000.0,0,0,0,0
SC-F-4215687-13214-20250522,4215687,Santa Terezinha Do Progresso,SC,22/05/2025,13214,Chuvas Intensas,Registro,0.0,0.0,0.0,0,0,0,0
SC-F-4217204-13214-20250522,4217204,São Miguel Do Oeste,SC,22/05/2025,13214,Chuvas Intensas,Registro,3313640.0,2570000.0,5883640.0,0,8,0,8
RS-F-4311130-13214-20250524,4311130,Jari,RS,24/05/2025,13214,Chuvas Intensas,Reconhecido,899000.0,899000.0,1798000.0,0,0,0,0
RS-F-4319802-13214-20250526,4319802,São Vicente Do Sul,RS,26/05/2025,13214,Chuvas Intensas,Registro,400000.0,0.0,400000.0,0,0,0,0
SC-F-4203501-13214-20250527,4203501,Campo Erê,SC,27/05/2025,13214,Chuvas Intensas,Registro,250.0,250.0,500.0,0,0,0,0
RS-F-4311718-13214-20250527,4311718,Maçambará,RS,27/05/2025,13214,Chuvas Intensas,Reconhecido,1500000.0,1500000.0,3000000.0,0,0,0,0
RS-F-4300406-13214-20250528,4300406,Alegrete,RS,28/05/2025,13214,Chuvas Intensas,Reconhecido,2875000.0,1000000.0,3875000.0,0,654,199,853
RS-F-4304655-13214-20250528,4304655,Capão Do Cipó,RS,28/05/2025,13214,Chuvas Intensas,Registro,680000.0,280985.0,960985.0,0,0,0,0
SC-F-4205308-13214-20250528,4205308,Faxinal Dos Guedes,SC,28/05/2025,13214,Chuvas Intensas,Registro,750.75,0.0,750.75,0,0,0,0
RS-F-4310603-13214-20250528,4310603,Itaqui,RS,28/05/2025,13214,Chuvas Intensas,Reconhecido,452228.0,452228.0,904456.0,0,0,0,0
RS-F-4315305-13214-20250528,4315305,Quaraí,RS,28/05/2025,13214,Chuvas Intensas,Reconhecido,1900000.0,1900000.0,3800000.0,0,5,8,13
RS-F-4318002-13214-20250528,4318002,São Borja,RS,28/05/2025,13214,Chuvas Intensas,Reconhecido,903340.96,740840.96,1644181.92,0,0,0,0
SC-F-4216503-13214-20250528,4216503,São Joaquim,SC,28/05/2025,13214,Chuvas Intensas,Registro,5000000.0,5000000.0,10000000.0,0,0,0,0
RS-F-4322400-13214-20250528,4322400,Uruguaiana,RS,28/05/2025,13214,Chuvas Intensas,Registro,4800000.0,4800000.0,9600000.0,0,0,0,0
RS-F-4312500-13214-20250529,4312500,Mostardas,RS,29/05/2025,13214,Chuvas Intensas,Reconhecido,6018142.27,2988747.09,9006889.36,0,240,30,270
SC-F-4202438-13214-20250604,4202438,Bocaina Do Sul,SC,04/06/2025,13214,Chuvas Intensas,Registro,0.0,0.0,0.0,0,0,0,0
SC-F-4209300-13214-20250604,4209300,Lages,SC,04/06/2025,13214,Chuvas Intensas,Registro,2000000.0,0.0,2000000.0,0,0,0,0
SC-F-4210100-13214-20250604,4210100,Mafra,SC,04/06/2025,13214,Chuvas Intensas,Registro,0.0,0.0,0.0,0,0,0,0
SC-F-4215059-13214-20250604,4215059,Rio Rufino,SC,04/06/2025,13214,Chuvas Intensas,Registro,500000.0,0.0,500000.0,0,0,0,0
SC-F-4203501-13214-20250605,4203501,Campo Erê,SC,05/06/2025,13214,Chuvas Intensas,Registro,450000.0,450000.0,900000.0,0,0,0,0
SC-F-4204202-13214-20250605,4204202,Chapecó,SC,05/06/2025,13214,Chuvas Intensas,Registro,0.0,0.0,0.0,0,0,0,0
SC-F-4205175-13214-20250605,4205175,Entre Rios,SC,05/06/2025,13214,Chuvas Intensas,Registro,30192.0,0.0,30192.0,0,0,0,0
SC-F-4209177-13214-20250605,4209177,Jupiá,SC,05/06/2025,13214,Chuvas Intensas,Registro,50000.0,0.0,50000.0,0,0,0,0
SC-F-4215752-13214-20250605,4215752,São Bernardino,SC,05/06/2025,13214,Chuvas Intensas,Registro,116254.0,0.0,116254.0,0,0,0,0
SC-F-4219507-13214-20250605,4219507,Xanxerê,SC,05/06/2025,13214,Chuvas Intensas,Registro,0.0,0.0,0.0,0,0,0,0
SC-F-4218301-13214-20250607,4218301,Três Barras,SC,07/06/2025,13214,Chuvas Intensas,Registro,0.0,95000.0,95000.0,0,0,0,0
SC-F-4210308-13214-20250608,4210308,Major Vieira,SC,08/06/2025,13214,Chuvas Intensas,Registro,0.0,0.0,0.0,0,0,0,0
RS-F-4313375-11321-20250609,4313375,Nova Santa Rita,RS,09/06/2025,11321,Movimento de Massa,Registro,0.0,0.0,0.0,0,35,24,59
RS-F-4302501-13214-20250614,4302501,Bossoroca,RS,14/06/2025,13214,Chuvas Intensas,Registro,285933.09,1480000.0,1765933.09,0,13,0,13
RS-F-4310306-13214-20250614,4310306,Ilópolis,RS,14/06/2025,13214,Chuvas Intensas,Registro,139752.87,60000.0,199752.87,0,0,0,0
RS-F-4319604-13214-20250614,4319604,São Sepé,RS,14/06/2025,13214,Chuvas Intensas,Reconhecido,3884000.0,3617000.0,7501000.0,0,19,11,30
SC-F-4219150-13214-20250614,4219150,Vargem,SC,14/06/2025,13214,Chuvas Intensas,Registro,128710.69,0.0,128710.69,0,0,0,0
SC-F-4210100-13214-20250615,4210100,Mafra,SC,15/06/2025,13214,Chuvas Intensas,Registro,0.0,0.0,0.0,0,0,0,0
SC-F-4215901-12200-20250615,4215901,São Bonifácio,SC,15/06/2025,12200,Enxurradas,Registro,360000.0,0.0,360000.0,0,0,0,0
RS-F-4303004-13214-20250616,4303004,Cachoeira Do Sul,RS,16/06/2025,13214,Chuvas Intensas,Reconhecido,1773619.55,1773619.55,3547239.1,0,464,177,641
RS-F-4309753-13214-20250616,4309753,Ibarama,RS,16/06/2025,13214,Chuvas Intensas,Reconhecido,182066.4,182066.4,364132.8,0,0,0,0
RS-F-4310538-13214-20250616,4310538,Itaara,RS,16/06/2025,13214,Chuvas Intensas,Reconhecido,280000.01,280000.0,560000.01,0,6,0,6
RS-F-4310751-13214-20250616,4310751,Ivorá,RS,16/06/2025,13214,Chuvas Intensas,Reconhecido,0.0,85349.0,85349.0,0,10,0,10
RS-F-4312104-13214-20250616,4312104,Mata,RS,16/06/2025,13214,Chuvas Intensas,Registro,0.0,0.0,0.0,0,50,15,65
RS-F-4314068-13214-20250616,4314068,Passa Sete,RS,16/06/2025,13214,Chuvas Intensas,Reconhecido,180000.0,180000.0,360000.0,0,0,0,0
RS-F-4315206-13214-20250616,4315206,Putinga,RS,16/06/2025,13214,Chuvas Intensas,Reconhecido,2658000.0,2693000.0,5351000.0,0,0,0,0
RS-F-4315453-13214-20250616,4315453,Relvado,RS,16/06/2025,13214,Chuvas Intensas,Reconhecido,902000.0,902000.0,1804000.0,0,0,0,0
RS-F-4315503-13214-20250616,4315503,Restinga Seca,RS,16/06/2025,13214,Chuvas Intensas,Reconhecido,295574.96,632474.52,928049.48,0,140,43,183
RS-F-4315701-12300-20250616,4315701,Rio Pardo,RS,16/06/2025,12300,Alagamentos,Reconhecido,2125000.0,25000.0,2150000.0,0,185,98,283
RS-F-4316907-13214-20250616,4316907,Santa Maria,RS,16/06/2025,13214,Chuvas Intensas,Reconhecido,61182791.74,306945.46,61489737.2,0,792,29,821
RS-F-4318432-13214-20250616,4318432,São João Do Polêsine,RS,16/06/2025,13214,Chuvas Intensas,Reconhecido,860000.0,1000.0,861000.0,0,0,0,0
RS-F-4319901-12100-20250616,4319901,Sapiranga,RS,16/06/2025,12100,Inundações,Registro,0.0,0.0,0.0,0,0,17,17
RS-F-4323457-13214-20250616,4323457,Vila Nova Do Sul,RS,16/06/2025,13214,Chuvas Intensas,Reconhecido,1272918.45,1272918.45,2545836.9,0,0,0,0
RS-F-4300406-12300-20250617,4300406,Alegrete,RS,17/06/2025,12300,Alagamentos,Registro,0.0,0.0,0.0,0,145,7,152
RS-F-4300570-13214-20250617,4300570,Alto Feliz,RS,17/06/2025,13214,Chuvas Intensas,Reconhecido,100000.0,100000.0,200000.0,0,0,0,0
RS-F-4300638-13214-20250617,4300638,Amaral Ferrador,RS,17/06/2025,13214,Chuvas Intensas,Reconhecido,850000.0,850000.0,1700000.0,0,0,0,0
RS-F-4301909-13214-20250617,4301909,Barra Do Ribeiro,RS,17/06/2025,13214,Chuvas Intensas,Reconhecido,141000.0,141000.0,282000.0,0,482,27,509
RS-F-4303103-13214-20250617,4303103,Cachoeirinha,RS,17/06/2025,13214,Chuvas Intensas,Registro,0.0,0.0,0.0,0,60,10,70
RS-F-4304101-13214-20250617,4304101,Campos Borges,RS,17/06/2025,13214,Chuvas Intensas,Reconhecido,707000.0,707000.0,1414000.0,0,0,0,0
RS-F-4304606-13214-20250617,4304606,Canoas,RS,17/06/2025,13214,Chuvas Intensas,Reconhecido,0.0,3597507.78,3597507.78,0,680,260,940
RS-F-4305132-13214-20250617,4305132,Cerro Branco,RS,17/06/2025,13214,Chuvas Intensas,Reconhecido,1690336.0,1690336.0,3380672.0,0,110,52,162
RS-F-4307708-13214-20250617,4307708,Esteio,RS,17/06/2025,13214,Chuvas Intensas,Reconhecido,0.0,1641553.4,1641553.4,0,1600,140,1740
RS-F-4307815-13214-20250617,4307815,Estrela Velha,RS,17/06/2025,13214,Chuvas Intensas,Reconhecido,360000.0,360000.0,720000.0,0,0,0,0
RS-F-4308003-13214-20250617,4308003,Faxinal Do Soturno,RS,17/06/2025,13214,Chuvas Intensas,Reconhecido,9191000.0,9191000.0,18382000.0,0,48,6,54
RS-F-4308805-13214-20250617,4308805,General Câmara,RS,17/06/2025,13214,Chuvas Intensas,Reconhecido,1780000.0,1780000.0,3560000.0,0,40,0,40
RS-F-4310363-13214-20250617,4310363,Imigrante,RS,17/06/2025,13214,Chuvas Intensas,Reconhecido,1670000.0,1670000.0,3340000.0,0,0,0,0
RS-F-4310876-13214-20250617,4310876,Jacuizinho,RS,17/06/2025,13214,Chuvas Intensas,Reconhecido,2296800.0,2296800.0,4593600.0,0,0,0,0
RS-F-4311106-13214-20250617,4311106,Jaguari,RS,17/06/2025,13214,Chuvas Intensas,Reconhecido,12315000.0,100000.0,12415000.0,0,900,300,1200
RS-F-4311205-12200-20250617,4311205,Júlio De Castilhos,RS,17/06/2025,12200,Enxurradas,Reconhecido,1000000.0,240585.0,1240585.0,0,10,0,10
RS-F-4311239-13214-20250617,4311239,Lagoa Bonita Do Sul,RS,17/06/2025,13214,Chuvas Intensas,Reconhecido,1780000.0,1780000.0,3560000.0,0,0,0,0
RS-F-4312609-13214-20250617,4312609,Muçum,RS,17/06/2025,13214,Chuvas Intensas,Reconhecido,205000.0,205000.0,410000.0,0,0,0,0
RS-F-4313375-13214-20250617,4313375,Nova Santa Rita,RS,17/06/2025,13214,Chuvas Intensas,Reconhecido,4424000.0,3400000.0,7824000.0,0,1200,80,1280
RS-F-4314027-13214-20250617,4314027,Paraíso Do Sul,RS,17/06/2025,13214,Chuvas Intensas,Reconhecido,120000.0,120000.0,240000.0,0,480,64,544
RS-F-4314076-12200-20250617,4314076,Passo Do Sobrado,RS,17/06/2025,12200,Enxurradas,Reconhecido,690000.0,690000.0,1380000.0,0,0,18,18
RS-F-4314506-13214-20250617,4314506,Pinheiro Machado,RS,17/06/2025,13214,Chuvas Intensas,Reconhecido,350000.0,350000.0,700000.0,0,0,0,0
RS-F-4316808-12300-20250617,4316808,Santa Cruz Do Sul,RS,17/06/2025,12300,Alagamentos,Reconhecido,874707.69,874707.69,1749415.38,0,0,171,171
RS-F-4318101-13214-20250617,4318101,São Francisco De Assis,RS,17/06/2025,13214,Chuvas Intensas,Reconhecido,12630393.81,12427428.0,25057821.810000002,0,33,5,38
RS-F-4318408-13214-20250617,4318408,São Jerônimo,RS,17/06/2025,13214,Chuvas Intensas,Reconhecido,6782500.0,3374140.0,10156640.0,0,800,130,930
RS-F-4318465-13214-20250617,4318465,São José Do Herval,RS,17/06/2025,13214,Chuvas Intensas,Reconhecido,125720.0,183522.46,309242.45999999996,0,9,0,9
RS-F-4319802-13214-20250617,4319802,São Vicente Do Sul,RS,17/06/2025,13214,Chuvas Intensas,Reconhecido,3287500.0,3137500.0,6425000.0,0,80,0,80
RS-F-4320008-13214-20250617,4320008,Sapucaia Do Sul,RS,17/06/2025,13214,Chuvas Intensas,Reconhecido,0.0,193000.0,193000.0,1,100,30,132
RS-F-4320263-13214-20250617,4320263,Segredo,RS,17/06/2025,13214,Chuvas Intensas,Reconhecido,1470000.0,1470000.0,2940000.0,0,4,0,4
RS-F-4320453-12200-20250617,4320453,Sério,RS,17/06/2025,12200,Enxurradas,Registro,9000.0,0.0,9000.0,0,0,0,0
RS-F-4320651-13214-20250617,4320651,Silveira Martins,RS,17/06/2025,13214,Chuvas Intensas,Reconhecido,110000.0,110000.0,220000.0,0,20,0,20
RS-F-4320701-12200-20250617,4320701,Sobradinho,RS,17/06/2025,12200,Enxurradas,Reconhecido,1740600.0,1740600.0,3481200.0,0,0,15,15
RS-F-4321105-13214-20250617,4321105,Tapes,RS,17/06/2025,13214,Chuvas Intensas,Registro,0.0,0.0,0.0,0,4,0,4
RS-F-4322202-13214-20250617,4322202,Tupanciretã,RS,17/06/2025,13214,Chuvas Intensas,Reconhecido,1100000.0,587120.0,1687120.0,0,45,0,45
RS-F-4322525-12100-20250617,4322525,Vale Verde,RS,17/06/2025,12100,Inundações,Reconhecido,3000000.0,1044933.47,4044933.4699999997,0,40,0,40
RS-F-4322608-13214-20250617,4322608,Venâncio Aires,RS,17/06/2025,13214,Chuvas Intensas,Registro,0.0,50000.0,50000.0,0,0,0,0
RS-F-4322806-13214-20250617,4322806,Veranópolis,RS,17/06/2025,13214,Chuvas Intensas,Reconhecido,440000.0,325000.0,765000.0,0,27,13,40
RS-F-4300109-13214-20250618,4300109,Agudo,RS,18/06/2025,13214,Chuvas Intensas,Reconhecido,852000.01,852000.0,1704000.01,0,100,0,100
RS-F-4300406-13214-20250618,4300406,Alegrete,RS,18/06/2025,13214,Chuvas Intensas,Registro,7875000.0,6000000.0,13875000.0,0,1228,176,1404
RS-F-4301206-13214-20250618,4301206,Arroio Do Tigre,RS,18/06/2025,13214,Chuvas Intensas,Reconhecido,7950000.0,7950000.0,15900000.0,0,17,0,17
RS-F-4301107-13214-20250618,4301107,Arroio Dos Ratos,RS,18/06/2025,13214,Chuvas Intensas,Reconhecido,34039.54,94039.54,128079.07999999999,0,400,6,406
RS-F-4301651-13214-20250618,4301651,Barão,RS,18/06/2025,13214,Chuvas Intensas,Reconhecido,308676.98,308676.98,617353.96,0,10,0,10
RS-F-4301750-13214-20250618,4301750,Barão Do Triunfo,RS,18/06/2025,13214,Chuvas Intensas,Reconhecido,663141.8,663141.8,1326283.6,0,0,0,0
RS-F-4302105-13214-20250618,4302105,Bento Gonçalves,RS,18/06/2025,13214,Chuvas Intensas,Reconhecido,2160000.0,2160000.0,4320000.0,0,68,8,76
RS-F-4302402-13214-20250618,4302402,Bom Retiro Do Sul,RS,18/06/2025,13214,Chuvas Intensas,Reconhecido,214746.2,94746.2,309492.4,0,42,0,42
RS-F-4302808-13214-20250618,4302808,Caçapava Do Sul,RS,18/06/2025,13214,Chuvas Intensas,Reconhecido,6527720.0,6414640.0,12942360.0,0,0,0,0
RS-F-4304200-13214-20250618,4304200,Candelária,RS,18/06/2025,13214,Chuvas Intensas,Reconhecido,1308500.0,1308500.0,2617000.0,1,40,0,42
RS-F-4304713-13214-20250618,4304713,Caraá,RS,18/06/2025,13214,Chuvas Intensas,Registro,0.0,0.0,0.0,0,0,0,0
RS-F-4305108-13214-20250618,4305108,Caxias Do Sul,RS,18/06/2025,13214,Chuvas Intensas,Reconhecido,13837424.71,11437424.71,25274849.42,0,11,0,11
RS-F-4305355-13214-20250618,4305355,Charqueadas,RS,18/06/2025,13214,Chuvas Intensas,Reconhecido,600000.0,19492.22,619492.22,0,475,53,528
RS-F-4305959-13214-20250618,4305959,Cotiporã,RS,18/06/2025,13214,Chuvas Intensas,Registro,0.0,0.0,0.0,0,0,0,0
RS-F-4306379-12300-20250618,4306379,Dilermando De Aguiar,RS,18/06/2025,12300,Alagamentos,Reconhecido,268282.25,275282.25,543564.5,0,4,0,4
RS-F-4306700-12100-20250618,4306700,Dona Francisca,RS,18/06/2025,12100,Inundações,Reconhecido,1499385.0,1499385.0,2998770.0,0,22,12,34
RS-F-4306908-13214-20250618,4306908,Encruzilhada Do Sul,RS,18/06/2025,13214,Chuvas Intensas,Reconhecido,2230000.0,1780000.0,4010000.0,0,15,0,15
RS-F-4307500-13214-20250618,4307500,Espumoso,RS,18/06/2025,13214,Chuvas Intensas,Reconhecido,565923.0,565923.0,1131846.0,0,17,36,53
RS-F-4307906-13214-20250618,4307906,Farroupilha,RS,18/06/2025,13214,Chuvas Intensas,Reconhecido,287064.52,1999250.0,2286314.52,0,0,0,0
RS-F-4308409-13214-20250618,4308409,Formigueiro,RS,18/06/2025,13214,Chuvas Intensas,Reconhecido,3000000.0,3034090.0,6034090.0,0,0,0,0
RS-F-4309951-13214-20250618,4309951,Ibirapuitã,RS,18/06/2025,13214,Chuvas Intensas,Reconhecido,1421600.0,1421600.0,2843200.0,0,0,0,0
RS-F-4311403-12100-20250618,4311403,Lajeado,RS,18/06/2025,12100,Inundações,Registro,399000.0,16531.5,415531.5,0,95,261,356
RS-F-4312054-11331-20250618,4312054,Marques De Souza,RS,18/06/2025,11331,Movimento de Massa,Registro,15000000.0,0.0,15000000.0,0,22,8,30
RS-F-4312104-13214-20250618,4312104,Mata,RS,18/06/2025,13214,Chuvas Intensas,Reconhecido,5380000.0,5380000.0,10760000.0,0,40,0,40
RS-F-4312401-13214-20250618,4312401,Montenegro,RS,18/06/2025,13214,Chuvas Intensas,Reconhecido,13324400.0,13324400.0,26648800.0,0,738,155,893
RS-F-4313102-13214-20250618,4313102,Nova Palma,RS,18/06/2025,13214,Chuvas Intensas,Reconhecido,1292000.0,1292000.0,2584000.0,0,15,0,15
RS-F-4313904-12200-20250618,4313904,Panambi,RS,18/06/2025,12200,Enxurradas,Registro,0.0,50000.0,50000.0,0,26,0,26
RS-F-4313953-13214-20250618,4313953,Pantano Grande,RS,18/06/2025,13214,Chuvas Intensas,Reconhecido,250000.0,250000.0,500000.0,0,725,0,725
RS-F-4314050-13214-20250618,4314050,Parobé,RS,18/06/2025,13214,Chuvas Intensas,Reconhecido,855000.0,306529.52,1161529.52,0,300,80,380
RS-F-4314472-13214-20250618,4314472,Pinhal Grande,RS,18/06/2025,13214,Chuvas Intensas,Reconhecido,549580.0,549580.0,1099160.0,0,60,0,60
RS-F-4317251-13214-20250618,4317251,Santa Tereza,RS,18/06/2025,13214,Chuvas Intensas,Reconhecido,2115000.0,20000.0,2135000.0,0,2,0,2
RS-F-4319125-13214-20250618,4319125,São Martinho Da Serra,RS,18/06/2025,13214,Chuvas Intensas,Reconhecido,1158000.0,1158000.0,2316000.0,0,0,15,15
RS-F-4319406-13214-20250618,4319406,São Pedro Do Sul,RS,18/06/2025,13214,Chuvas Intensas,Reconhecido,900000.0,900000.0,1800000.0,0,80,16,96
RS-F-4319505-13214-20250618,4319505,São Sebastião Do Caí,RS,18/06/2025,13214,Chuvas Intensas,Reconhecido,1743975.0,486475.0,2230450.0,0,278,295,573
RS-F-4320677-13214-20250618,4320677,Sinimbu,RS,18/06/2025,13214,Chuvas Intensas,Reconhecido,150000.0,150000.0,300000.0,0,0,0,0
RS-F-4321204-13214-20250618,4321204,Taquara,RS,18/06/2025,13214,Chuvas Intensas,Reconhecido,1670000.0,1670000.0,3340000.0,0,252,88,340
RS-F-4321493-13214-20250618,4321493,Toropi,RS,18/06/2025,13214,Chuvas Intensas,Reconhecido,519000.0,519000.0,1038000.0,0,30,0,30
RS-F-4321709-12200-20250618,4321709,Três Coroas,RS,18/06/2025,12200,Enxurradas,Registro,0.0,0.0,0.0,0,68,0,68
RS-F-4322004-13214-20250618,4322004,Triunfo,RS,18/06/2025,13214,Chuvas Intensas,Reconhecido,33816.0,0.0,33816.0,0,700,58,760
RS-F-4322855-12200-20250618,4322855,Vespasiano Correa,RS,18/06/2025,12200,Enxurradas,Reconhecido,250000.0,250000.0,500000.0,0,10,0,10
RS-F-4300851-13214-20250619,4300851,Arambaré,RS,19/06/2025,13214,Chuvas Intensas,Reconhecido,1329763.7,119.9,1329883.5999999999,0,1,5,6
RS-F-4301404-13214-20250619,4301404,Arvorezinha,RS,19/06/2025,13214,Chuvas Intensas,Reconhecido,790000.0,790000.0,1580000.0,0,0,0,0
RS-F-4301602-13214-20250619,4301602,Bagé,RS,19/06/2025,13214,Chuvas Intensas,Reconhecido,3723495.64,3723495.64,7446991.28,0,0,0,0
RS-F-4302451-12200-20250619,4302451,Boqueirão Do Leão,RS,19/06/2025,12200,Enxurradas,Reconhecido,298720.0,313220.0,611940.0,0,12,0,12
RS-F-4302907-13214-20250619,4302907,Cacequi,RS,19/06/2025,13214,Chuvas Intensas,Reconhecido,2079500.0,2079500.0,4159000.0,0,435,73,508
SC-F-4203402-13214-20250619,4203402,Campo Belo Do Sul,SC,19/06/2025,13214,Chuvas Intensas,Registro,0.0,0.0,0.0,0,0,0,0
RS-F-4306056-13214-20250619,4306056,Cristal,RS,19/06/2025,13214,Chuvas Intensas,Reconhecido,100000.0,100000.0,200000.0,0,256,0,256
RS-F-4306205-13214-20250619,4306205,Cruzeiro Do Sul,RS,19/06/2025,13214,Chuvas Intensas,Reconhecido,2818000.0,3330000.0,6148000.0,0,40,93,133
RS-F-4306502-13214-20250619,4306502,Dom Feliciano,RS,19/06/2025,13214,Chuvas Intensas,Reconhecido,2500000.0,2500000.0,5000000.0,0,12,0,12
RS-F-4306932-12200-20250619,4306932,Entre-Ijuís,RS,19/06/2025,12200,Enxurradas,Registro,0.0,0.0,0.0,0,3,0,3
SC-F-4207700-13214-20250619,4207700,Ipumirim,SC,19/06/2025,13214,Chuvas Intensas,Registro,300000.0,300000.0,600000.0,0,0,0,0
RS-F-4311155-13214-20250619,4311155,Jóia,RS,19/06/2025,13214,Chuvas Intensas,Reconhecido,269964.0,269964.0,539928.0,0,0,0,0
RS-F-4311601-13214-20250619,4311601,Liberato Salzano,RS,19/06/2025,13214,Chuvas Intensas,Reconhecido,432980.0,139530.0,572510.0,0,0,0,0
RS-F-4313359-12200-20250619,4313359,Nova Roma Do Sul,RS,19/06/2025,12200,Enxurradas,Registro,12565.0,0.0,12565.0,0,4,0,4
RS-F-4314035-13214-20250619,4314035,Pareci Novo,RS,19/06/2025,13214,Chuvas Intensas,Reconhecido,520000.0,70000.0,590000.0,0,125,55,180
SC-F-4214151-12200-20250619,4214151,Princesa,SC,19/06/2025,12200,Enxurradas,Registro,300000.0,30000.0,330000.0,0,0,0,0
RS-F-4315800-12200-20250619,4315800,Roca Sales,RS,19/06/2025,12200,Enxurradas,Registro,0.0,0.0,0.0,0,0,0,0
RS-F-4316402-13214-20250619,4316402,Rosário Do Sul,RS,19/06/2025,13214,Chuvas Intensas,Reconhecido,801065.95,797714.33,1598780.2799999998,0,200,0,200
RS-F-4317707-13214-20250619,4317707,Santo Antônio Das Missões,RS,19/06/2025,13214,Chuvas Intensas,Reconhecido,278205.96,210205.96,488411.92000000004,0,14,0,14
SC-F-4216701-12200-20250619,4216701,São José Do Cedro,SC,19/06/2025,12200,Enxurradas,Registro,1000000.0,0.0,1000000.0,0,0,0,0
RS-F-4319158-13214-20250619,4319158,São Miguel Das Missões,RS,19/06/2025,13214,Chuvas Intensas,Registro,0.0,0.0,0.0,0,0,0,0
RS-F-4321956-13214-20250619,4321956,Trindade Do Sul,RS,19/06/2025,13214,Chuvas Intensas,Reconhecido,675250.0,12200.0,687450.0,0,0,0,0
SC-F-4218905-13214-20250619,4218905,Urubici,SC,19/06/2025,13214,Chuvas Intensas,Registro,0.0,0.0,0.0,0,0,0,0
RS-F-4300877-13214-20250620,4300877,Araricá,RS,20/06/2025,13214,Chuvas Intensas,Registro,0.0,0.0,0.0,0,0,0,0
RS-F-4302006-13214-20250620,4302006,Barros Cassal,RS,20/06/2025,13214,Chuvas Intensas,Reconhecido,8665198.18,8665198.18,17330396.36,0,0,0,0
SC-F-4203402-13214-20250620,4203402,Campo Belo Do Sul,SC,20/06/2025,13214,Chuvas Intensas,Registro,0.0,0.0,0.0,0,0,0,0
RS-F-4304655-13214-20250620,4304655,Capão Do Cipó,RS,20/06/2025,13214,Chuvas Intensas,Reconhecido,5860000.0,5860000.0,11720000.0,0,0,0,0
SC-F-4204202-13214-20250620,4204202,Chapecó,SC,20/06/2025,13214,Chuvas Intensas,Registro,0.0,0.0,0.0,0,0,0,0
RS-F-4306353-13214-20250620,4306353,Dezesseis De Novembro,RS,20/06/2025,13214,Chuvas Intensas,Reconhecido,298600.0,0.0,298600.0,0,0,0,0
RS-F-4306767-13214-20250620,4306767,Eldorado Do Sul,RS,20/06/2025,13214,Chuvas Intensas,Reconhecido,0.0,0.0,0.0,0,5361,318,5745
RS-F-4310553-13214-20250620,4310553,Itacurubi,RS,20/06/2025,13214,Chuvas Intensas,Reconhecido,300000.0,300000.0,600000.0,0,0,0,0
RS-F-4310603-12100-20250620,4310603,Itaqui,RS,20/06/2025,12100,Inundações,Reconhecido,0.0,20000.0,20000.0,0,252,48,300
RS-F-4311759-13214-20250620,4311759,Manoel Viana,RS,20/06/2025,13214,Chuvas Intensas,Reconhecido,12148090.0,12148090.0,24296180.0,0,275,4,279
SC-F-4212205-13214-20250620,4212205,Papanduva,SC,20/06/2025,13214,Chuvas Intensas,Registro,600000.0,0.0,600000.0,0,0,0,0
RS-F-4315321-13214-20250620,4315321,Quevedos,RS,20/06/2025,13214,Chuvas Intensas,Reconhecido,380000.0,380000.0,760000.0,0,0,0,0
RS-F-4316972-13214-20250620,4316972,Santa Margarida Do Sul,RS,20/06/2025,13214,Chuvas Intensas,Reconhecido,1709220.0,1709220.0,3418440.0,0,0,0,0
RS-F-4317400-13214-20250620,4317400,Santiago,RS,20/06/2025,13214,Chuvas Intensas,Reconhecido,9626461.3,9626461.3,19252922.6,0,5,0,5
RS-F-4318804-12100-20250620,4318804,São Lourenço Do Sul,RS,20/06/2025,12100,Inundações,Reconhecido,100000.0,100000.0,200000.0,0,0,7,7
RS-F-4321303-13214-20250620,4321303,Taquari,RS,20/06/2025,13214,Chuvas Intensas,Reconhecido,2382405.7,2515405.7,4897811.4,0,13,23,36
RS-F-4322152-13214-20250620,4322152,Tunas,RS,20/06/2025,13214,Chuvas Intensas,Reconhecido,1696734.2,1696734.2,3393468.4,0,0,0,0
RS-F-4322376-13214-20250620,4322376,Unistalda,RS,20/06/2025,13214,Chuvas Intensas,Reconhecido,2149000.0,2149000.0,4298000.0,0,2,0,2
RS-F-4322400-12100-20250620,4322400,Uruguaiana,RS,20/06/2025,12100,Inundações,Reconhecido,1644700.0,1150000.0,2794700.0,0,480,270,750
RS-F-4322707-13214-20250620,4322707,Vera Cruz,RS,20/06/2025,13214,Chuvas Intensas,Reconhecido,4977686.92,2977686.92,7955373.84,1,50,22,73
SC-F-4219606-13214-20250620,4219606,Xavantina,SC,20/06/2025,13214,Chuvas Intensas,Registro,15000.0,150000.0,165000.0,0,0,0,0
SC-F-4201653-13214-20250622,4201653,Arvoredo,SC,22/06/2025,13214,Chuvas Intensas,Registro,0.0,135000.0,135000.0,0,0,0,0
RS-F-4301701-13214-20250622,4301701,Barão De Cotegipe,RS,22/06/2025,13214,Chuvas Intensas,Registro,324000.0,324000.0,648000.0,0,0,0,0
SC-F-4202156-12200-20250622,4202156,Belmonte,SC,22/06/2025,12200,Enxurradas,Registro,0.0,0.0,0.0,0,0,0,0
SC-F-4204202-13214-20250622,4204202,Chapecó,SC,22/06/2025,13214,Chuvas Intensas,Registro,0.0,0.0,0.0,0,0,0,0
SC-F-4204400-13214-20250622,4204400,Coronel Freitas,SC,22/06/2025,13214,Chuvas Intensas,Registro,5000.0,0.0,5000.0,0,0,0,0
SC-F-4204905-13214-20250622,4204905,Descanso,SC,22/06/2025,13214,Chuvas Intensas,Registro,112000.0,42525.0,154525.0,0,0,0,0
RS-F-4307005-13214-20250622,4307005,Erechim,RS,22/06/2025,13214,Chuvas Intensas,Registro,45000.0,0.0,45000.0,0,6,0,6
RS-F-4308854-13214-20250622,4308854,Gentil,RS,22/06/2025,13214,Chuvas Intensas,Reconhecido,148000.0,148000.0,296000.0,0,0,0,0
SC-F-4209300-13214-20250622,4209300,Lages,SC,22/06/2025,13214,Chuvas Intensas,Registro,0.0,0.0,0.0,0,0,0,0
SC-F-4210506-12300-20250622,4210506,Maravilha,SC,22/06/2025,12300,Alagamentos,Registro,0.0,0.0,0.0,0,0,0,0
RS-F-4312625-13214-20250622,4312625,Muliterno,RS,22/06/2025,13214,Chuvas Intensas,Reconhecido,135500.0,135500.0,271000.0,0,0,0,0
RS-F-4313706-13214-20250622,4313706,Palmeira Das Missões,RS,22/06/2025,13214,Chuvas Intensas,Reconhecido,1368100.0,1538100.0,2906200.0,0,0,0,0
SC-F-4212106-12200-20250622,4212106,Palmitos,SC,22/06/2025,12200,Enxurradas,Registro,1809000.0,1800000.0,3609000.0,0,0,0,0
SC-F-4213153-12200-20250622,4213153,Planalto Alegre,SC,22/06/2025,12200,Enxurradas,Registro,20000.0,50000.0,70000.0,0,0,0,0
SC-F-4214409-13214-20250622,4214409,Rio Das Antas,SC,22/06/2025,13214,Chuvas Intensas,Registro,500000.0,500000.0,1000000.0,0,0,0,0
SC-F-4215075-12200-20250622,4215075,Riqueza,SC,22/06/2025,12200,Enxurradas,Registro,0.0,0.0,0.0,0,0,0,0
RS-F-4316428-13214-20250622,4316428,Sagrada Família,RS,22/06/2025,13214,Chuvas Intensas,Registro,310000.0,92000.0,402000.0,0,0,0,0
SC-F-4218756-12200-20250622,4218756,Tunápolis,SC,22/06/2025,12200,Enxurradas,Registro,3500.0,0.0,3500.0,0,0,0,0
SC-F-4200705-13214-20250623,4200705,Alfredo Wagner,SC,23/06/2025,13214,Chuvas Intensas,Registro,0.0,0.0,0.0,0,0,0,0
SC-F-4202537-13214-20250623,4202537,Bom Jesus,SC,23/06/2025,13214,Chuvas Intensas,Registro,350000.0,0.0,350000.0,0,0,0,0
SC-F-4202602-13214-20250623,4202602,Bom Retiro,SC,23/06/2025,13214,Chuvas Intensas,Registro,550000.0,0.0,550000.0,0,0,0,0
SC-F-4202701-13214-20250623,4202701,Botuverá,SC,23/06/2025,13214,Chuvas Intensas,Registro,0.0,0.0,0.0,0,0,0,0
SC-F-4202875-13214-20250623,4202875,Brunópolis,SC,23/06/2025,13214,Chuvas Intensas,Registro,0.0,0.0,0.0,0,0,0,0
SC-F-4207403-13214-20250623,4207403,Imbuia,SC,23/06/2025,13214,Chuvas Intensas,Registro,1200000.0,0.0,1200000.0,0,0,0,0
SC-F-4209805-13214-20250623,4209805,Leoberto Leal,SC,23/06/2025,13214,Chuvas Intensas,Registro,15000.0,0.0,15000.0,0,0,0,0
SC-F-4210001-12300-20250623,4210001,Luiz Alves,SC,23/06/2025,12300,Alagamentos,Registro,500000.0,0.0,500000.0,0,0,0,0
SC-F-4213351-13214-20250623,4213351,Ponte Alta Do Norte,SC,23/06/2025,13214,Chuvas Intensas,Registro,0.0,0.0,0.0,0,0,0,0
SC-F-4213401-13214-20250623,4213401,Ponte Serrada,SC,23/06/2025,13214,Chuvas Intensas,Registro,185000.0,0.0,185000.0,0,0,0,0
SC-F-4213609-13214-20250623,4213609,Porto União,SC,23/06/2025,13214,Chuvas Intensas,Registro,612000.0,0.0,612000.0,0,0,0,0
SC-F-4213708-13214-20250623,4213708,Pouso Redondo,SC,23/06/2025,13214,Chuvas Intensas,Registro,0.0,0.0,0.0,0,0,0,0
SC-F-4215679-12200-20250623,4215679,Santa Terezinha,SC,23/06/2025,12200,Enxurradas,Registro,0.0,0.0,0.0,0,0,0,0
RS-F-4307807-13214-20250624,4307807,Estrela,RS,24/06/2025,13214,Chuvas Intensas,Reconhecido,58850.0,58850.0,117700.0,0,125,47,172
RS-F-4314555-13214-20250624,4314555,Pirapó,RS,24/06/2025,13214,Chuvas Intensas,Reconhecido,300000.0,0.0,300000.0,0,0,0,0
RS-F-4319208-12200-20250624,4319208,São Nicolau,RS,24/06/2025,12200,Enxurradas,Reconhecido,1569947.3,0.0,1569947.3,0,4,0,4
RS-F-4305447-12100-20250625,4305447,Chuvisca,RS,25/06/2025,12100,Inundações,Reconhecido,287422.73,317422.73,604845.46,0,0,0,0
RS-F-4300604-12100-20250626,4300604,Alvorada,RS,26/06/2025,12100,Inundações,Registro,3608000.0,31152.0,3639152.0,0,118,12,130
RS-F-4300604-12300-20250626,4300604,Alvorada,RS,26/06/2025,12300,Alagamentos,Registro,0.0,0.0,0.0,0,111,8,119
SC-F-4201505-13214-20250626,4201505,Armazém,SC,26/06/2025,13214,Chuvas Intensas,Registro,600000.0,0.0,600000.0,0,0,0,0
SC-F-4202404-13214-20250626,4202404,Blumenau,SC,26/06/2025,13214,Chuvas Intensas,Registro,170000.0,2000.0,172000.0,0,0,0,0
SC-F-4202701-13214-20250626,4202701,Botuverá,SC,26/06/2025,13214,Chuvas Intensas,Registro,0.0,0.0,0.0,0,0,0,0
SC-F-4203204-12200-20250626,4203204,Camboriú,SC,26/06/2025,12200,Enxurradas,Registro,327844.0,0.0,327844.0,0,0,9,9
SC-F-4204194-13214-20250626,4204194,Chapadão Do Lageado,SC,26/06/2025,13214,Chuvas Intensas,Registro,0.0,250000.0,250000.0,0,0,0,0
SC-F-4205175-13214-20250626,4205175,Entre Rios,SC,26/06/2025,13214,Chuvas Intensas,Registro,30192.0,0.0,30192.0,0,0,0,0
SC-F-4205902-13214-20250626,4205902,Gaspar,SC,26/06/2025,13214,Chuvas Intensas,Registro,540000.0,0.0,540000.0,0,2,0,2
SC-F-4207106-13214-20250626,4207106,Ilhota,SC,26/06/2025,13214,Chuvas Intensas,Registro,0.0,70885.36,70885.36,0,0,0,0
SC-F-4207577-13214-20250626,4207577,Iomerê,SC,26/06/2025,13214,Chuvas Intensas,Registro,1500000.0,1500000.0,3000000.0,0,0,0,0
SC-F-4211504-13214-20250626,4211504,Nova Trento,SC,26/06/2025,13214,Chuvas Intensas,Registro,0.0,0.0,0.0,0,0,0,0
RS-F-4314902-12100-20250626,4314902,Porto Alegre,RS,26/06/2025,12100,Inundações,Reconhecido,0.0,210000.0,210000.0,0,4296,104,4400
SC-F-4213609-13214-20250626,4213609,Porto União,SC,26/06/2025,13214,Chuvas Intensas,Registro,5000750.0,0.0,5000750.0,0,0,0,0
RS-F-4318507-12100-20250626,4318507,São José Do Norte,RS,26/06/2025,12100,Inundações,Registro,0.0,0.0,0.0,0,21,0,21
SC-F-4218202-11321-20250626,4218202,Timbó,SC,26/06/2025,11321,Movimento de Massa,Registro,20000.0,2000.0,22000.0,0,0,0,0
SC-F-4203501-13214-20250627,4203501,Campo Erê,SC,27/06/2025,13214,Chuvas Intensas,Registro,830000.0,830000.0,1660000.0,0,0,0,0
SC-F-4201000-13214-20250628,4201000,Anita Garibaldi,SC,28/06/2025,13214,Chuvas Intensas,Registro,0.0,0.0,0.0,0,0,0,0
RS-F-4302402-13214-20250628,4302402,Bom Retiro Do Sul,RS,28/06/2025,13214,Chuvas Intensas,Registro,0.0,0.0,0.0,0,7,0,7
RS-F-4304614-13214-20250628,4304614,Canudos Do Vale,RS,28/06/2025,13214,Chuvas Intensas,Reconhecido,1558000.0,1558000.0,3116000.0,0,7,0,7
RS-F-4304622-13214-20250628,4304622,Capão Bonito Do Sul,RS,28/06/2025,13214,Chuvas Intensas,Reconhecido,468000.0,468000.0,936000.0,0,7,0,7
SC-F-4204251-13214-20250628,4204251,Cocal Do Sul,SC,28/06/2025,13214,Chuvas Intensas,Registro,0.0,0.0,0.0,0,0,0,0
SC-F-4204301-13214-20250628,4204301,Concórdia,SC,28/06/2025,13214,Chuvas Intensas,Registro,0.0,0.0,0.0,0,0,0,0
RS-F-4307203-13214-20250628,4307203,Erval Grande,RS,28/06/2025,13214,Chuvas Intensas,Registro,50400.0,0.0,50400.0,0,0,0,0
SC-F-4207809-13214-20250628,4207809,Irani,SC,28/06/2025,13214,Chuvas Intensas,Registro,800000.0,800000.0,1600000.0,0,0,0,0
SC-F-4208609-13214-20250628,4208609,Jaborá,SC,28/06/2025,13214,Chuvas Intensas,Registro,50000.0,7140.0,57140.0,0,0,0,0
RS-F-4310850-13214-20250628,4310850,Jaboticaba,RS,28/06/2025,13214,Chuvas Intensas,Registro,15030.0,3000.0,18030.0,0,0,0,0
SC-F-4209300-13214-20250628,4209300,Lages,SC,28/06/2025,13214,Chuvas Intensas,Registro,0.0,0.0,0.0,0,8,3,11
SC-F-4210704-12200-20250628,4210704,Matos Costa,SC,28/06/2025,12200,Enxurradas,Registro,350000.0,0.0,350000.0,0,0,0,0
RS-F-4312203-13214-20250628,4312203,Maximiliano De Almeida,RS,28/06/2025,13214,Chuvas Intensas,Registro,0.0,0.0,0.0,0,0,0,0
SC-F-4212106-13214-20250628,4212106,Palmitos,SC,28/06/2025,13214,Chuvas Intensas,Registro,15120000.0,15170000.0,30290000.0,0,0,0,0
SC-F-4212601-13214-20250628,4212601,Peritiba,SC,28/06/2025,13214,Chuvas Intensas,Registro,0.0,0.0,0.0,0,0,0,0
SC-F-4215802-13214-20250628,4215802,São Bento Do Sul,SC,28/06/2025,13214,Chuvas Intensas,Registro,3000.0,0.0,3000.0,0,0,0,0
SC-F-4216255-12200-20250628,4216255,São João Do Oeste,SC,28/06/2025,12200,Enxurradas,Registro,39000.0,0.0,39000.0,0,0,0,0
RS-F-4319901-12100-20250628,4319901,Sapiranga,RS,28/06/2025,12100,Inundações,Registro,0.0,488.74,488.74,0,0,15,15
SC-F-4218103-12200-20250628,4218103,Timbé Do Sul,SC,28/06/2025,12200,Enxurradas,Registro,500000.0,0.0,500000.0,0,0,0,0
SC-F-4200804-12200-20250629,4200804,Anchieta,SC,29/06/2025,12200,Enxurradas,Registro,2000000.0,10000.0,2010000.0,0,0,0,0
RS-F-4308805-13214-20250629,4308805,General Câmara,RS,29/06/2025,13214,Chuvas Intensas,Registro,345000.0,345000.0,690000.0,0,20,0,20
RS-F-4309803-13214-20250629,4309803,Ibiaçá,RS,29/06/2025,13214,Chuvas Intensas,Reconhecido,989000.0,989000.0,1978000.0,0,0,0,0
SC-F-4207601-13214-20250629,4207601,Ipira,SC,29/06/2025,13214,Chuvas Intensas,Registro,700000.0,200000.0,900000.0,0,0,0,0
RS-F-4310462-13214-20250629,4310462,Ipiranga Do Sul,RS,29/06/2025,13214,Chuvas Intensas,Registro,395600.0,650000.0,1045600.0,0,0,0,0
SC-F-4207650-12200-20250629,4207650,Iporã Do Oeste,SC,29/06/2025,12200,Enxurradas,Registro,0.0,0.0,0.0,0,0,0,0
SC-F-4207700-13214-20250629,4207700,Ipumirim,SC,29/06/2025,13214,Chuvas Intensas,Registro,1000000.0,1005000.0,2005000.0,0,0,0,0
RS-F-4310504-13214-20250629,4310504,Iraí,RS,29/06/2025,13214,Chuvas Intensas,Registro,174179.79,8100.0,182279.79,0,12,0,12
SC-F-4207908-13214-20250629,4207908,Irineópolis,SC,29/06/2025,13214,Chuvas Intensas,Registro,0.0,0.0,0.0,0,1,0,1
RS-F-4311304-13214-20250629,4311304,Lagoa Vermelha,RS,29/06/2025,13214,Chuvas Intensas,Reconhecido,183726.5,183726.5,367453.0,0,0,0,0
RS-F-4311403-12100-20250629,4311403,Lajeado,RS,29/06/2025,12100,Inundações,Registro,0.0,0.0,0.0,0,56,147,203
SC-F-4209854-13214-20250629,4209854,Lindóia Do Sul,SC,29/06/2025,13214,Chuvas Intensas,Registro,20000.0,0.0,20000.0,0,0,0,0
SC-F-4211801-13214-20250629,4211801,Ouro,SC,29/06/2025,13214,Chuvas Intensas,Registro,600000.0,0.0,600000.0,0,0,0,0
RS-F-4315107-13214-20250629,4315107,Porto Xavier,RS,29/06/2025,13214,Chuvas Intensas,Reconhecido,765000.0,300000.0,1065000.0,0,0,4,4
SC-F-4213906-12200-20250629,4213906,Presidente Castello Branco,SC,29/06/2025,12200,Enxurradas,Registro,300000.0,0.0,300000.0,0,0,0,0
SC-F-4215075-12200-20250629,4215075,Riqueza,SC,29/06/2025,12200,Enxurradas,Registro,0.0,0.0,0.0,0,0,0,0
RS-F-4316600-13214-20250629,4316600,Sananduva,RS,29/06/2025,13214,Chuvas Intensas,Reconhecido,1610000.0,1610000.0,3220000.0,0,0,0,0
SC-F-4216008-13214-20250629,4216008,São Carlos,SC,29/06/2025,13214,Chuvas Intensas,Registro,760000.0,760000.0,1520000.0,0,0,0,0
RS-F-4320206-13214-20250629,4320206,Seberi,RS,29/06/2025,13214,Chuvas Intensas,Registro,92867.53,50567.0,143434.53,0,0,0,0
SC-F-4218756-12200-20250629,4218756,Tunápolis,SC,29/06/2025,12200,Enxurradas,Registro,70000.0,70000.0,140000.0,0,0,0,0
SC-F-4219002-13214-20250629,4219002,Urussanga,SC,29/06/2025,13214,Chuvas Intensas,Registro,20000.0,0.0,20000.0,0,0,0,0
SC-F-4219150-13214-20250629,4219150,Vargem,SC,29/06/2025,13214,Chuvas Intensas,Reconhecido,619402.84,599402.84,1218805.68,0,0,0,0
RS-F-4309308-12100-20250630,4309308,Guaíba,RS,30/06/2025,12100,Inundações,Registro,0.0,0.0,0.0,0,304,16,320
SC-F-4210100-13214-20250630,4210100,Mafra,SC,30/06/2025,13214,Chuvas Intensas,Registro,0.0,0.0,0.0,0,0,0,0
RS-F-4315602-12100-20250630,4315602,Rio Grande,RS,30/06/2025,12100,Inundações,Reconhecido,651500.0,340920.0,992420.0,0,400,0,400
SC-F-4210308-12200-20250701,4210308,Major Vieira,SC,01/07/2025,12200,Enxurradas,Registro,180000.0,0.0,180000.0,0,0,0,0
RS-F-4300604-12100-20250702,4300604,Alvorada,RS,02/07/2025,12100,Inundações,Reconhecido,3608000.0,0.0,3608000.0,0,1748,12,1760
SC-F-4203006-13214-20250727,4203006,Caçador,SC,27/07/2025,13214,Chuvas Intensas,Registro,430000.0,430000.0,860000.0,0,0,0,0
SC-F-4203303-13214-20250727,4203303,Campo Alegre,SC,27/07/2025,13214,Chuvas Intensas,Registro,20000.0,20000.0,40000.0,0,0,0,0
SC-F-4203402-13214-20250727,4203402,Campo Belo Do Sul,SC,27/07/2025,13214,Chuvas Intensas,Registro,0.0,0.0,0.0,0,0,0,0
SC-F-4203253-13214-20250727,4203253,Capão Alto,SC,27/07/2025,13214,Chuvas Intensas,Registro,101952.0,60536.0,162488.0,0,0,0,0
RS-F-4305124-12200-20250727,4305124,Cerrito,RS,27/07/2025,12200,Enxurradas,Registro,300000.0,300000.0,600000.0,0,0,0,0
SC-F-4206504-13214-20250727,4206504,Guaramirim,SC,27/07/2025,13214,Chuvas Intensas,Registro,10000.0,0.0,10000.0,0,0,0,0
SC-F-4210100-13214-20250727,4210100,Mafra,SC,27/07/2025,13214,Chuvas Intensas,Registro,0.0,0.0,0.0,0,0,0,0
SC-F-4202602-13214-20250728,4202602,Bom Retiro,SC,28/07/2025,13214,Chuvas Intensas,Registro,30000.0,0.0,30000.0,0,0,0,0
SC-F-4217501-13214-20250728,4217501,Seara,SC,28/07/2025,13214,Chuvas Intensas,Registro,120000.0,0.0,120000.0,0,0,0,0
RS-F-4314506-13214-20250802,4314506,Pinheiro Machado,RS,02/08/2025,13214,Chuvas Intensas,Registro,0.0,60000.0,60000.0,0,8,0,8
SC-F-4207205-13214-20250803,4207205,Imaruí,SC,03/08/2025,13214,Chuvas Intensas,Registro,0.0,0.0,0.0,0,0,0,0
SC-F-4212106-13214-20250803,4212106,Palmitos,SC,03/08/2025,13214,Chuvas Intensas,Registro,0.0,0.0,0.0,0,0,0,0
SC-F-4214904-13214-20250803,4214904,Rio Fortuna,SC,03/08/2025,13214,Chuvas Intensas,Registro,400000.0,0.0,400000.0,0,0,0,0
SC-F-4215059-13214-20250803,4215059,Rio Rufino,SC,03/08/2025,13214,Chuvas Intensas,Registro,500000.0,0.0,500000.0,0,0,0,0
SC-F-4215901-12200-20250803,4215901,São Bonifácio,SC,03/08/2025,12200,Enxurradas,Registro,0.0,0.0,0.0,0,0,0,0
SC-F-4218707-13214-20250803,4218707,Tubarão,SC,03/08/2025,13214,Chuvas Intensas,Registro,1000300.0,0.0,1000300.0,0,0,0,0
SC-F-4219002-13214-20250803,4219002,Urussanga,SC,03/08/2025,13214,Chuvas Intensas,Registro,0.0,5000.0,5000.0,0,0,0,0
SC-F-4210050-13214-20250804,4210050,Macieira,SC,04/08/2025,13214,Chuvas Intensas,Registro,150000.0,150000.0,300000.0,0,0,0,0
RS-F-4307005-11311-20250805,4307005,Erechim,RS,05/08/2025,11311,Movimento de Massa,Registro,0.0,0.0,0.0,0,0,7,7
SC-F-4202131-12300-20250807,4202131,Bela Vista Do Toldo,SC,07/08/2025,12300,Alagamentos,Registro,570000.0,0.0,570000.0,0,0,0,0
SC-F-4210506-12200-20250807,4210506,Maravilha,SC,07/08/2025,12200,Enxurradas,Registro,300000.0,0.0,300000.0,0,0,0,0
SC-F-4212650-13214-20250808,4212650,Pescaria Brava,SC,08/08/2025,13214,Chuvas Intensas,Registro,800000.0,0.0,800000.0,0,0,0,0
SC-F-4217105-13214-20250808,4217105,São Martinho,SC,08/08/2025,13214,Chuvas Intensas,Registro,0.0,0.0,0.0,0,0,0,0
SC-F-4215505-12100-20250810,4215505,Santa Cecília,SC,10/08/2025,12100,Inundações,Registro,0.0,0.0,0.0,0,0,0,0
SC-F-4210902-11321-20250817,4210902,Modelo,SC,17/08/2025,11321,Movimento de Massa,Registro,0.0,0.0,0.0,0,3,0,3
SC-F-4206652-13214-20250819,4206652,Guatambú,SC,19/08/2025,13214,Chuvas Intensas,Registro,17000.0,500.0,17500.0,0,0,0,0
RS-F-4301909-13214-20250822,4301909,Barra Do Ribeiro,RS,22/08/2025,13214,Chuvas Intensas,Reconhecido,282500.0,317500.0,600000.0,0,60,0,60
RS-F-4302808-13214-20250822,4302808,Caçapava Do Sul,RS,22/08/2025,13214,Chuvas Intensas,Reconhecido,7566124.99,7366124.99,14932249.98,0,0,0,0
RS-F-4304507-13214-20250822,4304507,Canguçu,RS,22/08/2025,13214,Chuvas Intensas,Reconhecido,5600000.0,5600000.0,11200000.0,0,4,0,4
RS-F-4311007-13214-20250822,4311007,Jaguarão,RS,22/08/2025,13214,Chuvas Intensas,Reconhecido,738031.0,0.0,738031.0,0,0,0,0
RS-F-4314506-13214-20250822,4314506,Pinheiro Machado,RS,22/08/2025,13214,Chuvas Intensas,Reconhecido,500000.0,500000.0,1000000.0,0,0,0,0
RS-F-4315602-13214-20250822,4315602,Rio Grande,RS,22/08/2025,13214,Chuvas Intensas,Registro,60000.0,0.0,60000.0,0,0,0,0
RS-F-4300638-13214-20250823,4300638,Amaral Ferrador,RS,23/08/2025,13214,Chuvas Intensas,Reconhecido,450000.0,450000.0,900000.0,0,2,0,2
RS-F-4300851-13214-20250823,4300851,Arambaré,RS,23/08/2025,13214,Chuvas Intensas,Reconhecido,1182292.04,1189774.04,2372066.08,0,0,0,0
RS-F-4303004-13214-20250823,4303004,Cachoeira Do Sul,RS,23/08/2025,13214,Chuvas Intensas,Registro,78500.0,78500.0,157000.0,0,4,4,8
RS-F-4303509-13214-20250823,4303509,Camaquã,RS,23/08/2025,13214,Chuvas Intensas,Reconhecido,755000.0,488500.0,1243500.0,0,4,0,4
RS-F-4305173-13214-20250823,4305173,Cerro Grande Do Sul,RS,23/08/2025,13214,Chuvas Intensas,Reconhecido,1935000.0,2873000.0,4808000.0,0,0,0,0
RS-F-4305447-13214-20250823,4305447,Chuvisca,RS,23/08/2025,13214,Chuvas Intensas,Reconhecido,419622.83,519622.83,939245.66,0,0,0,0
RS-F-4305447-12200-20250823,4305447,Chuvisca,RS,23/08/2025,12200,Enxurradas,Registro,200000.0,240000.0,440000.0,0,0,0,0
RS-F-4306056-13214-20250823,4306056,Cristal,RS,23/08/2025,13214,Chuvas Intensas,Reconhecido,900000.0,900000.0,1800000.0,0,320,12,332
RS-F-4306502-13214-20250823,4306502,Dom Feliciano,RS,23/08/2025,13214,Chuvas Intensas,Reconhecido,3171410.0,3171410.0,6342820.0,0,12,0,12
SC-F-4205357-13214-20250823,4205357,Flor Do Sertão,SC,23/08/2025,13214,Chuvas Intensas,Registro,0.0,550000.0,550000.0,0,0,0,0
SC-F-4206751-13214-20250823,4206751,Ibiam,SC,23/08/2025,13214,Chuvas Intensas,Registro,0.0,40000.0,40000.0,0,0,0,0
RS-F-4316972-13214-20250823,4316972,Santa Margarida Do Sul,RS,23/08/2025,13214,Chuvas Intensas,Reconhecido,1143031.0,1143031.0,2286062.0,0,0,0,0
RS-F-4318507-13214-20250823,4318507,São José Do Norte,RS,23/08/2025,13214,Chuvas Intensas,Registro,0.0,0.0,0.0,0,104,0,104
RS-F-4318804-12100-20250823,4318804,São Lourenço Do Sul,RS,23/08/2025,12100,Inundações,Reconhecido,1296624.62,1296624.62,2593249.24,0,500,40,540
SC-F-4217907-13214-20250823,4217907,Tangará,SC,23/08/2025,13214,Chuvas Intensas,Registro,0.0,0.0,0.0,0,0,0,0
RS-F-4322327-12300-20250823,4322327,Turuçu,RS,23/08/2025,12300,Alagamentos,Registro,0.0,0.0,0.0,0,3,0,3
SC-F-4219309-13214-20250823,4219309,Videira,SC,23/08/2025,13214,Chuvas Intensas,Registro,0.0,0.0,0.0,0,0,0,0
SC-F-4219507-13214-20250823,4219507,Xanxerê,SC,23/08/2025,13214,Chuvas Intensas,Registro,0.0,0.0,0.0,0,0,0,0
SC-F-4202602-13214-20250824,4202602,Bom Retiro,SC,24/08/2025,13214,Chuvas Intensas,Registro,595000.0,0.0,595000.0,0,0,0,0
SC-F-4202875-13214-20250824,4202875,Brunópolis,SC,24/08/2025,13214,Chuvas Intensas,Registro,0.0,0.0,0.0,0,0,0,0
SC-F-4203006-12100-20250824,4203006,Caçador,SC,24/08/2025,12100,Inundações,Registro,2610000.0,0.0,2610000.0,0,4,0,4
SC-F-4204301-13214-20250824,4204301,Concórdia,SC,24/08/2025,13214,Chuvas Intensas,Registro,200000.0,50000.0,250000.0,0,0,0,0
SC-F-4205555-12200-20250824,4205555,Frei Rogério,SC,24/08/2025,12200,Enxurradas,Registro,0.0,0.0,0.0,0,0,0,0
SC-F-4208104-13214-20250824,4208104,Itaiópolis,SC,24/08/2025,13214,Chuvas Intensas,Registro,105000.0,105000.0,210000.0,0,0,0,0
SC-F-4209706-13214-20250824,4209706,Lebon Régis,SC,24/08/2025,13214,Chuvas Intensas,Registro,11225.13,0.0,11225.13,0,0,0,0
SC-F-4211702-13214-20250824,4211702,Orleans,SC,24/08/2025,13214,Chuvas Intensas,Registro,0.0,0.0,0.0,0,0,0,0
SC-F-4211751-12200-20250824,4211751,Otacílio Costa,SC,24/08/2025,12200,Enxurradas,Registro,0.0,0.0,0.0,0,0,0,0
SC-F-4212056-12300-20250824,4212056,Palmeira,SC,24/08/2025,12300,Alagamentos,Registro,0.0,0.0,0.0,0,0,0,0
SC-F-4213906-12200-20250824,4213906,Presidente Castello Branco,SC,24/08/2025,12200,Enxurradas,Registro,180000.0,0.0,180000.0,0,0,0,0
SC-F-4216503-13214-20250824,4216503,São Joaquim,SC,24/08/2025,13214,Chuvas Intensas,Registro,3000000.0,0.0,3000000.0,0,0,0,0
SC-F-4218251-13214-20250824,4218251,Timbó Grande,SC,24/08/2025,13214,Chuvas Intensas,Registro,185000.0,278000.0,463000.0,0,0,0,0
SC-F-4218905-13214-20250824,4218905,Urubici,SC,24/08/2025,13214,Chuvas Intensas,Registro,0.0,0.0,0.0,0,0,0,0
SC-F-4209300-13214-20250825,4209300,Lages,SC,25/08/2025,13214,Chuvas Intensas,Reconhecido,13815300.0,2615300.0,16430600.0,0,13,0,13
SC-F-4212056-12100-20250825,4212056,Palmeira,SC,25/08/2025,12100,Inundações,Registro,0.0,0.0,0.0,0,0,0,0
SC-F-4212056-12300-20250825,4212056,Palmeira,SC,25/08/2025,12300,Alagamentos,Registro,0.0,0.0,0.0,0,0,0,0
SC-F-4216057-13214-20250825,4216057,São Cristovão Do Sul,SC,25/08/2025,13214,Chuvas Intensas,Registro,0.0,0.0,0.0,0,0,0,0
SC-F-4201109-12200-20250826,4201109,Anitápolis,SC,26/08/2025,12200,Enxurradas,Registro,590000.0,0.0,590000.0,0,0,0,0
SC-F-4202131-12200-20250826,4202131,Bela Vista Do Toldo,SC,26/08/2025,12200,Enxurradas,Registro,170000.0,0.0,170000.0,0,0,0,0
SC-F-4210100-13214-20250826,4210100,Mafra,SC,26/08/2025,13214,Chuvas Intensas,Registro,0.0,0.0,0.0,0,0,0,0
SC-F-4211108-12200-20250826,4211108,Monte Castelo,SC,26/08/2025,12200,Enxurradas,Registro,4000000.0,0.0,4000000.0,0,0,0,0
SC-F-4215679-12200-20250826,4215679,Santa Terezinha,SC,26/08/2025,12200,Enxurradas,Registro,0.0,0.0,0.0,0,0,0,0
SC-F-4201802-13214-20250827,4201802,Atalanta,SC,27/08/2025,13214,Chuvas Intensas,Registro,500000.0,0.0,500000.0,0,0,0,0
SC-F-4201901-13214-20250827,4201901,Aurora,SC,27/08/2025,13214,Chuvas Intensas,Registro,100000.0,100000.0,200000.0,0,0,0,0
SC-F-4202859-13214-20250827,4202859,Braço Do Trombudo,SC,27/08/2025,13214,Chuvas Intensas,Registro,140000.0,20000.0,160000.0,0,0,0,0
SC-F-4208500-11321-20250827,4208500,Ituporanga,SC,27/08/2025,11321,Movimento de Massa,Registro,0.0,0.0,0.0,0,0,0,0
SC-F-4215679-13214-20250827,4215679,Santa Terezinha,SC,27/08/2025,13214,Chuvas Intensas,Registro,0.0,0.0,0.0,0,0,0,0
SC-F-4218301-13214-20250827,4218301,Três Barras,SC,27/08/2025,13214,Chuvas Intensas,Registro,0.0,140000.0,140000.0,0,0,0,0
SC-F-4215679-12200-20250829,4215679,Santa Terezinha,SC,29/08/2025,12200,Enxurradas,Registro,0.0,0.0,0.0,0,0,0,0
SC-F-4215679-13214-20250829,4215679,Santa Terezinha,SC,29/08/2025,13214,Chuvas Intensas,Registro,200000.0,0.0,200000.0,0,0,0,0
RS-F-4314605-13214-20250903,4314605,Piratini,RS,03/09/2025,13214,Chuvas Intensas,Reconhecido,760684.8,760684.8,1521369.6,0,0,0,0
SC-F-4209805-13214-20250905,4209805,Leoberto Leal,SC,05/09/2025,13214,Chuvas Intensas,Reconhecido,1500000.0,120000.0,1620000.0,0,0,0,0
SC-F-4212007-13214-20250905,4212007,Palma Sola,SC,05/09/2025,13214,Chuvas Intensas,Registro,500000.0,500000.0,1000000.0,0,0,0,0
SC-F-4215687-12200-20250905,4215687,Santa Terezinha Do Progresso,SC,05/09/2025,12200,Enxurradas,Registro,1500000.0,0.0,1500000.0,0,0,0,0
SC-F-4216503-13214-20250905,4216503,São Joaquim,SC,05/09/2025,13214,Chuvas Intensas,Registro,4000.0,0.0,4000.0,0,0,0,0
SC-F-4203501-13214-20250908,4203501,Campo Erê,SC,08/09/2025,13214,Chuvas Intensas,Registro,352000.0,350000.0,702000.0,0,0,0,0
RS-F-4300406-12300-20250920,4300406,Alegrete,RS,20/09/2025,12300,Alagamentos,Registro,500000.0,0.0,500000.0,0,0,0,0
SC-F-4202099-13214-20250920,4202099,Barra Bonita,SC,20/09/2025,13214,Chuvas Intensas,Registro,619600.0,13000.0,632600.0,0,14,0,14
SC-F-4216800-13214-20250920,4216800,São José Do Cerrito,SC,20/09/2025,13214,Chuvas Intensas,Registro,1300000.0,80000.0,1380000.0,0,0,0,0
SC-F-4201109-12200-20250921,4201109,Anitápolis,SC,21/09/2025,12200,Enxurradas,Registro,700000.0,25000.0,725000.0,0,3,0,3
SC-F-4202107-13214-20250921,4202107,Barra Velha,SC,21/09/2025,13214,Chuvas Intensas,Registro,0.0,0.0,0.0,0,0,0,0
SC-F-4202156-13214-20250921,4202156,Belmonte,SC,21/09/2025,13214,Chuvas Intensas,Registro,0.0,0.0,0.0,0,0,0,0
SC-F-4203006-13214-20250921,4203006,Caçador,SC,21/09/2025,13214,Chuvas Intensas,Registro,0.0,0.0,0.0,0,0,0,0
SC-F-4204301-13214-20250921,4204301,Concórdia,SC,21/09/2025,13214,Chuvas Intensas,Registro,0.0,0.0,0.0,0,0,0,0
SC-F-4204509-13214-20250921,4204509,Corupá,SC,21/09/2025,13214,Chuvas Intensas,Registro,80000.0,0.0,80000.0,0,0,0,0
SC-F-4204707-13214-20250921,4204707,Cunha Porã,SC,21/09/2025,13214,Chuvas Intensas,Registro,0.0,0.0,0.0,0,0,0,0
SC-F-4205001-13214-20250921,4205001,Dionísio Cerqueira,SC,21/09/2025,13214,Chuvas Intensas,Registro,30000.0,0.0,30000.0,0,0,0,0
RS-F-4307005-13214-20250921,4307005,Erechim,RS,21/09/2025,13214,Chuvas Intensas,Registro,0.0,0.0,0.0,0,0,0,1
SC-F-4205357-13214-20250921,4205357,Flor Do Sertão,SC,21/09/2025,13214,Chuvas Intensas,Registro,0.0,350000.0,350000.0,0,0,0,0
SC-F-4210605-12200-20250921,4210605,Massaranduba,SC,21/09/2025,12200,Enxurradas,Registro,0.0,0.0,0.0,0,0,0,0
SC-F-4211058-13214-20250921,4211058,Monte Carlo,SC,21/09/2025,13214,Chuvas Intensas,Registro,2623480.52,1068.49,2624549.0100000002,0,132,0,132
SC-F-4212056-12300-20250921,4212056,Palmeira,SC,21/09/2025,12300,Alagamentos,Registro,0.0,0.0,0.0,0,0,0,0
SC-F-4213302-12200-20250921,4213302,Ponte Alta,SC,21/09/2025,12200,Enxurradas,Registro,126000.0,0.0,126000.0,0,0,0,0
SC-F-4215554-12200-20250921,4215554,Santa Helena,SC,21/09/2025,12200,Enxurradas,Registro,600000.0,0.0,600000.0,0,0,0,0
SC-F-4216701-13214-20250921,4216701,São José Do Cedro,SC,21/09/2025,13214,Chuvas Intensas,Registro,0.0,0.0,0.0,0,0,0,0
SC-F-4216909-13214-20250921,4216909,São Lourenço Do Oeste,SC,21/09/2025,13214,Chuvas Intensas,Registro,0.0,0.0,0.0,0,0,0,0
SC-F-4217253-13214-20250921,4217253,São Pedro De Alcântara,SC,21/09/2025,13214,Chuvas Intensas,Registro,11000000.0,0.0,11000000.0,0,0,0,0
RS-F-4319505-13214-20250921,4319505,São Sebastião Do Caí,RS,21/09/2025,13214,Chuvas Intensas,Reconhecido,448000.0,448000.0,896000.0,0,0,10,10
SC-F-4218301-13214-20250921,4218301,Três Barras,SC,21/09/2025,13214,Chuvas Intensas,Registro,0.0,0.0,0.0,0,0,0,0
RS-F-4300406-12100-20250922,4300406,Alegrete,RS,22/09/2025,12100,Inundações,Registro,20000.0,0.0,20000.0,0,15,0,15
SC-F-4205902-13214-20250922,4205902,Gaspar,SC,22/09/2025,13214,Chuvas Intensas,Registro,425000.0,0.0,425000.0,0,0,0,0
SC-F-4207809-13214-20250922,4207809,Irani,SC,22/09/2025,13214,Chuvas Intensas,Registro,800000.0,800000.0,1600000.0,0,0,0,0
RS-F-4310108-13214-20250923,4310108,Igrejinha,RS,23/09/2025,13214,Chuvas Intensas,Registro,200000.0,2305000.0,2505000.0,0,0,0,0
SC-F-4207502-13214-20250923,4207502,Indaial,SC,23/09/2025,13214,Chuvas Intensas,Registro,0.0,0.0,0.0,0,0,0,0
SC-F-4204707-13214-20250929,4204707,Cunha Porã,SC,29/09/2025,13214,Chuvas Intensas,Reconhecido,1789400.0,89150.0,1878550.0,0,6,0,6
SC-F-4206603-13214-20250930,4206603,Guarujá Do Sul,SC,30/09/2025,13214,Chuvas Intensas,Registro,1400000.0,0.0,1400000.0,0,0,0,0
SC-F-4205902-12200-20251001,4205902,Gaspar,SC,01/10/2025,12200,Enxurradas,Registro,62500.0,0.0,62500.0,0,11,0,11
PR-F-4102604-12200-20251002,4102604,Barracão,PR,02/10/2025,12200,Enxurradas,Reconhecido,217670.0,215170.0,432840.0,0,0,0,0
SC-F-4205001-13214-20251002,4205001,Dionísio Cerqueira,SC,02/10/2025,13214,Chuvas Intensas,Registro,0.0,0.0,0.0,0,0,0,0
SC-F-4206603-13214-20251002,4206603,Guarujá Do Sul,SC,02/10/2025,13214,Chuvas Intensas,Registro,2500000.0,0.0,2500000.0,0,0,0,0
SC-F-4206652-13214-20251002,4206652,Guatambú,SC,02/10/2025,13214,Chuvas Intensas,Registro,60000.0,10500.0,70500.0,0,0,0,0
SC-F-4215695-13214-20251002,4215695,Santiago Do Sul,SC,02/10/2025,13214,Chuvas Intensas,Registro,100000.0,100000.0,200000.0,0,0,0,0
SC-F-4203808-11321-20251003,4203808,Canoinhas,SC,03/10/2025,11321,Movimento de Massa,Registro,0.0,0.0,0.0,0,0,0,0
SC-F-4204509-13214-20251003,4204509,Corupá,SC,03/10/2025,13214,Chuvas Intensas,Registro,80000.0,0.0,80000.0,0,0,0,0
SC-F-4210852-12200-20251003,4210852,Mirim Doce,SC,03/10/2025,12200,Enxurradas,Registro,250000.0,0.0,250000.0,0,0,0,0
SC-F-4211892-13214-20251003,4211892,Painel,SC,03/10/2025,13214,Chuvas Intensas,Registro,600000.0,0.0,600000.0,0,0,0,0
SC-F-4204905-13214-20251006,4204905,Descanso,SC,06/10/2025,13214,Chuvas Intensas,Registro,503000.0,158640.0,661640.0,0,0,0,0
SC-F-4217154-12200-20251006,4217154,São Miguel Da Boa Vista,SC,06/10/2025,12200,Enxurradas,Registro,100000.0,0.0,100000.0,0,0,0,0
SC-F-4202578-13214-20251009,4202578,Bom Jesus Do Oeste,SC,09/10/2025,13214,Chuvas Intensas,Registro,0.0,0.0,0.0,0,0,0,0
SC-F-4207858-13214-20251012,4207858,Irati,SC,12/10/2025,13214,Chuvas Intensas,Registro,20000.0,0.0,20000.0,0,0,0,0
SC-F-4208955-13214-20251012,4208955,Jardinópolis,SC,12/10/2025,13214,Chuvas Intensas,Registro,25000.0,0.0,25000.0,0,0,0,0
SC-F-4215356-12200-20251012,4215356,Saltinho,SC,12/10/2025,12200,Enxurradas,Registro,30000.0,30000.0,60000.0,0,0,0,0
SC-F-4219101-13214-20251012,4219101,Vargeão,SC,12/10/2025,13214,Chuvas Intensas,Registro,0.0,0.0,0.0,0,0,0,0
SC-F-4215679-13214-20251016,4215679,Santa Terezinha,SC,16/10/2025,13214,Chuvas Intensas,Registro,200000.0,0.0,200000.0,0,0,0,0
SC-F-4202156-13214-20251017,4202156,Belmonte,SC,17/10/2025,13214,Chuvas Intensas,Registro,0.0,0.0,0.0,0,0,0,0
SC-F-4204400-12200-20251017,4204400,Coronel Freitas,SC,17/10/2025,12200,Enxurradas,Registro,0.0,0.0,0.0,0,0,0,0
SC-F-4207650-12200-20251017,4207650,Iporã Do Oeste,SC,17/10/2025,12200,Enxurradas,Registro,0.0,0.0,0.0,0,0,0,0
SC-F-4208005-13214-20251017,4208005,Itá,SC,17/10/2025,13214,Chuvas Intensas,Registro,60000.0,35000.0,95000.0,0,0,0,0
SC-F-4210506-12200-20251017,4210506,Maravilha,SC,17/10/2025,12200,Enxurradas,Registro,300000.0,0.0,300000.0,0,0,0,0
SC-F-4212239-12200-20251017,4212239,Paraíso,SC,17/10/2025,12200,Enxurradas,Registro,0.0,0.0,0.0,0,0,0,0
SC-F-4216255-12200-20251017,4216255,São João Do Oeste,SC,17/10/2025,12200,Enxurradas,Registro,700000.0,0.0,700000.0,0,0,0,0
SC-F-4217154-12200-20251017,4217154,São Miguel Da Boa Vista,SC,17/10/2025,12200,Enxurradas,Registro,50000.0,0.0,50000.0,0,0,0,0
SC-F-4218756-12200-20251017,4218756,Tunápolis,SC,17/10/2025,12200,Enxurradas,Registro,0.0,0.0,0.0,0,0,0,0
SC-F-4208955-13214-20251019,4208955,Jardinópolis,SC,19/10/2025,13214,Chuvas Intensas,Registro,250000.0,250000.0,500000.0,0,0,0,0
SC-F-4204251-13214-20251022,4204251,Cocal Do Sul,SC,22/10/2025,13214,Chuvas Intensas,Registro,0.0,0.0,0.0,0,0,0,0
SC-F-4206751-13214-20251027,4206751,Ibiam,SC,27/10/2025,13214,Chuvas Intensas,Registro,0.0,0.0,0.0,0,0,0,0
SC-F-4206801-13214-20251027,4206801,Ibicaré,SC,27/10/2025,13214,Chuvas Intensas,Registro,0.0,0.0,0.0,0,0,0,0
SC-F-4217907-13214-20251027,4217907,Tangará,SC,27/10/2025,13214,Chuvas Intensas,Registro,1325000.0,5080.0,1330080.0,0,10,0,10
PR-F-4100509-12200-20251028,4100509,Altônia,PR,28/10/2025,12200,Enxurradas,Reconhecido,1112690.08,150000.0,1262690.08,0,0,0,0
PR-F-4104451-12200-20251028,4104451,Cantagalo,PR,28/10/2025,12200,Enxurradas,Reconhecido,803260.0,775260.0,1578520.0,0,7,0,7
PR-F-4108650-12200-20251028,4108650,Goioxim,PR,28/10/2025,12200,Enxurradas,Reconhecido,3083887.5,85000.0,3168887.5,0,168,0,168
SC-F-4214151-12200-20251028,4214151,Princesa,SC,28/10/2025,12200,Enxurradas,Registro,800000.0,60000.0,860000.0,0,0,0,0
SC-F-4207205-13214-20251029,4207205,Imaruí,SC,29/10/2025,13214,Chuvas Intensas,Registro,0.0,0.0,0.0,0,0,0,0
SC-F-4211603-13214-20251029,4211603,Nova Veneza,SC,29/10/2025,13214,Chuvas Intensas,Reconhecido,935000.0,0.0,935000.0,0,3,0,3
SC-F-4212304-13214-20251029,4212304,Paulo Lopes,SC,29/10/2025,13214,Chuvas Intensas,Registro,1000000.0,0.0,1000000.0,0,0,0,0
SC-F-4217600-13214-20251029,4217600,Siderópolis,SC,29/10/2025,13214,Chuvas Intensas,Registro,0.0,0.0,0.0,0,0,0,0
SC-F-4218103-13214-20251029,4218103,Timbé Do Sul,SC,29/10/2025,13214,Chuvas Intensas,Registro,1010000.0,0.0,1010000.0,0,0,0,0
RS-F-4316758-13214-20251030,4316758,Santa Clara Do Sul,RS,30/10/2025,13214,Chuvas Intensas,Registro,0.0,0.0,0.0,0,60,0,61
PR-F-4100707-12200-20251101,4100707,Alto Piquiri,PR,01/11/2025,12200,Enxurradas,Reconhecido,264463.3,75569.23,340032.52999999997,0,0,0,0
PR-F-4101705-12200-20251101,4101705,Araruna,PR,01/11/2025,12200,Enxurradas,Reconhecido,348300.0,62000.0,410300.0,0,0,0,0
PR-F-4117453-12200-20251101,4117453,Ouro Verde Do Oeste,PR,01/11/2025,12200,Enxurradas,Registro,298385.0,63625.0,362010.0,0,0,0,0
PR-F-4119806-12200-20251101,4119806,Planalto,PR,01/11/2025,12200,Enxurradas,Reconhecido,1228638.1,2870.0,1231508.1,0,3,0,3
PR-F-4120507-13214-20251101,4120507,Primeiro De Maio,PR,01/11/2025,13214,Chuvas Intensas,Reconhecido,264780.0,28888.0,293668.0,0,0,0,0
PR-F-4122503-12200-20251102,4122503,Roncador,PR,02/11/2025,12200,Enxurradas,Reconhecido,163000.0,209000.0,372000.0,0,0,0,0
SC-F-4210100-13214-20251103,4210100,Mafra,SC,03/11/2025,13214,Chuvas Intensas,Registro,0.0,0.0,0.0,0,0,0,0
SC-F-4215901-12200-20251103,4215901,São Bonifácio,SC,03/11/2025,12200,Enxurradas,Registro,300000.0,0.0,300000.0,0,0,0,0
SC-F-4218301-13214-20251103,4218301,Três Barras,SC,03/11/2025,13214,Chuvas Intensas,Registro,0.0,0.0,0.0,0,0,0,0
SC-F-4211207-13214-20251106,4211207,Morro Da Fumaça,SC,06/11/2025,13214,Chuvas Intensas,Registro,0.0,0.0,0.0,0,0,0,0
SC-F-4200408-13214-20251107,4200408,Água Doce,SC,07/11/2025,13214,Chuvas Intensas,Registro,88000.0,0.0,88000.0,0,0,0,0
SC-F-4201406-13214-20251107,4201406,Araranguá,SC,07/11/2025,13214,Chuvas Intensas,Registro,60000.0,0.0,60000.0,0,0,0,0
RS-F-4301404-13214-20251107,4301404,Arvorezinha,RS,07/11/2025,13214,Chuvas Intensas,Registro,348000.0,348000.0,696000.0,0,0,0,0
SC-F-4203303-13214-20251107,4203303,Campo Alegre,SC,07/11/2025,13214,Chuvas Intensas,Registro,80000.0,0.0,80000.0,0,0,0,0
SC-F-4204178-13214-20251107,4204178,Cerro Negro,SC,07/11/2025,13214,Chuvas Intensas,Registro,250000.0,0.0,250000.0,0,0,0,0
SC-F-4205001-13214-20251107,4205001,Dionísio Cerqueira,SC,07/11/2025,13214,Chuvas Intensas,Reconhecido,2795600.0,2013000.0,4808600.0,0,21,0,25
RS-F-4307005-13214-20251107,4307005,Erechim,RS,07/11/2025,13214,Chuvas Intensas,Registro,0.0,0.0,0.0,0,0,0,0
SC-F-4205191-13214-20251107,4205191,Ermo,SC,07/11/2025,13214,Chuvas Intensas,Registro,251000.0,0.0,251000.0,0,0,0,0
SC-F-4206603-12200-20251107,4206603,Guarujá Do Sul,SC,07/11/2025,12200,Enxurradas,Registro,2500000.0,0.0,2500000.0,0,0,0,0
SC-F-4208708-13214-20251107,4208708,Jacinto Machado,SC,07/11/2025,13214,Chuvas Intensas,Registro,1720000.0,0.0,1720000.0,0,0,0,0
SC-F-4212650-13214-20251107,4212650,Pescaria Brava,SC,07/11/2025,13214,Chuvas Intensas,Registro,10000.0,0.0,10000.0,0,3,0,3
RS-F-4318622-13214-20251107,4318622,São José Dos Ausentes,RS,07/11/2025,13214,Chuvas Intensas,Registro,0.0,0.0,0.0,1,0,0,1
SC-F-4218806-13214-20251107,4218806,Turvo,SC,07/11/2025,13214,Chuvas Intensas,Registro,10000.0,0.0,10000.0,0,0,0,0
SC-F-4219002-13214-20251107,4219002,Urussanga,SC,07/11/2025,13214,Chuvas Intensas,Registro,10000.0,0.0,10000.0,0,4,0,4
RS-F-4301909-13214-20251108,4301909,Barra Do Ribeiro,RS,08/11/2025,13214,Chuvas Intensas,Reconhecido,15000.0,35000.0,50000.0,0,0,0,0
SC-F-4207007-13214-20251108,4207007,Içara,SC,08/11/2025,13214,Chuvas Intensas,Registro,35000.0,30000.0,65000.0,0,0,0,0
RS-F-4310652-12200-20251108,4310652,Itati,RS,08/11/2025,12200,Enxurradas,Registro,0.0,0.0,0.0,0,60,0,60
SC-F-4211454-13214-20251108,4211454,Nova Itaberaba,SC,08/11/2025,13214,Chuvas Intensas,Registro,50000.0,0.0,50000.0,0,0,0,0
PR-F-4120606-12200-20251108,4120606,Prudentópolis,PR,08/11/2025,12200,Enxurradas,Reconhecido,4287775.0,4287775.0,8575550.0,0,0,0,0
RS-F-4315800-11321-20251108,4315800,Roca Sales,RS,08/11/2025,11321,Movimento de Massa,Registro,0.0,0.0,0.0,0,5,0,5
SC-F-4215679-13214-20251115,4215679,Santa Terezinha,SC,15/11/2025,13214,Chuvas Intensas,Registro,100000.0,0.0,100000.0,0,0,0,0
SC-F-4200309-13214-20251118,4200309,Agronômica,SC,18/11/2025,13214,Chuvas Intensas,Registro,0.0,0.0,0.0,0,0,0,0
SC-F-4202602-13214-20251122,4202602,Bom Retiro,SC,22/11/2025,13214,Chuvas Intensas,Registro,8500.0,0.0,8500.0,0,0,0,0
SC-F-4215679-13214-20251122,4215679,Santa Terezinha,SC,22/11/2025,13214,Chuvas Intensas,Registro,200000.0,0.0,200000.0,0,0,0,0
SC-F-4208955-13214-20251123,4208955,Jardinópolis,SC,23/11/2025,13214,Chuvas Intensas,Registro,1600000.0,0.0,1600000.0,0,0,0,0
SC-F-4217758-13214-20251123,4217758,Sul Brasil,SC,23/11/2025,13214,Chuvas Intensas,Registro,0.0,0.0,0.0,0,0,0,0
SC-F-4202057-13214-20251124,4202057,Balneário Barra Do Sul,SC,24/11/2025,13214,Chuvas Intensas,Reconhecido,900000.0,65000.0,965000.0,0,100,0,105
SC-F-4204558-11321-20251124,4204558,Correia Pinto,SC,24/11/2025,11321,Movimento de Massa,Registro,18000000.0,1000000.0,19000000.0,0,0,0,0
SC-F-4209102-12100-20251124,4209102,Joinville,SC,24/11/2025,12100,Inundações,Registro,60000.0,0.0,60000.0,0,0,0,0
SC-F-4210001-13214-20251124,4210001,Luiz Alves,SC,24/11/2025,13214,Chuvas Intensas,Reconhecido,17743708.9,4131440.85,21875149.75,0,72,6,78
SC-F-4210605-13214-20251124,4210605,Massaranduba,SC,24/11/2025,13214,Chuvas Intensas,Reconhecido,2475200.0,2801510.0,5276710.0,0,15,0,15
SC-F-4216354-13214-20251124,4216354,São João Do Itaperiú,SC,24/11/2025,13214,Chuvas Intensas,Registro,20450.18,15013.18,35463.36,0,0,0,0
SC-F-4207106-13214-20251125,4207106,Ilhota,SC,25/11/2025,13214,Chuvas Intensas,Reconhecido,2277709.21,438145.0,2715854.21,0,20,0,20
SC-F-4211702-13214-20251128,4211702,Orleans,SC,28/11/2025,13214,Chuvas Intensas,Registro,0.0,0.0,0.0,0,12,0,12
SC-F-4202305-13214-20251202,4202305,Biguaçu,SC,02/12/2025,13214,Chuvas Intensas,Registro,0.0,0.0,0.0,0,0,0,0
SC-F-4211108-13214-20251202,4211108,Monte Castelo,SC,02/12/2025,13214,Chuvas Intensas,Registro,8000.0,8000.0,16000.0,0,0,0,0
RS-F-4319752-11340-20251202,4319752,São Vendelino,RS,02/12/2025,11340,Movimento de Massa,Registro,180000.0,250000.0,430000.0,0,0,0,0
SC-F-4202602-13214-20251207,4202602,Bom Retiro,SC,07/12/2025,13214,Chuvas Intensas,Registro,15000.0,0.0,15000.0,0,0,0,0
RS-F-4301305-13214-20251208,4301305,Arroio Grande,RS,08/12/2025,13214,Chuvas Intensas,Registro,0.0,0.0,0.0,0,3,0,3
RS-F-4302402-13214-20251208,4302402,Bom Retiro Do Sul,RS,08/12/2025,13214,Chuvas Intensas,Registro,0.0,0.0,0.0,0,0,0,0
SC-F-4212205-13214-20251208,4212205,Papanduva,SC,08/12/2025,13214,Chuvas Intensas,Registro,0.0,0.0,0.0,0,0,0,0
SC-F-4200408-13214-20251209,4200408,Água Doce,SC,09/12/2025,13214,Chuvas Intensas,Registro,80000.0,0.0,80000.0,0,0,0,0
RS-F-4300638-13214-20251209,4300638,Amaral Ferrador,RS,09/12/2025,13214,Chuvas Intensas,Reconhecido,500000.0,500000.0,1000000.0,0,0,0,0
SC-F-4201109-12200-20251209,4201109,Anitápolis,SC,09/12/2025,12200,Enxurradas,Registro,800000.0,35000.0,835000.0,0,3,0,3
RS-F-4303509-13214-20251209,4303509,Camaquã,RS,09/12/2025,13214,Chuvas Intensas,Reconhecido,2500000.0,708500.0,3208500.0,0,0,17,17
SC-F-4203204-12200-20251209,4203204,Camboriú,SC,09/12/2025,12200,Enxurradas,Registro,4327844.0,0.0,4327844.0,0,0,9,9
RS-F-4305173-13214-20251209,4305173,Cerro Grande Do Sul,RS,09/12/2025,13214,Chuvas Intensas,Reconhecido,958000.0,1464000.0,2422000.0,0,0,0,0
SC-F-4205191-13214-20251209,4205191,Ermo,SC,09/12/2025,13214,Chuvas Intensas,Registro,50000.0,0.0,50000.0,0,0,0,0
SC-F-4205407-13214-20251209,4205407,Florianópolis,SC,09/12/2025,13214,Chuvas Intensas,Registro,0.0,0.0,0.0,0,641,10,651
SC-F-4206751-13214-20251209,4206751,Ibiam,SC,09/12/2025,13214,Chuvas Intensas,Registro,300000.0,40000.0,340000.0,0,0,0,0
SC-F-4207502-13214-20251209,4207502,Indaial,SC,09/12/2025,13214,Chuvas Intensas,Registro,0.0,0.0,0.0,0,0,1,1
SC-F-4211900-13214-20251209,4211900,Palhoça,SC,09/12/2025,13214,Chuvas Intensas,Registro,50250000.0,2700000.0,52950000.0,3,60,8,71
SC-F-4212304-13214-20251209,4212304,Paulo Lopes,SC,09/12/2025,13214,Chuvas Intensas,Registro,200000.0,0.0,200000.0,0,0,0,0
RS-F-4314407-13214-20251209,4314407,Pelotas,RS,09/12/2025,13214,Chuvas Intensas,Reconhecido,1732747.84,1604747.84,3337495.68,0,6,0,6
SC-F-4212650-13214-20251209,4212650,Pescaria Brava,SC,09/12/2025,13214,Chuvas Intensas,Registro,10000.0,10000.0,20000.0,0,0,0,0
RS-F-4314506-13214-20251209,4314506,Pinheiro Machado,RS,09/12/2025,13214,Chuvas Intensas,Registro,0.0,1.0,1.0,0,0,0,0
SC-F-4215059-13214-20251209,4215059,Rio Rufino,SC,09/12/2025,13214,Chuvas Intensas,Registro,500000.0,0.0,500000.0,0,0,0,0
SC-F-4215109-13214-20251209,4215109,Rodeio,SC,09/12/2025,13214,Chuvas Intensas,Registro,40000.0,12000.0,52000.0,0,5,0,5
SC-F-4215703-13214-20251209,4215703,Santo Amaro Da Imperatriz,SC,09/12/2025,13214,Chuvas Intensas,Reconhecido,3250000.0,4100000.0,7350000.0,0,0,0,0
SC-F-4217253-13214-20251209,4217253,São Pedro De Alcântara,SC,09/12/2025,13214,Chuvas Intensas,Registro,5000.0,0.0,5000.0,0,0,0,0
RS-F-4320354-13214-20251209,4320354,Sentinela Do Sul,RS,09/12/2025,13214,Chuvas Intensas,Registro,210000.0,130000.0,340000.0,0,0,0,0
SC-F-4218202-12300-20251209,4218202,Timbó,SC,09/12/2025,12300,Alagamentos,Registro,0.0,0.0,0.0,0,0,0,0
SC-F-4218707-13214-20251209,4218707,Tubarão,SC,09/12/2025,13214,Chuvas Intensas,Registro,0.0,0.0,0.0,0,0,0,0
RS-F-4304507-13214-20251210,4304507,Canguçu,RS,10/12/2025,13214,Chuvas Intensas,Registro,0.0,0.0,0.0,0,0,0,0
RS-F-4305447-12200-20251210,4305447,Chuvisca,RS,10/12/2025,12200,Enxurradas,Reconhecido,98394.75,20000.0,118394.75,0,0,0,0
RS-F-4306502-13214-20251210,4306502,Dom Feliciano,RS,10/12/2025,13214,Chuvas Intensas,Reconhecido,1963980.0,1963980.0,3927960.0,0,28,0,28
RS-F-4318804-13214-20251210,4318804,São Lourenço Do Sul,RS,10/12/2025,13214,Chuvas Intensas,Reconhecido,211719.17,211719.17,423438.34,0,0,1,1
PR-F-4102406-12200-20251212,4102406,Bandeirantes,PR,12/12/2025,12200,Enxurradas,Reconhecido,417300.0,389650.0,806950.0,0,4,0,4
PR-F-4103370-12200-20251212,4103370,Brasilândia Do Sul,PR,12/12/2025,12200,Enxurradas,Reconhecido,213000.0,213000.0,426000.0,0,0,0,0
PR-F-4112959-11340-20251212,4112959,Juranda,PR,12/12/2025,11340,Movimento de Massa,Registro,80000.0,80000.0,160000.0,0,0,0,0
RS-F-4313375-13214-20251212,4313375,Nova Santa Rita,RS,12/12/2025,13214,Chuvas Intensas,Registro,3350000.0,350000.0,3700000.0,0,3,0,3
PR-F-4118402-13214-20251212,4118402,Paranavaí,PR,12/12/2025,13214,Chuvas Intensas,Reconhecido,18259570.17,18246570.17,36506140.34,0,0,0,0
PR-F-4101903-12200-20251213,4101903,Assaí,PR,13/12/2025,12200,Enxurradas,Reconhecido,346500.0,160000.0,506500.0,0,1,0,1
PR-F-4124103-12200-20251213,4124103,Santo Antônio Da Platina,PR,13/12/2025,12200,Enxurradas,Reconhecido,6103510.86,38536.0,6142046.86,0,5,0,5
PR-F-4100608-12200-20251214,4100608,Alto Paraná,PR,14/12/2025,12200,Enxurradas,Registro,2100000.0,2100000.0,4200000.0,0,0,0,0
PR-F-4106902-12300-20251214,4106902,Curitiba,PR,14/12/2025,12300,Alagamentos,Registro,0.0,0.0,0.0,0,0,0,0
PR-F-4121901-12300-20251214,4121901,Ribeirão Do Pinhal,PR,14/12/2025,12300,Alagamentos,Reconhecido,3160000.0,90000.0,3250000.0,0,4,0,5
PR-F-4126009-12200-20251214,4126009,São Sebastião Da Amoreira,PR,14/12/2025,12200,Enxurradas,Reconhecido,1069240.0,1069395.0,2138635.0,0,0,0,0
PR-F-4106704-12200-20251215,4106704,Cruzeiro Do Sul,PR,15/12/2025,12200,Enxurradas,Reconhecido,243688.16,0.0,243688.16,0,0,0,0
SC-F-4208302-13214-20251215,4208302,Itapema,SC,15/12/2025,13214,Chuvas Intensas,Registro,0.0,0.0,0.0,0,0,0,0
SC-F-4209458-13214-20251215,4209458,Lajeado Grande,SC,15/12/2025,13214,Chuvas Intensas,Registro,105000.0,110000.0,215000.0,0,0,0,0
RS-F-4300307-13214-20251222,4300307,Alecrim,RS,22/12/2025,13214,Chuvas Intensas,Registro,190000.0,190000.0,380000.0,0,0,0,0
RS-F-4315008-13214-20251222,4315008,Porto Lucena,RS,22/12/2025,13214,Chuvas Intensas,Reconhecido,1000000.0,1000000.0,2000000.0,0,0,0,0
RS-F-4317905-13214-20251222,4317905,Santo Cristo,RS,22/12/2025,13214,Chuvas Intensas,Reconhecido,143000.0,133000.0,276000.0,0,0,0,0
SC-F-4205357-13214-20251223,4205357,Flor Do Sertão,SC,23/12/2025,13214,Chuvas Intensas,Registro,0.0,10000.0,10000.0,0,0,0,0
SC-F-4217006-13214-20251223,4217006,São Ludgero,SC,23/12/2025,13214,Chuvas Intensas,Registro,210000.0,125000.0,335000.0,0,0,0,0
SC-F-4201703-13214-20251224,4201703,Ascurra,SC,24/12/2025,13214,Chuvas Intensas,Registro,1000000.0,0.0,1000000.0,0,0,0,0
SC-F-4205100-13214-20251224,4205100,Dona Emma,SC,24/12/2025,13214,Chuvas Intensas,Registro,0.0,0.0,0.0,0,0,0,0
SC-F-4214201-12200-20251224,4214201,Quilombo,SC,24/12/2025,12200,Enxurradas,Registro,222500.0,0.0,222500.0,0,0,0,0
SC-F-4214904-13214-20251224,4214904,Rio Fortuna,SC,24/12/2025,13214,Chuvas Intensas,Registro,500000.0,0.0,500000.0,0,0,0,0
RS-F-4306700-13214-20251225,4306700,Dona Francisca,RS,25/12/2025,13214,Chuvas Intensas,Reconhecido,1818000.0,1818000.0,3636000.0,0,0,0,0
RS-F-4308003-13214-20251225,4308003,Faxinal Do Soturno,RS,25/12/2025,13214,Chuvas Intensas,Reconhecido,2000000.0,2000000.0,4000000.0,0,0,0,0
RS-F-4313102-13214-20251225,4313102,Nova Palma,RS,25/12/2025,13214,Chuvas Intensas,Reconhecido,1599000.0,1299000.0,2898000.0,0,0,5,5
RS-F-4314068-13214-20251225,4314068,Passa Sete,RS,25/12/2025,13214,Chuvas Intensas,Registro,500000.0,0.0,500000.0,0,0,0,0
RS-F-4316907-13214-20251225,4316907,Santa Maria,RS,25/12/2025,13214,Chuvas Intensas,Reconhecido,17965755.58,17894355.58,35860111.16,0,19,0,19
RS-F-4319125-13214-20251225,4319125,São Martinho Da Serra,RS,25/12/2025,13214,Chuvas Intensas,Registro,0.0,0.0,0.0,0,0,0,0
RS-F-4320651-13214-20251225,4320651,Silveira Martins,RS,25/12/2025,13214,Chuvas Intensas,Registro,0.0,30000.0,30000.0,0,0,0,0
SC-F-4202099-13214-20251226,4202099,Barra Bonita,SC,26/12/2025,13214,Chuvas Intensas,Registro,50000.0,1000.0,51000.0,0,0,0,0
SC-F-4206801-12300-20251226,4206801,Ibicaré,SC,26/12/2025,12300,Alagamentos,Registro,0.0,0.0,0.0,0,0,0,0
SC-F-4212007-12200-20251226,4212007,Palma Sola,SC,26/12/2025,12200,Enxurradas,Registro,600000.0,0.0,600000.0,0,0,0,0
SC-F-4214151-13214-20251226,4214151,Princesa,SC,26/12/2025,13214,Chuvas Intensas,Registro,60000.0,1500.0,61500.0,0,0,0,0
RS-F-4315800-11321-20251226,4315800,Roca Sales,RS,26/12/2025,11321,Movimento de Massa,Registro,0.0,0.0,0.0,0,0,0,0
SC-F-4202107-12300-20251227,4202107,Barra Velha,SC,27/12/2025,12300,Alagamentos,Registro,702000.0,155000.0,857000.0,0,20,0,20
SC-F-4202404-13214-20251227,4202404,Blumenau,SC,27/12/2025,13214,Chuvas Intensas,Registro,1550000.0,470000.0,2020000.0,0,2,0,2
SC-F-4213203-13214-20251227,4213203,Pomerode,SC,27/12/2025,13214,Chuvas Intensas,Registro,475000.0,300000.0,775000.0,0,0,0,0
RS-F-4301206-12200-20251228,4301206,Arroio Do Tigre,RS,28/12/2025,12200,Enxurradas,Registro,3451804.41,3451804.41,6903608.82,0,171,0,171
RS-F-4304101-13214-20251228,4304101,Campos Borges,RS,28/12/2025,13214,Chuvas Intensas,Reconhecido,0.0,650000.0,650000.0,0,0,0,0
RS-F-4315073-13214-20251228,4315073,Porto Vera Cruz,RS,28/12/2025,13214,Chuvas Intensas,Registro,450000.0,450000.0,900000.0,0,0,0,0
RS-F-4318424-13214-20251228,4318424,São João Da Urtiga,RS,28/12/2025,13214,Chuvas Intensas,Reconhecido,200500.0,200500.0,401000.0,0,0,0,0
SC-F-4200903-13214-20251229,4200903,Angelina,SC,29/12/2025,13214,Chuvas Intensas,Reconhecido,2185391.92,2112037.67,4297429.59,0,0,0,0
RS-F-4300901-13214-20251229,4300901,Aratiba,RS,29/12/2025,13214,Chuvas Intensas,Registro,80000.0,0.0,80000.0,0,0,0,0
SC-F-4201703-13214-20251229,4201703,Ascurra,SC,29/12/2025,13214,Chuvas Intensas,Registro,1000000.0,0.0,1000000.0,0,0,0,0
SC-F-4202206-13214-20251229,4202206,Benedito Novo,SC,29/12/2025,13214,Chuvas Intensas,Registro,75000.0,0.0,75000.0,0,0,0,0
SC-F-4204202-13214-20251229,4204202,Chapecó,SC,29/12/2025,13214,Chuvas Intensas,Registro,0.0,45368.0,45368.0,0,0,0,0
SC-F-4204301-12200-20251229,4204301,Concórdia,SC,29/12/2025,12200,Enxurradas,Registro,0.0,0.0,0.0,0,0,0,0
SC-F-4205159-13214-20251229,4205159,Doutor Pedrinho,SC,29/12/2025,13214,Chuvas Intensas,Registro,500000.0,0.0,500000.0,0,0,0,0
RS-F-4306932-12300-20251229,4306932,Entre-Ijuís,RS,29/12/2025,12300,Alagamentos,Registro,0.0,0.0,0.0,0,0,0,0
SC-F-4205308-13214-20251229,4205308,Faxinal Dos Guedes,SC,29/12/2025,13214,Chuvas Intensas,Registro,0.0,0.0,0.0,0,0,0,0
RS-F-4309001-12200-20251229,4309001,Giruá,RS,29/12/2025,12200,Enxurradas,Registro,5000.0,0.0,5000.0,0,0,0,0
SC-F-4206801-13214-20251229,4206801,Ibicaré,SC,29/12/2025,13214,Chuvas Intensas,Reconhecido,750000.0,750000.0,1500000.0,0,0,0,0
SC-F-4209607-13214-20251229,4209607,Lauro Muller,SC,29/12/2025,13214,Chuvas Intensas,Registro,10000000.0,15000.0,10015000.0,0,0,0,0
SC-F-4210035-13214-20251229,4210035,Luzerna,SC,29/12/2025,13214,Chuvas Intensas,Registro,0.0,0.0,0.0,0,0,0,0
SC-F-4211009-12200-20251229,4211009,Mondaí,SC,29/12/2025,12200,Enxurradas,Registro,0.0,0.0,0.0,0,0,0,0
SC-F-4211900-13214-20251229,4211900,Palhoça,SC,29/12/2025,13214,Chuvas Intensas,Registro,1870020.0,0.0,1870020.0,0,18,0,18
SC-F-4216354-13214-20251229,4216354,São João Do Itaperiú,SC,29/12/2025,13214,Chuvas Intensas,Reconhecido,10981731.99,1086452.0,12068183.99,0,0,0,0
SC-F-4217253-13214-20251229,4217253,São Pedro De Alcântara,SC,29/12/2025,13214,Chuvas Intensas,Registro,7000000.0,0.0,7000000.0,0,0,0,0
SC-F-4218509-13214-20251229,4218509,Treze Tílias,SC,29/12/2025,13214,Chuvas Intensas,Registro,4140000.0,0.0,4140000.0,0,49,0,49
SC-F-4218905-13214-20251229,4218905,Urubici,SC,29/12/2025,13214,Chuvas Intensas,Registro,0.0,0.0,0.0,0,0,0,0
SC-F-4200705-13214-20251230,4200705,Alfredo Wagner,SC,30/12/2025,13214,Chuvas Intensas,Registro,678430.85,0.0,678430.85,0,0,0,0
SC-F-4201703-13214-20251230,4201703,Ascurra,SC,30/12/2025,13214,Chuvas Intensas,Registro,0.0,0.0,0.0,0,0,0,0
SC-F-4202057-13214-20251230,4202057,Balneário Barra Do Sul,SC,30/12/2025,13214,Chuvas Intensas,Registro,6330579.4,85000.0,6415579.4,0,58,1,210
RS-F-4301958-13214-20251230,4301958,Barra Funda,RS,30/12/2025,13214,Chuvas Intensas,Registro,0.0,0.0,0.0,0,100,0,100
SC-F-4202701-13214-20251230,4202701,Botuverá,SC,30/12/2025,13214,Chuvas Intensas,Registro,3814220.0,3774220.0,7588440.0,0,0,0,0
SC-F-4202909-13214-20251230,4202909,Brusque,SC,30/12/2025,13214,Chuvas Intensas,Registro,669465.59,186346.7,855812.29,0,103,0,103
RS-F-4304309-13214-20251230,4304309,Cândido Godói,RS,30/12/2025,13214,Chuvas Intensas,Reconhecido,2170000.0,2170000.0,4340000.0,0,5,0,5
RS-F-4307500-13214-20251230,4307500,Espumoso,RS,30/12/2025,13214,Chuvas Intensas,Registro,662784.0,662784.0,1325568.0,0,0,0,0
SC-F-4210605-13214-20251230,4210605,Massaranduba,SC,30/12/2025,13214,Chuvas Intensas,Reconhecido,50380000.0,81780000.0,132160000.0,0,68,0,68
SC-F-4210852-12200-20251230,4210852,Mirim Doce,SC,30/12/2025,12200,Enxurradas,Registro,300000.0,0.0,300000.0,0,0,0,0
SC-F-4211504-13214-20251230,4211504,Nova Trento,SC,30/12/2025,13214,Chuvas Intensas,Reconhecido,1347262.19,512368.0,1859630.19,0,82,0,82
RS-F-4313490-13214-20251230,4313490,Novo Barreiro,RS,30/12/2025,13214,Chuvas Intensas,Reconhecido,583600.0,583600.0,1167200.0,0,10,0,10
SC-F-4213203-13214-20251230,4213203,Pomerode,SC,30/12/2025,13214,Chuvas Intensas,Registro,1240000.0,0.0,1240000.0,0,0,0,0
SC-F-4215109-13214-20251230,4215109,Rodeio,SC,30/12/2025,13214,Chuvas Intensas,Registro,130000.0,0.0,130000.0,0,8,0,8
SC-F-4218202-12200-20251230,4218202,Timbó,SC,30/12/2025,12200,Enxurradas,Registro,0.0,0.0,0.0,0,0,0,0
SC-F-4200200-13214-20251231,4200200,Agrolândia,SC,31/12/2025,13214,Chuvas Intensas,Registro,10000.0,0.0,10000.0,0,10,0,10
SC-F-4200309-12100-20251231,4200309,Agronômica,SC,31/12/2025,12100,Inundações,Registro,0.0,0.0,0.0,0,0,0,0
RS-F-4302006-13214-20251231,4302006,Barros Cassal,RS,31/12/2025,13214,Chuvas Intensas,Registro,0.0,8522297.0,8522297.0,0,0,0,0
RS-F-4303707-12200-20251231,4303707,Campina Das Missões,RS,31/12/2025,12200,Enxurradas,Registro,1294095.0,517000.0,1811095.0,0,0,0,0
RS-F-4305157-13214-20251231,4305157,Cerro Grande,RS,31/12/2025,13214,Chuvas Intensas,Reconhecido,211500.0,211500.0,423000.0,0,0,0,0
RS-F-4305306-13214-20251231,4305306,Chapada,RS,31/12/2025,13214,Chuvas Intensas,Reconhecido,129063.08,129063.08,258126.16,0,4,0,4
SC-F-4204301-12300-20251231,4204301,Concórdia,SC,31/12/2025,12300,Alagamentos,Registro,2378000.0,163000.0,2541000.0,0,0,7,7
SC-F-4205902-13214-20251231,4205902,Gaspar,SC,31/12/2025,13214,Chuvas Intensas,Reconhecido,9069800.0,6665000.0,15734800.0,0,64,0,64
SC-F-4206702-12200-20251231,4206702,Herval D`Oeste,SC,31/12/2025,12200,Enxurradas,Registro,0.0,0.0,0.0,0,0,0,0
SC-F-4208609-13214-20251231,4208609,Jaborá,SC,31/12/2025,13214,Chuvas Intensas,Reconhecido,240000.0,122000.0,362000.0,0,0,0,0
RS-F-4312955-13214-20251231,4312955,Nova Boa Vista,RS,31/12/2025,13214,Chuvas Intensas,Registro,137850.0,140850.0,278700.0,0,0,0,0
SC-F-4212106-13214-20251231,4212106,Palmitos,SC,31/12/2025,13214,Chuvas Intensas,Registro,80000.0,90000.0,170000.0,0,0,0,0
SC-F-4212304-13214-20251231,4212304,Paulo Lopes,SC,31/12/2025,13214,Chuvas Intensas,Registro,229000.0,0.0,229000.0,0,0,0,0
SC-F-4216305-13214-20251231,4216305,São João Batista,SC,31/12/2025,13214,Chuvas Intensas,Reconhecido,350000.0,350000.0,700000.0,0,0,0,0
SC-F-4219606-13214-20251231,4219606,Xavantina,SC,31/12/2025,13214,Chuvas Intensas,Registro,2500000.0,2500000.0,5000000.0,0,0,0,0
