cod_ibge,municipio,uf,capag_pre_ranking,ranking_cconf,capag,criterio_capag_cd,sem_nota_capag,criterio_fiscal_priorizacao
5200050,Abadia de Goiás,GO,A,Bicf,A,False,False,False
3100104,Abadia dos Dourados,MG,B,Dicf,B,False,False,False
5200100,Abadiânia,GO,C,Bicf,C,True,False,True
3100203,Abaeté,MG,C,Aicf,C,True,False,True
1500107,Abaetetuba,PA,C,Bicf,C,True,False,True
2300101,Abaiara,CE,B,Bicf,B,False,False,False
2900108,Abaíra,BA,C,Cicf,C,True,False,True
2900207,Abaré,BA,C,Cicf,C,True,False,True
4100103,Abatiá,PR,A,Dicf,A,False,False,False
4200051,Abdon Batista,SC,A,Bicf,A,False,False,False
1500131,Abel Figueiredo,PA,C,Bicf,C,True,False,True
4200101,Abelardo Luz,SC,A,Bicf,A,False,False,False
3100302,Abre Campo,MG,A,Cicf,A,False,False,False
2600054,Abreu e Lima,PE,A,Bicf,A,False,False,False
1700251,Abreulândia,TO,C,Bicf,C,True,False,True
3100401,Acaiaca,MG,A,Cicf,A,False,False,False
2100055,Açailândia,MA,B,Cicf,B,False,False,False
2900306,Acajutiba,BA,C,Bicf,C,True,False,True
1500206,Acará,PA,n.d.,Eicf,n.e.,False,True,True
2300150,Acarape,CE,B,Cicf,B,False,False,False
2300200,Acaraú,CE,C,Bicf,C,True,False,True
2400109,Acari,RN,B,Bicf,B,False,False,False
2200053,Acauã,PI,C,Cicf,C,True,False,True
4300034,Aceguá,RS,C,Aicf,C,True,False,True
2300309,Acopiara,CE,C,Bicf,C,True,False,True
5100102,Acorizal,MT,n.d.,Cicf,n.d.,False,True,True
1200013,Acrelândia,AC,A,Bicf,A,False,False,False
5200134,Acreúna,GO,B,Cicf,B,False,False,False
2400208,Açu,RN,C,Bicf,C,True,False,True
3100500,Açucena,MG,B,Dicf,B,False,False,False
3500105,Adamantina,SP,C,Bicf,C,True,False,True
5200159,Adelândia,GO,C,Bicf,C,True,False,True
3500204,Adolfo,SP,C,Cicf,C,True,False,True
4100202,Adrianópolis,PR,n.d.,Bicf,n.d.,False,True,True
2900355,Adustina,BA,B,Cicf,B,False,False,False
2600104,Afogados da Ingazeira,PE,C,Cicf,C,True,False,True
2400307,Afonso Bezerra,RN,C,Cicf,C,True,False,True
3200102,Afonso Cláudio,ES,A,Aicf,A+,False,False,False
2100105,Afonso Cunha,MA,C,Cicf,C,True,False,True
2600203,Afrânio,PE,C,Aicf,C,True,False,True
1500305,Afuá,PA,C,Cicf,C,True,False,True
2600302,Agrestina,PE,C,Aicf,C,True,False,True
2200103,Agricolândia,PI,A,Cicf,A,False,False,False
4200200,Agrolândia,SC,A,Cicf,A,False,False,False
4200309,Agronômica,SC,B,Bicf,B,False,False,False
1500347,Água Azul do Norte,PA,B,Bicf,B,False,False,False
3100609,Água Boa,MG,A,Eicf,n.e.,False,True,True
5100201,Água Boa,MT,B,Aicf,B+,False,False,False
2200202,Água Branca,PI,B,Bicf,B,False,False,False
2500106,Água Branca,PB,C,Dicf,C,True,False,True
2700102,Água Branca,AL,A,Bicf,A,False,False,False
5000203,Água Clara,MS,A,Cicf,A,False,False,False
3100708,Água Comprida,MG,A,Cicf,A,False,False,False
4200408,Água Doce,SC,A,Aicf,A+,False,False,False
2100154,Água Doce do Maranhão,MA,C,Bicf,C,True,False,True
3200169,Água Doce do Norte,ES,B,Aicf,B+,False,False,False
2900405,Água Fria,BA,C,Dicf,C,True,False,True
5200175,Água Fria de Goiás,GO,C,Cicf,C,True,False,True
5200209,Água Limpa,GO,C,Bicf,C,True,False,True
2400406,Água Nova,RN,n.d.,Cicf,n.d.,False,True,True
2600401,Água Preta,PE,C,Bicf,C,True,False,True
4300059,Água Santa,RS,A,Cicf,A,False,False,False
3500303,Aguaí,SP,A,Bicf,A,False,False,False
3100807,Aguanil,MG,A,Dicf,A,False,False,False
2600500,Águas Belas,PE,C,Bicf,C,True,False,True
3500402,Águas da Prata,SP,C,Aicf,C,True,False,True
4200507,Águas de Chapecó,SC,C,Aicf,C,True,False,True
3500501,Águas de Lindóia,SP,A,Bicf,A,False,False,False
3500550,Águas de Santa Bárbara,SP,C,Bicf,C,True,False,True
3500600,Águas de São Pedro,SP,C,Bicf,C,True,False,True
3100906,Águas Formosas,MG,n.d.,Dicf,n.d.,False,True,True
4200556,Águas Frias,SC,A,Bicf,A,False,False,False
5200258,Águas Lindas de Goiás,GO,A,Cicf,A,False,False,False
4200606,Águas Mornas,SC,n.d.,Bicf,n.d.,False,True,True
3101003,Águas Vermelhas,MG,B,Aicf,B+,False,False,False
4300109,Agudo,RS,A,Aicf,A+,False,False,False
3500709,Agudos,SP,n.d.,Bicf,n.d.,False,True,True
4100301,Agudos do Sul,PR,n.d.,Cicf,n.d.,False,True,True
3200136,Águia Branca,ES,B,Aicf,B+,False,False,False
2500205,Aguiar,PB,B,Bicf,B,False,False,False
1700301,Aguiarnópolis,TO,B,Bicf,B,False,False,False
3101102,Aimorés,MG,B,Bicf,B,False,False,False
2900603,Aiquara,BA,C,Bicf,C,True,False,True
2300408,Aiuaba,CE,n.d.,Bicf,n.d.,False,True,True
3101201,Aiuruoca,MG,C,Bicf,C,True,False,True
4300208,Ajuricaba,RS,C,Bicf,C,True,False,True
3101300,Alagoa,MG,B,Cicf,B,False,False,False
2500304,Alagoa Grande,PB,B,Bicf,B,False,False,False
2500403,Alagoa Nova,PB,B,Eicf,n.e.,False,True,True
2500502,Alagoinha,PB,C,Eicf,n.e.,False,True,True
2600609,Alagoinha,PE,C,Aicf,C,True,False,True
2200251,Alagoinha do Piauí,PI,C,Bicf,C,True,False,True
2900702,Alagoinhas,BA,B,Aicf,B+,False,False,False
3500758,Alambari,SP,C,Bicf,C,True,False,True
3101409,Albertina,MG,C,Aicf,C,True,False,True
2100204,Alcântara,MA,C,Dicf,C,True,False,True
2300507,Alcântaras,CE,C,Eicf,n.e.,False,True,True
2500536,Alcantil,PB,C,Bicf,C,True,False,True
5000252,Alcinópolis,MS,B,Bicf,B,False,False,False
2900801,Alcobaça,BA,C,Cicf,C,True,False,True
2100303,Aldeias Altas,MA,B,Bicf,B,False,False,False
4300307,Alecrim,RS,C,Bicf,C,True,False,True
3200201,Alegre,ES,B,Bicf,B,False,False,False
4300406,Alegrete,RS,C,Bicf,C,True,False,True
2200277,Alegrete do Piauí,PI,C,Cicf,C,True,False,True
4300455,Alegria,RS,A,Cicf,A,False,False,False
3101508,Além Paraíba,MG,C,Cicf,C,True,False,True
1500404,Alenquer,PA,B,Bicf,B,False,False,False
2400505,Alexandria,RN,C,Bicf,C,True,False,True
5200308,Alexânia,GO,A,Cicf,A,False,False,False
3101607,Alfenas,MG,C,Bicf,C,True,False,True
3200300,Alfredo Chaves,ES,C,Aicf,C,True,False,True
3500808,Alfredo Marcondes,SP,C,Cicf,C,True,False,True
3101631,Alfredo Vasconcelos,MG,A,Aicf,A+,False,False,False
4200705,Alfredo Wagner,SC,C,Bicf,C,True,False,True
2500577,Algodão de Jandaíra,PB,C,Bicf,C,True,False,True
2500601,Alhandra,PB,C,Bicf,C,True,False,True
2600708,Aliança,PE,B,Bicf,B,False,False,False
1700350,Aliança do Tocantins,TO,C,Cicf,C,True,False,True
2900900,Almadina,BA,n.d.,Cicf,n.d.,False,True,True
1700400,Almas,TO,B,Eicf,n.e.,False,True,True
1500503,Almeirim,PA,C,Bicf,C,True,False,True
3101706,Almenara,MG,C,Cicf,C,True,False,True
2400604,Almino Afonso,RN,B,Bicf,B,False,False,False
4100400,Almirante Tamandaré,PR,n.d.,Cicf,n.d.,False,True,True
4300471,Almirante Tamandaré do Sul,RS,A,Aicf,A+,False,False,False
5200506,Aloândia,GO,n.d.,Bicf,n.d.,False,True,True
3101805,Alpercata,MG,B,Cicf,B,False,False,False
4300505,Alpestre,RS,A,Bicf,A,False,False,False
3101904,Alpinópolis,MG,C,Cicf,C,True,False,True
5100250,Alta Floresta,MT,A,Bicf,A,False,False,False
1100015,Alta Floresta D'Oeste,RO,C,Cicf,C,True,False,True
3500907,Altair,SP,C,Aicf,C,True,False,True
1500602,Altamira,PA,C,Bicf,C,True,False,True
2100402,Altamira do Maranhão,MA,C,Bicf,C,True,False,True
4100459,Altamira do Paraná,PR,A,Cicf,A,False,False,False
2300606,Altaneira,CE,C,Bicf,C,True,False,True
3102001,Alterosa,MG,B,Bicf,B,False,False,False
2600807,Altinho,PE,C,Bicf,C,True,False,True
3501004,Altinópolis,SP,A,Bicf,A,False,False,False
1400050,Alto Alegre,RR,n.d.,Cicf,n.d.,False,True,True
3501103,Alto Alegre,SP,C,Aicf,C,True,False,True
4300554,Alto Alegre,RS,A,Aicf,A+,False,False,False
2100436,Alto Alegre do Maranhão,MA,B,Cicf,B,False,False,False
2100477,Alto Alegre do Pindaré,MA,C,Bicf,C,True,False,True
1100379,Alto Alegre dos Parecis,RO,C,Cicf,C,True,False,True
5100300,Alto Araguaia,MT,C,Bicf,C,True,False,True
4200754,Alto Bela Vista,SC,A,Bicf,A,False,False,False
5100359,Alto Boa Vista,MT,C,Cicf,C,True,False,True
3102050,Alto Caparaó,MG,n.d.,Dicf,n.d.,False,True,True
2400703,Alto do Rodrigues,RN,C,Bicf,C,True,False,True
4300570,Alto Feliz,RS,A,Aicf,A+,False,False,False
5100409,Alto Garças,MT,C,Bicf,C,True,False,True
5200555,Alto Horizonte,GO,B,Eicf,n.e.,False,True,True
3153509,Alto Jequitibá,MG,B,Cicf,B,False,False,False
2200301,Alto Longá,PI,C,Cicf,C,True,False,True
5100508,Alto Paraguai,MT,B,Bicf,B,False,False,False
1100403,Alto Paraíso,RO,B,Aicf,B+,False,False,False
4128625,Alto Paraíso,PR,C,Bicf,C,True,False,True
5200605,Alto Paraíso de Goiás,GO,n.d.,Bicf,n.d.,False,True,True
4100608,Alto Paraná,PR,B,Cicf,B,False,False,False
2100501,Alto Parnaíba,MA,C,Bicf,C,True,False,True
4100707,Alto Piquiri,PR,B,Bicf,B,False,False,False
3102100,Alto Rio Doce,MG,A,Bicf,A,False,False,False
3200359,Alto Rio Novo,ES,A,Aicf,A+,False,False,False
2300705,Alto Santo,CE,A,Bicf,A,False,False,False
5100607,Alto Taquari,MT,B,Bicf,B,False,False,False
4100509,Altônia,PR,n.d.,Bicf,n.d.,False,True,True
2200400,Altos,PI,B,Bicf,B,False,False,False
3501152,Alumínio,SP,B,Bicf,B,False,False,False
1300029,Alvarães,AM,C,Cicf,C,True,False,True
3102209,Alvarenga,MG,C,Dicf,C,True,False,True
3501202,Álvares Florence,SP,C,Bicf,C,True,False,True
3501301,Álvares Machado,SP,A,Bicf,A,False,False,False
3501400,Álvaro de Carvalho,SP,C,Bicf,C,True,False,True
3501509,Alvinlândia,SP,C,Aicf,C,True,False,True
3102308,Alvinópolis,MG,n.d.,Bicf,n.d.,False,True,True
1700707,Alvorada,TO,A,Cicf,A,False,False,False
4300604,Alvorada,RS,A,Aicf,A+,False,False,False
3102407,Alvorada de Minas,MG,B,Aicf,B+,False,False,False
2200459,Alvorada do Gurguéia,PI,C,Bicf,C,True,False,True
5200803,Alvorada do Norte,GO,C,Cicf,C,True,False,True
4100806,Alvorada do Sul,PR,n.d.,Dicf,n.d.,False,True,True
1100346,Alvorada D'Oeste,RO,A,Bicf,A,False,False,False
1400027,Amajari,RR,n.d.,Bicf,n.d.,False,True,True
5000609,Amambai,MS,A,Cicf,A,False,False,False
1600105,Amapá,AP,n.d.,Eicf,n.e.,False,True,True
2100550,Amapá do Maranhão,MA,A,Bicf,A,False,False,False
4100905,Amaporã,PR,A,Dicf,A,False,False,False
2600906,Amaraji,PE,C,Bicf,C,True,False,True
4300638,Amaral Ferrador,RS,A,Aicf,A+,False,False,False
5200829,Amaralina,GO,A,Bicf,A,False,False,False
2200509,Amarante,PI,n.d.,Bicf,n.d.,False,True,True
2100600,Amarante do Maranhão,MA,C,Cicf,C,True,False,True
2901007,Amargosa,BA,B,Aicf,B+,False,False,False
1300060,Amaturá,AM,B,Bicf,B,False,False,False
2901106,Amélia Rodrigues,BA,B,Cicf,B,False,False,False
2901155,América Dourada,BA,C,Bicf,C,True,False,True
3501608,Americana,SP,B,Bicf,B,False,False,False
5200852,Americano do Brasil,GO,n.d.,Dicf,n.d.,False,True,True
3501707,Américo Brasiliense,SP,C,Bicf,C,True,False,True
3501806,Américo de Campos,SP,C,Aicf,C,True,False,True
4300646,Ametista do Sul,RS,A,Aicf,A+,False,False,False
2300754,Amontada,CE,C,Cicf,C,True,False,True
5200902,Amorinópolis,GO,n.d.,Bicf,n.d.,False,True,True
2500734,Amparo,PB,C,Aicf,C,True,False,True
3501905,Amparo,SP,C,Aicf,C,True,False,True
2800100,Amparo do São Francisco,SE,C,Bicf,C,True,False,True
3102506,Amparo do Serra,MG,A,Bicf,A,False,False,False
4101002,Ampére,PR,C,Bicf,C,True,False,True
2700201,Anadia,AL,C,Bicf,C,True,False,True
2901205,Anagé,BA,n.d.,Eicf,n.e.,False,True,True
4101051,Anahy,PR,C,Bicf,C,True,False,True
1500701,Anajás,PA,C,Bicf,C,True,False,True
2100709,Anajatuba,MA,B,Dicf,B,False,False,False
3502002,Analândia,SP,C,Bicf,C,True,False,True
1300086,Anamã,AM,C,Cicf,C,True,False,True
1701002,Ananás,TO,C,Bicf,C,True,False,True
1500800,Ananindeua,PA,B,Bicf,B,False,False,False
5201108,Anápolis,GO,B,Cicf,B,False,False,False
1500859,Anapu,PA,n.d.,Eicf,n.e.,False,True,True
2100808,Anapurus,MA,C,Cicf,C,True,False,True
5000708,Anastácio,MS,A,Bicf,A,False,False,False
5000807,Anaurilândia,MS,A,Bicf,A,False,False,False
3200409,Anchieta,ES,B,Aicf,B+,False,False,False
4200804,Anchieta,SC,A,Aicf,A+,False,False,False
2901304,Andaraí,BA,B,Cicf,B,False,False,False
4101101,Andirá,PR,A,Bicf,A,False,False,False
2901353,Andorinha,BA,C,Bicf,C,True,False,True
3102605,Andradas,MG,B,Cicf,B,False,False,False
3502101,Andradina,SP,C,Aicf,C,True,False,True
4300661,André da Rocha,RS,A,Aicf,A+,False,False,False
3102803,Andrelândia,MG,A,Cicf,A,False,False,False
3502200,Angatuba,SP,C,Bicf,C,True,False,True
3102852,Angelândia,MG,C,Aicf,C,True,False,True
5000856,Angélica,MS,A,Bicf,A,False,False,False
2601003,Angelim,PE,B,Aicf,B+,False,False,False
4200903,Angelina,SC,A,Bicf,A,False,False,False
2901403,Angical,BA,C,Bicf,C,True,False,True
2200608,Angical do Piauí,PI,B,Bicf,B,False,False,False
1701051,Angico,TO,B,Bicf,B,False,False,False
2400802,Angicos,RN,B,Bicf,B,False,False,False
3300100,Angra dos Reis,RJ,C,Bicf,C,True,False,True
2901502,Anguera,BA,C,Cicf,C,True,False,True
4101150,Ângulo,PR,A,Bicf,A,False,False,False
5201207,Anhanguera,GO,B,Bicf,B,False,False,False
3502309,Anhembi,SP,C,Aicf,C,True,False,True
3502408,Anhumas,SP,A,Bicf,A,False,False,False
5201306,Anicuns,GO,C,Bicf,C,True,False,True
2200707,Anísio de Abreu,PI,A,Bicf,A,False,False,False
4201000,Anita Garibaldi,SC,C,Aicf,C,True,False,True
4201109,Anitápolis,SC,A,Bicf,A,False,False,False
1300102,Anori,AM,C,Bicf,C,True,False,True
4300703,Anta Gorda,RS,B,Bicf,B,False,False,False
2901601,Antas,BA,C,Bicf,C,True,False,True
4101200,Antonina,PR,C,Cicf,C,True,False,True
2300804,Antonina do Norte,CE,C,Bicf,C,True,False,True
2200806,Antônio Almeida,PI,C,Aicf,C,True,False,True
2901700,Antônio Cardoso,BA,C,Cicf,C,True,False,True
3102902,Antônio Carlos,MG,B,Bicf,B,False,False,False
4201208,Antônio Carlos,SC,A,Bicf,A,False,False,False
3103009,Antônio Dias,MG,A,Dicf,A,False,False,False
2901809,Antônio Gonçalves,BA,n.d.,Eicf,n.e.,False,True,True
5000906,Antônio João,MS,B,Bicf,B,False,False,False
2400901,Antônio Martins,RN,n.d.,Bicf,n.d.,False,True,True
4101309,Antônio Olinto,PR,A,Cicf,A,False,False,False
4300802,Antônio Prado,RS,A,Bicf,A,False,False,False
3103108,Antônio Prado de Minas,MG,n.d.,Cicf,n.d.,False,True,True
2500775,Aparecida,PB,C,Cicf,C,True,False,True
3502507,Aparecida,SP,C,Bicf,C,True,False,True
5201405,Aparecida de Goiânia,GO,B,Dicf,B,False,False,False
5201454,Aparecida do Rio Doce,GO,n.d.,Dicf,n.d.,False,True,True
1701101,Aparecida do Rio Negro,TO,A,Bicf,A,False,False,False
5001003,Aparecida do Taboado,MS,B,Bicf,B,False,False,False
3502606,Aparecida d'Oeste,SP,C,Bicf,C,True,False,True
3300159,Aperibé,RJ,C,Cicf,C,True,False,True
3200508,Apiacá,ES,B,Aicf,B+,False,False,False
5100805,Apiacás,MT,n.d.,Bicf,n.d.,False,True,True
3502705,Apiaí,SP,C,Dicf,C,True,False,True
2100832,Apicum-Açu,MA,B,Bicf,B,False,False,False
4201257,Apiúna,SC,A,Aicf,A+,False,False,False
2401008,Apodi,RN,n.d.,Bicf,n.d.,False,True,True
2901908,Aporá,BA,C,Bicf,C,True,False,True
5201504,Aporé,GO,B,Cicf,B,False,False,False
2901957,Apuarema,BA,C,Cicf,C,True,False,True
4101408,Apucarana,PR,A,Bicf,A,False,False,False
1300144,Apuí,AM,C,Aicf,C,True,False,True
2300903,Apuiarés,CE,C,Eicf,n.e.,False,True,True
2800209,Aquidabã,SE,n.d.,Bicf,n.d.,False,True,True
5001102,Aquidauana,MS,B,Bicf,B,False,False,False
2301000,Aquiraz,CE,C,Bicf,C,True,False,True
4201273,Arabutã,SC,A,Aicf,A+,False,False,False
2500809,Araçagi,PB,C,Dicf,C,True,False,True
3103207,Araçaí,MG,n.d.,Bicf,n.d.,False,True,True
2800308,Aracaju,SE,C,Bicf,C,True,False,True
3502754,Araçariguama,SP,C,Bicf,C,True,False,True
2902054,Araçás,BA,A,Bicf,A,False,False,False
2301109,Aracati,CE,C,Bicf,C,True,False,True
2902005,Aracatu,BA,C,Cicf,C,True,False,True
3502804,Araçatuba,SP,C,Cicf,C,True,False,True
2902104,Araci,BA,D,Bicf,D,True,False,True
3103306,Aracitaba,MG,C,Bicf,C,True,False,True
2301208,Aracoiaba,CE,C,Cicf,C,True,False,True
2601052,Araçoiaba,PE,C,Bicf,C,True,False,True
3502903,Araçoiaba da Serra,SP,C,Bicf,C,True,False,True
3200607,Aracruz,ES,A,Aicf,A+,False,False,False
5201603,Araçu,GO,B,Bicf,B,False,False,False
3103405,Araçuaí,MG,C,Dicf,C,True,False,True
5201702,Aragarças,GO,n.d.,Bicf,n.d.,False,True,True
5201801,Aragoiânia,GO,B,Bicf,B,False,False,False
1701309,Aragominas,TO,n.d.,Eicf,n.e.,False,True,True
1701903,Araguacema,TO,n.d.,Dicf,n.d.,False,True,True
1702000,Araguaçu,TO,C,Cicf,C,True,False,True
5101001,Araguaiana,MT,B,Cicf,B,False,False,False
1702109,Araguaína,TO,A,Dicf,A,False,False,False
5101209,Araguainha,MT,B,Cicf,B,False,False,False
1702158,Araguanã,TO,n.d.,Eicf,n.e.,False,True,True
2100873,Araguanã,MA,C,Bicf,C,True,False,True
5202155,Araguapaz,GO,C,Bicf,C,True,False,True
3103504,Araguari,MG,n.d.,Bicf,n.d.,False,True,True
1702208,Araguatins,TO,B,Bicf,B,False,False,False
2100907,Araioses,MA,B,Cicf,B,False,False,False
5001243,Aral Moreira,MS,C,Cicf,C,True,False,True
2902203,Aramari,BA,C,Bicf,C,True,False,True
4300851,Arambaré,RS,B,Aicf,B+,False,False,False
2100956,Arame,MA,C,Bicf,C,True,False,True
3503000,Aramina,SP,C,Bicf,C,True,False,True
3503109,Arandu,SP,B,Cicf,B,False,False,False
3103603,Arantina,MG,C,Cicf,C,True,False,True
3503158,Arapeí,SP,n.d.,Cicf,n.d.,False,True,True
2700300,Arapiraca,AL,A,Aicf,A+,False,False,False
1702307,Arapoema,TO,B,Bicf,B,False,False,False
3103702,Araponga,MG,n.d.,Cicf,n.d.,False,True,True
4101507,Arapongas,PR,B,Bicf,B,False,False,False
3103751,Araporã,MG,C,Cicf,C,True,False,True
4101606,Arapoti,PR,B,Cicf,B,False,False,False
3103801,Arapuá,MG,A,Cicf,A,False,False,False
4101655,Arapuã,PR,B,Bicf,B,False,False,False
5101258,Araputanga,MT,B,Bicf,B,False,False,False
4201307,Araquari,SC,A,Aicf,A+,False,False,False
2500908,Arara,PB,n.d.,Eicf,n.e.,False,True,True
4201406,Araranguá,SC,A,Bicf,A,False,False,False
3503208,Araraquara,SP,C,Bicf,C,True,False,True
3503307,Araras,SP,C,Bicf,C,True,False,True
2301257,Ararendá,CE,B,Bicf,B,False,False,False
2101004,Arari,MA,A,Cicf,A,False,False,False
4300877,Araricá,RS,C,Bicf,C,True,False,True
2301307,Araripe,CE,C,Bicf,C,True,False,True
2601102,Araripina,PE,C,Aicf,C,True,False,True
3300209,Araruama,RJ,A,Cicf,A,False,False,False
2501005,Araruna,PB,B,Eicf,n.e.,False,True,True
4101705,Araruna,PR,C,Bicf,C,True,False,True
2902252,Arataca,BA,C,Bicf,C,True,False,True
4300901,Aratiba,RS,A,Aicf,A+,False,False,False
2301406,Aratuba,CE,C,Bicf,C,True,False,True
2902302,Aratuípe,BA,n.d.,Dicf,n.d.,False,True,True
2800407,Arauá,SE,C,Bicf,C,True,False,True
4101804,Araucária,PR,A,Cicf,A,False,False,False
3103900,Araújos,MG,B,Bicf,B,False,False,False
3104007,Araxá,MG,C,Cicf,C,True,False,True
3104106,Arceburgo,MG,B,Cicf,B,False,False,False
3503356,Arco-Íris,SP,A,Aicf,A+,False,False,False
3104205,Arcos,MG,C,Aicf,C,True,False,True
2601201,Arcoverde,PE,C,Aicf,C,True,False,True
3104304,Areado,MG,C,Bicf,C,True,False,True
3300225,Areal,RJ,n.d.,Bicf,n.d.,False,True,True
3503406,Arealva,SP,C,Bicf,C,True,False,True
2501104,Areia,PB,B,Eicf,n.e.,False,True,True
2401107,Areia Branca,RN,C,Bicf,C,True,False,True
2800506,Areia Branca,SE,C,Bicf,C,True,False,True
2501153,Areia de Baraúnas,PB,C,Cicf,C,True,False,True
2501203,Areial,PB,B,Cicf,B,False,False,False
3503505,Areias,SP,C,Cicf,C,True,False,True
3503604,Areiópolis,SP,C,Bicf,C,True,False,True
5101308,Arenápolis,MT,B,Aicf,B+,False,False,False
5202353,Arenópolis,GO,n.d.,Cicf,n.d.,False,True,True
2401206,Arês,RN,B,Bicf,B,False,False,False
3104403,Argirita,MG,A,Bicf,A,False,False,False
3104452,Aricanduva,MG,C,Cicf,C,True,False,True
3104502,Arinos,MG,C,Aicf,C,True,False,True
5101407,Aripuanã,MT,A,Bicf,A,False,False,False
1100023,Ariquemes,RO,B,Aicf,B+,False,False,False
3503703,Ariranha,SP,C,Bicf,C,True,False,True
4101853,Ariranha do Ivaí,PR,B,Bicf,B,False,False,False
3300233,Armação dos Búzios,RJ,n.d.,Cicf,n.d.,False,True,True
4201505,Armazém,SC,C,Cicf,C,True,False,True
2301505,Arneiroz,CE,C,Bicf,C,True,False,True
2200905,Aroazes,PI,C,Bicf,C,True,False,True
2501302,Aroeiras,PB,C,Bicf,C,True,False,True
2200954,Aroeiras do Itaim,PI,C,Bicf,C,True,False,True
2201002,Arraial,PI,B,Bicf,B,False,False,False
3300258,Arraial do Cabo,RJ,A,Eicf,n.e.,False,True,True
1702406,Arraias,TO,B,Cicf,B,False,False,False
4301008,Arroio do Meio,RS,C,Bicf,C,True,False,True
4301073,Arroio do Padre,RS,A,Aicf,A+,False,False,False
4301057,Arroio do Sal,RS,A,Aicf,A+,False,False,False
4301206,Arroio do Tigre,RS,n.d.,Cicf,n.d.,False,True,True
4301107,Arroio dos Ratos,RS,C,Cicf,C,True,False,True
4301305,Arroio Grande,RS,B,Aicf,B+,False,False,False
4201604,Arroio Trinta,SC,A,Bicf,A,False,False,False
3503802,Artur Nogueira,SP,B,Bicf,B,False,False,False
5202502,Aruanã,GO,A,Bicf,A,False,False,False
3503901,Arujá,SP,C,Bicf,C,True,False,True
4201653,Arvoredo,SC,A,Aicf,A+,False,False,False
4301404,Arvorezinha,RS,B,Aicf,B+,False,False,False
4201703,Ascurra,SC,B,Aicf,B+,False,False,False
3503950,Aspásia,SP,A,Dicf,A,False,False,False
4101903,Assaí,PR,A,Bicf,A,False,False,False
2301604,Assaré,CE,C,Bicf,C,True,False,True
3504008,Assis,SP,A,Bicf,A,False,False,False
1200054,Assis Brasil,AC,C,Bicf,C,True,False,True
4102000,Assis Chateaubriand,PR,A,Aicf,A+,False,False,False
2501351,Assunção,PB,n.d.,Bicf,n.d.,False,True,True
2201051,Assunção do Piauí,PI,C,Bicf,C,True,False,True
3104601,Astolfo Dutra,MG,C,Bicf,C,True,False,True
4102109,Astorga,PR,B,Bicf,B,False,False,False
2700409,Atalaia,AL,C,Aicf,C,True,False,True
4102208,Atalaia,PR,A,Cicf,A,False,False,False
1300201,Atalaia do Norte,AM,C,Bicf,C,True,False,True
4201802,Atalanta,SC,A,Bicf,A,False,False,False
3104700,Ataléia,MG,C,Cicf,C,True,False,True
3504107,Atibaia,SP,A,Bicf,A,False,False,False
3200706,Atílio Vivácqua,ES,C,Aicf,C,True,False,True
1702554,Augustinópolis,TO,B,Bicf,B,False,False,False
1500909,Augusto Corrêa,PA,A,Bicf,A,False,False,False
3104809,Augusto de Lima,MG,C,Aicf,C,True,False,True
4301503,Augusto Pestana,RS,A,Aicf,A+,False,False,False
4301552,Áurea,RS,A,Bicf,A,False,False,False
2902401,Aurelino Leal,BA,C,Bicf,C,True,False,True
3504206,Auriflama,SP,A,Aicf,A+,False,False,False
5202601,Aurilândia,GO,n.d.,Dicf,n.d.,False,True,True
2301703,Aurora,CE,C,Bicf,C,True,False,True
4201901,Aurora,SC,C,Aicf,C,True,False,True
1500958,Aurora do Pará,PA,C,Eicf,n.e.,False,True,True
1702703,Aurora do Tocantins,TO,C,Cicf,C,True,False,True
1300300,Autazes,AM,C,Dicf,C,True,False,True
3504305,Avaí,SP,C,Aicf,C,True,False,True
3504404,Avanhandava,SP,C,Bicf,C,True,False,True
3504503,Avaré,SP,C,Aicf,C,True,False,True
1501006,Aveiro,PA,C,Eicf,n.e.,False,True,True
2201101,Avelino Lopes,PI,C,Bicf,C,True,False,True
5202809,Avelinópolis,GO,C,Bicf,C,True,False,True
2101103,Axixá,MA,C,Bicf,C,True,False,True
1702901,Axixá do Tocantins,TO,C,Bicf,C,True,False,True
1703008,Babaçulândia,TO,B,Bicf,B,False,False,False
2101202,Bacabal,MA,C,Dicf,C,True,False,True
2101251,Bacabeira,MA,A,Cicf,A,False,False,False
2101301,Bacuri,MA,C,Bicf,C,True,False,True
2101350,Bacurituba,MA,A,Cicf,A,False,False,False
3504602,Bady Bassitt,SP,C,Bicf,C,True,False,True
3104908,Baependi,MG,B,Bicf,B,False,False,False
4301602,Bagé,RS,C,Bicf,C,True,False,True
1501105,Bagre,PA,C,Bicf,C,True,False,True
2501401,Baía da Traição,PB,C,Dicf,C,True,False,True
2401404,Baía Formosa,RN,B,Bicf,B,False,False,False
2902500,Baianópolis,BA,B,Bicf,B,False,False,False
1501204,Baião,PA,C,Bicf,C,True,False,True
2902609,Baixa Grande,BA,B,Cicf,B,False,False,False
2201150,Baixa Grande do Ribeiro,PI,C,Bicf,C,True,False,True
2301802,Baixio,CE,C,Bicf,C,True,False,True
3200805,Baixo Guandu,ES,A,Aicf,A+,False,False,False
3504701,Balbinos,SP,B,Aicf,B+,False,False,False
3105004,Baldim,MG,C,Cicf,C,True,False,True
5203104,Baliza,GO,C,Bicf,C,True,False,True
4201950,Balneário Arroio do Silva,SC,A,Bicf,A,False,False,False
4202057,Balneário Barra do Sul,SC,A,Bicf,A,False,False,False
4202008,Balneário Camboriú,SC,A,Aicf,A+,False,False,False
4202073,Balneário Gaivota,SC,C,Bicf,C,True,False,True
4212809,Balneário Piçarras,SC,A,Bicf,A,False,False,False
4301636,Balneário Pinhal,RS,C,Cicf,C,True,False,True
4220000,Balneário Rincão,SC,B,Bicf,B,False,False,False
4102307,Balsa Nova,PR,A,Bicf,A,False,False,False
3504800,Bálsamo,SP,C,Aicf,C,True,False,True
2101400,Balsas,MA,B,Bicf,B,False,False,False
3105103,Bambuí,MG,C,Bicf,C,True,False,True
2301851,Banabuiú,CE,C,Cicf,C,True,False,True
3504909,Bananal,SP,n.d.,Bicf,n.d.,False,True,True
2501500,Bananeiras,PB,C,Dicf,C,True,False,True
3105202,Bandeira,MG,B,Bicf,B,False,False,False
3105301,Bandeira do Sul,MG,n.d.,Cicf,n.d.,False,True,True
4202081,Bandeirante,SC,B,Bicf,B,False,False,False
4102406,Bandeirantes,PR,C,Bicf,C,True,False,True
5001508,Bandeirantes,MS,B,Bicf,B,False,False,False
1703057,Bandeirantes do Tocantins,TO,B,Bicf,B,False,False,False
1501253,Bannach,PA,C,Bicf,C,True,False,True
2902658,Banzaê,BA,C,Bicf,C,True,False,True
4301651,Barão,RS,A,Bicf,A,False,False,False
3505005,Barão de Antonina,SP,C,Bicf,C,True,False,True
3105400,Barão de Cocais,MG,A,Bicf,A,False,False,False
4301701,Barão de Cotegipe,RS,A,Bicf,A,False,False,False
2101509,Barão de Grajaú,MA,n.d.,Cicf,n.d.,False,True,True
5101605,Barão de Melgaço,MT,B,Cicf,B,False,False,False
3105509,Barão de Monte Alto,MG,B,Cicf,B,False,False,False
4301750,Barão do Triunfo,RS,A,Bicf,A,False,False,False
2401453,Baraúna,RN,C,Bicf,C,True,False,True
2501534,Baraúna,PB,A,Cicf,A,False,False,False
3105608,Barbacena,MG,C,Aicf,C,True,False,True
2301901,Barbalha,CE,B,Bicf,B,False,False,False
3505104,Barbosa,SP,C,Bicf,C,True,False,True
4102505,Barbosa Ferraz,PR,A,Dicf,A,False,False,False
1501303,Barcarena,PA,n.d.,Eicf,n.e.,False,True,True
2401503,Barcelona,RN,C,Bicf,C,True,False,True
1300409,Barcelos,AM,B,Bicf,B,False,False,False
3505203,Bariri,SP,C,Aicf,C,True,False,True
2902708,Barra,BA,B,Bicf,B,False,False,False
3505302,Barra Bonita,SP,C,Bicf,C,True,False,True
4202099,Barra Bonita,SC,A,Aicf,A+,False,False,False
2902807,Barra da Estiva,BA,A,Bicf,A,False,False,False
2201176,Barra D'Alcântara,PI,C,Cicf,C,True,False,True
2601300,Barra de Guabiraba,PE,C,Aicf,C,True,False,True
2501609,Barra de Santa Rosa,PB,C,Dicf,C,True,False,True
2501575,Barra de Santana,PB,n.d.,Cicf,n.d.,False,True,True
2700508,Barra de Santo Antônio,AL,C,Bicf,C,True,False,True
3200904,Barra de São Francisco,ES,C,Bicf,C,True,False,True
2501708,Barra de São Miguel,PB,C,Eicf,n.e.,False,True,True
2700607,Barra de São Miguel,AL,A,Bicf,A,False,False,False
5101704,Barra do Bugres,MT,B,Bicf,B,False,False,False
3505351,Barra do Chapéu,SP,B,Bicf,B,False,False,False
2902906,Barra do Choça,BA,A,Bicf,A,False,False,False
2101608,Barra do Corda,MA,C,Cicf,C,True,False,True
5101803,Barra do Garças,MT,B,Bicf,B,False,False,False
4301859,Barra do Guarita,RS,A,Cicf,A,False,False,False
4102703,Barra do Jacaré,PR,A,Bicf,A,False,False,False
2903003,Barra do Mendes,BA,C,Cicf,C,True,False,True
1703073,Barra do Ouro,TO,C,Bicf,C,True,False,True
3300308,Barra do Piraí,RJ,C,Cicf,C,True,False,True
4301875,Barra do Quaraí,RS,A,Cicf,A,False,False,False
4301909,Barra do Ribeiro,RS,C,Aicf,C,True,False,True
4301925,Barra do Rio Azul,RS,A,Bicf,A,False,False,False
2903102,Barra do Rocha,BA,B,Bicf,B,False,False,False
3505401,Barra do Turvo,SP,A,Bicf,A,False,False,False
2800605,Barra dos Coqueiros,SE,C,Aicf,C,True,False,True
4301958,Barra Funda,RS,A,Bicf,A,False,False,False
3105707,Barra Longa,MG,n.d.,Bicf,n.d.,False,True,True
3300407,Barra Mansa,RJ,C,Bicf,C,True,False,True
4202107,Barra Velha,SC,A,Aicf,A+,False,False,False
4102604,Barracão,PR,B,Bicf,B,False,False,False
4301800,Barracão,RS,B,Cicf,B,False,False,False
2201200,Barras,PI,B,Bicf,B,False,False,False
2301950,Barreira,CE,C,Bicf,C,True,False,True
2903201,Barreiras,BA,C,Dicf,C,True,False,True
2201309,Barreiras do Piauí,PI,C,Bicf,C,True,False,True
1300508,Barreirinha,AM,C,Cicf,C,True,False,True
2101707,Barreirinhas,MA,B,Bicf,B,False,False,False
2601409,Barreiros,PE,C,Cicf,C,True,False,True
3505500,Barretos,SP,C,Aicf,C,True,False,True
3505609,Barrinha,SP,C,Bicf,C,True,False,True
2302008,Barro,CE,C,Bicf,C,True,False,True
2903235,Barro Alto,BA,n.d.,Cicf,n.d.,False,True,True
5203203,Barro Alto,GO,B,Cicf,B,False,False,False
2201408,Barro Duro,PI,C,Cicf,C,True,False,True
2903300,Barro Preto,BA,B,Bicf,B,False,False,False
2903276,Barrocas,BA,B,Cicf,B,False,False,False
1703107,Barrolândia,TO,C,Bicf,C,True,False,True
2302057,Barroquinha,CE,C,Bicf,C,True,False,True
4302006,Barros Cassal,RS,C,Bicf,C,True,False,True
3105905,Barroso,MG,A,Aicf,A+,False,False,False
3505708,Barueri,SP,A,Aicf,A+,False,False,False
3505807,Bastos,SP,B,Aicf,B+,False,False,False
5001904,Bataguassu,MS,A,Bicf,A,False,False,False
2201507,Batalha,PI,C,Bicf,C,True,False,True
2700706,Batalha,AL,C,Dicf,C,True,False,True
3505906,Batatais,SP,C,Bicf,C,True,False,True
5002001,Batayporã,MS,B,Bicf,B,False,False,False
2302107,Baturité,CE,C,Bicf,C,True,False,True
3506003,Bauru,SP,C,Aicf,C,True,False,True
2501807,Bayeux,PB,D,Eicf,n.e.,False,True,True
3506102,Bebedouro,SP,C,Bicf,C,True,False,True
2302206,Beberibe,CE,B,Bicf,B,False,False,False
2302305,Bela Cruz,CE,C,Aicf,C,True,False,True
5002100,Bela Vista,MS,C,Cicf,C,True,False,True
4102752,Bela Vista da Caroba,PR,A,Bicf,A,False,False,False
5203302,Bela Vista de Goiás,GO,B,Bicf,B,False,False,False
3106002,Bela Vista de Minas,MG,B,Cicf,B,False,False,False
2101772,Bela Vista do Maranhão,MA,B,Cicf,B,False,False,False
4102802,Bela Vista do Paraíso,PR,A,Cicf,A,False,False,False
2201556,Bela Vista do Piauí,PI,n.d.,Cicf,n.d.,False,True,True
4202131,Bela Vista do Toldo,SC,C,Bicf,C,True,False,True
2101731,Belágua,MA,C,Bicf,C,True,False,True
1501402,Belém,PA,A,Cicf,A,False,False,False
2501906,Belém,PB,A,Dicf,A,False,False,False
2700805,Belém,AL,B,Cicf,B,False,False,False
2601508,Belém de Maria,PE,A,Aicf,A+,False,False,False
2502003,Belém do Brejo do Cruz,PB,n.d.,Dicf,n.d.,False,True,True
2201572,Belém do Piauí,PI,C,Aicf,C,True,False,True
2601607,Belém do São Francisco,PE,C,Bicf,C,True,False,True
3300456,Belford Roxo,RJ,C,Eicf,n.e.,False,True,True
3106101,Belmiro Braga,MG,B,Dicf,B,False,False,False
2903409,Belmonte,BA,D,Bicf,D,True,False,True
4202156,Belmonte,SC,A,Aicf,A+,False,False,False
2903508,Belo Campo,BA,C,Cicf,C,True,False,True
3106200,Belo Horizonte,MG,B,Aicf,B+,False,False,False
2601706,Belo Jardim,PE,C,Bicf,C,True,False,True
2700904,Belo Monte,AL,C,Cicf,C,True,False,True
3106309,Belo Oriente,MG,C,Cicf,C,True,False,True
3106408,Belo Vale,MG,A,Bicf,A,False,False,False
1501451,Belterra,PA,A,Bicf,A,False,False,False
2201606,Beneditinos,PI,C,Bicf,C,True,False,True
2101806,Benedito Leite,MA,B,Cicf,B,False,False,False
4202206,Benedito Novo,SC,B,Bicf,B,False,False,False
1501501,Benevides,PA,A,Bicf,A,False,False,False
1300607,Benjamin Constant,AM,C,Bicf,C,True,False,True
4302055,Benjamin Constant do Sul,RS,A,Dicf,A,False,False,False
3506201,Bento de Abreu,SP,C,Bicf,C,True,False,True
2401602,Bento Fernandes,RN,A,Bicf,A,False,False,False
4302105,Bento Gonçalves,RS,B,Aicf,B+,False,False,False
2101905,Bequimão,MA,C,Cicf,C,True,False,True
3106507,Berilo,MG,C,Aicf,C,True,False,True
3106655,Berizal,MG,C,Bicf,C,True,False,True
2502052,Bernardino Batista,PB,A,Aicf,A+,False,False,False
3506300,Bernardino de Campos,SP,C,Bicf,C,True,False,True
2101939,Bernardo do Mearim,MA,C,Cicf,C,True,False,True
1703206,Bernardo Sayão,TO,A,Bicf,A,False,False,False
3506359,Bertioga,SP,A,Aicf,A+,False,False,False
2201705,Bertolínia,PI,C,Bicf,C,True,False,True
3106606,Bertópolis,MG,C,Cicf,C,True,False,True
1300631,Beruri,AM,C,Bicf,C,True,False,True
2601805,Betânia,PE,C,Aicf,C,True,False,True
2201739,Betânia do Piauí,PI,B,Cicf,B,False,False,False
3106705,Betim,MG,A,Bicf,A,False,False,False
2601904,Bezerros,PE,B,Cicf,B,False,False,False
3106804,Bias Fortes,MG,A,Bicf,A,False,False,False
3106903,Bicas,MG,B,Bicf,B,False,False,False
4202305,Biguaçu,SC,B,Aicf,B+,False,False,False
3506409,Bilac,SP,C,Bicf,C,True,False,True
3107000,Biquinhas,MG,C,Aicf,C,True,False,True
3506508,Birigui,SP,C,Bicf,C,True,False,True
3506607,Biritiba Mirim,SP,A,Bicf,A,False,False,False
2903607,Biritinga,BA,C,Cicf,C,True,False,True
4102901,Bituruna,PR,n.d.,Bicf,n.d.,False,True,True
4202404,Blumenau,SC,C,Aicf,C,True,False,True
3107109,Boa Esperança,MG,B,Cicf,B,False,False,False
3201001,Boa Esperança,ES,B,Bicf,B,False,False,False
4103008,Boa Esperança,PR,n.d.,Cicf,n.d.,False,True,True
4103024,Boa Esperança do Iguaçu,PR,A,Cicf,A,False,False,False
3506706,Boa Esperança do Sul,SP,C,Aicf,C,True,False,True
2201770,Boa Hora,PI,C,Cicf,C,True,False,True
2903706,Boa Nova,BA,C,Bicf,C,True,False,True
2502102,Boa Ventura,PB,C,Cicf,C,True,False,True
4103040,Boa Ventura de São Roque,PR,A,Dicf,A,False,False,False
2302404,Boa Viagem,CE,C,Bicf,C,True,False,True
1400100,Boa Vista,RR,A,Bicf,A,False,False,False
2502151,Boa Vista,PB,A,Dicf,A,False,False,False
4103057,Boa Vista da Aparecida,PR,C,Bicf,C,True,False,True
4302154,Boa Vista das Missões,RS,A,Bicf,A,False,False,False
4302204,Boa Vista do Buricá,RS,A,Bicf,A,False,False,False
4302220,Boa Vista do Cadeado,RS,A,Aicf,A+,False,False,False
2101970,Boa Vista do Gurupi,MA,B,Bicf,B,False,False,False
4302238,Boa Vista do Incra,RS,A,Bicf,A,False,False,False
1300680,Boa Vista do Ramos,AM,n.d.,Bicf,n.d.,False,True,True
4302253,Boa Vista do Sul,RS,A,Aicf,A+,False,False,False
2903805,Boa Vista do Tupim,BA,B,Bicf,B,False,False,False
2701001,Boca da Mata,AL,C,Eicf,n.e.,False,True,True
1300706,Boca do Acre,AM,n.d.,Dicf,n.d.,False,True,True
2201804,Bocaina,PI,C,Bicf,C,True,False,True
3506805,Bocaina,SP,C,Aicf,C,True,False,True
3107208,Bocaina de Minas,MG,C,Cicf,C,True,False,True
4202438,Bocaina do Sul,SC,C,Cicf,C,True,False,True
3107307,Bocaiúva,MG,A,Bicf,A,False,False,False
4103107,Bocaiúva do Sul,PR,A,Bicf,A,False,False,False
2401651,Bodó,RN,A,Bicf,A,False,False,False
2602001,Bodocó,PE,C,Bicf,C,True,False,True
5002159,Bodoquena,MS,B,Bicf,B,False,False,False
3506904,Bofete,SP,B,Bicf,B,False,False,False
3507001,Boituva,SP,C,Bicf,C,True,False,True
2602100,Bom Conselho,PE,C,Bicf,C,True,False,True
3107406,Bom Despacho,MG,B,Bicf,B,False,False,False
2102002,Bom Jardim,MA,C,Bicf,C,True,False,True
2602209,Bom Jardim,PE,B,Aicf,B+,False,False,False
3300506,Bom Jardim,RJ,C,Bicf,C,True,False,True
4202503,Bom Jardim da Serra,SC,n.d.,Bicf,n.d.,False,True,True
5203401,Bom Jardim de Goiás,GO,n.d.,Bicf,n.d.,False,True,True
3107505,Bom Jardim de Minas,MG,B,Bicf,B,False,False,False
2201903,Bom Jesus,PI,A,Cicf,A,False,False,False
2401701,Bom Jesus,RN,B,Bicf,B,False,False,False
2502201,Bom Jesus,PB,C,Eicf,n.e.,False,True,True
4202537,Bom Jesus,SC,C,Aicf,C,True,False,True
4302303,Bom Jesus,RS,n.d.,Bicf,n.d.,False,True,True
2903904,Bom Jesus da Lapa,BA,B,Cicf,B,False,False,False
3107604,Bom Jesus da Penha,MG,B,Cicf,B,False,False,False
2903953,Bom Jesus da Serra,BA,C,Bicf,C,True,False,True
2102036,Bom Jesus das Selvas,MA,C,Bicf,C,True,False,True
5203500,Bom Jesus de Goiás,GO,B,Bicf,B,False,False,False
3107703,Bom Jesus do Amparo,MG,A,Aicf,A+,False,False,False
5101852,Bom Jesus do Araguaia,MT,A,Bicf,A,False,False,False
3107802,Bom Jesus do Galho,MG,B,Bicf,B,False,False,False
3300605,Bom Jesus do Itabapoana,RJ,C,Bicf,C,True,False,True
3201100,Bom Jesus do Norte,ES,B,Aicf,B+,False,False,False
4202578,Bom Jesus do Oeste,SC,A,Bicf,A,False,False,False
4103156,Bom Jesus do Sul,PR,A,Bicf,A,False,False,False
1501576,Bom Jesus do Tocantins,PA,n.d.,Eicf,n.e.,False,True,True
1703305,Bom Jesus do Tocantins,TO,C,Bicf,C,True,False,True
3507100,Bom Jesus dos Perdões,SP,A,Cicf,A,False,False,False
2102077,Bom Lugar,MA,C,Bicf,C,True,False,True
4302352,Bom Princípio,RS,B,Bicf,B,False,False,False
2201919,Bom Princípio do Piauí,PI,C,Bicf,C,True,False,True
4302378,Bom Progresso,RS,C,Aicf,C,True,False,True
3107901,Bom Repouso,MG,C,Cicf,C,True,False,True
4202602,Bom Retiro,SC,A,Aicf,A+,False,False,False
4302402,Bom Retiro do Sul,RS,B,Bicf,B,False,False,False
2502300,Bom Sucesso,PB,A,Dicf,A,False,False,False
3108008,Bom Sucesso,MG,C,Bicf,C,True,False,True
4103206,Bom Sucesso,PR,n.d.,Cicf,n.d.,False,True,True
3507159,Bom Sucesso de Itararé,SP,A,Bicf,A,False,False,False
4103222,Bom Sucesso do Sul,PR,A,Aicf,A+,False,False,False
4202453,Bombinhas,SC,B,Bicf,B,False,False,False
1400159,Bonfim,RR,n.d.,Bicf,n.d.,False,True,True
3108107,Bonfim,MG,B,Aicf,B+,False,False,False
2201929,Bonfim do Piauí,PI,C,Bicf,C,True,False,True
5203559,Bonfinópolis,GO,B,Aicf,B+,False,False,False
3108206,Bonfinópolis de Minas,MG,A,Bicf,A,False,False,False
2904001,Boninal,BA,B,Bicf,B,False,False,False
1501600,Bonito,PA,C,Bicf,C,True,False,True
2602308,Bonito,PE,C,Aicf,C,True,False,True
2904050,Bonito,BA,n.d.,Cicf,n.d.,False,True,True
5002209,Bonito,MS,B,Bicf,B,False,False,False
3108255,Bonito de Minas,MG,n.d.,Bicf,n.d.,False,True,True
2502409,Bonito de Santa Fé,PB,n.d.,Bicf,n.d.,False,True,True
5203575,Bonópolis,GO,C,Bicf,C,True,False,True
2502508,Boqueirão,PB,n.d.,Cicf,n.d.,False,True,True
4302451,Boqueirão do Leão,RS,B,Bicf,B,False,False,False
2201945,Boqueirão do Piauí,PI,n.d.,Bicf,n.d.,False,True,True
2800670,Boquim,SE,C,Bicf,C,True,False,True
2904100,Boquira,BA,D,Bicf,D,True,False,True
3507209,Borá,SP,A,Bicf,A,False,False,False
3507308,Boracéia,SP,C,Aicf,C,True,False,True
1300805,Borba,AM,n.d.,Eicf,n.e.,False,True,True
2502706,Borborema,PB,A,Bicf,A,False,False,False
3507407,Borborema,SP,B,Aicf,B+,False,False,False
3108305,Borda da Mata,MG,B,Aicf,B+,False,False,False
3507456,Borebi,SP,A,Bicf,A,False,False,False
4103305,Borrazópolis,PR,A,Bicf,A,False,False,False
4302501,Bossoroca,RS,B,Cicf,B,False,False,False
3108404,Botelhos,MG,n.d.,Cicf,n.d.,False,True,True
3507506,Botucatu,SP,A,Bicf,A,False,False,False
3108503,Botumirim,MG,C,Aicf,C,True,False,True
2904209,Botuporã,BA,C,Bicf,C,True,False,True
4202701,Botuverá,SC,A,Aicf,A+,False,False,False
4302584,Bozano,RS,A,Aicf,A+,False,False,False
4202800,Braço do Norte,SC,A,Bicf,A,False,False,False
4202859,Braço do Trombudo,SC,A,Aicf,A+,False,False,False
4302600,Braga,RS,A,Bicf,A,False,False,False
1501709,Bragança,PA,C,Bicf,C,True,False,True
3507605,Bragança Paulista,SP,A,Bicf,A,False,False,False
4103354,Braganey,PR,A,Bicf,A,False,False,False
2701100,Branquinha,AL,C,Bicf,C,True,False,True
3108701,Brás Pires,MG,A,Bicf,A,False,False,False
1501725,Brasil Novo,PA,A,Bicf,A,False,False,False
5002308,Brasilândia,MS,A,Aicf,A+,False,False,False
3108552,Brasilândia de Minas,MG,n.d.,Bicf,n.d.,False,True,True
4103370,Brasilândia do Sul,PR,B,Bicf,B,False,False,False
1703602,Brasilândia do Tocantins,TO,A,Bicf,A,False,False,False
1200104,Brasiléia,AC,n.d.,Cicf,n.d.,False,True,True
2201960,Brasileira,PI,C,Dicf,C,True,False,True
3108602,Brasília de Minas,MG,A,Aicf,A+,False,False,False
5101902,Brasnorte,MT,C,Bicf,C,True,False,True
3507704,Braúna,SP,n.d.,Eicf,n.e.,False,True,True
3108800,Braúnas,MG,A,Bicf,A,False,False,False
5203609,Brazabrantes,GO,n.d.,Cicf,n.d.,False,True,True
3108909,Brazópolis,MG,A,Aicf,A+,False,False,False
2602407,Brejão,PE,B,Bicf,B,False,False,False
3201159,Brejetuba,ES,A,Aicf,A+,False,False,False
2401800,Brejinho,RN,C,Bicf,C,True,False,True
2602506,Brejinho,PE,n.d.,Bicf,n.d.,False,True,True
1703701,Brejinho de Nazaré,TO,C,Bicf,C,True,False,True
2102101,Brejo,MA,n.d.,Cicf,n.d.,False,True,True
3507753,Brejo Alegre,SP,C,Cicf,C,True,False,True
2602605,Brejo da Madre de Deus,PE,C,Bicf,C,True,False,True
2102150,Brejo de Areia,MA,C,Cicf,C,True,False,True
2502805,Brejo do Cruz,PB,A,Bicf,A,False,False,False
2201988,Brejo do Piauí,PI,C,Bicf,C,True,False,True
2502904,Brejo dos Santos,PB,C,Bicf,C,True,False,True
2800704,Brejo Grande,SE,C,Cicf,C,True,False,True
1501758,Brejo Grande do Araguaia,PA,C,Bicf,C,True,False,True
2302503,Brejo Santo,CE,B,Dicf,B,False,False,False
2904308,Brejões,BA,C,Bicf,C,True,False,True
2904407,Brejolândia,BA,C,Bicf,C,True,False,True
1501782,Breu Branco,PA,B,Bicf,B,False,False,False
1501808,Breves,PA,B,Bicf,B,False,False,False
5203807,Britânia,GO,C,Bicf,C,True,False,True
4302659,Brochier,RS,A,Aicf,A+,False,False,False
3507803,Brodowski,SP,C,Cicf,C,True,False,True
3507902,Brotas,SP,C,Bicf,C,True,False,True
2904506,Brotas de Macaúbas,BA,A,Bicf,A,False,False,False
3109006,Brumadinho,MG,A,Cicf,A,False,False,False
2904605,Brumado,BA,B,Bicf,B,False,False,False
4202875,Brunópolis,SC,A,Bicf,A,False,False,False
4202909,Brusque,SC,A,Aicf,A+,False,False,False
3109105,Bueno Brandão,MG,A,Bicf,A,False,False,False
3109204,Buenópolis,MG,C,Aicf,C,True,False,True
2602704,Buenos Aires,PE,B,Cicf,B,False,False,False
2904704,Buerarema,BA,B,Bicf,B,False,False,False
3109253,Bugre,MG,B,Bicf,B,False,False,False
2602803,Buíque,PE,C,Bicf,C,True,False,True
1200138,Bujari,AC,C,Bicf,C,True,False,True
1501907,Bujaru,PA,B,Cicf,B,False,False,False
3508009,Buri,SP,C,Bicf,C,True,False,True
3508108,Buritama,SP,B,Bicf,B,False,False,False
2102200,Buriti,MA,B,Cicf,B,False,False,False
5203906,Buriti Alegre,GO,B,Cicf,B,False,False,False
2102309,Buriti Bravo,MA,B,Bicf,B,False,False,False
5203939,Buriti de Goiás,GO,B,Bicf,B,False,False,False
1703800,Buriti do Tocantins,TO,A,Bicf,A,False,False,False
2202000,Buriti dos Lopes,PI,B,Cicf,B,False,False,False
2202026,Buriti dos Montes,PI,B,Bicf,B,False,False,False
2102325,Buriticupu,MA,C,Cicf,C,True,False,True
5203962,Buritinópolis,GO,A,Cicf,A,False,False,False
2904753,Buritirama,BA,B,Bicf,B,False,False,False
2102358,Buritirana,MA,B,Bicf,B,False,False,False
1100452,Buritis,RO,A,Bicf,A,False,False,False
3109303,Buritis,MG,B,Aicf,B+,False,False,False
3508207,Buritizal,SP,C,Aicf,C,True,False,True
3109402,Buritizeiro,MG,C,Bicf,C,True,False,True
4302709,Butiá,RS,B,Aicf,B+,False,False,False
1300839,Caapiranga,AM,C,Bicf,C,True,False,True
2503001,Caaporã,PB,C,Eicf,n.e.,False,True,True
5002407,Caarapó,MS,A,Bicf,A,False,False,False
2904803,Caatiba,BA,C,Bicf,C,True,False,True
2503100,Cabaceiras,PB,C,Cicf,C,True,False,True
2904852,Cabaceiras do Paraguaçu,BA,C,Dicf,C,True,False,True
3109451,Cabeceira Grande,MG,C,Bicf,C,True,False,True
5204003,Cabeceiras,GO,C,Bicf,C,True,False,True
2202059,Cabeceiras do Piauí,PI,n.d.,Cicf,n.d.,False,True,True
2503209,Cabedelo,PB,A,Dicf,A,False,False,False
1100031,Cabixi,RO,A,Bicf,A,False,False,False
2602902,Cabo de Santo Agostinho,PE,A,Aicf,A+,False,False,False
3300704,Cabo Frio,RJ,B,Dicf,B,False,False,False
3109501,Cabo Verde,MG,B,Bicf,B,False,False,False
3508306,Cabrália Paulista,SP,B,Bicf,B,False,False,False
3508405,Cabreúva,SP,A,Bicf,A,False,False,False
2603009,Cabrobó,PE,C,Bicf,C,True,False,True
4203006,Caçador,SC,C,Bicf,C,True,False,True
3508504,Caçapava,SP,C,Aicf,C,True,False,True
4302808,Caçapava do Sul,RS,C,Bicf,C,True,False,True
1100601,Cacaulândia,RO,A,Bicf,A,False,False,False
4302907,Cacequi,RS,C,Dicf,C,True,False,True
5102504,Cáceres,MT,B,Cicf,B,False,False,False
2904902,Cachoeira,BA,n.d.,Bicf,n.d.,False,True,True
5204102,Cachoeira Alta,GO,B,Bicf,B,False,False,False
3109600,Cachoeira da Prata,MG,C,Aicf,C,True,False,True
5204201,Cachoeira de Goiás,GO,B,Bicf,B,False,False,False
3109709,Cachoeira de Minas,MG,A,Aicf,A+,False,False,False
3102704,Cachoeira de Pajeú,MG,C,Aicf,C,True,False,True
1502004,Cachoeira do Arari,PA,n.d.,Cicf,n.d.,False,True,True
1501956,Cachoeira do Piriá,PA,C,Bicf,C,True,False,True
4303004,Cachoeira do Sul,RS,A,Aicf,A+,False,False,False
2503308,Cachoeira dos Índios,PB,A,Dicf,A,False,False,False
3109808,Cachoeira Dourada,MG,n.d.,Bicf,n.d.,False,True,True
5204250,Cachoeira Dourada,GO,n.d.,Cicf,n.d.,False,True,True
2102374,Cachoeira Grande,MA,n.d.,Eicf,n.e.,False,True,True
3508603,Cachoeira Paulista,SP,C,Bicf,C,True,False,True
3300803,Cachoeiras de Macacu,RJ,C,Cicf,C,True,False,True
1703826,Cachoeirinha,TO,n.d.,Aicf,n.d.,False,True,True
2603108,Cachoeirinha,PE,B,Aicf,B+,False,False,False
4303103,Cachoeirinha,RS,A,Bicf,A,False,False,False
3201209,Cachoeiro de Itapemirim,ES,B,Bicf,B,False,False,False
2503407,Cacimba de Areia,PB,n.d.,Bicf,n.d.,False,True,True
2503506,Cacimba de Dentro,PB,n.d.,Dicf,n.d.,False,True,True
2503555,Cacimbas,PB,A,Bicf,A,False,False,False
2701209,Cacimbinhas,AL,C,Cicf,C,True,False,True
4303202,Cacique Doble,RS,A,Cicf,A,False,False,False
1100049,Cacoal,RO,B,Aicf,B+,False,False,False
3508702,Caconde,SP,C,Bicf,C,True,False,True
5204300,Caçu,GO,B,Bicf,B,False,False,False
2905008,Caculé,BA,B,Cicf,B,False,False,False
2905107,Caém,BA,C,Bicf,C,True,False,True
3109907,Caetanópolis,MG,B,Cicf,B,False,False,False
2905156,Caetanos,BA,C,Bicf,C,True,False,True
3110004,Caeté,MG,C,Aicf,C,True,False,True
2603207,Caetés,PE,B,Bicf,B,False,False,False
2905206,Caetité,BA,n.d.,Eicf,n.e.,False,True,True
2905305,Cafarnaum,BA,C,Cicf,C,True,False,True
4103404,Cafeara,PR,A,Bicf,A,False,False,False
3508801,Cafelândia,SP,C,Bicf,C,True,False,True
4103453,Cafelândia,PR,B,Bicf,B,False,False,False
4103479,Cafezal do Sul,PR,C,Bicf,C,True,False,True
3508900,Caiabu,SP,A,Aicf,A+,False,False,False
3110103,Caiana,MG,C,Bicf,C,True,False,True
5204409,Caiapônia,GO,B,Bicf,B,False,False,False
4303301,Caibaté,RS,n.d.,Dicf,n.d.,False,True,True
4203105,Caibi,SC,A,Aicf,A+,False,False,False
2503605,Caiçara,PB,C,Bicf,C,True,False,True
4303400,Caiçara,RS,A,Bicf,A,False,False,False
2401859,Caiçara do Norte,RN,B,Bicf,B,False,False,False
2401909,Caiçara do Rio do Vento,RN,A,Bicf,A,False,False,False
2402006,Caicó,RN,C,Bicf,C,True,False,True
3509007,Caieiras,SP,A,Bicf,A,False,False,False
2905404,Cairu,BA,B,Bicf,B,False,False,False
3509106,Caiuá,SP,C,Bicf,C,True,False,True
3509205,Cajamar,SP,B,Bicf,B,False,False,False
2102408,Cajapió,MA,A,Cicf,A,False,False,False
2102507,Cajari,MA,C,Cicf,C,True,False,True
3509254,Cajati,SP,A,Bicf,A,False,False,False
2503704,Cajazeiras,PB,C,Cicf,C,True,False,True
2202075,Cajazeiras do Piauí,PI,C,Cicf,C,True,False,True
2503753,Cajazeirinhas,PB,C,Bicf,C,True,False,True
3509304,Cajobi,SP,B,Aicf,B+,False,False,False
2701308,Cajueiro,AL,C,Cicf,C,True,False,True
2202083,Cajueiro da Praia,PI,C,Cicf,C,True,False,True
3110202,Cajuri,MG,B,Bicf,B,False,False,False
3509403,Cajuru,SP,C,Bicf,C,True,False,True
2603306,Calçado,PE,C,Bicf,C,True,False,True
3110301,Caldas,MG,C,Aicf,C,True,False,True
2503803,Caldas Brandão,PB,C,Dicf,C,True,False,True
5204508,Caldas Novas,GO,A,Dicf,A,False,False,False
5204557,Caldazinha,GO,C,Bicf,C,True,False,True
2905503,Caldeirão Grande,BA,C,Cicf,C,True,False,True
2202091,Caldeirão Grande do Piauí,PI,B,Bicf,B,False,False,False
4103503,Califórnia,PR,A,Dicf,A,False,False,False
4203154,Calmon,SC,B,Bicf,B,False,False,False
2603405,Calumbi,PE,C,Bicf,C,True,False,True
2905602,Camacan,BA,C,Bicf,C,True,False,True
2905701,Camaçari,BA,B,Aicf,B+,False,False,False
3110400,Camacho,MG,B,Bicf,B,False,False,False
2503902,Camalaú,PB,C,Bicf,C,True,False,True
2905800,Camamu,BA,C,Aicf,C,True,False,True
3110509,Camanducaia,MG,A,Bicf,A,False,False,False
5002605,Camapuã,MS,A,Bicf,A,False,False,False
4303509,Camaquã,RS,A,Aicf,A+,False,False,False
2603454,Camaragibe,PE,A,Aicf,A+,False,False,False
4303558,Camargo,RS,A,Aicf,A+,False,False,False
4103602,Cambará,PR,A,Bicf,A,False,False,False
4303608,Cambará do Sul,RS,C,Aicf,C,True,False,True
4103701,Cambé,PR,B,Bicf,B,False,False,False
4103800,Cambira,PR,B,Bicf,B,False,False,False
4203204,Camboriú,SC,A,Bicf,A,False,False,False
3300902,Cambuci,RJ,C,Cicf,C,True,False,True
3110608,Cambuí,MG,A,Bicf,A,False,False,False
3110707,Cambuquira,MG,C,Cicf,C,True,False,True
1502103,Cametá,PA,C,Dicf,C,True,False,True
2302602,Camocim,CE,B,Bicf,B,False,False,False
2603504,Camocim de São Félix,PE,C,Aicf,C,True,False,True
3110806,Campanário,MG,B,Cicf,B,False,False,False
3110905,Campanha,MG,A,Bicf,A,False,False,False
2701357,Campestre,AL,n.d.,Eicf,n.e.,False,True,True
3111002,Campestre,MG,B,Bicf,B,False,False,False
4303673,Campestre da Serra,RS,A,Cicf,A,False,False,False
5204607,Campestre de Goiás,GO,B,Cicf,B,False,False,False
2102556,Campestre do Maranhão,MA,C,Cicf,C,True,False,True
4103909,Campina da Lagoa,PR,A,Cicf,A,False,False,False
4303707,Campina das Missões,RS,B,Aicf,B+,False,False,False
3509452,Campina do Monte Alegre,SP,C,Aicf,C,True,False,True
4103958,Campina do Simão,PR,A,Cicf,A,False,False,False
2504009,Campina Grande,PB,n.d.,Cicf,n.d.,False,True,True
4104006,Campina Grande do Sul,PR,A,Cicf,A,False,False,False
3111101,Campina Verde,MG,n.d.,Dicf,n.d.,False,True,True
5204656,Campinaçu,GO,B,Cicf,B,False,False,False
5102603,Campinápolis,MT,B,Bicf,B,False,False,False
3509502,Campinas,SP,C,Bicf,C,True,False,True
2202109,Campinas do Piauí,PI,C,Bicf,C,True,False,True
4303806,Campinas do Sul,RS,C,Bicf,C,True,False,True
5204706,Campinorte,GO,n.d.,Bicf,n.d.,False,True,True
2701407,Campo Alegre,AL,C,Cicf,C,True,False,True
4203303,Campo Alegre,SC,B,Bicf,B,False,False,False
5204805,Campo Alegre de Goiás,GO,A,Bicf,A,False,False,False
2905909,Campo Alegre de Lourdes,BA,C,Cicf,C,True,False,True
2202117,Campo Alegre do Fidalgo,PI,C,Bicf,C,True,False,True
3111150,Campo Azul,MG,B,Bicf,B,False,False,False
3111200,Campo Belo,MG,B,Bicf,B,False,False,False
4203402,Campo Belo do Sul,SC,A,Bicf,A,False,False,False
4303905,Campo Bom,RS,A,Bicf,A,False,False,False
4104055,Campo Bonito,PR,A,Bicf,A,False,False,False
2801009,Campo do Brito,SE,C,Bicf,C,True,False,True
3111309,Campo do Meio,MG,C,Aicf,C,True,False,True
4104105,Campo do Tenente,PR,B,Cicf,B,False,False,False
4203501,Campo Erê,SC,A,Cicf,A,False,False,False
3111408,Campo Florido,MG,C,Cicf,C,True,False,True
2906006,Campo Formoso,BA,B,Cicf,B,False,False,False
2401305,Campo Grande,RN,B,Bicf,B,False,False,False
2701506,Campo Grande,AL,n.d.,Eicf,n.e.,False,True,True
5002704,Campo Grande,MS,C,Bicf,C,True,False,True
2202133,Campo Grande do Piauí,PI,A,Cicf,A,False,False,False
4104204,Campo Largo,PR,A,Bicf,A,False,False,False
2202174,Campo Largo do Piauí,PI,B,Cicf,B,False,False,False
5204854,Campo Limpo de Goiás,GO,n.d.,Cicf,n.d.,False,True,True
3509601,Campo Limpo Paulista,SP,C,Bicf,C,True,False,True
4104253,Campo Magro,PR,n.d.,Cicf,n.d.,False,True,True
2202208,Campo Maior,PI,B,Cicf,B,False,False,False
4104303,Campo Mourão,PR,B,Aicf,B+,False,False,False
4304002,Campo Novo,RS,A,Aicf,A+,False,False,False
1100700,Campo Novo de Rondônia,RO,A,Cicf,A,False,False,False
5102637,Campo Novo do Parecis,MT,A,Bicf,A,False,False,False
2402105,Campo Redondo,RN,C,Bicf,C,True,False,True
5102678,Campo Verde,MT,B,Bicf,B,False,False,False
3111507,Campos Altos,MG,A,Cicf,A,False,False,False
5204904,Campos Belos,GO,C,Bicf,C,True,False,True
4304101,Campos Borges,RS,A,Bicf,A,False,False,False
5102686,Campos de Júlio,MT,A,Bicf,A,False,False,False
3509700,Campos do Jordão,SP,A,Bicf,A,False,False,False
3301009,Campos dos Goytacazes,RJ,C,Cicf,C,True,False,True
3111606,Campos Gerais,MG,C,Bicf,C,True,False,True
1703842,Campos Lindos,TO,B,Bicf,B,False,False,False
4203600,Campos Novos,SC,A,Bicf,A,False,False,False
3509809,Campos Novos Paulista,SP,C,Bicf,C,True,False,True
2302701,Campos Sales,CE,C,Bicf,C,True,False,True
5204953,Campos Verdes,GO,n.d.,Dicf,n.d.,False,True,True
2603603,Camutanga,PE,C,Eicf,n.e.,False,True,True
3111903,Cana Verde,MG,B,Bicf,B,False,False,False
3111705,Canaã,MG,C,Bicf,C,True,False,True
1502152,Canaã dos Carajás,PA,A,Bicf,A,False,False,False
5102694,Canabrava do Norte,MT,B,Bicf,B,False,False,False
3509908,Cananéia,SP,C,Bicf,C,True,False,True
2701605,Canapi,AL,C,Bicf,C,True,False,True
2906105,Canápolis,BA,C,Bicf,C,True,False,True
3111804,Canápolis,MG,n.d.,Cicf,n.d.,False,True,True
2906204,Canarana,BA,C,Bicf,C,True,False,True
5102702,Canarana,MT,C,Bicf,C,True,False,True
3509957,Canas,SP,B,Bicf,B,False,False,False
2202251,Canavieira,PI,n.d.,Bicf,n.d.,False,True,True
2906303,Canavieiras,BA,n.d.,Dicf,n.d.,False,True,True
2906402,Candeal,BA,D,Cicf,D,True,False,True
2906501,Candeias,BA,B,Bicf,B,False,False,False
3112000,Candeias,MG,C,Cicf,C,True,False,True
1100809,Candeias do Jamari,RO,C,Bicf,C,True,False,True
4304200,Candelária,RS,C,Bicf,C,True,False,True
2906600,Candiba,BA,B,Dicf,B,False,False,False
4104402,Cândido de Abreu,PR,A,Cicf,A,False,False,False
4304309,Cândido Godói,RS,A,Aicf,A+,False,False,False
2102606,Cândido Mendes,MA,A,Bicf,A,False,False,False
3510005,Cândido Mota,SP,C,Aicf,C,True,False,True
3510104,Cândido Rodrigues,SP,C,Aicf,C,True,False,True
2906709,Cândido Sales,BA,C,Cicf,C,True,False,True
4304358,Candiota,RS,A,Cicf,A,False,False,False
4104428,Candói,PR,n.d.,Eicf,n.e.,False,True,True
4304408,Canela,RS,B,Bicf,B,False,False,False
4203709,Canelinha,SC,C,Eicf,n.e.,False,True,True
2402204,Canguaretama,RN,C,Cicf,C,True,False,True
4304507,Canguçu,RS,A,Aicf,A+,False,False,False
2801108,Canhoba,SE,C,Bicf,C,True,False,True
2603702,Canhotinho,PE,C,Aicf,C,True,False,True
2302800,Canindé,CE,C,Bicf,C,True,False,True
2801207,Canindé de São Francisco,SE,C,Cicf,C,True,False,True
3510153,Canitar,SP,C,Bicf,C,True,False,True
4304606,Canoas,RS,C,Bicf,C,True,False,True
4203808,Canoinhas,SC,A,Aicf,A+,False,False,False
2906808,Cansanção,BA,C,Bicf,C,True,False,True
1400175,Cantá,RR,C,Cicf,C,True,False,True
3112059,Cantagalo,MG,C,Dicf,C,True,False,True
3301108,Cantagalo,RJ,A,Bicf,A,False,False,False
4104451,Cantagalo,PR,n.d.,Eicf,n.e.,False,True,True
2102705,Cantanhede,MA,C,Bicf,C,True,False,True
2202307,Canto do Buriti,PI,C,Bicf,C,True,False,True
2906824,Canudos,BA,C,Bicf,C,True,False,True
4304614,Canudos do Vale,RS,A,Bicf,A,False,False,False
1300904,Canutama,AM,C,Bicf,C,True,False,True
1502202,Capanema,PA,A,Bicf,A,False,False,False
4104501,Capanema,PR,A,Bicf,A,False,False,False
4203253,Capão Alto,SC,A,Bicf,A,False,False,False
3510203,Capão Bonito,SP,A,Aicf,A+,False,False,False
4304622,Capão Bonito do Sul,RS,A,Bicf,A,False,False,False
4304630,Capão da Canoa,RS,A,Aicf,A+,False,False,False
4304655,Capão do Cipó,RS,C,Bicf,C,True,False,True
4304663,Capão do Leão,RS,C,Bicf,C,True,False,True
3112109,Caparaó,MG,C,Cicf,C,True,False,True
2701704,Capela,AL,C,Bicf,C,True,False,True
2801306,Capela,SE,C,Cicf,C,True,False,True
4304689,Capela de Santana,RS,A,Bicf,A,False,False,False
3510302,Capela do Alto,SP,B,Bicf,B,False,False,False
2906857,Capela do Alto Alegre,BA,B,Bicf,B,False,False,False
3112208,Capela Nova,MG,C,Aicf,C,True,False,True
3112307,Capelinha,MG,B,Aicf,B+,False,False,False
3112406,Capetinga,MG,C,Cicf,C,True,False,True
2504033,Capim,PB,C,Dicf,C,True,False,True
3112505,Capim Branco,MG,A,Aicf,A+,False,False,False
2906873,Capim Grosso,BA,C,Cicf,C,True,False,True
3112604,Capinópolis,MG,C,Cicf,C,True,False,True
4203907,Capinzal,SC,A,Aicf,A+,False,False,False
2102754,Capinzal do Norte,MA,C,Cicf,C,True,False,True
2302909,Capistrano,CE,C,Bicf,C,True,False,True
4304697,Capitão,RS,A,Aicf,A+,False,False,False
3112653,Capitão Andrade,MG,A,Bicf,A,False,False,False
2202406,Capitão de Campos,PI,C,Bicf,C,True,False,True
3112703,Capitão Enéas,MG,A,Bicf,A,False,False,False
2202455,Capitão Gervásio Oliveira,PI,C,Bicf,C,True,False,True
4104600,Capitão Leônidas Marques,PR,B,Bicf,B,False,False,False
1502301,Capitão Poço,PA,C,Bicf,C,True,False,True
3112802,Capitólio,MG,B,Bicf,B,False,False,False
3510401,Capivari,SP,B,Bicf,B,False,False,False
4203956,Capivari de Baixo,SC,A,Bicf,A,False,False,False
4304671,Capivari do Sul,RS,A,Aicf,A+,False,False,False
1200179,Capixaba,AC,n.d.,Cicf,n.d.,False,True,True
2603801,Capoeiras,PE,B,Aicf,B+,False,False,False
3112901,Caputira,MG,C,Dicf,C,True,False,True
4304713,Caraá,RS,C,Bicf,C,True,False,True
1400209,Caracaraí,RR,C,Bicf,C,True,False,True
2202505,Caracol,PI,C,Bicf,C,True,False,True
5002803,Caracol,MS,A,Cicf,A,False,False,False
3510500,Caraguatatuba,SP,A,Bicf,A,False,False,False
3113008,Caraí,MG,C,Cicf,C,True,False,True
2906899,Caraíbas,BA,B,Cicf,B,False,False,False
4104659,Carambeí,PR,A,Bicf,A,False,False,False
3113107,Caranaíba,MG,B,Aicf,B+,False,False,False
3113206,Carandaí,MG,B,Bicf,B,False,False,False
3113305,Carangola,MG,C,Cicf,C,True,False,True
3300936,Carapebus,RJ,C,Cicf,C,True,False,True
3510609,Carapicuíba,SP,A,Cicf,A,False,False,False
3113404,Caratinga,MG,A,Bicf,A,False,False,False
1301001,Carauari,AM,C,Bicf,C,True,False,True
2402303,Caraúbas,RN,C,Bicf,C,True,False,True
2504074,Caraúbas,PB,B,Bicf,B,False,False,False
2202539,Caraúbas do Piauí,PI,C,Bicf,C,True,False,True
2906907,Caravelas,BA,C,Bicf,C,True,False,True
4304705,Carazinho,RS,A,Bicf,A,False,False,False
3113503,Carbonita,MG,C,Cicf,C,True,False,True
2907004,Cardeal da Silva,BA,C,Bicf,C,True,False,True
3510708,Cardoso,SP,C,Bicf,C,True,False,True
3301157,Cardoso Moreira,RJ,C,Bicf,C,True,False,True
3113602,Careaçu,MG,A,Bicf,A,False,False,False
1301100,Careiro,AM,C,Bicf,C,True,False,True
1301159,Careiro da Várzea,AM,B,Bicf,B,False,False,False
3201308,Cariacica,ES,A,Aicf,A+,False,False,False
2303006,Caridade,CE,n.d.,Bicf,n.d.,False,True,True
2202554,Caridade do Piauí,PI,n.d.,Dicf,n.d.,False,True,True
2907103,Carinhanha,BA,C,Cicf,C,True,False,True
2801405,Carira,SE,B,Cicf,B,False,False,False
2303105,Cariré,CE,A,Bicf,A,False,False,False
1703867,Cariri do Tocantins,TO,n.d.,Eicf,n.e.,False,True,True
2303204,Caririaçu,CE,C,Bicf,C,True,False,True
2303303,Cariús,CE,A,Bicf,A,False,False,False
5102793,Carlinda,MT,B,Aicf,B+,False,False,False
4104709,Carlópolis,PR,n.d.,Eicf,n.e.,False,True,True
4304804,Carlos Barbosa,RS,A,Bicf,A,False,False,False
3113701,Carlos Chagas,MG,C,Cicf,C,True,False,True
4304853,Carlos Gomes,RS,A,Bicf,A,False,False,False
3113800,Carmésia,MG,n.d.,Cicf,n.d.,False,True,True
3301207,Carmo,RJ,n.d.,Eicf,n.e.,False,True,True
3113909,Carmo da Cachoeira,MG,A,Aicf,A+,False,False,False
3114006,Carmo da Mata,MG,A,Bicf,A,False,False,False
3114105,Carmo de Minas,MG,A,Bicf,A,False,False,False
3114204,Carmo do Cajuru,MG,B,Cicf,B,False,False,False
3114303,Carmo do Paranaíba,MG,C,Cicf,C,True,False,True
3114402,Carmo do Rio Claro,MG,A,Cicf,A,False,False,False
5205000,Carmo do Rio Verde,GO,B,Bicf,B,False,False,False
1703883,Carmolândia,TO,C,Bicf,C,True,False,True
2801504,Carmópolis,SE,B,Cicf,B,False,False,False
3114501,Carmópolis de Minas,MG,C,Bicf,C,True,False,True
2603900,Carnaíba,PE,B,Aicf,B+,False,False,False
2402402,Carnaúba dos Dantas,RN,B,Bicf,B,False,False,False
2402501,Carnaubais,RN,C,Bicf,C,True,False,True
2303402,Carnaubal,CE,C,Bicf,C,True,False,True
2603926,Carnaubeira da Penha,PE,C,Bicf,C,True,False,True
3114550,Carneirinho,MG,A,Bicf,A,False,False,False
2701803,Carneiros,AL,C,Cicf,C,True,False,True
1400233,Caroebe,RR,C,Bicf,C,True,False,True
2102804,Carolina,MA,A,Cicf,A,False,False,False
2604007,Carpina,PE,C,Bicf,C,True,False,True
3114600,Carrancas,MG,A,Bicf,A,False,False,False
2504108,Carrapateira,PB,C,Dicf,C,True,False,True
1703891,Carrasco Bonito,TO,C,Bicf,C,True,False,True
2604106,Caruaru,PE,C,Aicf,C,True,False,True
2102903,Carutapera,MA,A,Bicf,A,False,False,False
3114709,Carvalhópolis,MG,C,Cicf,C,True,False,True
3114808,Carvalhos,MG,B,Bicf,B,False,False,False
3510807,Casa Branca,SP,C,Bicf,C,True,False,True
3114907,Casa Grande,MG,B,Bicf,B,False,False,False
2907202,Casa Nova,BA,D,Cicf,D,True,False,True
4304903,Casca,RS,A,Bicf,A,False,False,False
3115003,Cascalho Rico,MG,n.d.,Bicf,n.d.,False,True,True
2303501,Cascavel,CE,C,Bicf,C,True,False,True
4104808,Cascavel,PR,B,Bicf,B,False,False,False
1703909,Caseara,TO,C,Bicf,C,True,False,True
4304952,Caseiros,RS,A,Bicf,A,False,False,False
3301306,Casimiro de Abreu,RJ,C,Cicf,C,True,False,True
2604155,Casinhas,PE,B,Cicf,B,False,False,False
2504157,Casserengue,PB,C,Cicf,C,True,False,True
3115102,Cássia,MG,C,Cicf,C,True,False,True
3510906,Cássia dos Coqueiros,SP,A,Bicf,A,False,False,False
5002902,Cassilândia,MS,B,Aicf,B+,False,False,False
1502400,Castanhal,PA,C,Bicf,C,True,False,True
5102850,Castanheira,MT,A,Cicf,A,False,False,False
1100908,Castanheiras,RO,A,Bicf,A,False,False,False
5205059,Castelândia,GO,n.d.,Cicf,n.d.,False,True,True
3201407,Castelo,ES,A,Aicf,A+,False,False,False
2202604,Castelo do Piauí,PI,C,Bicf,C,True,False,True
3511003,Castilho,SP,C,Aicf,C,True,False,True
4104907,Castro,PR,A,Aicf,A+,False,False,False
2907301,Castro Alves,BA,D,Aicf,D,True,False,True
3115300,Cataguases,MG,C,Cicf,C,True,False,True
5205109,Catalão,GO,B,Bicf,B,False,False,False
3511102,Catanduva,SP,C,Aicf,C,True,False,True
4105003,Catanduvas,PR,B,Aicf,B+,False,False,False
4204004,Catanduvas,SC,A,Bicf,A,False,False,False
2303600,Catarina,CE,A,Bicf,A,False,False,False
3115359,Catas Altas,MG,B,Cicf,B,False,False,False
3115409,Catas Altas da Noruega,MG,C,Bicf,C,True,False,True
2604205,Catende,PE,C,Aicf,C,True,False,True
3511201,Catiguá,SP,C,Aicf,C,True,False,True
2504207,Catingueira,PB,C,Bicf,C,True,False,True
2907400,Catolândia,BA,A,Bicf,A,False,False,False
2504306,Catolé do Rocha,PB,C,Bicf,C,True,False,True
2907509,Catu,BA,C,Aicf,C,True,False,True
4305009,Catuípe,RS,A,Aicf,A+,False,False,False
3115458,Catuji,MG,C,Cicf,C,True,False,True
2303659,Catunda,CE,B,Bicf,B,False,False,False
5205208,Caturaí,GO,A,Bicf,A,False,False,False
2907558,Caturama,BA,C,Dicf,C,True,False,True
2504355,Caturité,PB,C,Dicf,C,True,False,True
3115474,Catuti,MG,C,Aicf,C,True,False,True
2303709,Caucaia,CE,C,Bicf,C,True,False,True
5205307,Cavalcante,GO,C,Bicf,C,True,False,True
3115508,Caxambu,MG,C,Cicf,C,True,False,True
4204103,Caxambu do Sul,SC,A,Bicf,A,False,False,False
2103000,Caxias,MA,B,Dicf,B,False,False,False
4305108,Caxias do Sul,RS,A,Aicf,A+,False,False,False
2202653,Caxingó,PI,C,Dicf,C,True,False,True
2402600,Ceará-Mirim,RN,C,Bicf,C,True,False,True
2103109,Cedral,MA,A,Cicf,A,False,False,False
3511300,Cedral,SP,C,Aicf,C,True,False,True
2303808,Cedro,CE,C,Bicf,C,True,False,True
2604304,Cedro,PE,C,Bicf,C,True,False,True
2801603,Cedro de São João,SE,n.d.,Bicf,n.d.,False,True,True
3115607,Cedro do Abaeté,MG,A,Bicf,A,False,False,False
4204152,Celso Ramos,SC,A,Bicf,A,False,False,False
1704105,Centenário,TO,B,Dicf,B,False,False,False
4305116,Centenário,RS,A,Cicf,A,False,False,False
4105102,Centenário do Sul,PR,n.d.,Cicf,n.d.,False,True,True
2907608,Central,BA,C,Dicf,C,True,False,True
3115706,Central de Minas,MG,B,Bicf,B,False,False,False
2103125,Central do Maranhão,MA,B,Cicf,B,False,False,False
3115805,Centralina,MG,C,Cicf,C,True,False,True
2103158,Centro do Guilherme,MA,C,Bicf,C,True,False,True
2103174,Centro Novo do Maranhão,MA,C,Bicf,C,True,False,True
1100056,Cerejeiras,RO,A,Aicf,A+,False,False,False
5205406,Ceres,GO,C,Bicf,C,True,False,True
3511409,Cerqueira César,SP,C,Bicf,C,True,False,True
3511508,Cerquilho,SP,C,Aicf,C,True,False,True
4305124,Cerrito,RS,C,Aicf,C,True,False,True
4105201,Cerro Azul,PR,n.d.,Cicf,n.d.,False,True,True
4305132,Cerro Branco,RS,A,Bicf,A,False,False,False
2402709,Cerro Corá,RN,B,Bicf,B,False,False,False
4305157,Cerro Grande,RS,A,Bicf,A,False,False,False
4305173,Cerro Grande do Sul,RS,C,Bicf,C,True,False,True
4305207,Cerro Largo,RS,A,Dicf,A,False,False,False
4204178,Cerro Negro,SC,A,Bicf,A,False,False,False
3511607,Cesário Lange,SP,B,Aicf,B+,False,False,False
4105300,Céu Azul,PR,A,Bicf,A,False,False,False
5205455,Cezarina,GO,C,Bicf,C,True,False,True
2604403,Chã de Alegria,PE,B,Bicf,B,False,False,False
2604502,Chã Grande,PE,B,Aicf,B+,False,False,False
2701902,Chã Preta,AL,B,Bicf,B,False,False,False
3115904,Chácara,MG,C,Cicf,C,True,False,True
3116001,Chalé,MG,B,Bicf,B,False,False,False
4305306,Chapada,RS,B,Aicf,B+,False,False,False
1705102,Chapada da Natividade,TO,C,Eicf,n.e.,False,True,True
1704600,Chapada de Areia,TO,n.d.,Eicf,n.e.,False,True,True
3116100,Chapada do Norte,MG,C,Bicf,C,True,False,True
5103007,Chapada dos Guimarães,MT,C,Bicf,C,True,False,True
3116159,Chapada Gaúcha,MG,C,Aicf,C,True,False,True
5205471,Chapadão do Céu,GO,A,Bicf,A,False,False,False
4204194,Chapadão do Lageado,SC,C,Aicf,C,True,False,True
5002951,Chapadão do Sul,MS,A,Cicf,A,False,False,False
2103208,Chapadinha,MA,n.d.,Cicf,n.d.,False,True,True
4204202,Chapecó,SC,A,Bicf,A,False,False,False
3511706,Charqueada,SP,A,Bicf,A,False,False,False
4305355,Charqueadas,RS,B,Bicf,B,False,False,False
4305371,Charrua,RS,A,Aicf,A+,False,False,False
2303907,Chaval,CE,C,Bicf,C,True,False,True
3557204,Chavantes,SP,C,Bicf,C,True,False,True
1502509,Chaves,PA,C,Bicf,C,True,False,True
3116209,Chiador,MG,C,Bicf,C,True,False,True
4305405,Chiapetta,RS,A,Bicf,A,False,False,False
4105409,Chopinzinho,PR,B,Bicf,B,False,False,False
2303931,Choró,CE,C,Bicf,C,True,False,True
2303956,Chorozinho,CE,C,Bicf,C,True,False,True
2907707,Chorrochó,BA,B,Bicf,B,False,False,False
4305439,Chuí,RS,C,Aicf,C,True,False,True
1100924,Chupinguaia,RO,A,Aicf,A+,False,False,False
4305447,Chuvisca,RS,A,Bicf,A,False,False,False
4105508,Cianorte,PR,B,Bicf,B,False,False,False
2907806,Cícero Dantas,BA,C,Bicf,C,True,False,True
4105607,Cidade Gaúcha,PR,n.d.,Cicf,n.d.,False,True,True
5205497,Cidade Ocidental,GO,A,Cicf,A,False,False,False
2103257,Cidelândia,MA,A,Bicf,A,False,False,False
4305454,Cidreira,RS,A,Bicf,A,False,False,False
2907905,Cipó,BA,B,Bicf,B,False,False,False
3116308,Cipotânea,MG,C,Bicf,C,True,False,True
4305504,Ciríaco,RS,B,Eicf,n.e.,False,True,True
3116407,Claraval,MG,C,Bicf,C,True,False,True
3116506,Claro dos Poções,MG,C,Bicf,C,True,False,True
5103056,Cláudia,MT,A,Bicf,A,False,False,False
3116605,Cláudio,MG,A,Bicf,A,False,False,False
3511904,Clementina,SP,A,Aicf,A+,False,False,False
4105706,Clevelândia,PR,B,Bicf,B,False,False,False
2908002,Coaraci,BA,B,Cicf,B,False,False,False
1301209,Coari,AM,B,Bicf,B,False,False,False
2202703,Cocal,PI,B,Bicf,B,False,False,False
2202711,Cocal de Telha,PI,C,Bicf,C,True,False,True
4204251,Cocal do Sul,SC,B,Aicf,B+,False,False,False
2202729,Cocal dos Alves,PI,C,Bicf,C,True,False,True
5103106,Cocalinho,MT,B,Bicf,B,False,False,False
5205513,Cocalzinho de Goiás,GO,B,Bicf,B,False,False,False
2908101,Cocos,BA,C,Cicf,C,True,False,True
1301308,Codajás,AM,B,Bicf,B,False,False,False
2103307,Codó,MA,n.d.,Bicf,n.d.,False,True,True
2103406,Coelho Neto,MA,C,Cicf,C,True,False,True
3116704,Coimbra,MG,B,Cicf,B,False,False,False
2702009,Coité do Nóia,AL,n.d.,Bicf,n.d.,False,True,True
2202737,Coivaras,PI,C,Cicf,C,True,False,True
1502608,Colares,PA,C,Bicf,C,True,False,True
3201506,Colatina,ES,A,Aicf,A+,False,False,False
5103205,Colíder,MT,B,Bicf,B,False,False,False
3512001,Colina,SP,C,Bicf,C,True,False,True
2103505,Colinas,MA,C,Cicf,C,True,False,True
4305587,Colinas,RS,A,Bicf,A,False,False,False
5205521,Colinas do Sul,GO,C,Bicf,C,True,False,True
1705508,Colinas do Tocantins,TO,A,Bicf,A,False,False,False
1716703,Colméia,TO,B,Bicf,B,False,False,False
5103254,Colniza,MT,C,Bicf,C,True,False,True
3512100,Colômbia,SP,C,Cicf,C,True,False,True
4105805,Colombo,PR,A,Dicf,A,False,False,False
2202752,Colônia do Gurguéia,PI,C,Cicf,C,True,False,True
2202778,Colônia do Piauí,PI,C,Bicf,C,True,False,True
2702108,Colônia Leopoldina,AL,C,Cicf,C,True,False,True
4105904,Colorado,PR,B,Bicf,B,False,False,False
4305603,Colorado,RS,C,Bicf,C,True,False,True
1100064,Colorado do Oeste,RO,B,Aicf,B+,False,False,False
3116803,Coluna,MG,C,Bicf,C,True,False,True
1705557,Combinado,TO,C,Bicf,C,True,False,True
3116902,Comendador Gomes,MG,n.d.,Eicf,n.e.,False,True,True
3300951,Comendador Levy Gasparian,RJ,n.d.,Cicf,n.d.,False,True,True
3117009,Comercinho,MG,C,Bicf,C,True,False,True
5103304,Comodoro,MT,A,Bicf,A,False,False,False
2504405,Conceição,PB,C,Dicf,C,True,False,True
3117108,Conceição da Aparecida,MG,A,Bicf,A,False,False,False
3201605,Conceição da Barra,ES,B,Aicf,B+,False,False,False
3115201,Conceição da Barra de Minas,MG,A,Aicf,A+,False,False,False
2908200,Conceição da Feira,BA,C,Cicf,C,True,False,True
3117306,Conceição das Alagoas,MG,A,Dicf,A,False,False,False
3117207,Conceição das Pedras,MG,A,Aicf,A+,False,False,False
3117405,Conceição de Ipanema,MG,B,Dicf,B,False,False,False
3301405,Conceição de Macabu,RJ,C,Cicf,C,True,False,True
2908309,Conceição do Almeida,BA,B,Dicf,B,False,False,False
1502707,Conceição do Araguaia,PA,C,Bicf,C,True,False,True
2202802,Conceição do Canindé,PI,C,Dicf,C,True,False,True
3201704,Conceição do Castelo,ES,A,Aicf,A+,False,False,False
2908408,Conceição do Coité,BA,B,Cicf,B,False,False,False
2908507,Conceição do Jacuípe,BA,C,Bicf,C,True,False,True
2103554,Conceição do Lago-Açu,MA,B,Cicf,B,False,False,False
3117504,Conceição do Mato Dentro,MG,A,Cicf,A,False,False,False
3117603,Conceição do Pará,MG,C,Bicf,C,True,False,True
3117702,Conceição do Rio Verde,MG,A,Aicf,A+,False,False,False
1705607,Conceição do Tocantins,TO,B,Cicf,B,False,False,False
3117801,Conceição dos Ouros,MG,B,Bicf,B,False,False,False
3512209,Conchal,SP,B,Bicf,B,False,False,False
3512308,Conchas,SP,n.d.,Bicf,n.d.,False,True,True
4204301,Concórdia,SC,A,Aicf,A+,False,False,False
1502756,Concórdia do Pará,PA,n.d.,Eicf,n.e.,False,True,True
2504504,Condado,PB,B,Aicf,B+,False,False,False
2604601,Condado,PE,C,Cicf,C,True,False,True
2504603,Conde,PB,A,Bicf,A,False,False,False
2908606,Conde,BA,C,Bicf,C,True,False,True
2908705,Condeúba,BA,B,Cicf,B,False,False,False
4305702,Condor,RS,C,Aicf,C,True,False,True
3117836,Cônego Marinho,MG,C,Bicf,C,True,False,True
3117876,Confins,MG,n.d.,Dicf,n.d.,False,True,True
5103353,Confresa,MT,C,Eicf,n.e.,False,True,True
2504702,Congo,PB,C,Dicf,C,True,False,True
3117900,Congonhal,MG,A,Bicf,A,False,False,False
3118007,Congonhas,MG,A,Bicf,A,False,False,False
3118106,Congonhas do Norte,MG,A,Cicf,A,False,False,False
4106001,Congonhinhas,PR,C,Cicf,C,True,False,True
3118205,Conquista,MG,A,Dicf,A,False,False,False
5103361,Conquista D'Oeste,MT,A,Bicf,A,False,False,False
3118304,Conselheiro Lafaiete,MG,C,Bicf,C,True,False,True
4106100,Conselheiro Mairinck,PR,A,Dicf,A,False,False,False
3118403,Conselheiro Pena,MG,A,Cicf,A,False,False,False
3118502,Consolação,MG,B,Aicf,B+,False,False,False
4305801,Constantina,RS,n.d.,Bicf,n.d.,False,True,True
3118601,Contagem,MG,A,Aicf,A+,False,False,False
4106209,Contenda,PR,B,Bicf,B,False,False,False
2908804,Contendas do Sincorá,BA,C,Bicf,C,True,False,True
3118700,Coqueiral,MG,A,Aicf,A+,False,False,False
4305835,Coqueiro Baixo,RS,A,Bicf,A,False,False,False
2702207,Coqueiro Seco,AL,C,Dicf,C,True,False,True
4305850,Coqueiros do Sul,RS,A,Bicf,A,False,False,False
3118809,Coração de Jesus,MG,n.d.,Bicf,n.d.,False,True,True
2908903,Coração de Maria,BA,B,Dicf,B,False,False,False
4106308,Corbélia,PR,C,Bicf,C,True,False,True
3301504,Cordeiro,RJ,C,Cicf,C,True,False,True
3512407,Cordeirópolis,SP,C,Bicf,C,True,False,True
2909000,Cordeiros,BA,C,Bicf,C,True,False,True
4204350,Cordilheira Alta,SC,A,Aicf,A+,False,False,False
3118908,Cordisburgo,MG,A,Cicf,A,False,False,False
3119005,Cordislândia,MG,C,Bicf,C,True,False,True
2304004,Coreaú,CE,A,Bicf,A,False,False,False
2504801,Coremas,PB,C,Bicf,C,True,False,True
5003108,Corguinho,MS,A,Cicf,A,False,False,False
2909109,Coribe,BA,n.d.,Bicf,n.d.,False,True,True
3119104,Corinto,MG,C,Bicf,C,True,False,True
4106407,Cornélio Procópio,PR,n.d.,Bicf,n.d.,False,True,True
3119203,Coroaci,MG,n.d.,Cicf,n.d.,False,True,True
3512506,Coroados,SP,C,Aicf,C,True,False,True
2103604,Coroatá,MA,C,Bicf,C,True,False,True
3119302,Coromandel,MG,n.d.,Eicf,n.e.,False,True,True
4305871,Coronel Barros,RS,A,Aicf,A+,False,False,False
4305900,Coronel Bicaco,RS,B,Cicf,B,False,False,False
4106456,Coronel Domingos Soares,PR,n.d.,Eicf,n.e.,False,True,True
2402808,Coronel Ezequiel,RN,C,Cicf,C,True,False,True
3119401,Coronel Fabriciano,MG,A,Bicf,A,False,False,False
4204400,Coronel Freitas,SC,A,Aicf,A+,False,False,False
2402907,Coronel João Pessoa,RN,C,Bicf,C,True,False,True
2909208,Coronel João Sá,BA,B,Bicf,B,False,False,False
2202851,Coronel José Dias,PI,C,Cicf,C,True,False,True
3512605,Coronel Macedo,SP,A,Bicf,A,False,False,False
4204459,Coronel Martins,SC,A,Aicf,A+,False,False,False
3119500,Coronel Murta,MG,n.d.,Cicf,n.d.,False,True,True
3119609,Coronel Pacheco,MG,C,Bicf,C,True,False,True
4305934,Coronel Pilar,RS,A,Aicf,A+,False,False,False
5003157,Coronel Sapucaia,MS,A,Bicf,A,False,False,False
4106506,Coronel Vivida,PR,A,Bicf,A,False,False,False
3119708,Coronel Xavier Chaves,MG,A,Aicf,A+,False,False,False
3119807,Córrego Danta,MG,n.d.,Cicf,n.d.,False,True,True
3119906,Córrego do Bom Jesus,MG,B,Cicf,B,False,False,False
5205703,Córrego do Ouro,GO,B,Bicf,B,False,False,False
3119955,Córrego Fundo,MG,B,Aicf,B+,False,False,False
3120003,Córrego Novo,MG,n.d.,Cicf,n.d.,False,True,True
4204558,Correia Pinto,SC,n.d.,Bicf,n.d.,False,True,True
2202901,Corrente,PI,B,Bicf,B,False,False,False
2604700,Correntes,PE,C,Bicf,C,True,False,True
2909307,Correntina,BA,C,Cicf,C,True,False,True
2604809,Cortês,PE,C,Bicf,C,True,False,True
5003207,Corumbá,MS,B,Aicf,B+,False,False,False
5205802,Corumbá de Goiás,GO,C,Bicf,C,True,False,True
5205901,Corumbaíba,GO,B,Cicf,B,False,False,False
3512704,Corumbataí,SP,C,Bicf,C,True,False,True
4106555,Corumbataí do Sul,PR,C,Bicf,C,True,False,True
1100072,Corumbiara,RO,A,Aicf,A+,False,False,False
4204509,Corupá,SC,B,Bicf,B,False,False,False
2702306,Coruripe,AL,A,Bicf,A,False,False,False
3512803,Cosmópolis,SP,C,Bicf,C,True,False,True
3512902,Cosmorama,SP,C,Aicf,C,True,False,True
1100080,Costa Marques,RO,B,Bicf,B,False,False,False
5003256,Costa Rica,MS,A,Cicf,A,False,False,False
2909406,Cotegipe,BA,C,Bicf,C,True,False,True
3513009,Cotia,SP,C,Cicf,C,True,False,True
4305959,Cotiporã,RS,A,Aicf,A+,False,False,False
5103379,Cotriguaçu,MT,n.d.,Dicf,n.d.,False,True,True
3120102,Couto de Magalhães de Minas,MG,C,Aicf,C,True,False,True
1706001,Couto Magalhães,TO,C,Aicf,C,True,False,True
4305975,Coxilha,RS,A,Bicf,A,False,False,False
5003306,Coxim,MS,C,Bicf,C,True,False,True
2504850,Coxixola,PB,n.d.,Bicf,n.d.,False,True,True
2702355,Craíbas,AL,A,Bicf,A,False,False,False
2304103,Crateús,CE,B,Bicf,B,False,False,False
2304202,Crato,CE,B,Bicf,B,False,False,False
3513108,Cravinhos,SP,C,Bicf,C,True,False,True
2909505,Cravolândia,BA,C,Bicf,C,True,False,True
4204608,Criciúma,SC,A,Aicf,A+,False,False,False
3120151,Crisólita,MG,C,Bicf,C,True,False,True
2909604,Crisópolis,BA,A,Aicf,A+,False,False,False
4306007,Crissiumal,RS,A,Aicf,A+,False,False,False
3120201,Cristais,MG,A,Aicf,A+,False,False,False
3513207,Cristais Paulista,SP,C,Bicf,C,True,False,True
4306056,Cristal,RS,A,Aicf,A+,False,False,False
4306072,Cristal do Sul,RS,A,Cicf,A,False,False,False
1706100,Cristalândia,TO,C,Bicf,C,True,False,True
2203008,Cristalândia do Piauí,PI,B,Cicf,B,False,False,False
3120300,Cristália,MG,C,Aicf,C,True,False,True
5206206,Cristalina,GO,B,Bicf,B,False,False,False
3120409,Cristiano Otoni,MG,C,Aicf,C,True,False,True
5206305,Cristianópolis,GO,n.d.,Bicf,n.d.,False,True,True
3120508,Cristina,MG,C,Aicf,C,True,False,True
2801702,Cristinápolis,SE,C,Bicf,C,True,False,True
2203107,Cristino Castro,PI,B,Cicf,B,False,False,False
2909703,Cristópolis,BA,C,Bicf,C,True,False,True
5206404,Crixás,GO,B,Bicf,B,False,False,False
1706258,Crixás do Tocantins,TO,n.d.,Eicf,n.e.,False,True,True
2304236,Croatá,CE,C,Eicf,n.e.,False,True,True
5206503,Cromínia,GO,B,Bicf,B,False,False,False
3120607,Crucilândia,MG,C,Bicf,C,True,False,True
2304251,Cruz,CE,A,Bicf,A,False,False,False
4306106,Cruz Alta,RS,C,Aicf,C,True,False,True
2909802,Cruz das Almas,BA,B,Cicf,B,False,False,False
2504900,Cruz do Espírito Santo,PB,C,Cicf,C,True,False,True
4106803,Cruz Machado,PR,A,Aicf,A+,False,False,False
3513306,Cruzália,SP,A,Bicf,A,False,False,False
4306130,Cruzaltense,RS,A,Aicf,A+,False,False,False
3513405,Cruzeiro,SP,C,Bicf,C,True,False,True
3120706,Cruzeiro da Fortaleza,MG,B,Cicf,B,False,False,False
4106571,Cruzeiro do Iguaçu,PR,C,Bicf,C,True,False,True
4106605,Cruzeiro do Oeste,PR,C,Cicf,C,True,False,True
1200203,Cruzeiro do Sul,AC,C,Cicf,C,True,False,True
4106704,Cruzeiro do Sul,PR,n.d.,Cicf,n.d.,False,True,True
4306205,Cruzeiro do Sul,RS,B,Bicf,B,False,False,False
2403004,Cruzeta,RN,A,Cicf,A,False,False,False
3120805,Cruzília,MG,n.d.,Bicf,n.d.,False,True,True
4106852,Cruzmaltina,PR,A,Bicf,A,False,False,False
3513504,Cubatão,SP,A,Aicf,A+,False,False,False
2505006,Cubati,PB,n.d.,Bicf,n.d.,False,True,True
5103403,Cuiabá,MT,C,Bicf,C,True,False,True
2505105,Cuité,PB,A,Dicf,A,False,False,False
2505238,Cuité de Mamanguape,PB,C,Eicf,n.e.,False,True,True
2505204,Cuitegi,PB,B,Bicf,B,False,False,False
1100940,Cujubim,RO,A,Bicf,A,False,False,False
5206602,Cumari,GO,n.d.,Cicf,n.d.,False,True,True
2604908,Cumaru,PE,B,Aicf,B+,False,False,False
1502764,Cumaru do Norte,PA,n.d.,Cicf,n.d.,False,True,True
2801900,Cumbe,SE,C,Bicf,C,True,False,True
3513603,Cunha,SP,C,Dicf,C,True,False,True
4204707,Cunha Porã,SC,B,Cicf,B,False,False,False
4204756,Cunhataí,SC,A,Bicf,A,False,False,False
3120839,Cuparaque,MG,B,Cicf,B,False,False,False
2605004,Cupira,PE,C,Bicf,C,True,False,True
2909901,Curaçá,BA,D,Cicf,D,True,False,True
2203206,Curimatá,PI,B,Bicf,B,False,False,False
1502772,Curionópolis,PA,n.d.,Eicf,n.e.,False,True,True
4106902,Curitiba,PR,A,Bicf,A,False,False,False
4204806,Curitibanos,SC,A,Bicf,A,False,False,False
4107009,Curiúva,PR,A,Cicf,A,False,False,False
2203230,Currais,PI,B,Bicf,B,False,False,False
2403103,Currais Novos,RN,B,Bicf,B,False,False,False
2505279,Curral de Cima,PB,C,Cicf,C,True,False,True
3120870,Curral de Dentro,MG,C,Aicf,C,True,False,True
2203271,Curral Novo do Piauí,PI,B,Bicf,B,False,False,False
2505303,Curral Velho,PB,A,Bicf,A,False,False,False
1502806,Curralinho,PA,C,Bicf,C,True,False,True
2203255,Curralinhos,PI,C,Bicf,C,True,False,True
1502855,Curuá,PA,B,Bicf,B,False,False,False
1502905,Curuçá,PA,C,Cicf,C,True,False,True
2103703,Cururupu,MA,C,Cicf,C,True,False,True
5103437,Curvelândia,MT,A,Cicf,A,False,False,False
3120904,Curvelo,MG,A,Bicf,A,False,False,False
2605103,Custódia,PE,C,Cicf,C,True,False,True
1600212,Cutias,AP,n.d.,Bicf,n.d.,False,True,True
5206701,Damianópolis,GO,B,Bicf,B,False,False,False
2505352,Damião,PB,B,Bicf,B,False,False,False
5206800,Damolândia,GO,n.d.,Cicf,n.d.,False,True,True
1706506,Darcinópolis,TO,B,Cicf,B,False,False,False
2910008,Dário Meira,BA,D,Bicf,D,True,False,True
3121001,Datas,MG,C,Aicf,C,True,False,True
4306304,David Canabarro,RS,B,Aicf,B+,False,False,False
2103752,Davinópolis,MA,B,Bicf,B,False,False,False
5206909,Davinópolis,GO,C,Bicf,C,True,False,True
3121100,Delfim Moreira,MG,C,Bicf,C,True,False,True
3121209,Delfinópolis,MG,A,Cicf,A,False,False,False
2702405,Delmiro Gouveia,AL,A,Aicf,A+,False,False,False
3121258,Delta,MG,C,Dicf,C,True,False,True
2203305,Demerval Lobão,PI,B,Bicf,B,False,False,False
5103452,Denise,MT,C,Bicf,C,True,False,True
5003454,Deodápolis,MS,A,Cicf,A,False,False,False
2304269,Deputado Irapuan Pinheiro,CE,B,Aicf,B+,False,False,False
4306320,Derrubadas,RS,A,Bicf,A,False,False,False
3513702,Descalvado,SP,C,Bicf,C,True,False,True
4204905,Descanso,SC,B,Aicf,B+,False,False,False
3121308,Descoberto,MG,C,Bicf,C,True,False,True
2505402,Desterro,PB,n.d.,Bicf,n.d.,False,True,True
3121407,Desterro de Entre Rios,MG,A,Bicf,A,False,False,False
3121506,Desterro do Melo,MG,C,Bicf,C,True,False,True
4306353,Dezesseis de Novembro,RS,B,Cicf,B,False,False,False
3513801,Diadema,SP,C,Bicf,C,True,False,True
2505600,Diamante,PB,B,Bicf,B,False,False,False
4107108,Diamante do Norte,PR,C,Cicf,C,True,False,True
4107124,Diamante do Sul,PR,A,Cicf,A,False,False,False
4107157,Diamante D'Oeste,PR,A,Bicf,A,False,False,False
3121605,Diamantina,MG,B,Cicf,B,False,False,False
5103502,Diamantino,MT,B,Bicf,B,False,False,False
1707009,Dianópolis,TO,B,Aicf,B+,False,False,False
2910057,Dias d'Ávila,BA,A,Aicf,A+,False,False,False
4306379,Dilermando de Aguiar,RS,A,Bicf,A,False,False,False
3121704,Diogo de Vasconcelos,MG,A,Bicf,A,False,False,False
3121803,Dionísio,MG,B,Bicf,B,False,False,False
4205001,Dionísio Cerqueira,SC,A,Bicf,A,False,False,False
5207105,Diorama,GO,n.d.,Aicf,n.d.,False,True,True
3513850,Dirce Reis,SP,A,Aicf,A+,False,False,False
2203354,Dirceu Arcoverde,PI,C,Bicf,C,True,False,True
2802007,Divina Pastora,SE,C,Bicf,C,True,False,True
3121902,Divinésia,MG,B,Bicf,B,False,False,False
3122009,Divino,MG,A,Dicf,A,False,False,False
3122108,Divino das Laranjeiras,MG,C,Cicf,C,True,False,True
3201803,Divino de São Lourenço,ES,C,Aicf,C,True,False,True
3513900,Divinolândia,SP,C,Bicf,C,True,False,True
3122207,Divinolândia de Minas,MG,B,Bicf,B,False,False,False
3122306,Divinópolis,MG,A,Bicf,A,False,False,False
5208301,Divinópolis de Goiás,GO,C,Bicf,C,True,False,True
1707108,Divinópolis do Tocantins,TO,A,Bicf,A,False,False,False
3122355,Divisa Alegre,MG,C,Aicf,C,True,False,True
3122405,Divisa Nova,MG,B,Aicf,B+,False,False,False
3122454,Divisópolis,MG,C,Aicf,C,True,False,True
3514007,Dobrada,SP,C,Bicf,C,True,False,True
3514106,Dois Córregos,SP,A,Bicf,A,False,False,False
4306403,Dois Irmãos,RS,A,Bicf,A,False,False,False
4306429,Dois Irmãos das Missões,RS,B,Bicf,B,False,False,False
5003488,Dois Irmãos do Buriti,MS,C,Cicf,C,True,False,True
1707207,Dois Irmãos do Tocantins,TO,A,Bicf,A,False,False,False
4306452,Dois Lajeados,RS,A,Bicf,A,False,False,False
2702504,Dois Riachos,AL,C,Bicf,C,True,False,True
4107207,Dois Vizinhos,PR,B,Cicf,B,False,False,False
3514205,Dolcinópolis,SP,B,Aicf,B+,False,False,False
5103601,Dom Aquino,MT,n.d.,Eicf,n.e.,False,True,True
2910107,Dom Basílio,BA,B,Bicf,B,False,False,False
3122470,Dom Bosco,MG,B,Bicf,B,False,False,False
3122504,Dom Cavati,MG,B,Cicf,B,False,False,False
1502939,Dom Eliseu,PA,C,Bicf,C,True,False,True
2203404,Dom Expedito Lopes,PI,C,Bicf,C,True,False,True
4306502,Dom Feliciano,RS,A,Bicf,A,False,False,False
2203453,Dom Inocêncio,PI,C,Bicf,C,True,False,True
3122603,Dom Joaquim,MG,A,Cicf,A,False,False,False
2910206,Dom Macedo Costa,BA,n.d.,Dicf,n.d.,False,True,True
4306601,Dom Pedrito,RS,A,Aicf,A+,False,False,False
2103802,Dom Pedro,MA,C,Cicf,C,True,False,True
4306551,Dom Pedro de Alcântara,RS,A,Aicf,A+,False,False,False
3122702,Dom Silvério,MG,A,Aicf,A+,False,False,False
3122801,Dom Viçoso,MG,A,Bicf,A,False,False,False
3201902,Domingos Martins,ES,A,Bicf,A,False,False,False
2203420,Domingos Mourão,PI,C,Bicf,C,True,False,True
4205100,Dona Emma,SC,B,Aicf,B+,False,False,False
3122900,Dona Euzébia,MG,B,Bicf,B,False,False,False
4306700,Dona Francisca,RS,A,Aicf,A+,False,False,False
2505709,Dona Inês,PB,n.d.,Eicf,n.e.,False,True,True
3123007,Dores de Campos,MG,B,Bicf,B,False,False,False
3123106,Dores de Guanhães,MG,C,Bicf,C,True,False,True
3123205,Dores do Indaiá,MG,A,Cicf,A,False,False,False
3202009,Dores do Rio Preto,ES,A,Aicf,A+,False,False,False
3123304,Dores do Turvo,MG,B,Cicf,B,False,False,False
3123403,Doresópolis,MG,C,Bicf,C,True,False,True
2605152,Dormentes,PE,C,Aicf,C,True,False,True
4107256,Douradina,PR,B,Bicf,B,False,False,False
5003504,Douradina,MS,n.d.,Cicf,n.d.,False,True,True
3514304,Dourado,SP,C,Cicf,C,True,False,True
3123502,Douradoquara,MG,C,Cicf,C,True,False,True
5003702,Dourados,MS,B,Aicf,B+,False,False,False
4107306,Doutor Camargo,PR,C,Bicf,C,True,False,True
4306734,Doutor Maurício Cardoso,RS,A,Bicf,A,False,False,False
4205159,Doutor Pedrinho,SC,A,Aicf,A+,False,False,False
4306759,Doutor Ricardo,RS,B,Bicf,B,False,False,False
2403202,Doutor Severiano,RN,C,Bicf,C,True,False,True
4128633,Doutor Ulysses,PR,A,Bicf,A,False,False,False
5207253,Doverlândia,GO,C,Bicf,C,True,False,True
3514403,Dracena,SP,C,Bicf,C,True,False,True
3514502,Duartina,SP,B,Bicf,B,False,False,False
3301603,Duas Barras,RJ,C,Cicf,C,True,False,True
2505808,Duas Estradas,PB,A,Dicf,A,False,False,False
1707306,Dueré,TO,C,Cicf,C,True,False,True
3514601,Dumont,SP,C,Bicf,C,True,False,True
2103901,Duque Bacelar,MA,C,Cicf,C,True,False,True
3301702,Duque de Caxias,RJ,C,Cicf,C,True,False,True
3123528,Durandé,MG,C,Cicf,C,True,False,True
3514700,Echaporã,SP,C,Aicf,C,True,False,True
3202108,Ecoporanga,ES,A,Aicf,A+,False,False,False
5207352,Edealina,GO,n.d.,Bicf,n.d.,False,True,True
5207402,Edéia,GO,A,Dicf,A,False,False,False
1301407,Eirunepé,AM,C,Bicf,C,True,False,True
3514809,Eldorado,SP,B,Bicf,B,False,False,False
5003751,Eldorado,MS,B,Cicf,B,False,False,False
1502954,Eldorado do Carajás,PA,C,Bicf,C,True,False,True
4306767,Eldorado do Sul,RS,C,Aicf,C,True,False,True
2203503,Elesbão Veloso,PI,C,Bicf,C,True,False,True
3514908,Elias Fausto,SP,A,Bicf,A,False,False,False
2203602,Eliseu Martins,PI,C,Cicf,C,True,False,True
3514924,Elisiário,SP,B,Aicf,B+,False,False,False
2910305,Elísio Medrado,BA,B,Dicf,B,False,False,False
3123601,Elói Mendes,MG,A,Bicf,A,False,False,False
2505907,Emas,PB,B,Cicf,B,False,False,False
3514957,Embaúba,SP,C,Bicf,C,True,False,True
3515004,Embu das Artes,SP,C,Bicf,C,True,False,True
3515103,Embu-Guaçu,SP,C,Bicf,C,True,False,True
3515129,Emilianópolis,SP,n.d.,Bicf,n.d.,False,True,True
4306809,Encantado,RS,B,Bicf,B,False,False,False
2403301,Encanto,RN,A,Cicf,A,False,False,False
2910404,Encruzilhada,BA,C,Dicf,C,True,False,True
4306908,Encruzilhada do Sul,RS,B,Bicf,B,False,False,False
4107405,Enéas Marques,PR,A,Cicf,A,False,False,False
4107504,Engenheiro Beltrão,PR,C,Dicf,C,True,False,True
3123700,Engenheiro Caldas,MG,n.d.,Cicf,n.d.,False,True,True
3515152,Engenheiro Coelho,SP,C,Bicf,C,True,False,True
3123809,Engenheiro Navarro,MG,C,Bicf,C,True,False,True
3301801,Engenheiro Paulo de Frontin,RJ,C,Cicf,C,True,False,True
4306924,Engenho Velho,RS,A,Bicf,A,False,False,False
3123858,Entre Folhas,MG,B,Cicf,B,False,False,False
2910503,Entre Rios,BA,D,Bicf,D,True,False,True
4205175,Entre Rios,SC,A,Aicf,A+,False,False,False
3123908,Entre Rios de Minas,MG,B,Aicf,B+,False,False,False
4107538,Entre Rios do Oeste,PR,A,Bicf,A,False,False,False
4306957,Entre Rios do Sul,RS,B,Cicf,B,False,False,False
4306932,Entre-Ijuís,RS,B,Aicf,B+,False,False,False
1301506,Envira,AM,C,Bicf,C,True,False,True
1200252,Epitaciolândia,AC,n.d.,Dicf,n.d.,False,True,True
2403400,Equador,RN,C,Bicf,C,True,False,True
4306973,Erebango,RS,n.d.,Eicf,n.e.,False,True,True
4307005,Erechim,RS,A,Aicf,A+,False,False,False
2304277,Ereré,CE,A,Bicf,A,False,False,False
2900504,Érico Cardoso,BA,C,Cicf,C,True,False,True
4205191,Ermo,SC,n.d.,Eicf,n.e.,False,True,True
4307054,Ernestina,RS,A,Bicf,A,False,False,False
4307203,Erval Grande,RS,C,Cicf,C,True,False,True
4307302,Erval Seco,RS,B,Bicf,B,False,False,False
4205209,Erval Velho,SC,A,Bicf,A,False,False,False
3124005,Ervália,MG,B,Bicf,B,False,False,False
2605202,Escada,PE,B,Bicf,B,False,False,False
4307401,Esmeralda,RS,A,Bicf,A,False,False,False
3124104,Esmeraldas,MG,C,Aicf,C,True,False,True
3124203,Espera Feliz,MG,B,Dicf,B,False,False,False
2506004,Esperança,PB,C,Cicf,C,True,False,True
4307450,Esperança do Sul,RS,n.d.,Cicf,n.d.,False,True,True
4107520,Esperança Nova,PR,n.d.,Bicf,n.d.,False,True,True
1707405,Esperantina,TO,C,Bicf,C,True,False,True
2203701,Esperantina,PI,B,Aicf,B+,False,False,False
2104008,Esperantinópolis,MA,C,Cicf,C,True,False,True
4107546,Espigão Alto do Iguaçu,PR,A,Bicf,A,False,False,False
1100098,Espigão D'Oeste,RO,A,Bicf,A,False,False,False
3124302,Espinosa,MG,B,Aicf,B+,False,False,False
2403509,Espírito Santo,RN,B,Bicf,B,False,False,False
3124401,Espírito Santo do Dourado,MG,B,Aicf,B+,False,False,False
3515186,Espírito Santo do Pinhal,SP,C,Cicf,C,True,False,True
3515194,Espírito Santo do Turvo,SP,A,Bicf,A,False,False,False
2910602,Esplanada,BA,B,Bicf,B,False,False,False
4307500,Espumoso,RS,A,Bicf,A,False,False,False
4307559,Estação,RS,B,Bicf,B,False,False,False
2802106,Estância,SE,B,Bicf,B,False,False,False
4307609,Estância Velha,RS,B,Dicf,B,False,False,False
4307708,Esteio,RS,C,Cicf,C,True,False,True
3124500,Estiva,MG,A,Aicf,A+,False,False,False
3557303,Estiva Gerbi,SP,n.d.,Cicf,n.d.,False,True,True
2104057,Estreito,MA,A,Dicf,A,False,False,False
4307807,Estrela,RS,B,Aicf,B+,False,False,False
3124609,Estrela Dalva,MG,B,Bicf,B,False,False,False
2702553,Estrela de Alagoas,AL,B,Cicf,B,False,False,False
3124708,Estrela do Indaiá,MG,n.d.,Cicf,n.d.,False,True,True
3515301,Estrela do Norte,SP,C,Bicf,C,True,False,True
5207501,Estrela do Norte,GO,n.d.,Cicf,n.d.,False,True,True
3124807,Estrela do Sul,MG,C,Cicf,C,True,False,True
3515202,Estrela d'Oeste,SP,A,Cicf,A,False,False,False
4307815,Estrela Velha,RS,A,Bicf,A,False,False,False
2910701,Euclides da Cunha,BA,B,Cicf,B,False,False,False
3515350,Euclides da Cunha Paulista,SP,C,Bicf,C,True,False,True
4307831,Eugênio de Castro,RS,A,Aicf,A+,False,False,False
3124906,Eugenópolis,MG,C,Bicf,C,True,False,True
2910727,Eunápolis,BA,C,Bicf,C,True,False,True
2304285,Eusébio,CE,C,Cicf,C,True,False,True
3125002,Ewbank da Câmara,MG,C,Bicf,C,True,False,True
3125101,Extrema,MG,A,Bicf,A,False,False,False
2403608,Extremoz,RN,C,Cicf,C,True,False,True
2605301,Exu,PE,C,Bicf,C,True,False,True
2506103,Fagundes,PB,A,Cicf,A,False,False,False
4307864,Fagundes Varela,RS,A,Aicf,A+,False,False,False
5207535,Faina,GO,n.d.,Dicf,n.d.,False,True,True
3125200,Fama,MG,A,Aicf,A+,False,False,False
3125309,Faria Lemos,MG,C,Cicf,C,True,False,True
2304301,Farias Brito,CE,B,Bicf,B,False,False,False
1503002,Faro,PA,C,Bicf,C,True,False,True
4107553,Farol,PR,A,Cicf,A,False,False,False
4307906,Farroupilha,RS,B,Aicf,B+,False,False,False
3515400,Fartura,SP,A,Cicf,A,False,False,False
2203750,Fartura do Piauí,PI,C,Cicf,C,True,False,True
1707553,Fátima,TO,B,Bicf,B,False,False,False
2910750,Fátima,BA,C,Cicf,C,True,False,True
5003801,Fátima do Sul,MS,B,Eicf,n.e.,False,True,True
4107603,Faxinal,PR,C,Cicf,C,True,False,True
4308003,Faxinal do Soturno,RS,A,Aicf,A+,False,False,False
4205308,Faxinal dos Guedes,SC,A,Bicf,A,False,False,False
4308052,Faxinalzinho,RS,B,Dicf,B,False,False,False
5207600,Fazenda Nova,GO,n.d.,Dicf,n.d.,False,True,True
4107652,Fazenda Rio Grande,PR,A,Bicf,A,False,False,False
4308078,Fazenda Vilanova,RS,A,Bicf,A,False,False,False
1200302,Feijó,AC,n.d.,Cicf,n.d.,False,True,True
2910776,Feira da Mata,BA,B,Bicf,B,False,False,False
2910800,Feira de Santana,BA,C,Bicf,C,True,False,True
2702603,Feira Grande,AL,n.d.,Eicf,n.e.,False,True,True
2605400,Feira Nova,PE,C,Bicf,C,True,False,True
2802205,Feira Nova,SE,C,Bicf,C,True,False,True
2104073,Feira Nova do Maranhão,MA,C,Cicf,C,True,False,True
3125408,Felício dos Santos,MG,C,Aicf,C,True,False,True
2403707,Felipe Guerra,RN,A,Bicf,A,False,False,False
3125606,Felisburgo,MG,C,Bicf,C,True,False,True
3125705,Felixlândia,MG,n.d.,Cicf,n.d.,False,True,True
4308102,Feliz,RS,A,Aicf,A+,False,False,False
2702702,Feliz Deserto,AL,C,Bicf,C,True,False,True
5103700,Feliz Natal,MT,B,Bicf,B,False,False,False
4107702,Fênix,PR,n.d.,Eicf,n.e.,False,True,True
4107736,Fernandes Pinheiro,PR,A,Dicf,A,False,False,False
3125804,Fernandes Tourinho,MG,A,Bicf,A,False,False,False
2104081,Fernando Falcão,MA,C,Cicf,C,True,False,True
2403756,Fernando Pedroza,RN,C,Bicf,C,True,False,True
3515608,Fernando Prestes,SP,C,Aicf,C,True,False,True
3515509,Fernandópolis,SP,C,Bicf,C,True,False,True
3515657,Fernão,SP,C,Bicf,C,True,False,True
3515707,Ferraz de Vasconcelos,SP,A,Bicf,A,False,False,False
1600238,Ferreira Gomes,AP,C,Eicf,n.e.,False,True,True
2605509,Ferreiros,PE,A,Bicf,A,False,False,False
3125903,Ferros,MG,n.d.,Bicf,n.d.,False,True,True
3125952,Fervedouro,MG,A,Bicf,A,False,False,False
4107751,Figueira,PR,C,Bicf,C,True,False,True
5003900,Figueirão,MS,A,Bicf,A,False,False,False
1707652,Figueirópolis,TO,n.d.,Cicf,n.d.,False,True,True
5103809,Figueirópolis D'Oeste,MT,B,Cicf,B,False,False,False
1707702,Filadélfia,TO,n.d.,Bicf,n.d.,False,True,True
2910859,Filadélfia,BA,C,Cicf,C,True,False,True
2910909,Firmino Alves,BA,C,Bicf,C,True,False,True
5207808,Firminópolis,GO,B,Cicf,B,False,False,False
2702801,Flexeiras,AL,C,Cicf,C,True,False,True
4107850,Flor da Serra do Sul,PR,A,Bicf,A,False,False,False
4205357,Flor do Sertão,SC,A,Bicf,A,False,False,False
3515806,Flora Rica,SP,C,Bicf,C,True,False,True
4107801,Floraí,PR,A,Bicf,A,False,False,False
2403806,Florânia,RN,B,Bicf,B,False,False,False
3515905,Floreal,SP,A,Dicf,A,False,False,False
2605608,Flores,PE,C,Bicf,C,True,False,True
4308201,Flores da Cunha,RS,A,Bicf,A,False,False,False
5207907,Flores de Goiás,GO,C,Bicf,C,True,False,True
2203800,Flores do Piauí,PI,n.d.,Bicf,n.d.,False,True,True
2605707,Floresta,PE,C,Bicf,C,True,False,True
4107900,Floresta,PR,n.d.,Bicf,n.d.,False,True,True
2911006,Floresta Azul,BA,C,Bicf,C,True,False,True
1503044,Floresta do Araguaia,PA,C,Bicf,C,True,False,True
2203859,Floresta do Piauí,PI,C,Cicf,C,True,False,True
3126000,Florestal,MG,A,Bicf,A,False,False,False
4108007,Florestópolis,PR,n.d.,Bicf,n.d.,False,True,True
2203909,Floriano,PI,A,Bicf,A,False,False,False
4308250,Floriano Peixoto,RS,A,Bicf,A,False,False,False
4205407,Florianópolis,SC,A,Aicf,A+,False,False,False
4108106,Flórida,PR,A,Bicf,A,False,False,False
3516002,Flórida Paulista,SP,B,Aicf,B+,False,False,False
3516101,Florínea,SP,C,Bicf,C,True,False,True
1301605,Fonte Boa,AM,C,Bicf,C,True,False,True
4308300,Fontoura Xavier,RS,B,Bicf,B,False,False,False
3126109,Formiga,MG,C,Bicf,C,True,False,True
4308409,Formigueiro,RS,B,Aicf,B+,False,False,False
5208004,Formosa,GO,n.d.,Cicf,n.d.,False,True,True
2104099,Formosa da Serra Negra,MA,n.d.,Cicf,n.d.,False,True,True
4108205,Formosa do Oeste,PR,A,Bicf,A,False,False,False
2911105,Formosa do Rio Preto,BA,A,Bicf,A,False,False,False
4205431,Formosa do Sul,SC,A,Aicf,A+,False,False,False
3126208,Formoso,MG,C,Aicf,C,True,False,True
5208103,Formoso,GO,C,Bicf,C,True,False,True
1708205,Formoso do Araguaia,TO,B,Cicf,B,False,False,False
4308433,Forquetinha,RS,A,Aicf,A+,False,False,False
2304350,Forquilha,CE,C,Bicf,C,True,False,True
4205456,Forquilhinha,SC,A,Aicf,A+,False,False,False
2304400,Fortaleza,CE,B,Aicf,B+,False,False,False
3126307,Fortaleza de Minas,MG,A,Cicf,A,False,False,False
2104107,Fortaleza dos Nogueiras,MA,B,Bicf,B,False,False,False
4308458,Fortaleza dos Valos,RS,B,Bicf,B,False,False,False
2304459,Fortim,CE,C,Bicf,C,True,False,True
2104206,Fortuna,MA,C,Bicf,C,True,False,True
3126406,Fortuna de Minas,MG,A,Bicf,A,False,False,False
4108304,Foz do Iguaçu,PR,C,Dicf,C,True,False,True
4108452,Foz do Jordão,PR,A,Cicf,A,False,False,False
4205506,Fraiburgo,SC,A,Aicf,A+,False,False,False
3516200,Franca,SP,C,Aicf,C,True,False,True
2204006,Francinópolis,PI,A,Bicf,A,False,False,False
4108320,Francisco Alves,PR,A,Bicf,A,False,False,False
2204105,Francisco Ayres,PI,C,Bicf,C,True,False,True
3126505,Francisco Badaró,MG,C,Aicf,C,True,False,True
4108403,Francisco Beltrão,PR,A,Cicf,A,False,False,False
2403905,Francisco Dantas,RN,C,Bicf,C,True,False,True
3126604,Francisco Dumont,MG,C,Bicf,C,True,False,True
2204154,Francisco Macedo,PI,C,Cicf,C,True,False,True
3516309,Francisco Morato,SP,B,Aicf,B+,False,False,False
3126703,Francisco Sá,MG,B,Aicf,B+,False,False,False
2204204,Francisco Santos,PI,B,Cicf,B,False,False,False
3126752,Franciscópolis,MG,C,Cicf,C,True,False,True
3516408,Franco da Rocha,SP,C,Aicf,C,True,False,True
2304509,Frecheirinha,CE,C,Bicf,C,True,False,True
4308508,Frederico Westphalen,RS,A,Aicf,A+,False,False,False
3126802,Frei Gaspar,MG,C,Cicf,C,True,False,True
3126901,Frei Inocêncio,MG,n.d.,Cicf,n.d.,False,True,True
3126950,Frei Lagonegro,MG,C,Aicf,C,True,False,True
2506202,Frei Martinho,PB,A,Dicf,A,False,False,False
2605806,Frei Miguelinho,PE,C,Aicf,C,True,False,True
2802304,Frei Paulo,SE,n.d.,Cicf,n.d.,False,True,True
4205555,Frei Rogério,SC,n.d.,Bicf,n.d.,False,True,True
3127008,Fronteira,MG,C,Eicf,n.e.,False,True,True
3127057,Fronteira dos Vales,MG,C,Cicf,C,True,False,True
2204303,Fronteiras,PI,C,Cicf,C,True,False,True
3127073,Fruta de Leite,MG,C,Aicf,C,True,False,True
3127107,Frutal,MG,C,Cicf,C,True,False,True
2404002,Frutuoso Gomes,RN,n.d.,Eicf,n.e.,False,True,True
3202207,Fundão,ES,B,Bicf,B,False,False,False
3127206,Funilândia,MG,C,Cicf,C,True,False,True
3516507,Gabriel Monteiro,SP,B,Aicf,B+,False,False,False
2506251,Gado Bravo,PB,C,Bicf,C,True,False,True
3516606,Gália,SP,C,Aicf,C,True,False,True
3127305,Galiléia,MG,B,Cicf,B,False,False,False
2404101,Galinhos,RN,C,Cicf,C,True,False,True
4205605,Galvão,SC,A,Aicf,A+,False,False,False
2605905,Gameleira,PE,C,Aicf,C,True,False,True
5208152,Gameleira de Goiás,GO,A,Bicf,A,False,False,False
3127339,Gameleiras,MG,B,Aicf,B+,False,False,False
2911204,Gandu,BA,B,Bicf,B,False,False,False
2606002,Garanhuns,PE,A,Aicf,A+,False,False,False
2802403,Gararu,SE,n.d.,Dicf,n.d.,False,True,True
3516705,Garça,SP,A,Aicf,A+,False,False,False
4308607,Garibaldi,RS,A,Aicf,A+,False,False,False
4205704,Garopaba,SC,B,Bicf,B,False,False,False
1503077,Garrafão do Norte,PA,C,Bicf,C,True,False,True
4308656,Garruchos,RS,A,Bicf,A,False,False,False
4205803,Garuva,SC,B,Aicf,B+,False,False,False
4205902,Gaspar,SC,A,Bicf,A,False,False,False
3516804,Gastão Vidigal,SP,B,Dicf,B,False,False,False
5103858,Gaúcha do Norte,MT,C,Aicf,C,True,False,True
4308706,Gaurama,RS,A,Bicf,A,False,False,False
2911253,Gavião,BA,B,Cicf,B,False,False,False
3516853,Gavião Peixoto,SP,C,Cicf,C,True,False,True
2204352,Geminiano,PI,C,Bicf,C,True,False,True
4308805,General Câmara,RS,C,Aicf,C,True,False,True
4108502,General Carneiro,PR,B,Cicf,B,False,False,False
5103908,General Carneiro,MT,A,Cicf,A,False,False,False
2802502,General Maynard,SE,C,Cicf,C,True,False,True
3516903,General Salgado,SP,C,Dicf,C,True,False,True
2304608,General Sampaio,CE,C,Bicf,C,True,False,True
4308854,Gentil,RS,A,Bicf,A,False,False,False
2911303,Gentio do Ouro,BA,A,Bicf,A,False,False,False
3517000,Getulina,SP,C,Aicf,C,True,False,True
4308904,Getúlio Vargas,RS,B,Aicf,B+,False,False,False
2204402,Gilbués,PI,B,Bicf,B,False,False,False
2702900,Girau do Ponciano,AL,n.d.,Eicf,n.e.,False,True,True
4309001,Giruá,RS,B,Bicf,B,False,False,False
3127354,Glaucilândia,MG,C,Bicf,C,True,False,True
3517109,Glicério,SP,A,Bicf,A,False,False,False
2911402,Glória,BA,C,Bicf,C,True,False,True
5004007,Glória de Dourados,MS,A,Aicf,A+,False,False,False
2606101,Glória do Goitá,PE,C,Bicf,C,True,False,True
5103957,Glória D'Oeste,MT,B,Cicf,B,False,False,False
4309050,Glorinha,RS,B,Aicf,B+,False,False,False
2104305,Godofredo Viana,MA,C,Bicf,C,True,False,True
4108551,Godoy Moreira,PR,A,Cicf,A,False,False,False
3127370,Goiabeira,MG,n.d.,Cicf,n.d.,False,True,True
2606200,Goiana,PE,C,Bicf,C,True,False,True
3127388,Goianá,MG,C,Bicf,C,True,False,True
5208400,Goianápolis,GO,B,Bicf,B,False,False,False
5208509,Goiandira,GO,n.d.,Cicf,n.d.,False,True,True
5208608,Goianésia,GO,B,Cicf,B,False,False,False
1503093,Goianésia do Pará,PA,C,Bicf,C,True,False,True
5208707,Goiânia,GO,A,Aicf,A+,False,False,False
2404200,Goianinha,RN,C,Bicf,C,True,False,True
5208806,Goianira,GO,B,Cicf,B,False,False,False
1708304,Goianorte,TO,C,Bicf,C,True,False,True
5208905,Goiás,GO,C,Cicf,C,True,False,True
1709005,Goiatins,TO,B,Bicf,B,False,False,False
5209101,Goiatuba,GO,B,Dicf,B,False,False,False
4108601,Goioerê,PR,n.d.,Bicf,n.d.,False,True,True
4108650,Goioxim,PR,n.d.,Cicf,n.d.,False,True,True
3127404,Gonçalves,MG,A,Aicf,A+,False,False,False
2104404,Gonçalves Dias,MA,C,Cicf,C,True,False,True
2911501,Gongogi,BA,C,Bicf,C,True,False,True
3127503,Gonzaga,MG,B,Cicf,B,False,False,False
3127602,Gouveia,MG,A,Aicf,A+,False,False,False
5209150,Gouvelândia,GO,B,Bicf,B,False,False,False
2104503,Governador Archer,MA,C,Dicf,C,True,False,True
4206009,Governador Celso Ramos,SC,A,Bicf,A,False,False,False
2404309,Governador Dix-Sept Rosado,RN,C,Bicf,C,True,False,True
2104552,Governador Edison Lobão,MA,C,Cicf,C,True,False,True
2104602,Governador Eugênio Barros,MA,C,Cicf,C,True,False,True
1101005,Governador Jorge Teixeira,RO,A,Aicf,A+,False,False,False
3202256,Governador Lindenberg,ES,B,Aicf,B+,False,False,False
2104628,Governador Luiz Rocha,MA,C,Bicf,C,True,False,True
2911600,Governador Mangabeira,BA,C,Bicf,C,True,False,True
2104651,Governador Newton Bello,MA,C,Cicf,C,True,False,True
2104677,Governador Nunes Freire,MA,C,Bicf,C,True,False,True
3127701,Governador Valadares,MG,C,Bicf,C,True,False,True
2304657,Graça,CE,C,Bicf,C,True,False,True
2104701,Graça Aranha,MA,A,Dicf,A,False,False,False
2802601,Gracho Cardoso,SE,n.d.,Cicf,n.d.,False,True,True
2104800,Grajaú,MA,B,Cicf,B,False,False,False
4309100,Gramado,RS,A,Aicf,A+,False,False,False
4309126,Gramado dos Loureiros,RS,A,Dicf,A,False,False,False
4309159,Gramado Xavier,RS,A,Bicf,A,False,False,False
4108700,Grandes Rios,PR,A,Cicf,A,False,False,False
2606309,Granito,PE,C,Aicf,C,True,False,True
2304707,Granja,CE,B,Bicf,B,False,False,False
2304806,Granjeiro,CE,B,Bicf,B,False,False,False
3127800,Grão Mogol,MG,B,Bicf,B,False,False,False
4206108,Grão-Pará,SC,A,Aicf,A+,False,False,False
2606408,Gravatá,PE,C,Aicf,C,True,False,True
4309209,Gravataí,RS,C,Aicf,C,True,False,True
4206207,Gravatal,SC,C,Bicf,C,True,False,True
2304905,Groaíras,CE,A,Bicf,A,False,False,False
2404408,Grossos,RN,C,Cicf,C,True,False,True
3127909,Grupiara,MG,C,Cicf,C,True,False,True
4309258,Guabiju,RS,A,Bicf,A,False,False,False
4206306,Guabiruba,SC,A,Aicf,A+,False,False,False
3202306,Guaçuí,ES,B,Aicf,B+,False,False,False
2204501,Guadalupe,PI,C,Cicf,C,True,False,True
4309308,Guaíba,RS,C,Bicf,C,True,False,True
3517208,Guaiçara,SP,C,Bicf,C,True,False,True
3517307,Guaimbê,SP,C,Cicf,C,True,False,True
3517406,Guaíra,SP,C,Aicf,C,True,False,True
4108809,Guaíra,PR,B,Bicf,B,False,False,False
4108908,Guairaçá,PR,n.d.,Eicf,n.e.,False,True,True
2304954,Guaiúba,CE,C,Bicf,C,True,False,True
1301654,Guajará,AM,B,Bicf,B,False,False,False
1100106,Guajará-Mirim,RO,A,Bicf,A,False,False,False
2911659,Guajeru,BA,C,Cicf,C,True,False,True
2404507,Guamaré,RN,C,Bicf,C,True,False,True
4108957,Guamiranga,PR,C,Cicf,C,True,False,True
2911709,Guanambi,BA,C,Aicf,C,True,False,True
3128006,Guanhães,MG,C,Dicf,C,True,False,True
3128105,Guapé,MG,A,Bicf,A,False,False,False
3517505,Guapiaçu,SP,C,Aicf,C,True,False,True
3517604,Guapiara,SP,C,Bicf,C,True,False,True
3301850,Guapimirim,RJ,C,Aicf,C,True,False,True
4109005,Guapirama,PR,A,Bicf,A,False,False,False
5209200,Guapó,GO,n.d.,Cicf,n.d.,False,True,True
4309407,Guaporé,RS,A,Aicf,A+,False,False,False
4109104,Guaporema,PR,A,Bicf,A,False,False,False
3517703,Guará,SP,C,Bicf,C,True,False,True
2506301,Guarabira,PB,A,Eicf,n.e.,False,True,True
3517802,Guaraçaí,SP,C,Aicf,C,True,False,True
3517901,Guaraci,SP,C,Cicf,C,True,False,True
4109203,Guaraci,PR,n.d.,Cicf,n.d.,False,True,True
3128204,Guaraciaba,MG,A,Aicf,A+,False,False,False
4206405,Guaraciaba,SC,A,Aicf,A+,False,False,False
2305001,Guaraciaba do Norte,CE,C,Bicf,C,True,False,True
3128253,Guaraciama,MG,B,Bicf,B,False,False,False
1709302,Guaraí,TO,C,Bicf,C,True,False,True
5209291,Guaraíta,GO,n.d.,Cicf,n.d.,False,True,True
2305100,Guaramiranga,CE,B,Bicf,B,False,False,False
4206504,Guaramirim,SC,A,Aicf,A+,False,False,False
3128303,Guaranésia,MG,n.d.,Bicf,n.d.,False,True,True
3128402,Guarani,MG,B,Bicf,B,False,False,False
4309506,Guarani das Missões,RS,B,Bicf,B,False,False,False
5209408,Guarani de Goiás,GO,A,Cicf,A,False,False,False
3518008,Guarani d'Oeste,SP,A,Dicf,A,False,False,False
4109302,Guaraniaçu,PR,A,Bicf,A,False,False,False
3518107,Guarantã,SP,C,Aicf,C,True,False,True
5104104,Guarantã do Norte,MT,A,Cicf,A,False,False,False
3202405,Guarapari,ES,C,Aicf,C,True,False,True
4109401,Guarapuava,PR,C,Bicf,C,True,False,True
4109500,Guaraqueçaba,PR,A,Dicf,A,False,False,False
3128501,Guarará,MG,C,Bicf,C,True,False,True
3518206,Guararapes,SP,C,Aicf,C,True,False,True
3518305,Guararema,SP,n.d.,Cicf,n.d.,False,True,True
2911808,Guaratinga,BA,C,Bicf,C,True,False,True
3518404,Guaratinguetá,SP,B,Bicf,B,False,False,False
4109609,Guaratuba,PR,A,Eicf,n.e.,False,True,True
3128600,Guarda-Mor,MG,A,Cicf,A,False,False,False
3518503,Guareí,SP,n.d.,Bicf,n.d.,False,True,True
3518602,Guariba,SP,C,Bicf,C,True,False,True
2204550,Guaribas,PI,C,Cicf,C,True,False,True
5209457,Guarinos,GO,C,Bicf,C,True,False,True
3518701,Guarujá,SP,C,Bicf,C,True,False,True
4206603,Guarujá do Sul,SC,A,Aicf,A+,False,False,False
3518800,Guarulhos,SP,C,Bicf,C,True,False,True
4206652,Guatambú,SC,A,Bicf,A,False,False,False
3518859,Guatapará,SP,C,Bicf,C,True,False,True
3128709,Guaxupé,MG,A,Bicf,A,False,False,False
5004106,Guia Lopes da Laguna,MS,B,Bicf,B,False,False,False
3128808,Guidoval,MG,C,Eicf,n.e.,False,True,True
2104909,Guimarães,MA,C,Bicf,C,True,False,True
3128907,Guimarânia,MG,C,Cicf,C,True,False,True
5104203,Guiratinga,MT,A,Bicf,A,False,False,False
3129004,Guiricema,MG,C,Bicf,C,True,False,True
3129103,Gurinhatã,MG,B,Cicf,B,False,False,False
2506400,Gurinhém,PB,B,Bicf,B,False,False,False
2506509,Gurjão,PB,B,Eicf,n.e.,False,True,True
1503101,Gurupá,PA,C,Bicf,C,True,False,True
1709500,Gurupi,TO,A,Dicf,A,False,False,False
3518909,Guzolândia,SP,A,Aicf,A+,False,False,False
4309555,Harmonia,RS,A,Bicf,A,False,False,False
5209606,Heitoraí,GO,B,Dicf,B,False,False,False
3129202,Heliodora,MG,n.d.,Bicf,n.d.,False,True,True
2911857,Heliópolis,BA,B,Bicf,B,False,False,False
3519006,Herculândia,SP,C,Aicf,C,True,False,True
4307104,Herval,RS,A,Aicf,A+,False,False,False
4206702,Herval d'Oeste,SC,B,Bicf,B,False,False,False
4309571,Herveiras,RS,A,Cicf,A,False,False,False
2305209,Hidrolândia,CE,C,Bicf,C,True,False,True
5209705,Hidrolândia,GO,A,Bicf,A,False,False,False
5209804,Hidrolina,GO,A,Bicf,A,False,False,False
3519055,Holambra,SP,C,Cicf,C,True,False,True
4109658,Honório Serpa,PR,B,Bicf,B,False,False,False
2305233,Horizonte,CE,A,Bicf,A,False,False,False
4309605,Horizontina,RS,A,Aicf,A+,False,False,False
3519071,Hortolândia,SP,B,Aicf,B+,False,False,False
2204600,Hugo Napoleão,PI,C,Bicf,C,True,False,True
4309654,Hulha Negra,RS,A,Aicf,A+,False,False,False
1301704,Humaitá,AM,C,Cicf,C,True,False,True
4309704,Humaitá,RS,A,Bicf,A,False,False,False
2105005,Humberto de Campos,MA,A,Bicf,A,False,False,False
3519105,Iacanga,SP,C,Bicf,C,True,False,True
5209903,Iaciara,GO,B,Cicf,B,False,False,False
3519204,Iacri,SP,A,Aicf,A+,False,False,False
2911907,Iaçu,BA,C,Bicf,C,True,False,True
3129301,Iapu,MG,C,Dicf,C,True,False,True
3519253,Iaras,SP,A,Bicf,A,False,False,False
2606507,Iati,PE,C,Cicf,C,True,False,True
4109708,Ibaiti,PR,A,Cicf,A,False,False,False
4309753,Ibarama,RS,n.d.,Bicf,n.d.,False,True,True
2305266,Ibaretama,CE,C,Bicf,C,True,False,True
3519303,Ibaté,SP,C,Bicf,C,True,False,True
2703007,Ibateguara,AL,A,Bicf,A,False,False,False
3202454,Ibatiba,ES,A,Bicf,A,False,False,False
4109757,Ibema,PR,A,Bicf,A,False,False,False
3129400,Ibertioga,MG,C,Bicf,C,True,False,True
3129509,Ibiá,MG,A,Bicf,A,False,False,False
4309803,Ibiaçá,RS,A,Dicf,A,False,False,False
3129608,Ibiaí,MG,C,Bicf,C,True,False,True
4206751,Ibiam,SC,A,Aicf,A+,False,False,False
2305308,Ibiapina,CE,C,Bicf,C,True,False,True
2506608,Ibiara,PB,C,Bicf,C,True,False,True
2912004,Ibiassucê,BA,B,Dicf,B,False,False,False
2912103,Ibicaraí,BA,B,Bicf,B,False,False,False
4206801,Ibicaré,SC,A,Bicf,A,False,False,False
2912202,Ibicoara,BA,C,Dicf,C,True,False,True
2912301,Ibicuí,BA,n.d.,Bicf,n.d.,False,True,True
2305332,Ibicuitinga,CE,C,Bicf,C,True,False,True
2606606,Ibimirim,PE,B,Bicf,B,False,False,False
2912400,Ibipeba,BA,C,Cicf,C,True,False,True
2912509,Ibipitanga,BA,A,Dicf,A,False,False,False
4109807,Ibiporã,PR,A,Bicf,A,False,False,False
2912608,Ibiquera,BA,C,Bicf,C,True,False,True
3519402,Ibirá,SP,C,Bicf,C,True,False,True
3129657,Ibiracatu,MG,C,Cicf,C,True,False,True
3129707,Ibiraci,MG,C,Cicf,C,True,False,True
3202504,Ibiraçu,ES,A,Bicf,A,False,False,False
4309902,Ibiraiaras,RS,A,Aicf,A+,False,False,False
2606705,Ibirajuba,PE,C,Aicf,C,True,False,True
4206900,Ibirama,SC,A,Bicf,A,False,False,False
2912707,Ibirapitanga,BA,C,Bicf,C,True,False,True
2912806,Ibirapuã,BA,C,Bicf,C,True,False,True
4309951,Ibirapuitã,RS,C,Bicf,C,True,False,True
3519501,Ibirarema,SP,C,Bicf,C,True,False,True
2912905,Ibirataia,BA,C,Bicf,C,True,False,True
3129806,Ibirité,MG,B,Bicf,B,False,False,False
4310009,Ibirubá,RS,A,Aicf,A+,False,False,False
2913002,Ibitiara,BA,C,Cicf,C,True,False,True
3519600,Ibitinga,SP,A,Bicf,A,False,False,False
3202553,Ibitirama,ES,C,Aicf,C,True,False,True
2913101,Ibititá,BA,C,Aicf,C,True,False,True
3129905,Ibitiúra de Minas,MG,B,Aicf,B+,False,False,False
3130002,Ibituruna,MG,B,Bicf,B,False,False,False
3519709,Ibiúna,SP,C,Bicf,C,True,False,True
2913200,Ibotirama,BA,n.d.,Cicf,n.d.,False,True,True
2305357,Icapuí,CE,B,Aicf,B+,False,False,False
4207007,Içara,SC,B,Bicf,B,False,False,False
3130051,Icaraí de Minas,MG,C,Aicf,C,True,False,True
4109906,Icaraíma,PR,B,Cicf,B,False,False,False
2105104,Icatu,MA,A,Dicf,A,False,False,False
3519808,Icém,SP,B,Aicf,B+,False,False,False
2913309,Ichu,BA,B,Bicf,B,False,False,False
2305407,Icó,CE,B,Bicf,B,False,False,False
3202603,Iconha,ES,B,Aicf,B+,False,False,False
2404606,Ielmo Marinho,RN,B,Bicf,B,False,False,False
3519907,Iepê,SP,C,Bicf,C,True,False,True
2703106,Igaci,AL,C,Bicf,C,True,False,True
2913408,Igaporã,BA,C,Cicf,C,True,False,True
3520004,Igaraçu do Tietê,SP,B,Bicf,B,False,False,False
2502607,Igaracy,PB,B,Bicf,B,False,False,False
3520103,Igarapava,SP,C,Cicf,C,True,False,True
3130101,Igarapé,MG,n.d.,Bicf,n.d.,False,True,True
2105153,Igarapé do Meio,MA,A,Bicf,A,False,False,False
2105203,Igarapé Grande,MA,C,Cicf,C,True,False,True
1503200,Igarapé-Açu,PA,C,Bicf,C,True,False,True
1503309,Igarapé-Miri,PA,n.d.,Cicf,n.d.,False,True,True
2606804,Igarassu,PE,C,Bicf,C,True,False,True
3520202,Igaratá,SP,A,Bicf,A,False,False,False
3130200,Igaratinga,MG,C,Bicf,C,True,False,True
2913457,Igrapiúna,BA,B,Bicf,B,False,False,False
2703205,Igreja Nova,AL,C,Bicf,C,True,False,True
4310108,Igrejinha,RS,B,Bicf,B,False,False,False
3301876,Iguaba Grande,RJ,A,Bicf,A,False,False,False
2913507,Iguaí,BA,B,Cicf,B,False,False,False
3520301,Iguape,SP,C,Bicf,C,True,False,True
4110003,Iguaraçu,PR,n.d.,Bicf,n.d.,False,True,True
2606903,Iguaracy,PE,C,Bicf,C,True,False,True
3130309,Iguatama,MG,B,Dicf,B,False,False,False
5004304,Iguatemi,MS,A,Bicf,A,False,False,False
2305506,Iguatu,CE,C,Bicf,C,True,False,True
4110052,Iguatu,PR,A,Cicf,A,False,False,False
3130408,Ijaci,MG,C,Bicf,C,True,False,True
4310207,Ijuí,RS,B,Aicf,B+,False,False,False
3520426,Ilha Comprida,SP,C,Aicf,C,True,False,True
2802700,Ilha das Flores,SE,C,Cicf,C,True,False,True
2607604,Ilha de Itamaracá,PE,C,Cicf,C,True,False,True
2204659,Ilha Grande,PI,C,Bicf,C,True,False,True
3520442,Ilha Solteira,SP,A,Bicf,A,False,False,False
3520400,Ilhabela,SP,A,Aicf,A+,False,False,False
2913606,Ilhéus,BA,C,Cicf,C,True,False,True
4207106,Ilhota,SC,A,Bicf,A,False,False,False
3130507,Ilicínea,MG,C,Bicf,C,True,False,True
4310306,Ilópolis,RS,A,Aicf,A+,False,False,False
2506707,Imaculada,PB,C,Bicf,C,True,False,True
4207205,Imaruí,SC,C,Bicf,C,True,False,True
4110078,Imbaú,PR,n.d.,Eicf,n.e.,False,True,True
4310330,Imbé,RS,B,Aicf,B+,False,False,False
3130556,Imbé de Minas,MG,C,Bicf,C,True,False,True
4207304,Imbituba,SC,n.d.,Cicf,n.d.,False,True,True
4110102,Imbituva,PR,A,Cicf,A,False,False,False
4207403,Imbuia,SC,A,Bicf,A,False,False,False
4310363,Imigrante,RS,A,Aicf,A+,False,False,False
2105302,Imperatriz,MA,C,Bicf,C,True,False,True
4110201,Inácio Martins,PR,C,Cicf,C,True,False,True
5209937,Inaciolândia,GO,B,Bicf,B,False,False,False
2607000,Inajá,PE,n.d.,Cicf,n.d.,False,True,True
4110300,Inajá,PR,C,Cicf,C,True,False,True
3130606,Inconfidentes,MG,C,Aicf,C,True,False,True
3130655,Indaiabira,MG,C,Aicf,C,True,False,True
4207502,Indaial,SC,C,Bicf,C,True,False,True
3520509,Indaiatuba,SP,A,Bicf,A,False,False,False
2305605,Independência,CE,C,Bicf,C,True,False,True
4310405,Independência,RS,A,Aicf,A+,False,False,False
3520608,Indiana,SP,C,Bicf,C,True,False,True
3130705,Indianópolis,MG,C,Bicf,C,True,False,True
4110409,Indianópolis,PR,B,Cicf,B,False,False,False
3520707,Indiaporã,SP,C,Aicf,C,True,False,True
5209952,Indiara,GO,C,Bicf,C,True,False,True
2802809,Indiaroba,SE,C,Cicf,C,True,False,True
5104500,Indiavaí,MT,n.d.,Cicf,n.d.,False,True,True
2506806,Ingá,PB,n.d.,Bicf,n.d.,False,True,True
3130804,Ingaí,MG,C,Aicf,C,True,False,True
2607109,Ingazeira,PE,C,Cicf,C,True,False,True
4310413,Inhacorá,RS,B,Bicf,B,False,False,False
2913705,Inhambupe,BA,C,Bicf,C,True,False,True
1503408,Inhangapi,PA,C,Bicf,C,True,False,True
2703304,Inhapi,AL,C,Bicf,C,True,False,True
3130903,Inhapim,MG,A,Cicf,A,False,False,False
3131000,Inhaúma,MG,C,Bicf,C,True,False,True
2204709,Inhuma,PI,C,Dicf,C,True,False,True
5210000,Inhumas,GO,B,Cicf,B,False,False,False
3131109,Inimutaba,MG,n.d.,Dicf,n.d.,False,True,True
5004403,Inocência,MS,A,Dicf,A,False,False,False
3520806,Inúbia Paulista,SP,A,Aicf,A+,False,False,False
4207577,Iomerê,SC,A,Aicf,A+,False,False,False
3131158,Ipaba,MG,C,Bicf,C,True,False,True
5210109,Ipameri,GO,B,Cicf,B,False,False,False
3131208,Ipanema,MG,B,Bicf,B,False,False,False
2404705,Ipanguaçu,RN,C,Bicf,C,True,False,True
2305654,Ipaporanga,CE,C,Bicf,C,True,False,True
3131307,Ipatinga,MG,C,Bicf,C,True,False,True
2305704,Ipaumirim,CE,B,Bicf,B,False,False,False
3520905,Ipaussu,SP,B,Aicf,B+,False,False,False
4310439,Ipê,RS,A,Aicf,A+,False,False,False
2913804,Ipecaetá,BA,C,Cicf,C,True,False,True
3521002,Iperó,SP,C,Aicf,C,True,False,True
3521101,Ipeúna,SP,A,Aicf,A+,False,False,False
3131406,Ipiaçu,MG,C,Aicf,C,True,False,True
2913903,Ipiaú,BA,C,Cicf,C,True,False,True
3521150,Ipiguá,SP,A,Dicf,A,False,False,False
4207601,Ipira,SC,B,Bicf,B,False,False,False
2914000,Ipirá,BA,B,Bicf,B,False,False,False
4110508,Ipiranga,PR,A,Cicf,A,False,False,False
5210158,Ipiranga de Goiás,GO,B,Bicf,B,False,False,False
5104526,Ipiranga do Norte,MT,A,Bicf,A,False,False,False
2204808,Ipiranga do Piauí,PI,B,Aicf,B+,False,False,False
4310462,Ipiranga do Sul,RS,A,Bicf,A,False,False,False
1301803,Ipixuna,AM,C,Bicf,C,True,False,True
1503457,Ipixuna do Pará,PA,C,Bicf,C,True,False,True
2607208,Ipojuca,PE,A,Aicf,A+,False,False,False
5210208,Iporá,GO,C,Cicf,C,True,False,True
4110607,Iporã,PR,C,Bicf,C,True,False,True
4207650,Iporã do Oeste,SC,A,Bicf,A,False,False,False
3521200,Iporanga,SP,C,Bicf,C,True,False,True
2305803,Ipu,CE,n.d.,Bicf,n.d.,False,True,True
3521309,Ipuã,SP,C,Bicf,C,True,False,True
4207684,Ipuaçu,SC,A,Aicf,A+,False,False,False
2607307,Ipubi,PE,C,Cicf,C,True,False,True
2404804,Ipueira,RN,C,Bicf,C,True,False,True
1709807,Ipueiras,TO,C,Dicf,C,True,False,True
2305902,Ipueiras,CE,B,Bicf,B,False,False,False
3131505,Ipuiúna,MG,B,Aicf,B+,False,False,False
4207700,Ipumirim,SC,A,Aicf,A+,False,False,False
2914109,Ipupiara,BA,B,Bicf,B,False,False,False
1400282,Iracema,RR,C,Eicf,n.e.,False,True,True
2306009,Iracema,CE,C,Bicf,C,True,False,True
4110656,Iracema do Oeste,PR,A,Cicf,A,False,False,False
3521408,Iracemápolis,SP,C,Bicf,C,True,False,True
4207759,Iraceminha,SC,A,Bicf,A,False,False,False
4310504,Iraí,RS,A,Bicf,A,False,False,False
3131604,Iraí de Minas,MG,A,Cicf,A,False,False,False
2914208,Irajuba,BA,C,Cicf,C,True,False,True
2914307,Iramaia,BA,A,Bicf,A,False,False,False
1301852,Iranduba,AM,C,Bicf,C,True,False,True
4207809,Irani,SC,A,Aicf,A+,False,False,False
3521507,Irapuã,SP,C,Aicf,C,True,False,True
3521606,Irapuru,SP,B,Aicf,B+,False,False,False
2914406,Iraquara,BA,C,Bicf,C,True,False,True
2914505,Irará,BA,C,Bicf,C,True,False,True
4110706,Irati,PR,B,Dicf,B,False,False,False
4207858,Irati,SC,n.d.,Bicf,n.d.,False,True,True
2306108,Irauçuba,CE,A,Bicf,A,False,False,False
2914604,Irecê,BA,C,Bicf,C,True,False,True
4110805,Iretama,PR,C,Cicf,C,True,False,True
4207908,Irineópolis,SC,A,Aicf,A+,False,False,False
1503507,Irituia,PA,C,Bicf,C,True,False,True
3202652,Irupi,ES,C,Bicf,C,True,False,True
2204907,Isaías Coelho,PI,C,Cicf,C,True,False,True
5210307,Israelândia,GO,A,Bicf,A,False,False,False
4208005,Itá,SC,A,Aicf,A+,False,False,False
4310538,Itaara,RS,A,Aicf,A+,False,False,False
2506905,Itabaiana,PB,n.d.,Eicf,n.e.,False,True,True
2802908,Itabaiana,SE,n.d.,Bicf,n.d.,False,True,True
2803005,Itabaianinha,SE,B,Aicf,B+,False,False,False
2914653,Itabela,BA,C,Cicf,C,True,False,True
3521705,Itaberá,SP,B,Aicf,B+,False,False,False
2914703,Itaberaba,BA,B,Cicf,B,False,False,False
5210406,Itaberaí,GO,A,Bicf,A,False,False,False
2803104,Itabi,SE,C,Cicf,C,True,False,True
3131703,Itabira,MG,A,Bicf,A,False,False,False
3131802,Itabirinha,MG,n.d.,Bicf,n.d.,False,True,True
3131901,Itabirito,MG,C,Aicf,C,True,False,True
3301900,Itaboraí,RJ,C,Cicf,C,True,False,True
2914802,Itabuna,BA,C,Cicf,C,True,False,True
1710508,Itacajá,TO,C,Bicf,C,True,False,True
3132008,Itacambira,MG,B,Aicf,B+,False,False,False
3132107,Itacarambi,MG,C,Bicf,C,True,False,True
2914901,Itacaré,BA,C,Bicf,C,True,False,True
1301902,Itacoatiara,AM,A,Bicf,A,False,False,False
2607406,Itacuruba,PE,C,Aicf,C,True,False,True
4310553,Itacurubi,RS,A,Cicf,A,False,False,False
2915007,Itaeté,BA,B,Cicf,B,False,False,False
2915106,Itagi,BA,C,Aicf,C,True,False,True
2915205,Itagibá,BA,C,Bicf,C,True,False,True
2915304,Itagimirim,BA,C,Bicf,C,True,False,True
3202702,Itaguaçu,ES,B,Aicf,B+,False,False,False
2915353,Itaguaçu da Bahia,BA,n.d.,Bicf,n.d.,False,True,True
3302007,Itaguaí,RJ,C,Eicf,n.e.,False,True,True
4110904,Itaguajé,PR,C,Cicf,C,True,False,True
3132206,Itaguara,MG,n.d.,Bicf,n.d.,False,True,True
5210562,Itaguari,GO,B,Cicf,B,False,False,False
5210604,Itaguaru,GO,n.d.,Bicf,n.d.,False,True,True
1710706,Itaguatins,TO,n.d.,Aicf,n.d.,False,True,True
3521804,Itaí,SP,B,Bicf,B,False,False,False
2607505,Itaíba,PE,A,Bicf,A,False,False,False
2306207,Itaiçaba,CE,C,Bicf,C,True,False,True
2205003,Itainópolis,PI,C,Cicf,C,True,False,True
4208104,Itaiópolis,SC,A,Bicf,A,False,False,False
2105351,Itaipava do Grajaú,MA,C,Cicf,C,True,False,True
3132305,Itaipé,MG,C,Cicf,C,True,False,True
4110953,Itaipulândia,PR,A,Bicf,A,False,False,False
2306256,Itaitinga,CE,C,Bicf,C,True,False,True
1503606,Itaituba,PA,C,Bicf,C,True,False,True
2404853,Itajá,RN,C,Bicf,C,True,False,True
5210802,Itajá,GO,n.d.,Cicf,n.d.,False,True,True
4208203,Itajaí,SC,A,Aicf,A+,False,False,False
3521903,Itajobi,SP,B,Aicf,B+,False,False,False
3522000,Itaju,SP,C,Bicf,C,True,False,True
2915403,Itaju do Colônia,BA,B,Bicf,B,False,False,False
3132404,Itajubá,MG,A,Bicf,A,False,False,False
2915502,Itajuípe,BA,B,Cicf,B,False,False,False
3302056,Italva,RJ,C,Bicf,C,True,False,True
2915601,Itamaraju,BA,B,Bicf,B,False,False,False
3132503,Itamarandiba,MG,A,Aicf,A+,False,False,False
1301951,Itamarati,AM,C,Bicf,C,True,False,True
3132602,Itamarati de Minas,MG,B,Bicf,B,False,False,False
2915700,Itamari,BA,B,Bicf,B,False,False,False
3132701,Itambacuri,MG,C,Dicf,C,True,False,True
4111001,Itambaracá,PR,C,Bicf,C,True,False,True
2607653,Itambé,PE,B,Cicf,B,False,False,False
2915809,Itambé,BA,C,Bicf,C,True,False,True
4111100,Itambé,PR,C,Cicf,C,True,False,True
3132800,Itambé do Mato Dentro,MG,A,Bicf,A,False,False,False
3132909,Itamogi,MG,C,Bicf,C,True,False,True
3133006,Itamonte,MG,B,Cicf,B,False,False,False
2915908,Itanagra,BA,C,Bicf,C,True,False,True
3522109,Itanhaém,SP,C,Aicf,C,True,False,True
3133105,Itanhandu,MG,C,Bicf,C,True,False,True
5104542,Itanhangá,MT,A,Bicf,A,False,False,False
2916005,Itanhém,BA,n.d.,Eicf,n.e.,False,True,True
3133204,Itanhomi,MG,B,Cicf,B,False,False,False
3133303,Itaobim,MG,C,Cicf,C,True,False,True
3522158,Itaoca,SP,n.d.,Cicf,n.d.,False,True,True
3302106,Itaocara,RJ,C,Bicf,C,True,False,True
5210901,Itapaci,GO,B,Bicf,B,False,False,False
3133402,Itapagipe,MG,A,Eicf,n.e.,False,True,True
2306306,Itapajé,CE,A,Bicf,A,False,False,False
2916104,Itaparica,BA,B,Bicf,B,False,False,False
2916203,Itapé,BA,C,Bicf,C,True,False,True
2916302,Itapebi,BA,D,Bicf,D,True,False,True
3133501,Itapecerica,MG,C,Aicf,C,True,False,True
3522208,Itapecerica da Serra,SP,B,Bicf,B,False,False,False
2105401,Itapecuru Mirim,MA,C,Cicf,C,True,False,True
4111209,Itapejara d'Oeste,PR,A,Bicf,A,False,False,False
4208302,Itapema,SC,C,Cicf,C,True,False,True
3202801,Itapemirim,ES,B,Aicf,B+,False,False,False
4111258,Itaperuçu,PR,B,Cicf,B,False,False,False
3302205,Itaperuna,RJ,C,Bicf,C,True,False,True
2607703,Itapetim,PE,C,Bicf,C,True,False,True
2916401,Itapetinga,BA,C,Cicf,C,True,False,True
3522307,Itapetininga,SP,C,Aicf,C,True,False,True
3133600,Itapeva,MG,A,Bicf,A,False,False,False
3522406,Itapeva,SP,C,Bicf,C,True,False,True
3522505,Itapevi,SP,B,Bicf,B,False,False,False
2916500,Itapicuru,BA,n.d.,Cicf,n.d.,False,True,True
2306405,Itapipoca,CE,C,Bicf,C,True,False,True
3522604,Itapira,SP,C,Bicf,C,True,False,True
1302009,Itapiranga,AM,C,Bicf,C,True,False,True
4208401,Itapiranga,SC,A,Aicf,A+,False,False,False
5211008,Itapirapuã,GO,n.d.,Dicf,n.d.,False,True,True
3522653,Itapirapuã Paulista,SP,A,Bicf,A,False,False,False
1710904,Itapiratins,TO,B,Aicf,B+,False,False,False
2607752,Itapissuma,PE,C,Bicf,C,True,False,True
2916609,Itapitanga,BA,C,Cicf,C,True,False,True
2306504,Itapiúna,CE,C,Bicf,C,True,False,True
4208450,Itapoá,SC,A,Cicf,A,False,False,False
3522703,Itápolis,SP,C,Bicf,C,True,False,True
5004502,Itaporã,MS,A,Cicf,A,False,False,False
1711100,Itaporã do Tocantins,TO,C,Aicf,C,True,False,True
2507002,Itaporanga,PB,C,Bicf,C,True,False,True
3522802,Itaporanga,SP,C,Bicf,C,True,False,True
2803203,Itaporanga d'Ajuda,SE,C,Bicf,C,True,False,True
2507101,Itapororoca,PB,C,Cicf,C,True,False,True
1101104,Itapuã do Oeste,RO,A,Bicf,A,False,False,False
4310579,Itapuca,RS,A,Aicf,A+,False,False,False
3522901,Itapuí,SP,C,Bicf,C,True,False,True
3523008,Itapura,SP,C,Cicf,C,True,False,True
5211206,Itapuranga,GO,n.d.,Cicf,n.d.,False,True,True
3523107,Itaquaquecetuba,SP,C,Bicf,C,True,False,True
2916708,Itaquara,BA,C,Bicf,C,True,False,True
4310603,Itaqui,RS,B,Bicf,B,False,False,False
5004601,Itaquiraí,MS,A,Cicf,A,False,False,False
2607802,Itaquitinga,PE,n.d.,Cicf,n.d.,False,True,True
3202900,Itarana,ES,A,Aicf,A+,False,False,False
2916807,Itarantim,BA,n.d.,Cicf,n.d.,False,True,True
3523206,Itararé,SP,A,Bicf,A,False,False,False
2306553,Itarema,CE,C,Bicf,C,True,False,True
3523305,Itariri,SP,C,Aicf,C,True,False,True
5211305,Itarumã,GO,n.d.,Cicf,n.d.,False,True,True
4310652,Itati,RS,B,Bicf,B,False,False,False
3302254,Itatiaia,RJ,A,Bicf,A,False,False,False
3133709,Itatiaiuçu,MG,C,Bicf,C,True,False,True
3523404,Itatiba,SP,C,Bicf,C,True,False,True
4310702,Itatiba do Sul,RS,B,Dicf,B,False,False,False
2916856,Itatim,BA,B,Cicf,B,False,False,False
3523503,Itatinga,SP,A,Bicf,A,False,False,False
2306603,Itatira,CE,C,Bicf,C,True,False,True
2507200,Itatuba,PB,A,Cicf,A,False,False,False
2404903,Itaú,RN,C,Bicf,C,True,False,True
3133758,Itaú de Minas,MG,n.d.,Dicf,n.d.,False,True,True
5104559,Itaúba,MT,B,Aicf,B+,False,False,False
1600253,Itaubal,AP,n.d.,Eicf,n.e.,False,True,True
5211404,Itauçu,GO,B,Bicf,B,False,False,False
2205102,Itaueira,PI,C,Bicf,C,True,False,True
3133808,Itaúna,MG,B,Cicf,B,False,False,False
4111308,Itaúna do Sul,PR,A,Cicf,A,False,False,False
3133907,Itaverava,MG,C,Bicf,C,True,False,True
3134004,Itinga,MG,C,Aicf,C,True,False,True
2105427,Itinga do Maranhão,MA,n.d.,Cicf,n.d.,False,True,True
5104609,Itiquira,MT,A,Cicf,A,False,False,False
3523602,Itirapina,SP,C,Aicf,C,True,False,True
3523701,Itirapuã,SP,C,Cicf,C,True,False,True
2916906,Itiruçu,BA,C,Bicf,C,True,False,True
2917003,Itiúba,BA,B,Bicf,B,False,False,False
3523800,Itobi,SP,A,Aicf,A+,False,False,False
2917102,Itororó,BA,C,Cicf,C,True,False,True
3523909,Itu,SP,B,Bicf,B,False,False,False
2917201,Ituaçu,BA,C,Cicf,C,True,False,True
2917300,Ituberá,BA,n.d.,Cicf,n.d.,False,True,True
3134103,Itueta,MG,C,Aicf,C,True,False,True
3134202,Ituiutaba,MG,B,Aicf,B+,False,False,False
5211503,Itumbiara,GO,B,Cicf,B,False,False,False
3134301,Itumirim,MG,A,Bicf,A,False,False,False
3524006,Itupeva,SP,C,Aicf,C,True,False,True
1503705,Itupiranga,PA,C,Bicf,C,True,False,True
4208500,Ituporanga,SC,B,Aicf,B+,False,False,False
3134400,Iturama,MG,C,Dicf,C,True,False,True
3134509,Itutinga,MG,A,Aicf,A+,False,False,False
3524105,Ituverava,SP,C,Aicf,C,True,False,True
2917334,Iuiu,BA,C,Cicf,C,True,False,True
3203007,Iúna,ES,C,Aicf,C,True,False,True
4111407,Ivaí,PR,B,Cicf,B,False,False,False
4111506,Ivaiporã,PR,A,Bicf,A,False,False,False
4111555,Ivaté,PR,C,Cicf,C,True,False,True
4111605,Ivatuba,PR,A,Bicf,A,False,False,False
5004700,Ivinhema,MS,B,Bicf,B,False,False,False
5211602,Ivolândia,GO,A,Bicf,A,False,False,False
4310751,Ivorá,RS,A,Bicf,A,False,False,False
4310801,Ivoti,RS,A,Bicf,A,False,False,False
2607901,Jaboatão dos Guararapes,PE,B,Aicf,B+,False,False,False
4208609,Jaborá,SC,A,Aicf,A+,False,False,False
2917359,Jaborandi,BA,A,Dicf,A,False,False,False
3524204,Jaborandi,SP,B,Aicf,B+,False,False,False
4111704,Jaboti,PR,B,Cicf,B,False,False,False
4310850,Jaboticaba,RS,A,Cicf,A,False,False,False
3524303,Jaboticabal,SP,C,Bicf,C,True,False,True
3134608,Jaboticatubas,MG,B,Cicf,B,False,False,False
2405009,Jaçanã,RN,B,Cicf,B,False,False,False
2917409,Jacaraci,BA,A,Dicf,A,False,False,False
2507309,Jacaraú,PB,C,Cicf,C,True,False,True
2703403,Jacaré dos Homens,AL,n.d.,Cicf,n.d.,False,True,True
1503754,Jacareacanga,PA,C,Bicf,C,True,False,True
3524402,Jacareí,SP,C,Bicf,C,True,False,True
4111803,Jacarezinho,PR,C,Bicf,C,True,False,True
3524501,Jaci,SP,C,Bicf,C,True,False,True
5104807,Jaciara,MT,C,Cicf,C,True,False,True
3134707,Jacinto,MG,C,Aicf,C,True,False,True
4208708,Jacinto Machado,SC,A,Aicf,A+,False,False,False
2917508,Jacobina,BA,B,Cicf,B,False,False,False
2205151,Jacobina do Piauí,PI,B,Cicf,B,False,False,False
3134806,Jacuí,MG,A,Cicf,A,False,False,False
2703502,Jacuípe,AL,C,Aicf,C,True,False,True
4310876,Jacuizinho,RS,A,Aicf,A+,False,False,False
1503804,Jacundá,PA,C,Bicf,C,True,False,True
3524600,Jacupiranga,SP,C,Bicf,C,True,False,True
3134905,Jacutinga,MG,C,Cicf,C,True,False,True
4310900,Jacutinga,RS,B,Bicf,B,False,False,False
4111902,Jaguapitã,PR,n.d.,Bicf,n.d.,False,True,True
2917607,Jaguaquara,BA,C,Aicf,C,True,False,True
3135001,Jaguaraçu,MG,A,Bicf,A,False,False,False
4311007,Jaguarão,RS,C,Aicf,C,True,False,True
2917706,Jaguarari,BA,n.d.,Dicf,n.d.,False,True,True
3203056,Jaguaré,ES,B,Aicf,B+,False,False,False
2306702,Jaguaretama,CE,C,Aicf,C,True,False,True
4311106,Jaguari,RS,C,Bicf,C,True,False,True
4112009,Jaguariaíva,PR,C,Bicf,C,True,False,True
2306801,Jaguaribara,CE,C,Aicf,C,True,False,True
2306900,Jaguaribe,CE,C,Cicf,C,True,False,True
2917805,Jaguaripe,BA,C,Bicf,C,True,False,True
3524709,Jaguariúna,SP,A,Aicf,A+,False,False,False
2307007,Jaguaruana,CE,B,Bicf,B,False,False,False
4208807,Jaguaruna,SC,B,Bicf,B,False,False,False
3135050,Jaíba,MG,C,Bicf,C,True,False,True
2205201,Jaicós,PI,C,Cicf,C,True,False,True
3524808,Jales,SP,C,Aicf,C,True,False,True
3524907,Jambeiro,SP,C,Aicf,C,True,False,True
3135076,Jampruca,MG,C,Bicf,C,True,False,True
3135100,Janaúba,MG,C,Aicf,C,True,False,True
5211701,Jandaia,GO,n.d.,Cicf,n.d.,False,True,True
4112108,Jandaia do Sul,PR,A,Bicf,A,False,False,False
2405108,Jandaíra,RN,C,Bicf,C,True,False,True
2917904,Jandaíra,BA,C,Aicf,C,True,False,True
3525003,Jandira,SP,n.d.,Cicf,n.d.,False,True,True
2405207,Janduís,RN,C,Bicf,C,True,False,True
5104906,Jangada,MT,A,Cicf,A,False,False,False
4112207,Janiópolis,PR,A,Bicf,A,False,False,False
3135209,Januária,MG,A,Aicf,A+,False,False,False
2405306,Januário Cicco,RN,C,Bicf,C,True,False,True
3135308,Japaraíba,MG,A,Bicf,A,False,False,False
2703601,Japaratinga,AL,B,Bicf,B,False,False,False
2803302,Japaratuba,SE,C,Bicf,C,True,False,True
3302270,Japeri,RJ,C,Bicf,C,True,False,True
2405405,Japi,RN,C,Bicf,C,True,False,True
4112306,Japira,PR,A,Cicf,A,False,False,False
2803401,Japoatã,SE,C,Cicf,C,True,False,True
3135357,Japonvar,MG,C,Bicf,C,True,False,True
5004809,Japorã,MS,A,Bicf,A,False,False,False
1302108,Japurá,AM,C,Bicf,C,True,False,True
4112405,Japurá,PR,A,Bicf,A,False,False,False
2607950,Jaqueira,PE,C,Bicf,C,True,False,True
4311122,Jaquirana,RS,B,Bicf,B,False,False,False
5211800,Jaraguá,GO,C,Cicf,C,True,False,True
4208906,Jaraguá do Sul,SC,A,Bicf,A,False,False,False
5004908,Jaraguari,MS,B,Bicf,B,False,False,False
2703700,Jaramataia,AL,C,Bicf,C,True,False,True
2307106,Jardim,CE,C,Bicf,C,True,False,True
5005004,Jardim,MS,B,Cicf,B,False,False,False
4112504,Jardim Alegre,PR,A,Bicf,A,False,False,False
2405504,Jardim de Angicos,RN,C,Bicf,C,True,False,True
2405603,Jardim de Piranhas,RN,B,Aicf,B+,False,False,False
2205250,Jardim do Mulato,PI,C,Bicf,C,True,False,True
2405702,Jardim do Seridó,RN,A,Bicf,A,False,False,False
4112603,Jardim Olinda,PR,B,Bicf,B,False,False,False
3525102,Jardinópolis,SP,n.d.,Cicf,n.d.,False,True,True
4208955,Jardinópolis,SC,B,Bicf,B,False,False,False
4311130,Jari,RS,A,Bicf,A,False,False,False
3525201,Jarinu,SP,A,Aicf,A+,False,False,False
1100114,Jaru,RO,A,Aicf,A+,False,False,False
5211909,Jataí,GO,A,Cicf,A,False,False,False
4112702,Jataizinho,PR,C,Cicf,C,True,False,True
2608008,Jataúba,PE,C,Bicf,C,True,False,True
5005103,Jateí,MS,A,Cicf,A,False,False,False
2307205,Jati,CE,B,Bicf,B,False,False,False
2105450,Jatobá,MA,B,Bicf,B,False,False,False
2608057,Jatobá,PE,C,Bicf,C,True,False,True
2205276,Jatobá do Piauí,PI,C,Cicf,C,True,False,True
3525300,Jaú,SP,A,Bicf,A,False,False,False
1711506,Jaú do Tocantins,TO,n.d.,Dicf,n.d.,False,True,True
5212006,Jaupaci,GO,A,Bicf,A,False,False,False
5105002,Jauru,MT,A,Bicf,A,False,False,False
3135407,Jeceaba,MG,B,Bicf,B,False,False,False
3135456,Jenipapo de Minas,MG,C,Aicf,C,True,False,True
2105476,Jenipapo dos Vieiras,MA,C,Cicf,C,True,False,True
3135506,Jequeri,MG,C,Bicf,C,True,False,True
2703759,Jequiá da Praia,AL,C,Cicf,C,True,False,True
2918001,Jequié,BA,B,Aicf,B+,False,False,False
3135605,Jequitaí,MG,B,Bicf,B,False,False,False
3135704,Jequitibá,MG,n.d.,Cicf,n.d.,False,True,True
3135803,Jequitinhonha,MG,C,Cicf,C,True,False,True
2918100,Jeremoabo,BA,B,Bicf,B,False,False,False
2507408,Jericó,PB,C,Eicf,n.e.,False,True,True
3525409,Jeriquara,SP,C,Bicf,C,True,False,True
3203106,Jerônimo Monteiro,ES,C,Bicf,C,True,False,True
2205300,Jerumenha,PI,C,Bicf,C,True,False,True
3135902,Jesuânia,MG,C,Bicf,C,True,False,True
4112751,Jesuítas,PR,A,Bicf,A,False,False,False
5212055,Jesúpolis,GO,C,Bicf,C,True,False,True
2307254,Jijoca de Jericoacoara,CE,C,Bicf,C,True,False,True
1100122,Ji-Paraná,RO,A,Aicf,A+,False,False,False
2918209,Jiquiriçá,BA,A,Cicf,A,False,False,False
2918308,Jitaúna,BA,B,Aicf,B+,False,False,False
4209003,Joaçaba,SC,A,Aicf,A+,False,False,False
3136009,Joaíma,MG,C,Cicf,C,True,False,True
3136108,Joanésia,MG,C,Bicf,C,True,False,True
3525508,Joanópolis,SP,C,Aicf,C,True,False,True
2608107,João Alfredo,PE,C,Dicf,C,True,False,True
2405801,João Câmara,RN,B,Bicf,B,False,False,False
2205359,João Costa,PI,C,Bicf,C,True,False,True
2405900,João Dias,RN,C,Bicf,C,True,False,True
2918357,João Dourado,BA,C,Dicf,C,True,False,True
2105500,João Lisboa,MA,B,Bicf,B,False,False,False
3136207,João Monlevade,MG,n.d.,Bicf,n.d.,False,True,True
3203130,João Neiva,ES,A,Bicf,A,False,False,False
2507507,João Pessoa,PB,B,Aicf,B+,False,False,False
3136306,João Pinheiro,MG,n.d.,Dicf,n.d.,False,True,True
3525607,João Ramalho,SP,A,Bicf,A,False,False,False
3136405,Joaquim Felício,MG,n.d.,Bicf,n.d.,False,True,True
2703809,Joaquim Gomes,AL,B,Cicf,B,False,False,False
2608206,Joaquim Nabuco,PE,C,Bicf,C,True,False,True
2205409,Joaquim Pires,PI,B,Bicf,B,False,False,False
4112801,Joaquim Távora,PR,A,Bicf,A,False,False,False
2513653,Joca Claudino,PB,C,Eicf,n.e.,False,True,True
2205458,Joca Marques,PI,n.d.,Cicf,n.d.,False,True,True
4311155,Jóia,RS,A,Aicf,A+,False,False,False
4209102,Joinville,SC,B,Aicf,B+,False,False,False
3136504,Jordânia,MG,C,Cicf,C,True,False,True
1200328,Jordão,AC,C,Cicf,C,True,False,True
4209151,José Boiteux,SC,A,Aicf,A+,False,False,False
3525706,José Bonifácio,SP,C,Aicf,C,True,False,True
2406007,José da Penha,RN,n.d.,Bicf,n.d.,False,True,True
2205508,José de Freitas,PI,C,Cicf,C,True,False,True
3136520,José Gonçalves de Minas,MG,C,Aicf,C,True,False,True
3136553,José Raydan,MG,B,Bicf,B,False,False,False
2105609,Joselândia,MA,C,Bicf,C,True,False,True
3136579,Josenópolis,MG,C,Cicf,C,True,False,True
5212105,Joviânia,GO,B,Cicf,B,False,False,False
5105101,Juara,MT,C,Cicf,C,True,False,True
2507606,Juarez Távora,PB,n.d.,Cicf,n.d.,False,True,True
1711803,Juarina,TO,C,Bicf,C,True,False,True
3136652,Juatuba,MG,B,Cicf,B,False,False,False
2507705,Juazeirinho,PB,n.d.,Bicf,n.d.,False,True,True
2918407,Juazeiro,BA,B,Bicf,B,False,False,False
2307304,Juazeiro do Norte,CE,B,Bicf,B,False,False,False
2205516,Juazeiro do Piauí,PI,C,Cicf,C,True,False,True
2307403,Jucás,CE,C,Bicf,C,True,False,True
2608255,Jucati,PE,C,Bicf,C,True,False,True
2918456,Jucuruçu,BA,n.d.,Eicf,n.e.,False,True,True
2406106,Jucurutu,RN,A,Bicf,A,False,False,False
5105150,Juína,MT,A,Bicf,A,False,False,False
3136702,Juiz de Fora,MG,B,Bicf,B,False,False,False
2205524,Júlio Borges,PI,C,Dicf,C,True,False,True
4311205,Júlio de Castilhos,RS,A,Aicf,A+,False,False,False
3525805,Júlio Mesquita,SP,C,Cicf,C,True,False,True
3525854,Jumirim,SP,A,Aicf,A+,False,False,False
2105658,Junco do Maranhão,MA,C,Cicf,C,True,False,True
2507804,Junco do Seridó,PB,C,Bicf,C,True,False,True
2406155,Jundiá,RN,B,Bicf,B,False,False,False
2703908,Jundiá,AL,A,Bicf,A,False,False,False
3525904,Jundiaí,SP,A,Aicf,A+,False,False,False
4112900,Jundiaí do Sul,PR,A,Cicf,A,False,False,False
2704005,Junqueiro,AL,C,Bicf,C,True,False,True
3526001,Junqueirópolis,SP,C,Aicf,C,True,False,True
2608305,Jupi,PE,n.d.,Bicf,n.d.,False,True,True
4209177,Jupiá,SC,B,Bicf,B,False,False,False
3526100,Juquiá,SP,A,Aicf,A+,False,False,False
3526209,Juquitiba,SP,C,Aicf,C,True,False,True
3136801,Juramento,MG,n.d.,Bicf,n.d.,False,True,True
4112959,Juranda,PR,B,Bicf,B,False,False,False
2205532,Jurema,PI,C,Bicf,C,True,False,True
2608404,Jurema,PE,C,Bicf,C,True,False,True
2507903,Juripiranga,PB,C,Cicf,C,True,False,True
2508000,Juru,PB,C,Cicf,C,True,False,True
1302207,Juruá,AM,C,Bicf,C,True,False,True
3136900,Juruaia,MG,B,Cicf,B,False,False,False
5105176,Juruena,MT,n.d.,Eicf,n.e.,False,True,True
1503903,Juruti,PA,B,Bicf,B,False,False,False
5105200,Juscimeira,MT,A,Bicf,A,False,False,False
2918506,Jussara,BA,n.d.,Bicf,n.d.,False,True,True
4113007,Jussara,PR,B,Cicf,B,False,False,False
5212204,Jussara,GO,A,Cicf,A,False,False,False
2918555,Jussari,BA,B,Cicf,B,False,False,False
2918605,Jussiape,BA,D,Cicf,D,True,False,True
1302306,Jutaí,AM,C,Bicf,C,True,False,True
5005152,Juti,MS,A,Bicf,A,False,False,False
3136959,Juvenília,MG,n.d.,Bicf,n.d.,False,True,True
4113106,Kaloré,PR,C,Cicf,C,True,False,True
1302405,Lábrea,AM,C,Dicf,C,True,False,True
4209201,Lacerdópolis,SC,A,Bicf,A,False,False,False
3137007,Ladainha,MG,C,Bicf,C,True,False,True
5005202,Ladário,MS,A,Cicf,A,False,False,False
2918704,Lafaiete Coutinho,BA,B,Bicf,B,False,False,False
3137106,Lagamar,MG,C,Cicf,C,True,False,True
2803500,Lagarto,SE,C,Bicf,C,True,False,True
4209300,Lages,SC,B,Bicf,B,False,False,False
2105708,Lago da Pedra,MA,C,Bicf,C,True,False,True
2105807,Lago do Junco,MA,C,Bicf,C,True,False,True
2105948,Lago dos Rodrigues,MA,B,Bicf,B,False,False,False
2105906,Lago Verde,MA,n.d.,Cicf,n.d.,False,True,True
2508109,Lagoa,PB,A,Dicf,A,False,False,False
2205557,Lagoa Alegre,PI,C,Cicf,C,True,False,True
4311239,Lagoa Bonita do Sul,RS,A,Aicf,A+,False,False,False
2704104,Lagoa da Canoa,AL,B,Cicf,B,False,False,False
1711902,Lagoa da Confusão,TO,C,Bicf,C,True,False,True
3137205,Lagoa da Prata,MG,A,Bicf,A,False,False,False
2406205,Lagoa d'Anta,RN,B,Bicf,B,False,False,False
2508208,Lagoa de Dentro,PB,C,Cicf,C,True,False,True
2608503,Lagoa de Itaenga,PE,C,Bicf,C,True,False,True
2406304,Lagoa de Pedras,RN,C,Cicf,C,True,False,True
2205573,Lagoa de São Francisco,PI,n.d.,Dicf,n.d.,False,True,True
2406403,Lagoa de Velhos,RN,C,Bicf,C,True,False,True
2205565,Lagoa do Barro do Piauí,PI,A,Aicf,A+,False,False,False
2608453,Lagoa do Carro,PE,n.d.,Bicf,n.d.,False,True,True
2105922,Lagoa do Mato,MA,C,Bicf,C,True,False,True
2608602,Lagoa do Ouro,PE,n.d.,Bicf,n.d.,False,True,True
2205581,Lagoa do Piauí,PI,B,Cicf,B,False,False,False
2205599,Lagoa do Sítio,PI,C,Cicf,C,True,False,True
1711951,Lagoa do Tocantins,TO,B,Cicf,B,False,False,False
2608701,Lagoa dos Gatos,PE,B,Bicf,B,False,False,False
3137304,Lagoa dos Patos,MG,B,Bicf,B,False,False,False
4311270,Lagoa dos Três Cantos,RS,A,Aicf,A+,False,False,False
3137403,Lagoa Dourada,MG,A,Bicf,A,False,False,False
3137502,Lagoa Formosa,MG,A,Cicf,A,False,False,False
2608750,Lagoa Grande,PE,C,Aicf,C,True,False,True
3137536,Lagoa Grande,MG,B,Bicf,B,False,False,False
2105963,Lagoa Grande do Maranhão,MA,n.d.,Eicf,n.e.,False,True,True
2406502,Lagoa Nova,RN,A,Bicf,A,False,False,False
2918753,Lagoa Real,BA,C,Dicf,C,True,False,True
2406601,Lagoa Salgada,RN,C,Bicf,C,True,False,True
3137601,Lagoa Santa,MG,A,Bicf,A,False,False,False
5212253,Lagoa Santa,GO,n.d.,Cicf,n.d.,False,True,True
2508307,Lagoa Seca,PB,n.d.,Dicf,n.d.,False,True,True
4311304,Lagoa Vermelha,RS,A,Bicf,A,False,False,False
4311254,Lagoão,RS,C,Dicf,C,True,False,True
3526308,Lagoinha,SP,A,Bicf,A,False,False,False
2205540,Lagoinha do Piauí,PI,B,Cicf,B,False,False,False
4209409,Laguna,SC,C,Bicf,C,True,False,True
5005251,Laguna Carapã,MS,A,Bicf,A,False,False,False
2918803,Laje,BA,C,Bicf,C,True,False,True
3302304,Laje do Muriaé,RJ,n.d.,Cicf,n.d.,False,True,True
1712009,Lajeado,TO,B,Bicf,B,False,False,False
4311403,Lajeado,RS,A,Aicf,A+,False,False,False
4311429,Lajeado do Bugre,RS,B,Bicf,B,False,False,False
4209458,Lajeado Grande,SC,A,Aicf,A+,False,False,False
2105989,Lajeado Novo,MA,B,Cicf,B,False,False,False
2918902,Lajedão,BA,B,Bicf,B,False,False,False
2919009,Lajedinho,BA,A,Aicf,A+,False,False,False
2608800,Lajedo,PE,C,Bicf,C,True,False,True
2919058,Lajedo do Tabocal,BA,C,Cicf,C,True,False,True
2406700,Lajes,RN,C,Cicf,C,True,False,True
2406809,Lajes Pintadas,RN,C,Bicf,C,True,False,True
3137700,Lajinha,MG,A,Cicf,A,False,False,False
2919108,Lamarão,BA,C,Bicf,C,True,False,True
3137809,Lambari,MG,B,Cicf,B,False,False,False
5105234,Lambari D'Oeste,MT,B,Aicf,B+,False,False,False
3137908,Lamim,MG,C,Bicf,C,True,False,True
2205607,Landri Sales,PI,C,Cicf,C,True,False,True
4113205,Lapa,PR,C,Bicf,C,True,False,True
2919157,Lapão,BA,C,Bicf,C,True,False,True
3203163,Laranja da Terra,ES,A,Bicf,A,False,False,False
3138005,Laranjal,MG,B,Bicf,B,False,False,False
4113254,Laranjal,PR,A,Cicf,A,False,False,False
1600279,Laranjal do Jari,AP,n.d.,Eicf,n.e.,False,True,True
3526407,Laranjal Paulista,SP,C,Bicf,C,True,False,True
2803609,Laranjeiras,SE,C,Cicf,C,True,False,True
4113304,Laranjeiras do Sul,PR,C,Bicf,C,True,False,True
3138104,Lassance,MG,C,Aicf,C,True,False,True
2508406,Lastro,PB,n.d.,Eicf,n.e.,False,True,True
4209508,Laurentino,SC,A,Bicf,A,False,False,False
2919207,Lauro de Freitas,BA,B,Bicf,B,False,False,False
4209607,Lauro Müller,SC,A,Bicf,A,False,False,False
1712157,Lavandeira,TO,B,Bicf,B,False,False,False
3526506,Lavínia,SP,n.d.,Cicf,n.d.,False,True,True
3138203,Lavras,MG,B,Cicf,B,False,False,False
2307502,Lavras da Mangabeira,CE,B,Bicf,B,False,False,False
4311502,Lavras do Sul,RS,B,Bicf,B,False,False,False
3526605,Lavrinhas,SP,C,Bicf,C,True,False,True
3138302,Leandro Ferreira,MG,A,Aicf,A+,False,False,False
4209706,Lebon Régis,SC,A,Cicf,A,False,False,False
3526704,Leme,SP,B,Bicf,B,False,False,False
3138351,Leme do Prado,MG,B,Aicf,B+,False,False,False
2919306,Lençóis,BA,C,Bicf,C,True,False,True
3526803,Lençóis Paulista,SP,B,Bicf,B,False,False,False
4209805,Leoberto Leal,SC,A,Cicf,A,False,False,False
3138401,Leopoldina,MG,B,Bicf,B,False,False,False
5212303,Leopoldo de Bulhões,GO,C,Bicf,C,True,False,True
4113403,Leópolis,PR,A,Bicf,A,False,False,False
4311601,Liberato Salzano,RS,B,Cicf,B,False,False,False
3138500,Liberdade,MG,C,Cicf,C,True,False,True
2919405,Licínio de Almeida,BA,B,Cicf,B,False,False,False
4113429,Lidianópolis,PR,C,Bicf,C,True,False,True
2106003,Lima Campos,MA,C,Cicf,C,True,False,True
3138609,Lima Duarte,MG,A,Bicf,A,False,False,False
3526902,Limeira,SP,C,Bicf,C,True,False,True
3138625,Limeira do Oeste,MG,C,Bicf,C,True,False,True
2608909,Limoeiro,PE,B,Bicf,B,False,False,False
2704203,Limoeiro de Anadia,AL,C,Bicf,C,True,False,True
1504000,Limoeiro do Ajuru,PA,B,Bicf,B,False,False,False
2307601,Limoeiro do Norte,CE,n.d.,Bicf,n.d.,False,True,True
4113452,Lindoeste,PR,C,Bicf,C,True,False,True
3527009,Lindóia,SP,B,Aicf,B+,False,False,False
4209854,Lindóia do Sul,SC,A,Bicf,A,False,False,False
4311627,Lindolfo Collor,RS,A,Bicf,A,False,False,False
4311643,Linha Nova,RS,A,Aicf,A+,False,False,False
3203205,Linhares,ES,B,Aicf,B+,False,False,False
3527108,Lins,SP,C,Bicf,C,True,False,True
2508505,Livramento,PB,C,Bicf,C,True,False,True
2919504,Livramento de Nossa Senhora,BA,B,Bicf,B,False,False,False
1712405,Lizarda,TO,C,Aicf,C,True,False,True
4113502,Loanda,PR,C,Cicf,C,True,False,True
4113601,Lobato,PR,n.d.,Cicf,n.d.,False,True,True
2508554,Logradouro,PB,C,Dicf,C,True,False,True
4113700,Londrina,PR,C,Cicf,C,True,False,True
3138658,Lontra,MG,C,Aicf,C,True,False,True
4209904,Lontras,SC,C,Aicf,C,True,False,True
3527207,Lorena,SP,C,Bicf,C,True,False,True
2106102,Loreto,MA,n.d.,Bicf,n.d.,False,True,True
3527256,Lourdes,SP,C,Bicf,C,True,False,True
3527306,Louveira,SP,C,Bicf,C,True,False,True
5105259,Lucas do Rio Verde,MT,B,Aicf,B+,False,False,False
3527405,Lucélia,SP,C,Bicf,C,True,False,True
2508604,Lucena,PB,n.d.,Bicf,n.d.,False,True,True
3527504,Lucianópolis,SP,C,Aicf,C,True,False,True
5105309,Luciara,MT,C,Bicf,C,True,False,True
2406908,Lucrécia,RN,B,Bicf,B,False,False,False
3527603,Luís Antônio,SP,C,Bicf,C,True,False,True
2205706,Luís Correia,PI,B,Cicf,B,False,False,False
2106201,Luís Domingues,MA,C,Cicf,C,True,False,True
2919553,Luís Eduardo Magalhães,BA,C,Bicf,C,True,False,True
2407005,Luís Gomes,RN,B,Bicf,B,False,False,False
3138674,Luisburgo,MG,B,Cicf,B,False,False,False
3138682,Luislândia,MG,C,Aicf,C,True,False,True
4210001,Luiz Alves,SC,A,Bicf,A,False,False,False
4113734,Luiziana,PR,n.d.,Bicf,n.d.,False,True,True
3527702,Luiziânia,SP,C,Aicf,C,True,False,True
3138708,Luminárias,MG,C,Aicf,C,True,False,True
4113759,Lunardelli,PR,A,Cicf,A,False,False,False
3527801,Lupércio,SP,C,Aicf,C,True,False,True
4113809,Lupionópolis,PR,n.d.,Eicf,n.e.,False,True,True
3527900,Lutécia,SP,A,Bicf,A,False,False,False
3138807,Luz,MG,n.d.,Cicf,n.d.,False,True,True
4210035,Luzerna,SC,A,Aicf,A+,False,False,False
5212501,Luziânia,GO,A,Dicf,A,False,False,False
2205805,Luzilândia,PI,C,Bicf,C,True,False,True
1712454,Luzinópolis,TO,n.d.,Cicf,n.d.,False,True,True
3302403,Macaé,RJ,A,Bicf,A,False,False,False
2407104,Macaíba,RN,C,Bicf,C,True,False,True
2919603,Macajuba,BA,C,Bicf,C,True,False,True
4311718,Maçambará,RS,C,Bicf,C,True,False,True
2803708,Macambira,SE,C,Bicf,C,True,False,True
1600303,Macapá,AP,A,Cicf,A,False,False,False
2609006,Macaparana,PE,C,Bicf,C,True,False,True
2919702,Macarani,BA,C,Dicf,C,True,False,True
3528007,Macatuba,SP,C,Aicf,C,True,False,True
2407203,Macau,RN,C,Cicf,C,True,False,True
3528106,Macaubal,SP,C,Bicf,C,True,False,True
2919801,Macaúbas,BA,C,Cicf,C,True,False,True
3528205,Macedônia,SP,C,Aicf,C,True,False,True
2704302,Maceió,AL,B,Aicf,B+,False,False,False
3138906,Machacalis,MG,C,Bicf,C,True,False,True
4311700,Machadinho,RS,C,Aicf,C,True,False,True
1100130,Machadinho D'Oeste,RO,A,Bicf,A,False,False,False
3139003,Machado,MG,C,Dicf,C,True,False,True
2609105,Machados,PE,C,Cicf,C,True,False,True
4210050,Macieira,SC,A,Bicf,A,False,False,False
3302452,Macuco,RJ,n.d.,Bicf,n.d.,False,True,True
2919900,Macururé,BA,C,Bicf,C,True,False,True
2307635,Madalena,CE,C,Bicf,C,True,False,True
2205854,Madeiro,PI,n.d.,Bicf,n.d.,False,True,True
2919926,Madre de Deus,BA,C,Bicf,C,True,False,True
3139102,Madre de Deus de Minas,MG,A,Aicf,A+,False,False,False
2508703,Mãe d'Água,PB,A,Bicf,A,False,False,False
1504059,Mãe do Rio,PA,n.d.,Eicf,n.e.,False,True,True
2919959,Maetinga,BA,C,Cicf,C,True,False,True
4210100,Mafra,SC,B,Bicf,B,False,False,False
1504109,Magalhães Barata,PA,C,Bicf,C,True,False,True
2106300,Magalhães de Almeida,MA,n.d.,Cicf,n.d.,False,True,True
3528304,Magda,SP,B,Aicf,B+,False,False,False
3302502,Magé,RJ,n.d.,Eicf,n.e.,False,True,True
2920007,Maiquinique,BA,C,Bicf,C,True,False,True
2920106,Mairi,BA,B,Bicf,B,False,False,False
3528403,Mairinque,SP,C,Bicf,C,True,False,True
3528502,Mairiporã,SP,C,Bicf,C,True,False,True
5212600,Mairipotaba,GO,A,Bicf,A,False,False,False
4210209,Major Gercino,SC,n.d.,Eicf,n.e.,False,True,True
2704401,Major Isidoro,AL,n.d.,Cicf,n.d.,False,True,True
2407252,Major Sales,RN,C,Bicf,C,True,False,True
4210308,Major Vieira,SC,A,Bicf,A,False,False,False
3139201,Malacacheta,MG,C,Bicf,C,True,False,True
2920205,Malhada,BA,A,Dicf,A,False,False,False
2920304,Malhada de Pedras,BA,n.d.,Bicf,n.d.,False,True,True
2803807,Malhada dos Bois,SE,C,Cicf,C,True,False,True
2803906,Malhador,SE,C,Cicf,C,True,False,True
4113908,Mallet,PR,A,Cicf,A,False,False,False
2508802,Malta,PB,n.d.,Bicf,n.d.,False,True,True
2508901,Mamanguape,PB,C,Cicf,C,True,False,True
5212709,Mambaí,GO,B,Bicf,B,False,False,False
4114005,Mamborê,PR,B,Bicf,B,False,False,False
3139250,Mamonas,MG,C,Aicf,C,True,False,True
4311734,Mampituba,RS,B,Bicf,B,False,False,False
1302504,Manacapuru,AM,C,Cicf,C,True,False,True
2509008,Manaíra,PB,B,Dicf,B,False,False,False
1302553,Manaquiri,AM,B,Bicf,B,False,False,False
2609154,Manari,PE,n.d.,Cicf,n.d.,False,True,True
1302603,Manaus,AM,B,Aicf,B+,False,False,False
1200336,Mâncio Lima,AC,C,Bicf,C,True,False,True
4114104,Mandaguaçu,PR,A,Cicf,A,False,False,False
4114203,Mandaguari,PR,A,Bicf,A,False,False,False
4114302,Mandirituba,PR,B,Bicf,B,False,False,False
3528601,Manduri,SP,A,Cicf,A,False,False,False
4114351,Manfrinópolis,PR,B,Cicf,B,False,False,False
3139300,Manga,MG,n.d.,Bicf,n.d.,False,True,True
3302601,Mangaratiba,RJ,C,Cicf,C,True,False,True
4114401,Mangueirinha,PR,A,Bicf,A,False,False,False
3139409,Manhuaçu,MG,A,Dicf,A,False,False,False
3139508,Manhumirim,MG,C,Cicf,C,True,False,True
1302702,Manicoré,AM,n.d.,Cicf,n.d.,False,True,True
2205904,Manoel Emídio,PI,n.d.,Cicf,n.d.,False,True,True
4114500,Manoel Ribas,PR,n.d.,Eicf,n.e.,False,True,True
1200344,Manoel Urbano,AC,A,Dicf,A,False,False,False
4311759,Manoel Viana,RS,A,Aicf,A+,False,False,False
2920403,Manoel Vitorino,BA,B,Bicf,B,False,False,False
2920452,Mansidão,BA,C,Dicf,C,True,False,True
3139607,Mantena,MG,B,Cicf,B,False,False,False
3203304,Mantenópolis,ES,B,Aicf,B+,False,False,False
4311775,Maquiné,RS,B,Bicf,B,False,False,False
3139805,Mar de Espanha,MG,A,Bicf,A,False,False,False
2704906,Mar Vermelho,AL,C,Cicf,C,True,False,True
5212808,Mara Rosa,GO,A,Bicf,A,False,False,False
1302801,Maraã,AM,C,Bicf,C,True,False,True
1504208,Marabá,PA,A,Bicf,A,False,False,False
3528700,Marabá Paulista,SP,C,Aicf,C,True,False,True
2106326,Maracaçumé,MA,C,Bicf,C,True,False,True
3528809,Maracaí,SP,C,Bicf,C,True,False,True
4210407,Maracajá,SC,A,Bicf,A,False,False,False
5005400,Maracaju,MS,B,Bicf,B,False,False,False
1504307,Maracanã,PA,C,Bicf,C,True,False,True
2307650,Maracanaú,CE,A,Cicf,A,False,False,False
2920502,Maracás,BA,B,Cicf,B,False,False,False
2704500,Maragogi,AL,C,Cicf,C,True,False,True
2920601,Maragogipe,BA,C,Bicf,C,True,False,True
2609204,Maraial,PE,C,Aicf,C,True,False,True
2106359,Marajá do Sena,MA,C,Bicf,C,True,False,True
2307700,Maranguape,CE,C,Bicf,C,True,False,True
2106375,Maranhãozinho,MA,C,Bicf,C,True,False,True
1504406,Marapanim,PA,n.d.,Eicf,n.e.,False,True,True
3528858,Marapoama,SP,C,Bicf,C,True,False,True
4311791,Maratá,RS,A,Bicf,A,False,False,False
3203320,Marataízes,ES,C,Aicf,C,True,False,True
4311809,Marau,RS,A,Aicf,A+,False,False,False
2920700,Maraú,BA,C,Bicf,C,True,False,True
2704609,Maravilha,AL,C,Bicf,C,True,False,True
4210506,Maravilha,SC,A,Bicf,A,False,False,False
3139706,Maravilhas,MG,A,Bicf,A,False,False,False
2509057,Marcação,PB,n.d.,Eicf,n.e.,False,True,True
5105580,Marcelândia,MT,A,Aicf,A+,False,False,False
4311908,Marcelino Ramos,RS,A,Cicf,A,False,False,False
2407302,Marcelino Vieira,RN,C,Bicf,C,True,False,True
2920809,Marcionílio Souza,BA,C,Cicf,C,True,False,True
2307809,Marco,CE,C,Eicf,n.e.,False,True,True
2205953,Marcolândia,PI,B,Cicf,B,False,False,False
2206001,Marcos Parente,PI,C,Cicf,C,True,False,True
4114609,Marechal Cândido Rondon,PR,A,Bicf,A,False,False,False
2704708,Marechal Deodoro,AL,B,Bicf,B,False,False,False
3203346,Marechal Floriano,ES,C,Aicf,C,True,False,True
1200351,Marechal Thaumaturgo,AC,C,Cicf,C,True,False,True
4210555,Marema,SC,A,Aicf,A+,False,False,False
2509107,Mari,PB,C,Bicf,C,True,False,True
3139904,Maria da Fé,MG,A,Aicf,A+,False,False,False
4114708,Maria Helena,PR,n.d.,Cicf,n.d.,False,True,True
4114807,Marialva,PR,n.d.,Cicf,n.d.,False,True,True
3140001,Mariana,MG,A,Aicf,A+,False,False,False
4311981,Mariana Pimentel,RS,B,Bicf,B,False,False,False
4312005,Mariano Moro,RS,A,Aicf,A+,False,False,False
1712504,Marianópolis do Tocantins,TO,C,Aicf,C,True,False,True
3528908,Mariápolis,SP,C,Bicf,C,True,False,True
2704807,Maribondo,AL,C,Bicf,C,True,False,True
3302700,Maricá,RJ,A,Aicf,A+,False,False,False
3140100,Marilac,MG,C,Cicf,C,True,False,True
3203353,Marilândia,ES,A,Aicf,A+,False,False,False
4114906,Marilândia do Sul,PR,n.d.,Cicf,n.d.,False,True,True
4115002,Marilena,PR,B,Bicf,B,False,False,False
3529005,Marília,SP,C,Aicf,C,True,False,True
4115101,Mariluz,PR,A,Cicf,A,False,False,False
4115200,Maringá,PR,A,Aicf,A+,False,False,False
3529104,Marinópolis,SP,C,Bicf,C,True,False,True
3140159,Mário Campos,MG,A,Aicf,A+,False,False,False
4115309,Mariópolis,PR,B,Bicf,B,False,False,False
4115358,Maripá,PR,A,Aicf,A+,False,False,False
3140209,Maripá de Minas,MG,A,Bicf,A,False,False,False
1504422,Marituba,PA,C,Bicf,C,True,False,True
2509156,Marizópolis,PB,A,Eicf,n.e.,False,True,True
3140308,Marliéria,MG,n.d.,Bicf,n.d.,False,True,True
4115408,Marmeleiro,PR,A,Bicf,A,False,False,False
3140407,Marmelópolis,MG,C,Aicf,C,True,False,True
4312054,Marques de Souza,RS,A,Aicf,A+,False,False,False
4115457,Marquinho,PR,C,Cicf,C,True,False,True
3140506,Martinho Campos,MG,A,Aicf,A+,False,False,False
2307908,Martinópole,CE,C,Bicf,C,True,False,True
3529203,Martinópolis,SP,C,Aicf,C,True,False,True
2407401,Martins,RN,B,Bicf,B,False,False,False
3140530,Martins Soares,MG,A,Cicf,A,False,False,False
2804003,Maruim,SE,n.d.,Bicf,n.d.,False,True,True
4115507,Marumbi,PR,n.d.,Cicf,n.d.,False,True,True
5212907,Marzagão,GO,C,Aicf,C,True,False,True
2920908,Mascote,BA,C,Cicf,C,True,False,True
2308005,Massapê,CE,C,Bicf,C,True,False,True
2206050,Massapê do Piauí,PI,C,Bicf,C,True,False,True
2509206,Massaranduba,PB,C,Cicf,C,True,False,True
4210605,Massaranduba,SC,A,Aicf,A+,False,False,False
4312104,Mata,RS,C,Bicf,C,True,False,True
2921005,Mata de São João,BA,A,Aicf,A+,False,False,False
2705002,Mata Grande,AL,C,Dicf,C,True,False,True
2106409,Mata Roma,MA,C,Bicf,C,True,False,True
3140555,Mata Verde,MG,C,Aicf,C,True,False,True
3529302,Matão,SP,C,Aicf,C,True,False,True
2509305,Mataraca,PB,C,Dicf,C,True,False,True
1712702,Mateiros,TO,C,Bicf,C,True,False,True
4115606,Matelândia,PR,A,Bicf,A,False,False,False
3140605,Materlândia,MG,C,Cicf,C,True,False,True
3140704,Mateus Leme,MG,C,Bicf,C,True,False,True
3171501,Mathias Lobato,MG,C,Bicf,C,True,False,True
3140803,Matias Barbosa,MG,B,Bicf,B,False,False,False
3140852,Matias Cardoso,MG,C,Aicf,C,True,False,True
2206100,Matias Olímpio,PI,B,Bicf,B,False,False,False
2921054,Matina,BA,C,Aicf,C,True,False,True
2106508,Matinha,MA,C,Cicf,C,True,False,True
2509339,Matinhas,PB,A,Cicf,A,False,False,False
4115705,Matinhos,PR,B,Dicf,B,False,False,False
3140902,Matipó,MG,C,Cicf,C,True,False,True
4312138,Mato Castelhano,RS,C,Bicf,C,True,False,True
2509370,Mato Grosso,PB,n.d.,Eicf,n.e.,False,True,True
4312153,Mato Leitão,RS,A,Bicf,A,False,False,False
4312179,Mato Queimado,RS,A,Bicf,A,False,False,False
4115739,Mato Rico,PR,C,Bicf,C,True,False,True
3141009,Mato Verde,MG,C,Bicf,C,True,False,True
2106607,Matões,MA,C,Bicf,C,True,False,True
2106631,Matões do Norte,MA,A,Bicf,A,False,False,False
4210704,Matos Costa,SC,A,Aicf,A+,False,False,False
3141108,Matozinhos,MG,A,Bicf,A,False,False,False
5212956,Matrinchã,GO,C,Cicf,C,True,False,True
2705101,Matriz de Camaragibe,AL,n.d.,Cicf,n.d.,False,True,True
5105606,Matupá,MT,A,Aicf,A+,False,False,False
2509396,Maturéia,PB,B,Bicf,B,False,False,False
3141207,Matutina,MG,A,Dicf,A,False,False,False
3529401,Mauá,SP,B,Aicf,B+,False,False,False
4115754,Mauá da Serra,PR,A,Bicf,A,False,False,False
1302900,Maués,AM,C,Cicf,C,True,False,True
5213004,Maurilândia,GO,A,Bicf,A,False,False,False
1712801,Maurilândia do Tocantins,TO,B,Bicf,B,False,False,False
2308104,Mauriti,CE,C,Aicf,C,True,False,True
2407500,Maxaranguape,RN,n.d.,Bicf,n.d.,False,True,True
4312203,Maximiliano de Almeida,RS,n.d.,Cicf,n.d.,False,True,True
1600402,Mazagão,AP,C,Bicf,C,True,False,True
3141306,Medeiros,MG,A,Bicf,A,False,False,False
2921104,Medeiros Neto,BA,B,Bicf,B,False,False,False
4115804,Medianeira,PR,A,Cicf,A,False,False,False
1504455,Medicilândia,PA,C,Bicf,C,True,False,True
3141405,Medina,MG,A,Aicf,A+,False,False,False
4210803,Meleiro,SC,A,Bicf,A,False,False,False
1504505,Melgaço,PA,n.d.,Cicf,n.d.,False,True,True
3302809,Mendes,RJ,n.d.,Eicf,n.e.,False,True,True
3141504,Mendes Pimentel,MG,C,Bicf,C,True,False,True
3529500,Mendonça,SP,C,Bicf,C,True,False,True
4115853,Mercedes,PR,A,Aicf,A+,False,False,False
3141603,Mercês,MG,C,Bicf,C,True,False,True
3529609,Meridiano,SP,A,Bicf,A,False,False,False
2308203,Meruoca,CE,C,Bicf,C,True,False,True
3529658,Mesópolis,SP,A,Dicf,A,False,False,False
3141702,Mesquita,MG,n.d.,Bicf,n.d.,False,True,True
3302858,Mesquita,RJ,B,Eicf,n.e.,False,True,True
2705200,Messias,AL,n.d.,Bicf,n.d.,False,True,True
2407609,Messias Targino,RN,C,Bicf,C,True,False,True
2206209,Miguel Alves,PI,C,Bicf,C,True,False,True
2921203,Miguel Calmon,BA,A,Bicf,A,False,False,False
2206308,Miguel Leão,PI,B,Bicf,B,False,False,False
3302908,Miguel Pereira,RJ,C,Dicf,C,True,False,True
3529708,Miguelópolis,SP,C,Bicf,C,True,False,True
2308302,Milagres,CE,A,Bicf,A,False,False,False
2921302,Milagres,BA,C,Cicf,C,True,False,True
2106672,Milagres do Maranhão,MA,C,Bicf,C,True,False,True
2308351,Milhã,CE,C,Bicf,C,True,False,True
2206357,Milton Brandão,PI,B,Bicf,B,False,False,False
5213053,Mimoso de Goiás,GO,C,Bicf,C,True,False,True
3203403,Mimoso do Sul,ES,C,Bicf,C,True,False,True
5213087,Minaçu,GO,n.d.,Cicf,n.d.,False,True,True
2705309,Minador do Negrão,AL,B,Cicf,B,False,False,False
4312252,Minas do Leão,RS,A,Aicf,A+,False,False,False
3141801,Minas Novas,MG,A,Aicf,A+,False,False,False
3141900,Minduri,MG,C,Bicf,C,True,False,True
5213103,Mineiros,GO,B,Bicf,B,False,False,False
3529807,Mineiros do Tietê,SP,C,Aicf,C,True,False,True
1101203,Ministro Andreazza,RO,A,Bicf,A,False,False,False
3530003,Mira Estrela,SP,B,Bicf,B,False,False,False
3142007,Mirabela,MG,B,Aicf,B+,False,False,False
3529906,Miracatu,SP,A,Aicf,A+,False,False,False
3303005,Miracema,RJ,n.d.,Eicf,n.e.,False,True,True
1713205,Miracema do Tocantins,TO,A,Cicf,A,False,False,False
2106706,Mirador,MA,C,Bicf,C,True,False,True
4115903,Mirador,PR,n.d.,Eicf,n.e.,False,True,True
3142106,Miradouro,MG,C,Bicf,C,True,False,True
4312302,Miraguaí,RS,B,Cicf,B,False,False,False
3142205,Miraí,MG,A,Bicf,A,False,False,False
2308377,Miraíma,CE,C,Bicf,C,True,False,True
5005608,Miranda,MS,B,Bicf,B,False,False,False
2106755,Miranda do Norte,MA,C,Bicf,C,True,False,True
2609303,Mirandiba,PE,C,Bicf,C,True,False,True
3530102,Mirandópolis,SP,C,Cicf,C,True,False,True
2921401,Mirangaba,BA,C,Bicf,C,True,False,True
1713304,Miranorte,TO,B,Cicf,B,False,False,False
2921450,Mirante,BA,C,Bicf,C,True,False,True
1101302,Mirante da Serra,RO,B,Cicf,B,False,False,False
3530201,Mirante do Paranapanema,SP,B,Bicf,B,False,False,False
4116000,Miraselva,PR,n.d.,Dicf,n.d.,False,True,True
3530300,Mirassol,SP,A,Bicf,A,False,False,False
5105622,Mirassol d'Oeste,MT,B,Bicf,B,False,False,False
3530409,Mirassolândia,SP,B,Bicf,B,False,False,False
3142254,Miravânia,MG,C,Bicf,C,True,False,True
4210852,Mirim Doce,SC,A,Aicf,A+,False,False,False
2106805,Mirinzal,MA,C,Dicf,C,True,False,True
4116059,Missal,PR,A,Bicf,A,False,False,False
2308401,Missão Velha,CE,C,Bicf,C,True,False,True
1504604,Mocajuba,PA,n.d.,Eicf,n.e.,False,True,True
3530508,Mococa,SP,C,Bicf,C,True,False,True
4210902,Modelo,SC,A,Aicf,A+,False,False,False
3142304,Moeda,MG,B,Aicf,B+,False,False,False
3142403,Moema,MG,A,Bicf,A,False,False,False
2509404,Mogeiro,PB,C,Bicf,C,True,False,True
3530607,Mogi das Cruzes,SP,A,Bicf,A,False,False,False
3530706,Mogi Guaçu,SP,C,Aicf,C,True,False,True
3530805,Mogi Mirim,SP,A,Aicf,A+,False,False,False
5213400,Moiporá,GO,A,Bicf,A,False,False,False
2804102,Moita Bonita,SE,C,Bicf,C,True,False,True
1504703,Moju,PA,A,Bicf,A,False,False,False
1504752,Mojuí dos Campos,PA,C,Bicf,C,True,False,True
2308500,Mombaça,CE,C,Bicf,C,True,False,True
3530904,Mombuca,SP,A,Aicf,A+,False,False,False
2106904,Monção,MA,C,Dicf,C,True,False,True
3531001,Monções,SP,C,Dicf,C,True,False,True
4211009,Mondaí,SC,A,Aicf,A+,False,False,False
3531100,Mongaguá,SP,B,Aicf,B+,False,False,False
3142502,Monjolos,MG,n.d.,Bicf,n.d.,False,True,True
2206407,Monsenhor Gil,PI,B,Bicf,B,False,False,False
2206506,Monsenhor Hipólito,PI,B,Aicf,B+,False,False,False
3142601,Monsenhor Paulo,MG,B,Bicf,B,False,False,False
2308609,Monsenhor Tabosa,CE,C,Bicf,C,True,False,True
2509503,Montadas,PB,C,Bicf,C,True,False,True
3142700,Montalvânia,MG,A,Bicf,A,False,False,False
3203502,Montanha,ES,B,Aicf,B+,False,False,False
2407708,Montanhas,RN,B,Bicf,B,False,False,False
4312351,Montauri,RS,A,Aicf,A+,False,False,False
1504802,Monte Alegre,PA,C,Bicf,C,True,False,True
2407807,Monte Alegre,RN,B,Bicf,B,False,False,False
5213509,Monte Alegre de Goiás,GO,A,Cicf,A,False,False,False
3142809,Monte Alegre de Minas,MG,A,Bicf,A,False,False,False
2804201,Monte Alegre de Sergipe,SE,n.d.,Cicf,n.d.,False,True,True
2206605,Monte Alegre do Piauí,PI,C,Cicf,C,True,False,True
3531209,Monte Alegre do Sul,SP,C,Bicf,C,True,False,True
4312377,Monte Alegre dos Campos,RS,B,Aicf,B+,False,False,False
3531308,Monte Alto,SP,C,Aicf,C,True,False,True
3531407,Monte Aprazível,SP,C,Aicf,C,True,False,True
3142908,Monte Azul,MG,C,Aicf,C,True,False,True
3531506,Monte Azul Paulista,SP,n.d.,Bicf,n.d.,False,True,True
3143005,Monte Belo,MG,A,Bicf,A,False,False,False
4312385,Monte Belo do Sul,RS,A,Bicf,A,False,False,False
4211058,Monte Carlo,SC,A,Bicf,A,False,False,False
3143104,Monte Carmelo,MG,A,Dicf,A,False,False,False
3531605,Monte Castelo,SP,C,Bicf,C,True,False,True
4211108,Monte Castelo,SC,C,Bicf,C,True,False,True
2407906,Monte das Gameleiras,RN,C,Bicf,C,True,False,True
1713601,Monte do Carmo,TO,C,Bicf,C,True,False,True
3143153,Monte Formoso,MG,C,Bicf,C,True,False,True
2509602,Monte Horebe,PB,C,Dicf,C,True,False,True
3531803,Monte Mor,SP,C,Bicf,C,True,False,True
1101401,Monte Negro,RO,B,Bicf,B,False,False,False
2921500,Monte Santo,BA,C,Bicf,C,True,False,True
3143203,Monte Santo de Minas,MG,C,Cicf,C,True,False,True
1713700,Monte Santo do Tocantins,TO,C,Bicf,C,True,False,True
3143401,Monte Sião,MG,B,Cicf,B,False,False,False
2509701,Monteiro,PB,C,Bicf,C,True,False,True
3531704,Monteiro Lobato,SP,C,Bicf,C,True,False,True
2705408,Monteirópolis,AL,C,Bicf,C,True,False,True
4312401,Montenegro,RS,A,Aicf,A+,False,False,False
2107001,Montes Altos,MA,A,Bicf,A,False,False,False
3143302,Montes Claros,MG,A,Bicf,A,False,False,False
5213707,Montes Claros de Goiás,GO,n.d.,Bicf,n.d.,False,True,True
3143450,Montezuma,MG,n.d.,Aicf,n.d.,False,True,True
5213756,Montividiu,GO,A,Aicf,A+,False,False,False
5213772,Montividiu do Norte,GO,A,Cicf,A,False,False,False
2308708,Morada Nova,CE,C,Bicf,C,True,False,True
3143500,Morada Nova de Minas,MG,C,Cicf,C,True,False,True
2308807,Moraújo,CE,A,Bicf,A,False,False,False
2614303,Moreilândia,PE,C,Bicf,C,True,False,True
4116109,Moreira Sales,PR,A,Cicf,A,False,False,False
2609402,Moreno,PE,C,Cicf,C,True,False,True
4312427,Mormaço,RS,A,Bicf,A,False,False,False
2921609,Morpará,BA,C,Cicf,C,True,False,True
4116208,Morretes,PR,B,Cicf,B,False,False,False
2308906,Morrinhos,CE,C,Bicf,C,True,False,True
5213806,Morrinhos,GO,B,Bicf,B,False,False,False
4312443,Morrinhos do Sul,RS,B,Bicf,B,False,False,False
3531902,Morro Agudo,SP,C,Bicf,C,True,False,True
5213855,Morro Agudo de Goiás,GO,C,Bicf,C,True,False,True
2206654,Morro Cabeça no Tempo,PI,C,Cicf,C,True,False,True
4211207,Morro da Fumaça,SC,A,Bicf,A,False,False,False
3143609,Morro da Garça,MG,B,Cicf,B,False,False,False
2921708,Morro do Chapéu,BA,A,Bicf,A,False,False,False
2206670,Morro do Chapéu do Piauí,PI,B,Bicf,B,False,False,False
3143708,Morro do Pilar,MG,A,Cicf,A,False,False,False
4211256,Morro Grande,SC,A,Bicf,A,False,False,False
4312450,Morro Redondo,RS,A,Bicf,A,False,False,False
4312476,Morro Reuter,RS,A,Aicf,A+,False,False,False
2107100,Morros,MA,n.d.,Cicf,n.d.,False,True,True
2921807,Mortugaba,BA,A,Bicf,A,False,False,False
3532009,Morungaba,SP,C,Bicf,C,True,False,True
5213905,Mossâmedes,GO,A,Bicf,A,False,False,False
2408003,Mossoró,RN,A,Bicf,A,False,False,False
4312500,Mostardas,RS,B,Aicf,B+,False,False,False
3532058,Motuca,SP,C,Bicf,C,True,False,True
5214002,Mozarlândia,GO,n.d.,Cicf,n.d.,False,True,True
1504901,Muaná,PA,C,Bicf,C,True,False,True
1400308,Mucajaí,RR,n.d.,Cicf,n.d.,False,True,True
2309003,Mucambo,CE,C,Eicf,n.e.,False,True,True
2921906,Mucugê,BA,C,Bicf,C,True,False,True
4312609,Muçum,RS,C,Bicf,C,True,False,True
2922003,Mucuri,BA,n.d.,Dicf,n.d.,False,True,True
3203601,Mucurici,ES,A,Bicf,A,False,False,False
4312617,Muitos Capões,RS,A,Bicf,A,False,False,False
4312625,Muliterno,RS,A,Cicf,A,False,False,False
2309102,Mulungu,CE,C,Bicf,C,True,False,True
2509800,Mulungu,PB,n.d.,Bicf,n.d.,False,True,True
2922052,Mulungu do Morro,BA,C,Cicf,C,True,False,True
2922102,Mundo Novo,BA,C,Bicf,C,True,False,True
5005681,Mundo Novo,MS,n.d.,Dicf,n.d.,False,True,True
5214051,Mundo Novo,GO,C,Cicf,C,True,False,True
3143807,Munhoz,MG,A,Aicf,A+,False,False,False
4116307,Munhoz de Melo,PR,C,Dicf,C,True,False,True
2922201,Muniz Ferreira,BA,C,Dicf,C,True,False,True
3203700,Muniz Freire,ES,C,Bicf,C,True,False,True
2922250,Muquém do São Francisco,BA,C,Bicf,C,True,False,True
3203809,Muqui,ES,B,Aicf,B+,False,False,False
3143906,Muriaé,MG,B,Bicf,B,False,False,False
2804300,Muribeca,SE,C,Bicf,C,True,False,True
2705507,Murici,AL,C,Dicf,C,True,False,True
2206696,Murici dos Portelas,PI,n.d.,Dicf,n.d.,False,True,True
1713957,Muricilândia,TO,n.d.,Eicf,n.e.,False,True,True
2922300,Muritiba,BA,n.d.,Dicf,n.d.,False,True,True
3532108,Murutinga do Sul,SP,C,Aicf,C,True,False,True
2922409,Mutuípe,BA,C,Cicf,C,True,False,True
3144003,Mutum,MG,C,Bicf,C,True,False,True
5214101,Mutunópolis,GO,A,Bicf,A,False,False,False
3144102,Muzambinho,MG,B,Dicf,B,False,False,False
3144201,Nacip Raydan,MG,B,Bicf,B,False,False,False
3532157,Nantes,SP,A,Bicf,A,False,False,False
3144300,Nanuque,MG,B,Bicf,B,False,False,False
4312658,Não-Me-Toque,RS,n.d.,Bicf,n.d.,False,True,True
3144359,Naque,MG,B,Bicf,B,False,False,False
3532207,Narandiba,SP,A,Bicf,A,False,False,False
2408102,Natal,RN,C,Cicf,C,True,False,True
3144375,Natalândia,MG,A,Bicf,A,False,False,False
3144409,Natércia,MG,C,Aicf,C,True,False,True
1714203,Natividade,TO,B,Bicf,B,False,False,False
3303104,Natividade,RJ,C,Bicf,C,True,False,True
3532306,Natividade da Serra,SP,A,Cicf,A,False,False,False
2509909,Natuba,PB,B,Dicf,B,False,False,False
4211306,Navegantes,SC,A,Aicf,A+,False,False,False
5005707,Naviraí,MS,B,Cicf,B,False,False,False
1714302,Nazaré,TO,B,Bicf,B,False,False,False
2922508,Nazaré,BA,n.d.,Dicf,n.d.,False,True,True
2609501,Nazaré da Mata,PE,C,Bicf,C,True,False,True
2206704,Nazaré do Piauí,PI,C,Cicf,C,True,False,True
3532405,Nazaré Paulista,SP,A,Bicf,A,False,False,False
3144508,Nazareno,MG,A,Aicf,A+,False,False,False
2510006,Nazarezinho,PB,A,Dicf,A,False,False,False
2206720,Nazária,PI,A,Aicf,A+,False,False,False
5214408,Nazário,GO,B,Bicf,B,False,False,False
2804409,Neópolis,SE,C,Bicf,C,True,False,True
3144607,Nepomuceno,MG,C,Cicf,C,True,False,True
5214507,Nerópolis,GO,C,Bicf,C,True,False,True
3532504,Neves Paulista,SP,B,Bicf,B,False,False,False
1303007,Nhamundá,AM,C,Bicf,C,True,False,True
3532603,Nhandeara,SP,C,Bicf,C,True,False,True
4312674,Nicolau Vergueiro,RS,A,Bicf,A,False,False,False
2922607,Nilo Peçanha,BA,C,Bicf,C,True,False,True
3303203,Nilópolis,RJ,A,Dicf,A,False,False,False
2107209,Nina Rodrigues,MA,C,Bicf,C,True,False,True
3144656,Ninheira,MG,n.d.,Cicf,n.d.,False,True,True
5005806,Nioaque,MS,n.d.,Bicf,n.d.,False,True,True
3532702,Nipoã,SP,C,Eicf,n.e.,False,True,True
5214606,Niquelândia,GO,n.d.,Cicf,n.d.,False,True,True
2408201,Nísia Floresta,RN,B,Bicf,B,False,False,False
3303302,Niterói,RJ,A,Cicf,A,False,False,False
5105903,Nobres,MT,B,Aicf,B+,False,False,False
4312708,Nonoai,RS,A,Dicf,A,False,False,False
2922656,Nordestina,BA,A,Bicf,A,False,False,False
1400407,Normandia,RR,C,Dicf,C,True,False,True
5106000,Nortelândia,MT,B,Aicf,B+,False,False,False
2804458,Nossa Senhora Aparecida,SE,n.d.,Cicf,n.d.,False,True,True
2804508,Nossa Senhora da Glória,SE,B,Bicf,B,False,False,False
2804607,Nossa Senhora das Dores,SE,B,Bicf,B,False,False,False
4116406,Nossa Senhora das Graças,PR,C,Bicf,C,True,False,True
2804706,Nossa Senhora de Lourdes,SE,C,Bicf,C,True,False,True
2206753,Nossa Senhora de Nazaré,PI,C,Bicf,C,True,False,True
5106109,Nossa Senhora do Livramento,MT,B,Cicf,B,False,False,False
2804805,Nossa Senhora do Socorro,SE,B,Aicf,B+,False,False,False
2206803,Nossa Senhora dos Remédios,PI,C,Cicf,C,True,False,True
3532801,Nova Aliança,SP,C,Aicf,C,True,False,True
4116505,Nova Aliança do Ivaí,PR,A,Cicf,A,False,False,False
4312757,Nova Alvorada,RS,A,Aicf,A+,False,False,False
5006002,Nova Alvorada do Sul,MS,A,Cicf,A,False,False,False
5214705,Nova América,GO,A,Bicf,A,False,False,False
4116604,Nova América da Colina,PR,B,Cicf,B,False,False,False
5006200,Nova Andradina,MS,B,Aicf,B+,False,False,False
4312807,Nova Araçá,RS,A,Bicf,A,False,False,False
4116703,Nova Aurora,PR,n.d.,Bicf,n.d.,False,True,True
5214804,Nova Aurora,GO,A,Aicf,A+,False,False,False
5106158,Nova Bandeirantes,MT,B,Aicf,B+,False,False,False
4312906,Nova Bassano,RS,A,Aicf,A+,False,False,False
3144672,Nova Belém,MG,n.d.,Bicf,n.d.,False,True,True
4312955,Nova Boa Vista,RS,A,Aicf,A+,False,False,False
5106208,Nova Brasilândia,MT,B,Bicf,B,False,False,False
1100148,Nova Brasilândia D'Oeste,RO,A,Dicf,A,False,False,False
4313003,Nova Bréscia,RS,B,Bicf,B,False,False,False
3532827,Nova Campina,SP,A,Bicf,A,False,False,False
2922706,Nova Canaã,BA,n.d.,Cicf,n.d.,False,True,True
5106216,Nova Canaã do Norte,MT,B,Bicf,B,False,False,False
3532843,Nova Canaã Paulista,SP,B,Bicf,B,False,False,False
4313011,Nova Candelária,RS,A,Aicf,A+,False,False,False
4116802,Nova Cantu,PR,n.d.,Cicf,n.d.,False,True,True
3532868,Nova Castilho,SP,B,Cicf,B,False,False,False
2107258,Nova Colinas,MA,A,Cicf,A,False,False,False
5214838,Nova Crixás,GO,B,Cicf,B,False,False,False
2408300,Nova Cruz,RN,B,Bicf,B,False,False,False
3144706,Nova Era,MG,A,Cicf,A,False,False,False
4211405,Nova Erechim,SC,A,Bicf,A,False,False,False
4116901,Nova Esperança,PR,n.d.,Cicf,n.d.,False,True,True
1504950,Nova Esperança do Piriá,PA,C,Bicf,C,True,False,True
4116950,Nova Esperança do Sudoeste,PR,n.d.,Aicf,n.d.,False,True,True
4313037,Nova Esperança do Sul,RS,B,Cicf,B,False,False,False
3532900,Nova Europa,SP,C,Aicf,C,True,False,True
2922730,Nova Fátima,BA,C,Bicf,C,True,False,True
4117008,Nova Fátima,PR,A,Bicf,A,False,False,False
2510105,Nova Floresta,PB,A,Cicf,A,False,False,False
3303401,Nova Friburgo,RJ,C,Dicf,C,True,False,True
5214861,Nova Glória,GO,B,Bicf,B,False,False,False
3533007,Nova Granada,SP,C,Bicf,C,True,False,True
5108808,Nova Guarita,MT,A,Bicf,A,False,False,False
3533106,Nova Guataporanga,SP,A,Bicf,A,False,False,False
4313060,Nova Hartz,RS,A,Bicf,A,False,False,False
2922755,Nova Ibiá,BA,C,Bicf,C,True,False,True
3303500,Nova Iguaçu,RJ,C,Aicf,C,True,False,True
5214879,Nova Iguaçu de Goiás,GO,A,Bicf,A,False,False,False
3533205,Nova Independência,SP,B,Bicf,B,False,False,False
2107308,Nova Iorque,MA,C,Cicf,C,True,False,True
1504976,Nova Ipixuna,PA,C,Bicf,C,True,False,True
4211454,Nova Itaberaba,SC,A,Aicf,A+,False,False,False
2922805,Nova Itarana,BA,C,Bicf,C,True,False,True
5106182,Nova Lacerda,MT,A,Cicf,A,False,False,False
4117057,Nova Laranjeiras,PR,n.d.,Cicf,n.d.,False,True,True
3144805,Nova Lima,MG,C,Aicf,C,True,False,True
4117107,Nova Londrina,PR,C,Dicf,C,True,False,True
3533304,Nova Luzitânia,SP,C,Cicf,C,True,False,True
1100338,Nova Mamoré,RO,C,Bicf,C,True,False,True
5108857,Nova Marilândia,MT,B,Bicf,B,False,False,False
5108907,Nova Maringá,MT,A,Bicf,A,False,False,False
3144904,Nova Módica,MG,n.d.,Cicf,n.d.,False,True,True
5108956,Nova Monte Verde,MT,B,Bicf,B,False,False,False
5106224,Nova Mutum,MT,A,Aicf,A+,False,False,False
5106174,Nova Nazaré,MT,C,Cicf,C,True,False,True
3533403,Nova Odessa,SP,C,Bicf,C,True,False,True
4117206,Nova Olímpia,PR,A,Bicf,A,False,False,False
5106232,Nova Olímpia,MT,C,Bicf,C,True,False,True
1714880,Nova Olinda,TO,A,Bicf,A,False,False,False
2309201,Nova Olinda,CE,A,Bicf,A,False,False,False
2510204,Nova Olinda,PB,B,Eicf,n.e.,False,True,True
2107357,Nova Olinda do Maranhão,MA,A,Cicf,A,False,False,False
1303106,Nova Olinda do Norte,AM,n.d.,Eicf,n.e.,False,True,True
4313086,Nova Pádua,RS,A,Bicf,A,False,False,False
4313102,Nova Palma,RS,A,Aicf,A+,False,False,False
2510303,Nova Palmeira,PB,A,Bicf,A,False,False,False
4313201,Nova Petrópolis,RS,A,Aicf,A+,False,False,False
3145000,Nova Ponte,MG,A,Dicf,A,False,False,False
3145059,Nova Porteirinha,MG,B,Aicf,B+,False,False,False
4313300,Nova Prata,RS,A,Bicf,A,False,False,False
4117255,Nova Prata do Iguaçu,PR,A,Bicf,A,False,False,False
4313334,Nova Ramada,RS,A,Aicf,A+,False,False,False
2922854,Nova Redenção,BA,C,Cicf,C,True,False,True
3145109,Nova Resende,MG,n.d.,Dicf,n.d.,False,True,True
5214903,Nova Roma,GO,B,Bicf,B,False,False,False
4313359,Nova Roma do Sul,RS,A,Aicf,A+,False,False,False
1715002,Nova Rosalândia,TO,A,Aicf,A+,False,False,False
2309300,Nova Russas,CE,C,Bicf,C,True,False,True
4117214,Nova Santa Bárbara,PR,A,Eicf,n.e.,False,True,True
5106190,Nova Santa Helena,MT,B,Aicf,B+,False,False,False
2207959,Nova Santa Rita,PI,B,Bicf,B,False,False,False
4313375,Nova Santa Rita,RS,A,Bicf,A,False,False,False
4117222,Nova Santa Rosa,PR,A,Bicf,A,False,False,False
3145208,Nova Serrana,MG,B,Bicf,B,False,False,False
2922904,Nova Soure,BA,C,Aicf,C,True,False,True
4117271,Nova Tebas,PR,A,Bicf,A,False,False,False
1505007,Nova Timboteua,PA,C,Bicf,C,True,False,True
4211504,Nova Trento,SC,B,Bicf,B,False,False,False
5106240,Nova Ubiratã,MT,A,Bicf,A,False,False,False
1101435,Nova União,RO,A,Bicf,A,False,False,False
3136603,Nova União,MG,A,Aicf,A+,False,False,False
3203908,Nova Venécia,ES,B,Aicf,B+,False,False,False
4211603,Nova Veneza,SC,A,Cicf,A,False,False,False
5215009,Nova Veneza,GO,C,Aicf,C,True,False,True
2923001,Nova Viçosa,BA,C,Cicf,C,True,False,True
5106257,Nova Xavantina,MT,B,Bicf,B,False,False,False
3533254,Novais,SP,C,Bicf,C,True,False,True
1715101,Novo Acordo,TO,B,Bicf,B,False,False,False
1303205,Novo Airão,AM,C,Bicf,C,True,False,True
1715150,Novo Alegre,TO,C,Cicf,C,True,False,True
1303304,Novo Aripuanã,AM,C,Bicf,C,True,False,True
4313490,Novo Barreiro,RS,A,Bicf,A,False,False,False
5215207,Novo Brasil,GO,B,Aicf,B+,False,False,False
4313391,Novo Cabrais,RS,A,Aicf,A+,False,False,False
3145307,Novo Cruzeiro,MG,C,Aicf,C,True,False,True
5215231,Novo Gama,GO,A,Bicf,A,False,False,False
4313409,Novo Hamburgo,RS,B,Bicf,B,False,False,False
2923035,Novo Horizonte,BA,C,Cicf,C,True,False,True
3533502,Novo Horizonte,SP,C,Aicf,C,True,False,True
4211652,Novo Horizonte,SC,A,Bicf,A,False,False,False
5106273,Novo Horizonte do Norte,MT,n.d.,Eicf,n.e.,False,True,True
1100502,Novo Horizonte do Oeste,RO,A,Bicf,A,False,False,False
5006259,Novo Horizonte do Sul,MS,A,Bicf,A,False,False,False
4117297,Novo Itacolomi,PR,A,Eicf,n.e.,False,True,True
1715259,Novo Jardim,TO,B,Bicf,B,False,False,False
2705606,Novo Lino,AL,B,Bicf,B,False,False,False
4313425,Novo Machado,RS,A,Cicf,A,False,False,False
5106265,Novo Mundo,MT,A,Cicf,A,False,False,False
2309409,Novo Oriente,CE,B,Bicf,B,False,False,False
3145356,Novo Oriente de Minas,MG,C,Cicf,C,True,False,True
2206902,Novo Oriente do Piauí,PI,B,Bicf,B,False,False,False
5215256,Novo Planalto,GO,B,Cicf,B,False,False,False
1505031,Novo Progresso,PA,B,Bicf,B,False,False,False
1505064,Novo Repartimento,PA,B,Bicf,B,False,False,False
2206951,Novo Santo Antônio,PI,C,Bicf,C,True,False,True
5106315,Novo Santo Antônio,MT,B,Bicf,B,False,False,False
5106281,Novo São Joaquim,MT,A,Bicf,A,False,False,False
4313441,Novo Tiradentes,RS,A,Aicf,A+,False,False,False
2923050,Novo Triunfo,BA,C,Bicf,C,True,False,True
4313466,Novo Xingu,RS,A,Bicf,A,False,False,False
3145372,Novorizonte,MG,C,Aicf,C,True,False,True
3533601,Nuporanga,SP,C,Bicf,C,True,False,True
1505106,Óbidos,PA,C,Bicf,C,True,False,True
2309458,Ocara,CE,A,Bicf,A,False,False,False
3533700,Ocauçu,SP,C,Bicf,C,True,False,True
2207009,Oeiras,PI,C,Cicf,C,True,False,True
1505205,Oeiras do Pará,PA,C,Bicf,C,True,False,True
1600501,Oiapoque,AP,n.d.,Dicf,n.d.,False,True,True
3145406,Olaria,MG,B,Bicf,B,False,False,False
3533809,Óleo,SP,C,Bicf,C,True,False,True
2510402,Olho d'Água,PB,C,Eicf,n.e.,False,True,True
2107407,Olho d'Água das Cunhãs,MA,B,Cicf,B,False,False,False
2705705,Olho d'Água das Flores,AL,A,Bicf,A,False,False,False
2408409,Olho d'Água do Borges,RN,C,Cicf,C,True,False,True
2705804,Olho d'Água do Casado,AL,C,Bicf,C,True,False,True
2207108,Olho D'Água do Piauí,PI,C,Cicf,C,True,False,True
2705903,Olho d'Água Grande,AL,n.d.,Eicf,n.e.,False,True,True
3145455,Olhos-d'Água,MG,C,Bicf,C,True,False,True
3533908,Olímpia,SP,A,Aicf,A+,False,False,False
3145505,Olímpio Noronha,MG,A,Cicf,A,False,False,False
2609600,Olinda,PE,C,Aicf,C,True,False,True
2107456,Olinda Nova do Maranhão,MA,B,Cicf,B,False,False,False
2923100,Olindina,BA,C,Aicf,C,True,False,True
2510501,Olivedos,PB,n.d.,Bicf,n.d.,False,True,True
3145604,Oliveira,MG,B,Bicf,B,False,False,False
1715507,Oliveira de Fátima,TO,B,Dicf,B,False,False,False
2923209,Oliveira dos Brejinhos,BA,C,Cicf,C,True,False,True
3145703,Oliveira Fortes,MG,C,Bicf,C,True,False,True
2706000,Olivença,AL,C,Bicf,C,True,False,True
3145802,Onça de Pitangui,MG,A,Cicf,A,False,False,False
3534005,Onda Verde,SP,C,Aicf,C,True,False,True
3145851,Oratórios,MG,A,Bicf,A,False,False,False
3534104,Oriente,SP,C,Aicf,C,True,False,True
3534203,Orindiúva,SP,B,Bicf,B,False,False,False
1505304,Oriximiná,PA,C,Bicf,C,True,False,True
3145877,Orizânia,MG,C,Bicf,C,True,False,True
5215306,Orizona,GO,n.d.,Dicf,n.d.,False,True,True
3534302,Orlândia,SP,C,Bicf,C,True,False,True
4211702,Orleans,SC,B,Cicf,B,False,False,False
2609709,Orobó,PE,B,Bicf,B,False,False,False
2609808,Orocó,PE,C,Aicf,C,True,False,True
2309508,Orós,CE,C,Bicf,C,True,False,True
4117305,Ortigueira,PR,A,Cicf,A,False,False,False
3534401,Osasco,SP,B,Aicf,B+,False,False,False
3534500,Oscar Bressane,SP,C,Bicf,C,True,False,True
4313508,Osório,RS,B,Bicf,B,False,False,False
3534609,Osvaldo Cruz,SP,C,Bicf,C,True,False,True
4211751,Otacílio Costa,SC,C,Bicf,C,True,False,True
1505403,Ourém,PA,C,Bicf,C,True,False,True
2923308,Ouriçangas,BA,C,Bicf,C,True,False,True
2609907,Ouricuri,PE,C,Aicf,C,True,False,True
1505437,Ourilândia do Norte,PA,A,Bicf,A,False,False,False
3534708,Ourinhos,SP,C,Aicf,C,True,False,True
4117404,Ourizona,PR,A,Cicf,A,False,False,False
4211801,Ouro,SC,A,Aicf,A+,False,False,False
2408508,Ouro Branco,RN,C,Bicf,C,True,False,True
2706109,Ouro Branco,AL,C,Bicf,C,True,False,True
3145901,Ouro Branco,MG,C,Bicf,C,True,False,True
3146008,Ouro Fino,MG,A,Aicf,A+,False,False,False
3146107,Ouro Preto,MG,C,Bicf,C,True,False,True
1100155,Ouro Preto do Oeste,RO,A,Aicf,A+,False,False,False
2510600,Ouro Velho,PB,A,Bicf,A,False,False,False
3534807,Ouro Verde,SP,C,Bicf,C,True,False,True
4211850,Ouro Verde,SC,A,Bicf,A,False,False,False
5215405,Ouro Verde de Goiás,GO,C,Eicf,n.e.,False,True,True
3146206,Ouro Verde de Minas,MG,C,Cicf,C,True,False,True
4117453,Ouro Verde do Oeste,PR,A,Bicf,A,False,False,False
3534757,Ouroeste,SP,C,Bicf,C,True,False,True
2923357,Ourolândia,BA,C,Bicf,C,True,False,True
5215504,Ouvidor,GO,B,Bicf,B,False,False,False
3534906,Pacaembu,SP,B,Bicf,B,False,False,False
1505486,Pacajá,PA,C,Bicf,C,True,False,True
2309607,Pacajus,CE,B,Bicf,B,False,False,False
1400456,Pacaraima,RR,C,Bicf,C,True,False,True
2309706,Pacatuba,CE,C,Bicf,C,True,False,True
2804904,Pacatuba,SE,n.d.,Bicf,n.d.,False,True,True
2107506,Paço do Lumiar,MA,B,Bicf,B,False,False,False
2309805,Pacoti,CE,B,Bicf,B,False,False,False
2309904,Pacujá,CE,C,Bicf,C,True,False,True
5215603,Padre Bernardo,GO,C,Cicf,C,True,False,True
3146255,Padre Carvalho,MG,C,Cicf,C,True,False,True
2207207,Padre Marcos,PI,C,Aicf,C,True,False,True
3146305,Padre Paraíso,MG,C,Dicf,C,True,False,True
2207306,Paes Landim,PI,C,Bicf,C,True,False,True
3146552,Pai Pedro,MG,A,Aicf,A+,False,False,False
4211876,Paial,SC,A,Aicf,A+,False,False,False
4117503,Paiçandu,PR,n.d.,Cicf,n.d.,False,True,True
4313607,Paim Filho,RS,A,Cicf,A,False,False,False
3146404,Paineiras,MG,C,Aicf,C,True,False,True
4211892,Painel,SC,A,Bicf,A,False,False,False
3146503,Pains,MG,n.d.,Bicf,n.d.,False,True,True
3146602,Paiva,MG,C,Bicf,C,True,False,True
2207355,Pajeú do Piauí,PI,n.d.,Cicf,n.d.,False,True,True
2706208,Palestina,AL,B,Dicf,B,False,False,False
3535002,Palestina,SP,C,Bicf,C,True,False,True
5215652,Palestina de Goiás,GO,A,Bicf,A,False,False,False
1505494,Palestina do Pará,PA,n.d.,Bicf,n.d.,False,True,True
2310001,Palhano,CE,C,Cicf,C,True,False,True
4211900,Palhoça,SC,A,Aicf,A+,False,False,False
3146701,Palma,MG,C,Bicf,C,True,False,True
4212007,Palma Sola,SC,B,Bicf,B,False,False,False
2310100,Palmácia,CE,B,Bicf,B,False,False,False
2610004,Palmares,PE,C,Bicf,C,True,False,True
4313656,Palmares do Sul,RS,A,Aicf,A+,False,False,False
3535101,Palmares Paulista,SP,C,Aicf,C,True,False,True
1721000,Palmas,TO,B,Aicf,B+,False,False,False
4117602,Palmas,PR,C,Bicf,C,True,False,True
2923407,Palmas de Monte Alto,BA,B,Cicf,B,False,False,False
4117701,Palmeira,PR,A,Bicf,A,False,False,False
4212056,Palmeira,SC,C,Bicf,C,True,False,True
4313706,Palmeira das Missões,RS,B,Bicf,B,False,False,False
2207405,Palmeira do Piauí,PI,C,Bicf,C,True,False,True
3535200,Palmeira d'Oeste,SP,C,Bicf,C,True,False,True
2706307,Palmeira dos Índios,AL,C,Aicf,C,True,False,True
2207504,Palmeirais,PI,n.d.,Bicf,n.d.,False,True,True
2107605,Palmeirândia,MA,C,Dicf,C,True,False,True
1715705,Palmeirante,TO,C,Bicf,C,True,False,True
2923506,Palmeiras,BA,A,Cicf,A,False,False,False
5215702,Palmeiras de Goiás,GO,A,Bicf,A,False,False,False
1713809,Palmeiras do Tocantins,TO,B,Bicf,B,False,False,False
2610103,Palmeirina,PE,C,Bicf,C,True,False,True
1715754,Palmeirópolis,TO,n.d.,Bicf,n.d.,False,True,True
5215801,Palmelo,GO,A,Cicf,A,False,False,False
5215900,Palminópolis,GO,n.d.,Cicf,n.d.,False,True,True
3535309,Palmital,SP,A,Cicf,A,False,False,False
4117800,Palmital,PR,A,Bicf,A,False,False,False
4313805,Palmitinho,RS,B,Aicf,B+,False,False,False
4212106,Palmitos,SC,A,Aicf,A+,False,False,False
3146750,Palmópolis,MG,C,Cicf,C,True,False,True
4117909,Palotina,PR,A,Bicf,A,False,False,False
5216007,Panamá,GO,B,Cicf,B,False,False,False
4313904,Panambi,RS,A,Bicf,A,False,False,False
3204005,Pancas,ES,B,Bicf,B,False,False,False
2610202,Panelas,PE,C,Bicf,C,True,False,True
3535408,Panorama,SP,C,Aicf,C,True,False,True
4313953,Pantano Grande,RS,C,Aicf,C,True,False,True
2706406,Pão de Açúcar,AL,C,Bicf,C,True,False,True
3146909,Papagaios,MG,B,Bicf,B,False,False,False
4212205,Papanduva,SC,A,Cicf,A,False,False,False
2207553,Paquetá,PI,B,Bicf,B,False,False,False
3147105,Pará de Minas,MG,C,Bicf,C,True,False,True
3303609,Paracambi,RJ,n.d.,Eicf,n.e.,False,True,True
3147006,Paracatu,MG,B,Cicf,B,False,False,False
2310209,Paracuru,CE,C,Bicf,C,True,False,True
1505502,Paragominas,PA,A,Bicf,A,False,False,False
3147204,Paraguaçu,MG,n.d.,Dicf,n.d.,False,True,True
3535507,Paraguaçu Paulista,SP,C,Bicf,C,True,False,True
4314001,Paraí,RS,A,Aicf,A+,False,False,False
3303708,Paraíba do Sul,RJ,C,Bicf,C,True,False,True
2107704,Paraibano,MA,C,Cicf,C,True,False,True
3535606,Paraibuna,SP,A,Bicf,A,False,False,False
2310258,Paraipaba,CE,C,Bicf,C,True,False,True
3535705,Paraíso,SP,B,Bicf,B,False,False,False
4212239,Paraíso,SC,A,Bicf,A,False,False,False
5006275,Paraíso das Águas,MS,A,Bicf,A,False,False,False
4118006,Paraíso do Norte,PR,A,Aicf,A+,False,False,False
4314027,Paraíso do Sul,RS,A,Aicf,A+,False,False,False
1716109,Paraíso do Tocantins,TO,A,Cicf,A,False,False,False
3147303,Paraisópolis,MG,A,Bicf,A,False,False,False
2310308,Parambu,CE,A,Bicf,A,False,False,False
2923605,Paramirim,BA,C,Dicf,C,True,False,True
2310407,Paramoti,CE,C,Bicf,C,True,False,True
2408607,Paraná,RN,C,Dicf,C,True,False,True
1716208,Paranã,TO,C,Dicf,C,True,False,True
4118105,Paranacity,PR,n.d.,Bicf,n.d.,False,True,True
4118204,Paranaguá,PR,B,Dicf,B,False,False,False
5006309,Paranaíba,MS,A,Bicf,A,False,False,False
5216304,Paranaiguara,GO,A,Cicf,A,False,False,False
5106299,Paranaíta,MT,B,Bicf,B,False,False,False
3535804,Paranapanema,SP,C,Cicf,C,True,False,True
4118303,Paranapoema,PR,A,Bicf,A,False,False,False
3535903,Paranapuã,SP,C,Dicf,C,True,False,True
2610301,Paranatama,PE,n.d.,Aicf,n.d.,False,True,True
5106307,Paranatinga,MT,A,Bicf,A,False,False,False
4118402,Paranavaí,PR,A,Aicf,A+,False,False,False
5006358,Paranhos,MS,B,Dicf,B,False,False,False
3147402,Paraopeba,MG,A,Cicf,A,False,False,False
3536000,Parapuã,SP,C,Aicf,C,True,False,True
2510659,Parari,PB,A,Bicf,A,False,False,False
2923704,Paratinga,BA,C,Bicf,C,True,False,True
3303807,Paraty,RJ,C,Cicf,C,True,False,True
2408706,Paraú,RN,C,Bicf,C,True,False,True
1505536,Parauapebas,PA,A,Bicf,A,False,False,False
5216403,Paraúna,GO,A,Aicf,A+,False,False,False
2408805,Parazinho,RN,C,Bicf,C,True,False,True
3536109,Pardinho,SP,n.d.,Bicf,n.d.,False,True,True
4314035,Pareci Novo,RS,A,Bicf,A,False,False,False
1101450,Parecis,RO,A,Bicf,A,False,False,False
2408904,Parelhas,RN,B,Bicf,B,False,False,False
2706422,Pariconha,AL,C,Bicf,C,True,False,True
1303403,Parintins,AM,B,Bicf,B,False,False,False
2923803,Paripiranga,BA,B,Cicf,B,False,False,False
2706448,Paripueira,AL,C,Cicf,C,True,False,True
3536208,Pariquera-Açu,SP,A,Bicf,A,False,False,False
3536257,Parisi,SP,B,Bicf,B,False,False,False
2207603,Parnaguá,PI,B,Cicf,B,False,False,False
2207702,Parnaíba,PI,C,Bicf,C,True,False,True
2403251,Parnamirim,RN,C,Bicf,C,True,False,True
2610400,Parnamirim,PE,C,Bicf,C,True,False,True
2107803,Parnarama,MA,C,Cicf,C,True,False,True
4314050,Parobé,RS,B,Bicf,B,False,False,False
2409100,Passa e Fica,RN,B,Cicf,B,False,False,False
3147600,Passa Quatro,MG,C,Aicf,C,True,False,True
4314068,Passa Sete,RS,A,Aicf,A+,False,False,False
3147709,Passa Tempo,MG,C,Cicf,C,True,False,True
3147808,Passa Vinte,MG,C,Cicf,C,True,False,True
3147501,Passabém,MG,A,Aicf,A+,False,False,False
2409209,Passagem,RN,B,Bicf,B,False,False,False
2510709,Passagem,PB,n.d.,Bicf,n.d.,False,True,True
2107902,Passagem Franca,MA,C,Bicf,C,True,False,True
2207751,Passagem Franca do Piauí,PI,C,Bicf,C,True,False,True
2610509,Passira,PE,C,Cicf,C,True,False,True
2706505,Passo de Camaragibe,AL,C,Bicf,C,True,False,True
4212254,Passo de Torres,SC,A,Bicf,A,False,False,False
4314076,Passo do Sobrado,RS,B,Cicf,B,False,False,False
4314100,Passo Fundo,RS,A,Bicf,A,False,False,False
3147907,Passos,MG,n.d.,Bicf,n.d.,False,True,True
4212270,Passos Maia,SC,A,Bicf,A,False,False,False
2108009,Pastos Bons,MA,C,Bicf,C,True,False,True
3147956,Patis,MG,B,Bicf,B,False,False,False
4118451,Pato Bragado,PR,A,Bicf,A,False,False,False
4118501,Pato Branco,PR,B,Bicf,B,False,False,False
2510808,Patos,PB,B,Dicf,B,False,False,False
3148004,Patos de Minas,MG,C,Bicf,C,True,False,True
2207777,Patos do Piauí,PI,C,Bicf,C,True,False,True
3148103,Patrocínio,MG,C,Eicf,n.e.,False,True,True
3148202,Patrocínio do Muriaé,MG,C,Bicf,C,True,False,True
3536307,Patrocínio Paulista,SP,C,Bicf,C,True,False,True
2409308,Patu,RN,n.d.,Dicf,n.d.,False,True,True
3303856,Paty do Alferes,RJ,B,Cicf,B,False,False,False
2923902,Pau Brasil,BA,C,Cicf,C,True,False,True
1505551,Pau D'Arco,PA,A,Bicf,A,False,False,False
1716307,Pau D'Arco,TO,B,Cicf,B,False,False,False
2207793,Pau D'Arco do Piauí,PI,C,Cicf,C,True,False,True
2409407,Pau dos Ferros,RN,C,Bicf,C,True,False,True
2610608,Paudalho,PE,C,Bicf,C,True,False,True
1303502,Pauini,AM,C,Cicf,C,True,False,True
3148301,Paula Cândido,MG,n.d.,Bicf,n.d.,False,True,True
4118600,Paula Freitas,PR,A,Bicf,A,False,False,False
3536406,Paulicéia,SP,C,Bicf,C,True,False,True
3536505,Paulínia,SP,A,Aicf,A+,False,False,False
2108058,Paulino Neves,MA,C,Cicf,C,True,False,True
2510907,Paulista,PB,n.d.,Eicf,n.e.,False,True,True
2610707,Paulista,PE,C,Aicf,C,True,False,True
2207801,Paulistana,PI,C,Cicf,C,True,False,True
3536570,Paulistânia,SP,A,Aicf,A+,False,False,False
3148400,Paulistas,MG,C,Dicf,C,True,False,True
2924009,Paulo Afonso,BA,C,Dicf,C,True,False,True
4314134,Paulo Bento,RS,A,Bicf,A,False,False,False
3536604,Paulo de Faria,SP,C,Cicf,C,True,False,True
4118709,Paulo Frontin,PR,A,Cicf,A,False,False,False
2706604,Paulo Jacinto,AL,n.d.,Cicf,n.d.,False,True,True
4212304,Paulo Lopes,SC,A,Bicf,A,False,False,False
2108108,Paulo Ramos,MA,C,Bicf,C,True,False,True
3148509,Pavão,MG,C,Bicf,C,True,False,True
4314159,Paverama,RS,A,Cicf,A,False,False,False
2207850,Pavussu,PI,C,Dicf,C,True,False,True
2924058,Pé de Serra,BA,C,Bicf,C,True,False,True
4118808,Peabiru,PR,n.d.,Eicf,n.e.,False,True,True
3148608,Peçanha,MG,B,Bicf,B,False,False,False
3536703,Pederneiras,SP,C,Aicf,C,True,False,True
2610806,Pedra,PE,C,Cicf,C,True,False,True
3148707,Pedra Azul,MG,C,Aicf,C,True,False,True
3536802,Pedra Bela,SP,C,Bicf,C,True,False,True
3148756,Pedra Bonita,MG,A,Cicf,A,False,False,False
2310506,Pedra Branca,CE,B,Bicf,B,False,False,False
2511004,Pedra Branca,PB,C,Dicf,C,True,False,True
1600154,Pedra Branca do Amapari,AP,C,Cicf,C,True,False,True
3148806,Pedra do Anta,MG,C,Bicf,C,True,False,True
3148905,Pedra do Indaiá,MG,B,Bicf,B,False,False,False
3149002,Pedra Dourada,MG,C,Bicf,C,True,False,True
2409506,Pedra Grande,RN,C,Cicf,C,True,False,True
2511103,Pedra Lavrada,PB,B,Eicf,n.e.,False,True,True
2805000,Pedra Mole,SE,C,Aicf,C,True,False,True
2409605,Pedra Preta,RN,n.d.,Bicf,n.d.,False,True,True
5106372,Pedra Preta,MT,A,Bicf,A,False,False,False
3149101,Pedralva,MG,B,Aicf,B+,False,False,False
3536901,Pedranópolis,SP,C,Bicf,C,True,False,True
2924108,Pedrão,BA,B,Bicf,B,False,False,False
4314175,Pedras Altas,RS,A,Aicf,A+,False,False,False
2511202,Pedras de Fogo,PB,n.d.,Bicf,n.d.,False,True,True
3149150,Pedras de Maria da Cruz,MG,B,Bicf,B,False,False,False
4212403,Pedras Grandes,SC,A,Bicf,A,False,False,False
3537008,Pedregulho,SP,C,Cicf,C,True,False,True
3537107,Pedreira,SP,C,Aicf,C,True,False,True
2108207,Pedreiras,MA,C,Bicf,C,True,False,True
2805109,Pedrinhas,SE,C,Bicf,C,True,False,True
3537156,Pedrinhas Paulista,SP,C,Bicf,C,True,False,True
3149200,Pedrinópolis,MG,B,Cicf,B,False,False,False
1716505,Pedro Afonso,TO,A,Bicf,A,False,False,False
2924207,Pedro Alexandre,BA,D,Bicf,D,True,False,True
2409704,Pedro Avelino,RN,A,Bicf,A,False,False,False
3204054,Pedro Canário,ES,B,Aicf,B+,False,False,False
3537206,Pedro de Toledo,SP,C,Bicf,C,True,False,True
2108256,Pedro do Rosário,MA,C,Bicf,C,True,False,True
5006408,Pedro Gomes,MS,A,Bicf,A,False,False,False
2207900,Pedro II,PI,B,Bicf,B,False,False,False
2207934,Pedro Laurentino,PI,C,Bicf,C,True,False,True
3149309,Pedro Leopoldo,MG,C,Cicf,C,True,False,True
4314209,Pedro Osório,RS,C,Aicf,C,True,False,True
2512721,Pedro Régis,PB,C,Eicf,n.e.,False,True,True
3149408,Pedro Teixeira,MG,A,Bicf,A,False,False,False
2409803,Pedro Velho,RN,C,Bicf,C,True,False,True
1716604,Peixe,TO,B,Bicf,B,False,False,False
1505601,Peixe-Boi,PA,C,Bicf,C,True,False,True
5106422,Peixoto de Azevedo,MT,B,Bicf,B,False,False,False
4314308,Pejuçara,RS,B,Aicf,B+,False,False,False
4314407,Pelotas,RS,C,Aicf,C,True,False,True
2310605,Penaforte,CE,B,Dicf,B,False,False,False
2108306,Penalva,MA,C,Cicf,C,True,False,True
3537305,Penápolis,SP,n.d.,Cicf,n.d.,False,True,True
2409902,Pendências,RN,C,Bicf,C,True,False,True
2706703,Penedo,AL,n.d.,Cicf,n.d.,False,True,True
4212502,Penha,SC,A,Bicf,A,False,False,False
2310704,Pentecoste,CE,B,Bicf,B,False,False,False
3149507,Pequeri,MG,A,Bicf,A,False,False,False
3149606,Pequi,MG,A,Dicf,A,False,False,False
1716653,Pequizeiro,TO,B,Cicf,B,False,False,False
3149705,Perdigão,MG,C,Cicf,C,True,False,True
3149804,Perdizes,MG,A,Cicf,A,False,False,False
3149903,Perdões,MG,B,Cicf,B,False,False,False
3537404,Pereira Barreto,SP,C,Bicf,C,True,False,True
3537503,Pereiras,SP,C,Aicf,C,True,False,True
2310803,Pereiro,CE,A,Bicf,A,False,False,False
2108405,Peri Mirim,MA,C,Bicf,C,True,False,True
3149952,Periquito,MG,B,Cicf,B,False,False,False
4212601,Peritiba,SC,B,Aicf,B+,False,False,False
2108454,Peritoró,MA,A,Dicf,A,False,False,False
4118857,Perobal,PR,A,Cicf,A,False,False,False
4118907,Pérola,PR,C,Aicf,C,True,False,True
4119004,Pérola d'Oeste,PR,B,Bicf,B,False,False,False
5216452,Perolândia,GO,n.d.,Cicf,n.d.,False,True,True
3537602,Peruíbe,SP,C,Bicf,C,True,False,True
3150000,Pescador,MG,C,Cicf,C,True,False,True
4212650,Pescaria Brava,SC,B,Bicf,B,False,False,False
2610905,Pesqueira,PE,C,Bicf,C,True,False,True
2611002,Petrolândia,PE,C,Aicf,C,True,False,True
4212700,Petrolândia,SC,B,Aicf,B+,False,False,False
2611101,Petrolina,PE,A,Aicf,A+,False,False,False
5216809,Petrolina de Goiás,GO,n.d.,Bicf,n.d.,False,True,True
3303906,Petrópolis,RJ,A,Cicf,A,False,False,False
2706802,Piaçabuçu,AL,C,Cicf,C,True,False,True
3537701,Piacatu,SP,A,Aicf,A+,False,False,False
2511301,Piancó,PB,n.d.,Cicf,n.d.,False,True,True
2924306,Piatã,BA,n.d.,Bicf,n.d.,False,True,True
3150109,Piau,MG,n.d.,Cicf,n.d.,False,True,True
4314423,Picada Café,RS,A,Aicf,A+,False,False,False
1505635,Piçarra,PA,C,Bicf,C,True,False,True
2208007,Picos,PI,B,Bicf,B,False,False,False
2511400,Picuí,PB,B,Bicf,B,False,False,False
3537800,Piedade,SP,C,Aicf,C,True,False,True
3150158,Piedade de Caratinga,MG,C,Aicf,C,True,False,True
3150208,Piedade de Ponte Nova,MG,A,Bicf,A,False,False,False
3150307,Piedade do Rio Grande,MG,A,Aicf,A+,False,False,False
3150406,Piedade dos Gerais,MG,B,Bicf,B,False,False,False
4119103,Piên,PR,A,Dicf,A,False,False,False
2924405,Pilão Arcado,BA,C,Bicf,C,True,False,True
2511509,Pilar,PB,n.d.,Eicf,n.e.,False,True,True
2706901,Pilar,AL,C,Aicf,C,True,False,True
5216908,Pilar de Goiás,GO,B,Bicf,B,False,False,False
3537909,Pilar do Sul,SP,A,Aicf,A+,False,False,False
2410009,Pilões,RN,A,Bicf,A,False,False,False
2511608,Pilões,PB,B,Cicf,B,False,False,False
2511707,Pilõezinhos,PB,C,Dicf,C,True,False,True
3150505,Pimenta,MG,A,Bicf,A,False,False,False
1100189,Pimenta Bueno,RO,B,Aicf,B+,False,False,False
2208106,Pimenteiras,PI,C,Cicf,C,True,False,True
1101468,Pimenteiras do Oeste,RO,C,Bicf,C,True,False,True
2924504,Pindaí,BA,C,Aicf,C,True,False,True
3538006,Pindamonhangaba,SP,C,Bicf,C,True,False,True
2108504,Pindaré-Mirim,MA,A,Bicf,A,False,False,False
2707008,Pindoba,AL,C,Bicf,C,True,False,True
2924603,Pindobaçu,BA,C,Bicf,C,True,False,True
3538105,Pindorama,SP,A,Bicf,A,False,False,False
1717008,Pindorama do Tocantins,TO,A,Dicf,A,False,False,False
2310852,Pindoretama,CE,C,Aicf,C,True,False,True
3150539,Pingo-d'Água,MG,B,Bicf,B,False,False,False
4119152,Pinhais,PR,A,Bicf,A,False,False,False
4314456,Pinhal,RS,B,Aicf,B+,False,False,False
4314464,Pinhal da Serra,RS,n.d.,Bicf,n.d.,False,True,True
4119251,Pinhal de São Bento,PR,A,Cicf,A,False,False,False
4314472,Pinhal Grande,RS,B,Bicf,B,False,False,False
4119202,Pinhalão,PR,n.d.,Bicf,n.d.,False,True,True
3538204,Pinhalzinho,SP,C,Bicf,C,True,False,True
4212908,Pinhalzinho,SC,A,Aicf,A+,False,False,False
2805208,Pinhão,SE,B,Bicf,B,False,False,False
4119301,Pinhão,PR,n.d.,Eicf,n.e.,False,True,True
3303955,Pinheiral,RJ,C,Bicf,C,True,False,True
4314498,Pinheirinho do Vale,RS,C,Aicf,C,True,False,True
2108603,Pinheiro,MA,B,Cicf,B,False,False,False
4314506,Pinheiro Machado,RS,A,Bicf,A,False,False,False
4213005,Pinheiro Preto,SC,A,Aicf,A+,False,False,False
3204104,Pinheiros,ES,A,Aicf,A+,False,False,False
2924652,Pintadas,BA,C,Bicf,C,True,False,True
4314548,Pinto Bandeira,RS,A,Bicf,A,False,False,False
3150570,Pintópolis,MG,n.d.,Bicf,n.d.,False,True,True
2208205,Pio IX,PI,C,Dicf,C,True,False,True
2108702,Pio XII,MA,B,Bicf,B,False,False,False
3538303,Piquerobi,SP,A,Aicf,A+,False,False,False
2310902,Piquet Carneiro,CE,C,Aicf,C,True,False,True
3538501,Piquete,SP,C,Bicf,C,True,False,True
3538600,Piracaia,SP,C,Bicf,C,True,False,True
5217104,Piracanjuba,GO,n.d.,Cicf,n.d.,False,True,True
3150604,Piracema,MG,n.d.,Bicf,n.d.,False,True,True
3538709,Piracicaba,SP,A,Bicf,A,False,False,False
2208304,Piracuruca,PI,B,Bicf,B,False,False,False
3304003,Piraí,RJ,B,Bicf,B,False,False,False
2924678,Piraí do Norte,BA,n.d.,Dicf,n.d.,False,True,True
4119400,Piraí do Sul,PR,A,Bicf,A,False,False,False
3538808,Piraju,SP,C,Bicf,C,True,False,True
3150703,Pirajuba,MG,C,Bicf,C,True,False,True
3538907,Pirajuí,SP,B,Bicf,B,False,False,False
2805307,Pirambu,SE,C,Bicf,C,True,False,True
3150802,Piranga,MG,A,Bicf,A,False,False,False
3539004,Pirangi,SP,C,Bicf,C,True,False,True
3150901,Piranguçu,MG,C,Aicf,C,True,False,True
3151008,Piranguinho,MG,A,Bicf,A,False,False,False
2707107,Piranhas,AL,B,Bicf,B,False,False,False
5217203,Piranhas,GO,n.d.,Cicf,n.d.,False,True,True
2108801,Pirapemas,MA,A,Cicf,A,False,False,False
3151107,Pirapetinga,MG,C,Bicf,C,True,False,True
4314555,Pirapó,RS,A,Cicf,A,False,False,False
3151206,Pirapora,MG,C,Bicf,C,True,False,True
3539103,Pirapora do Bom Jesus,SP,B,Bicf,B,False,False,False
3539202,Pirapozinho,SP,C,Bicf,C,True,False,True
4119509,Piraquara,PR,A,Cicf,A,False,False,False
1717206,Piraquê,TO,B,Aicf,B+,False,False,False
3539301,Pirassununga,SP,C,Bicf,C,True,False,True
4314605,Piratini,RS,A,Bicf,A,False,False,False
3539400,Piratininga,SP,B,Aicf,B+,False,False,False
4213104,Piratuba,SC,A,Bicf,A,False,False,False
3151305,Piraúba,MG,n.d.,Bicf,n.d.,False,True,True
5217302,Pirenópolis,GO,A,Cicf,A,False,False,False
5217401,Pires do Rio,GO,A,Dicf,A,False,False,False
2310951,Pires Ferreira,CE,C,Bicf,C,True,False,True
2924702,Piripá,BA,B,Cicf,B,False,False,False
2208403,Piripiri,PI,A,Bicf,A,False,False,False
2924801,Piritiba,BA,C,Bicf,C,True,False,True
2511806,Pirpirituba,PB,A,Dicf,A,False,False,False
4119608,Pitanga,PR,A,Bicf,A,False,False,False
3539509,Pitangueiras,SP,B,Bicf,B,False,False,False
4119657,Pitangueiras,PR,A,Cicf,A,False,False,False
3151404,Pitangui,MG,A,Cicf,A,False,False,False
2511905,Pitimbu,PB,n.d.,Bicf,n.d.,False,True,True
1717503,Pium,TO,C,Dicf,C,True,False,True
3204203,Piúma,ES,B,Aicf,B+,False,False,False
3151503,Piumhi,MG,A,Bicf,A,False,False,False
1505650,Placas,PA,B,Bicf,B,False,False,False
1200385,Plácido de Castro,AC,A,Cicf,A,False,False,False
5217609,Planaltina,GO,C,Cicf,C,True,False,True
4119707,Planaltina do Paraná,PR,B,Bicf,B,False,False,False
2924900,Planaltino,BA,C,Bicf,C,True,False,True
2925006,Planalto,BA,B,Bicf,B,False,False,False
3539608,Planalto,SP,A,Dicf,A,False,False,False
4119806,Planalto,PR,B,Dicf,B,False,False,False
4314704,Planalto,RS,B,Aicf,B+,False,False,False
4213153,Planalto Alegre,SC,A,Aicf,A+,False,False,False
5106455,Planalto da Serra,MT,A,Cicf,A,False,False,False
3151602,Planura,MG,n.d.,Cicf,n.d.,False,True,True
3539707,Platina,SP,A,Cicf,A,False,False,False
3539806,Poá,SP,C,Bicf,C,True,False,True
2611200,Poção,PE,C,Aicf,C,True,False,True
2108900,Poção de Pedras,MA,A,Cicf,A,False,False,False
2512002,Pocinhos,PB,C,Bicf,C,True,False,True
2410108,Poço Branco,RN,C,Cicf,C,True,False,True
2512036,Poço Dantas,PB,A,Cicf,A,False,False,False
4314753,Poço das Antas,RS,A,Aicf,A+,False,False,False
2707206,Poço das Trincheiras,AL,C,Bicf,C,True,False,True
2512077,Poço de José de Moura,PB,A,Eicf,n.e.,False,True,True
3151701,Poço Fundo,MG,C,Bicf,C,True,False,True
2805406,Poço Redondo,SE,C,Cicf,C,True,False,True
2805505,Poço Verde,SE,n.d.,Bicf,n.d.,False,True,True
2925105,Poções,BA,B,Bicf,B,False,False,False
5106505,Poconé,MT,B,Aicf,B+,False,False,False
3151800,Poços de Caldas,MG,C,Dicf,C,True,False,True
3151909,Pocrane,MG,C,Bicf,C,True,False,True
2925204,Pojuca,BA,B,Aicf,B+,False,False,False
3539905,Poloni,SP,C,Bicf,C,True,False,True
2512101,Pombal,PB,B,Cicf,B,False,False,False
2611309,Pombos,PE,C,Aicf,C,True,False,True
4213203,Pomerode,SC,A,Aicf,A+,False,False,False
3540002,Pompéia,SP,C,Bicf,C,True,False,True
3152006,Pompéu,MG,A,Bicf,A,False,False,False
3540101,Pongaí,SP,A,Bicf,A,False,False,False
1505700,Ponta de Pedras,PA,C,Bicf,C,True,False,True
4119905,Ponta Grossa,PR,B,Bicf,B,False,False,False
5006606,Ponta Porã,MS,B,Aicf,B+,False,False,False
3540200,Pontal,SP,D,Bicf,D,True,False,True
5106653,Pontal do Araguaia,MT,C,Cicf,C,True,False,True
4119954,Pontal do Paraná,PR,C,Cicf,C,True,False,True
5217708,Pontalina,GO,C,Bicf,C,True,False,True
3540259,Pontalinda,SP,C,Bicf,C,True,False,True
4314779,Pontão,RS,A,Bicf,A,False,False,False
4213302,Ponte Alta,SC,A,Bicf,A,False,False,False
1717800,Ponte Alta do Bom Jesus,TO,C,Dicf,C,True,False,True
4213351,Ponte Alta do Norte,SC,n.d.,Bicf,n.d.,False,True,True
1717909,Ponte Alta do Tocantins,TO,C,Cicf,C,True,False,True
5106703,Ponte Branca,MT,B,Bicf,B,False,False,False
3152105,Ponte Nova,MG,C,Bicf,C,True,False,True
4314787,Ponte Preta,RS,A,Cicf,A,False,False,False
4213401,Ponte Serrada,SC,A,Aicf,A+,False,False,False
5106752,Pontes e Lacerda,MT,A,Bicf,A,False,False,False
3540309,Pontes Gestal,SP,C,Bicf,C,True,False,True
3204252,Ponto Belo,ES,B,Aicf,B+,False,False,False
3152131,Ponto Chique,MG,B,Aicf,B+,False,False,False
3152170,Ponto dos Volantes,MG,A,Dicf,A,False,False,False
2925253,Ponto Novo,BA,C,Cicf,C,True,False,True
3540408,Populina,SP,B,Cicf,B,False,False,False
2311009,Poranga,CE,B,Bicf,B,False,False,False
3540507,Porangaba,SP,A,Aicf,A+,False,False,False
5218003,Porangatu,GO,B,Bicf,B,False,False,False
3304102,Porciúncula,RJ,C,Bicf,C,True,False,True
4120002,Porecatu,PR,B,Bicf,B,False,False,False
2410207,Portalegre,RN,C,Bicf,C,True,False,True
4314803,Portão,RS,A,Bicf,A,False,False,False
5218052,Porteirão,GO,B,Bicf,B,False,False,False
2311108,Porteiras,CE,B,Bicf,B,False,False,False
3152204,Porteirinha,MG,C,Bicf,C,True,False,True
1505809,Portel,PA,C,Bicf,C,True,False,True
5218102,Portelândia,GO,A,Dicf,A,False,False,False
2208502,Porto,PI,C,Bicf,C,True,False,True
1200807,Porto Acre,AC,B,Dicf,B,False,False,False
4314902,Porto Alegre,RS,A,Aicf,A+,False,False,False
5106778,Porto Alegre do Norte,MT,B,Bicf,B,False,False,False
2208551,Porto Alegre do Piauí,PI,B,Bicf,B,False,False,False
1718006,Porto Alegre do Tocantins,TO,C,Bicf,C,True,False,True
4120101,Porto Amazonas,PR,B,Bicf,B,False,False,False
4120150,Porto Barreiro,PR,A,Cicf,A,False,False,False
4213500,Porto Belo,SC,A,Bicf,A,False,False,False
2707305,Porto Calvo,AL,n.d.,Eicf,n.e.,False,True,True
2805604,Porto da Folha,SE,D,Cicf,D,True,False,True
1505908,Porto de Moz,PA,C,Bicf,C,True,False,True
2707404,Porto de Pedras,AL,n.d.,Cicf,n.d.,False,True,True
2410256,Porto do Mangue,RN,n.d.,Bicf,n.d.,False,True,True
5106802,Porto dos Gaúchos,MT,C,Cicf,C,True,False,True
5106828,Porto Esperidião,MT,A,Bicf,A,False,False,False
5106851,Porto Estrela,MT,B,Bicf,B,False,False,False
3540606,Porto Feliz,SP,A,Bicf,A,False,False,False
3540705,Porto Ferreira,SP,A,Bicf,A,False,False,False
3152303,Porto Firme,MG,C,Aicf,C,True,False,True
2109007,Porto Franco,MA,C,Cicf,C,True,False,True
1600535,Porto Grande,AP,C,Cicf,C,True,False,True
4315008,Porto Lucena,RS,C,Bicf,C,True,False,True
4315057,Porto Mauá,RS,A,Cicf,A,False,False,False
5006903,Porto Murtinho,MS,A,Aicf,A+,False,False,False
1718204,Porto Nacional,TO,C,Dicf,C,True,False,True
3304110,Porto Real,RJ,A,Cicf,A,False,False,False
2707503,Porto Real do Colégio,AL,n.d.,Dicf,n.d.,False,True,True
4120200,Porto Rico,PR,C,Bicf,C,True,False,True
2109056,Porto Rico do Maranhão,MA,B,Bicf,B,False,False,False
2925303,Porto Seguro,BA,B,Bicf,B,False,False,False
4213609,Porto União,SC,A,Bicf,A,False,False,False
1100205,Porto Velho,RO,C,Aicf,C,True,False,True
4315073,Porto Vera Cruz,RS,A,Bicf,A,False,False,False
4120309,Porto Vitória,PR,n.d.,Bicf,n.d.,False,True,True
1200393,Porto Walter,AC,C,Bicf,C,True,False,True
4315107,Porto Xavier,RS,B,Cicf,B,False,False,False
5218300,Posse,GO,A,Cicf,A,False,False,False
3152402,Poté,MG,C,Cicf,C,True,False,True
2311207,Potengi,CE,C,Bicf,C,True,False,True
3540754,Potim,SP,A,Bicf,A,False,False,False
2925402,Potiraguá,BA,C,Bicf,C,True,False,True
3540804,Potirendaba,SP,C,Aicf,C,True,False,True
2311231,Potiretama,CE,B,Bicf,B,False,False,False
3152501,Pouso Alegre,MG,A,Aicf,A+,False,False,False
3152600,Pouso Alto,MG,A,Bicf,A,False,False,False
4315131,Pouso Novo,RS,A,Aicf,A+,False,False,False
4213708,Pouso Redondo,SC,C,Bicf,C,True,False,True
5107008,Poxoréu,MT,A,Bicf,A,False,False,False
3540853,Pracinha,SP,C,Aicf,C,True,False,True
1600550,Pracuúba,AP,C,Bicf,C,True,False,True
2925501,Prado,BA,C,Bicf,C,True,False,True
4120333,Prado Ferreira,PR,A,Bicf,A,False,False,False
3540903,Pradópolis,SP,C,Bicf,C,True,False,True
3152709,Prados,MG,A,Bicf,A,False,False,False
3541000,Praia Grande,SP,A,Bicf,A,False,False,False
4213807,Praia Grande,SC,C,Aicf,C,True,False,True
1718303,Praia Norte,TO,C,Bicf,C,True,False,True
1506005,Prainha,PA,A,Cicf,A,False,False,False
4120358,Pranchita,PR,B,Cicf,B,False,False,False
2512200,Prata,PB,B,Bicf,B,False,False,False
3152808,Prata,MG,A,Bicf,A,False,False,False
2208601,Prata do Piauí,PI,C,Aicf,C,True,False,True
3541059,Pratânia,SP,B,Aicf,B+,False,False,False
3152907,Pratápolis,MG,C,Cicf,C,True,False,True
3153004,Pratinha,MG,B,Bicf,B,False,False,False
3541109,Presidente Alves,SP,A,Bicf,A,False,False,False
3153103,Presidente Bernardes,MG,A,Bicf,A,False,False,False
3541208,Presidente Bernardes,SP,B,Cicf,B,False,False,False
4213906,Presidente Castello Branco,SC,A,Bicf,A,False,False,False
4120408,Presidente Castelo Branco,PR,A,Cicf,A,False,False,False
2109106,Presidente Dutra,MA,B,Cicf,B,False,False,False
2925600,Presidente Dutra,BA,C,Dicf,C,True,False,True
3541307,Presidente Epitácio,SP,C,Bicf,C,True,False,True
1303536,Presidente Figueiredo,AM,B,Aicf,B+,False,False,False
4214003,Presidente Getúlio,SC,C,Bicf,C,True,False,True
2925709,Presidente Jânio Quadros,BA,C,Bicf,C,True,False,True
2109205,Presidente Juscelino,MA,C,Bicf,C,True,False,True
3153202,Presidente Juscelino,MG,A,Cicf,A,False,False,False
1718402,Presidente Kennedy,TO,B,Bicf,B,False,False,False
3204302,Presidente Kennedy,ES,C,Aicf,C,True,False,True
3153301,Presidente Kubitschek,MG,A,Bicf,A,False,False,False
4315149,Presidente Lucena,RS,A,Aicf,A+,False,False,False
1100254,Presidente Médici,RO,A,Aicf,A+,False,False,False
2109239,Presidente Médici,MA,C,Cicf,C,True,False,True
4214102,Presidente Nereu,SC,A,Aicf,A+,False,False,False
3153400,Presidente Olegário,MG,C,Bicf,C,True,False,True
3541406,Presidente Prudente,SP,B,Aicf,B+,False,False,False
2109270,Presidente Sarney,MA,n.d.,Cicf,n.d.,False,True,True
2925758,Presidente Tancredo Neves,BA,n.d.,Cicf,n.d.,False,True,True
2109304,Presidente Vargas,MA,C,Bicf,C,True,False,True
3541505,Presidente Venceslau,SP,C,Cicf,C,True,False,True
1506104,Primavera,PA,C,Bicf,C,True,False,True
2611408,Primavera,PE,A,Bicf,A,False,False,False
1101476,Primavera de Rondônia,RO,A,Bicf,A,False,False,False
5107040,Primavera do Leste,MT,A,Dicf,A,False,False,False
2109403,Primeira Cruz,MA,A,Bicf,A,False,False,False
4120507,Primeiro de Maio,PR,A,Cicf,A,False,False,False
4214151,Princesa,SC,A,Bicf,A,False,False,False
2512309,Princesa Isabel,PB,C,Dicf,C,True,False,True
5218391,Professor Jamil,GO,C,Bicf,C,True,False,True
4315156,Progresso,RS,A,Aicf,A+,False,False,False
3541604,Promissão,SP,C,Aicf,C,True,False,True
2805703,Propriá,SE,B,Bicf,B,False,False,False
4315172,Protásio Alves,RS,A,Aicf,A+,False,False,False
3153608,Prudente de Morais,MG,C,Bicf,C,True,False,True
4120606,Prudentópolis,PR,A,Cicf,A,False,False,False
1718451,Pugmil,TO,C,Bicf,C,True,False,True
2410405,Pureza,RN,C,Bicf,C,True,False,True
4315206,Putinga,RS,A,Aicf,A+,False,False,False
2512408,Puxinanã,PB,C,Cicf,C,True,False,True
3541653,Quadra,SP,C,Bicf,C,True,False,True
4315305,Quaraí,RS,A,Aicf,A+,False,False,False
3153707,Quartel Geral,MG,C,Aicf,C,True,False,True
4120655,Quarto Centenário,PR,A,Bicf,A,False,False,False
3541703,Quatá,SP,C,Bicf,C,True,False,True
4120705,Quatiguá,PR,B,Bicf,B,False,False,False
1506112,Quatipuru,PA,n.d.,Eicf,n.e.,False,True,True
3304128,Quatis,RJ,A,Eicf,n.e.,False,True,True
4120804,Quatro Barras,PR,B,Bicf,B,False,False,False
4315313,Quatro Irmãos,RS,A,Aicf,A+,False,False,False
4120853,Quatro Pontes,PR,A,Bicf,A,False,False,False
2707602,Quebrangulo,AL,C,Bicf,C,True,False,True
4120903,Quedas do Iguaçu,PR,C,Cicf,C,True,False,True
2208650,Queimada Nova,PI,B,Aicf,B+,False,False,False
2512507,Queimadas,PB,A,Cicf,A,False,False,False
2925808,Queimadas,BA,C,Cicf,C,True,False,True
3304144,Queimados,RJ,B,Bicf,B,False,False,False
3541802,Queiroz,SP,A,Aicf,A+,False,False,False
3541901,Queluz,SP,n.d.,Bicf,n.d.,False,True,True
3153806,Queluzito,MG,B,Bicf,B,False,False,False
5107065,Querência,MT,B,Bicf,B,False,False,False
4121000,Querência do Norte,PR,B,Bicf,B,False,False,False
4315321,Quevedos,RS,n.d.,Cicf,n.d.,False,True,True
2925907,Quijingue,BA,B,Cicf,B,False,False,False
4214201,Quilombo,SC,n.d.,Aicf,n.d.,False,True,True
4121109,Quinta do Sol,PR,C,Cicf,C,True,False,True
3542008,Quintana,SP,C,Aicf,C,True,False,True
4315354,Quinze de Novembro,RS,C,Aicf,C,True,False,True
2611507,Quipapá,PE,n.d.,Aicf,n.d.,False,True,True
5218508,Quirinópolis,GO,C,Bicf,C,True,False,True
3304151,Quissamã,RJ,C,Cicf,C,True,False,True
4121208,Quitandinha,PR,A,Cicf,A,False,False,False
2311264,Quiterianópolis,CE,B,Cicf,B,False,False,False
2512606,Quixaba,PB,C,Dicf,C,True,False,True
2611533,Quixaba,PE,C,Dicf,C,True,False,True
2925931,Quixabeira,BA,C,Bicf,C,True,False,True
2311306,Quixadá,CE,C,Bicf,C,True,False,True
2311355,Quixelô,CE,C,Bicf,C,True,False,True
2311405,Quixeramobim,CE,B,Bicf,B,False,False,False
2311504,Quixeré,CE,C,Bicf,C,True,False,True
2410504,Rafael Fernandes,RN,n.d.,Cicf,n.d.,False,True,True
2410603,Rafael Godeiro,RN,B,Aicf,B+,False,False,False
2925956,Rafael Jambeiro,BA,B,Bicf,B,False,False,False
3542107,Rafard,SP,C,Aicf,C,True,False,True
4121257,Ramilândia,PR,n.d.,Bicf,n.d.,False,True,True
3542206,Rancharia,SP,C,Aicf,C,True,False,True
4121307,Rancho Alegre,PR,C,Cicf,C,True,False,True
4121356,Rancho Alegre D'Oeste,PR,A,Bicf,A,False,False,False
4214300,Rancho Queimado,SC,B,Cicf,B,False,False,False
2109452,Raposa,MA,C,Dicf,C,True,False,True
3153905,Raposos,MG,n.d.,Cicf,n.d.,False,True,True
3154002,Raul Soares,MG,B,Bicf,B,False,False,False
4121406,Realeza,PR,n.d.,Cicf,n.d.,False,True,True
4121505,Rebouças,PR,C,Cicf,C,True,False,True
2611606,Recife,PE,B,Aicf,B+,False,False,False
3154101,Recreio,MG,C,Aicf,C,True,False,True
1718501,Recursolândia,TO,B,Cicf,B,False,False,False
1506138,Redenção,PA,B,Cicf,B,False,False,False
2311603,Redenção,CE,C,Bicf,C,True,False,True
3542305,Redenção da Serra,SP,A,Bicf,A,False,False,False
2208700,Redenção do Gurguéia,PI,C,Cicf,C,True,False,True
4315404,Redentora,RS,A,Bicf,A,False,False,False
3154150,Reduto,MG,A,Dicf,A,False,False,False
2208809,Regeneração,PI,C,Cicf,C,True,False,True
3542404,Regente Feijó,SP,C,Bicf,C,True,False,True
3542503,Reginópolis,SP,C,Aicf,C,True,False,True
3542602,Registro,SP,A,Aicf,A+,False,False,False
4315453,Relvado,RS,A,Bicf,A,False,False,False
2926004,Remanso,BA,B,Bicf,B,False,False,False
2512705,Remígio,PB,n.d.,Bicf,n.d.,False,True,True
4121604,Renascença,PR,A,Cicf,A,False,False,False
2311702,Reriutaba,CE,C,Bicf,C,True,False,True
3304201,Resende,RJ,A,Bicf,A,False,False,False
3154200,Resende Costa,MG,A,Bicf,A,False,False,False
4121703,Reserva,PR,A,Bicf,A,False,False,False
5107156,Reserva do Cabaçal,MT,A,Aicf,A+,False,False,False
4121752,Reserva do Iguaçu,PR,n.d.,Eicf,n.e.,False,True,True
3154309,Resplendor,MG,C,Aicf,C,True,False,True
3154408,Ressaquinha,MG,A,Bicf,A,False,False,False
3542701,Restinga,SP,C,Cicf,C,True,False,True
4315503,Restinga Sêca,RS,B,Aicf,B+,False,False,False
2926103,Retirolândia,BA,C,Bicf,C,True,False,True
2109502,Riachão,MA,C,Cicf,C,True,False,True
2512747,Riachão,PB,n.d.,Eicf,n.e.,False,True,True
2926202,Riachão das Neves,BA,C,Cicf,C,True,False,True
2512754,Riachão do Bacamarte,PB,C,Bicf,C,True,False,True
2805802,Riachão do Dantas,SE,B,Bicf,B,False,False,False
2926301,Riachão do Jacuípe,BA,B,Bicf,B,False,False,False
2512762,Riachão do Poço,PB,C,Cicf,C,True,False,True
1718550,Riachinho,TO,n.d.,Eicf,n.e.,False,True,True
3154457,Riachinho,MG,C,Cicf,C,True,False,True
2410702,Riacho da Cruz,RN,n.d.,Bicf,n.d.,False,True,True
2611705,Riacho das Almas,PE,C,Bicf,C,True,False,True
2410801,Riacho de Santana,RN,n.d.,Cicf,n.d.,False,True,True
2926400,Riacho de Santana,BA,C,Cicf,C,True,False,True
2512788,Riacho de Santo Antônio,PB,C,Bicf,C,True,False,True
2512804,Riacho dos Cavalos,PB,C,Eicf,n.e.,False,True,True
3154507,Riacho dos Machados,MG,C,Bicf,C,True,False,True
2208858,Riacho Frio,PI,B,Bicf,B,False,False,False
2410900,Riachuelo,RN,A,Bicf,A,False,False,False
2805901,Riachuelo,SE,C,Cicf,C,True,False,True
5218607,Rialma,GO,n.d.,Dicf,n.d.,False,True,True
5218706,Rianápolis,GO,C,Bicf,C,True,False,True
2109551,Ribamar Fiquene,MA,B,Cicf,B,False,False,False
5007109,Ribas do Rio Pardo,MS,A,Bicf,A,False,False,False
3542800,Ribeira,SP,C,Bicf,C,True,False,True
2926509,Ribeira do Amparo,BA,C,Cicf,C,True,False,True
2208874,Ribeira do Piauí,PI,C,Bicf,C,True,False,True
2926608,Ribeira do Pombal,BA,C,Dicf,C,True,False,True
2611804,Ribeirão,PE,C,Aicf,C,True,False,True
3542909,Ribeirão Bonito,SP,C,Bicf,C,True,False,True
3543006,Ribeirão Branco,SP,B,Aicf,B+,False,False,False
5107180,Ribeirão Cascalheira,MT,C,Eicf,n.e.,False,True,True
4121802,Ribeirão Claro,PR,C,Bicf,C,True,False,True
3543105,Ribeirão Corrente,SP,C,Bicf,C,True,False,True
3154606,Ribeirão das Neves,MG,C,Aicf,C,True,False,True
2926657,Ribeirão do Largo,BA,C,Dicf,C,True,False,True
4121901,Ribeirão do Pinhal,PR,n.d.,Eicf,n.e.,False,True,True
3543204,Ribeirão do Sul,SP,C,Bicf,C,True,False,True
3543238,Ribeirão dos Índios,SP,A,Bicf,A,False,False,False
3543253,Ribeirão Grande,SP,A,Bicf,A,False,False,False
3543303,Ribeirão Pires,SP,C,Bicf,C,True,False,True
3543402,Ribeirão Preto,SP,A,Aicf,A+,False,False,False
3154705,Ribeirão Vermelho,MG,C,Bicf,C,True,False,True
5107198,Ribeirãozinho,MT,A,Bicf,A,False,False,False
2208908,Ribeiro Gonçalves,PI,C,Bicf,C,True,False,True
2806008,Ribeirópolis,SE,C,Cicf,C,True,False,True
3543600,Rifaina,SP,A,Bicf,A,False,False,False
3543709,Rincão,SP,C,Bicf,C,True,False,True
3543808,Rinópolis,SP,B,Aicf,B+,False,False,False
3154804,Rio Acima,MG,B,Bicf,B,False,False,False
4122008,Rio Azul,PR,A,Cicf,A,False,False,False
3204351,Rio Bananal,ES,A,Aicf,A+,False,False,False
4122107,Rio Bom,PR,A,Bicf,A,False,False,False
3304300,Rio Bonito,RJ,C,Bicf,C,True,False,True
4122156,Rio Bonito do Iguaçu,PR,A,Bicf,A,False,False,False
1200401,Rio Branco,AC,A,Aicf,A+,False,False,False
5107206,Rio Branco,MT,B,Cicf,B,False,False,False
4122172,Rio Branco do Ivaí,PR,C,Cicf,C,True,False,True
4122206,Rio Branco do Sul,PR,C,Bicf,C,True,False,True
5007208,Rio Brilhante,MS,C,Bicf,C,True,False,True
3154903,Rio Casca,MG,A,Cicf,A,False,False,False
3304409,Rio Claro,RJ,C,Bicf,C,True,False,True
3543907,Rio Claro,SP,C,Bicf,C,True,False,True
1100262,Rio Crespo,RO,A,Bicf,A,False,False,False
1718659,Rio da Conceição,TO,C,Cicf,C,True,False,True
4214409,Rio das Antas,SC,B,Bicf,B,False,False,False
3304508,Rio das Flores,RJ,C,Bicf,C,True,False,True
3304524,Rio das Ostras,RJ,A,Bicf,A,False,False,False
3544004,Rio das Pedras,SP,A,Cicf,A,False,False,False
2926707,Rio de Contas,BA,C,Cicf,C,True,False,True
3304557,Rio de Janeiro,RJ,B,Aicf,B+,False,False,False
2926806,Rio do Antônio,BA,n.d.,Eicf,n.e.,False,True,True
4214508,Rio do Campo,SC,A,Bicf,A,False,False,False
2408953,Rio do Fogo,RN,C,Bicf,C,True,False,True
4214607,Rio do Oeste,SC,A,Aicf,A+,False,False,False
2926905,Rio do Pires,BA,B,Cicf,B,False,False,False
3155108,Rio do Prado,MG,C,Cicf,C,True,False,True
4214805,Rio do Sul,SC,A,Aicf,A+,False,False,False
3155009,Rio Doce,MG,A,Cicf,A,False,False,False
1718709,Rio dos Bois,TO,C,Cicf,C,True,False,True
4214706,Rio dos Cedros,SC,A,Aicf,A+,False,False,False
4315552,Rio dos Índios,RS,A,Dicf,A,False,False,False
3155207,Rio Espera,MG,B,Bicf,B,False,False,False
2611903,Rio Formoso,PE,C,Bicf,C,True,False,True
4214904,Rio Fortuna,SC,A,Aicf,A+,False,False,False
4315602,Rio Grande,RS,A,Bicf,A,False,False,False
3544103,Rio Grande da Serra,SP,C,Aicf,C,True,False,True
2209005,Rio Grande do Piauí,PI,C,Bicf,C,True,False,True
2707701,Rio Largo,AL,B,Bicf,B,False,False,False
3155306,Rio Manso,MG,A,Aicf,A+,False,False,False
1506161,Rio Maria,PA,C,Bicf,C,True,False,True
4215000,Rio Negrinho,SC,A,Aicf,A+,False,False,False
4122305,Rio Negro,PR,A,Bicf,A,False,False,False
5007307,Rio Negro,MS,C,Bicf,C,True,False,True
3155405,Rio Novo,MG,B,Bicf,B,False,False,False
3204401,Rio Novo do Sul,ES,A,Bicf,A,False,False,False
3155504,Rio Paranaíba,MG,A,Bicf,A,False,False,False
4315701,Rio Pardo,RS,C,Aicf,C,True,False,True
3155603,Rio Pardo de Minas,MG,B,Aicf,B+,False,False,False
3155702,Rio Piracicaba,MG,B,Cicf,B,False,False,False
3155801,Rio Pomba,MG,A,Bicf,A,False,False,False
3155900,Rio Preto,MG,C,Bicf,C,True,False,True
1303569,Rio Preto da Eva,AM,C,Bicf,C,True,False,True
5218789,Rio Quente,GO,A,Aicf,A+,False,False,False
2927002,Rio Real,BA,C,Bicf,C,True,False,True
4215059,Rio Rufino,SC,B,Bicf,B,False,False,False
1718758,Rio Sono,TO,C,Cicf,C,True,False,True
2512903,Rio Tinto,PB,B,Cicf,B,False,False,False
5218805,Rio Verde,GO,B,Eicf,n.e.,False,True,True
5007406,Rio Verde de Mato Grosso,MS,B,Aicf,B+,False,False,False
3156007,Rio Vermelho,MG,C,Cicf,C,True,False,True
3544202,Riolândia,SP,C,Aicf,C,True,False,True
4315750,Riozinho,RS,A,Cicf,A,False,False,False
4215075,Riqueza,SC,A,Aicf,A+,False,False,False
3156106,Ritápolis,MG,A,Aicf,A+,False,False,False
3543501,Riversul,SP,C,Bicf,C,True,False,True
4315800,Roca Sales,RS,A,Cicf,A,False,False,False
5007505,Rochedo,MS,B,Bicf,B,False,False,False
3156205,Rochedo de Minas,MG,C,Dicf,C,True,False,True
4215109,Rodeio,SC,A,Bicf,A,False,False,False
4315909,Rodeio Bonito,RS,B,Bicf,B,False,False,False
3156304,Rodeiro,MG,A,Dicf,A,False,False,False
2927101,Rodelas,BA,C,Bicf,C,True,False,True
2411007,Rodolfo Fernandes,RN,C,Bicf,C,True,False,True
1200427,Rodrigues Alves,AC,n.d.,Bicf,n.d.,False,True,True
4315958,Rolador,RS,A,Bicf,A,False,False,False
4122404,Rolândia,PR,A,Bicf,A,False,False,False
4316006,Rolante,RS,C,Bicf,C,True,False,True
1100288,Rolim de Moura,RO,A,Cicf,A,False,False,False
3156403,Romaria,MG,B,Cicf,B,False,False,False
4215208,Romelândia,SC,A,Bicf,A,False,False,False
4122503,Roncador,PR,A,Cicf,A,False,False,False
4316105,Ronda Alta,RS,C,Cicf,C,True,False,True
4316204,Rondinha,RS,A,Aicf,A+,False,False,False
5107578,Rondolândia,MT,C,Bicf,C,True,False,True
4122602,Rondon,PR,C,Bicf,C,True,False,True
1506187,Rondon do Pará,PA,B,Bicf,B,False,False,False
5107602,Rondonópolis,MT,B,Bicf,B,False,False,False
4316303,Roque Gonzales,RS,B,Bicf,B,False,False,False
1400472,Rorainópolis,RR,C,Bicf,C,True,False,True
3544251,Rosana,SP,C,Bicf,C,True,False,True
2109601,Rosário,MA,C,Dicf,C,True,False,True
3156452,Rosário da Limeira,MG,C,Eicf,n.e.,False,True,True
2806107,Rosário do Catete,SE,B,Bicf,B,False,False,False
4122651,Rosário do Ivaí,PR,A,Bicf,A,False,False,False
4316402,Rosário do Sul,RS,C,Bicf,C,True,False,True
5107701,Rosário Oeste,MT,C,Bicf,C,True,False,True
3544301,Roseira,SP,C,Aicf,C,True,False,True
2707800,Roteiro,AL,C,Bicf,C,True,False,True
3156502,Rubelita,MG,C,Cicf,C,True,False,True
3544400,Rubiácea,SP,C,Aicf,C,True,False,True
5218904,Rubiataba,GO,C,Cicf,C,True,False,True
3156601,Rubim,MG,B,Bicf,B,False,False,False
3544509,Rubinéia,SP,A,Cicf,A,False,False,False
1506195,Rurópolis,PA,n.d.,Eicf,n.e.,False,True,True
2311801,Russas,CE,B,Bicf,B,False,False,False
2411106,Ruy Barbosa,RN,A,Bicf,A,False,False,False
2927200,Ruy Barbosa,BA,C,Bicf,C,True,False,True
3156700,Sabará,MG,C,Cicf,C,True,False,True
4122701,Sabáudia,PR,C,Bicf,C,True,False,True
3544608,Sabino,SP,C,Aicf,C,True,False,True
3156809,Sabinópolis,MG,C,Cicf,C,True,False,True
2311900,Saboeiro,CE,B,Bicf,B,False,False,False
3156908,Sacramento,MG,B,Cicf,B,False,False,False
4316428,Sagrada Família,RS,A,Bicf,A,False,False,False
3544707,Sagres,SP,C,Aicf,C,True,False,True
2612000,Sairé,PE,C,Bicf,C,True,False,True
4316436,Saldanha Marinho,RS,C,Aicf,C,True,False,True
3544806,Sales,SP,C,Dicf,C,True,False,True
3544905,Sales Oliveira,SP,C,Bicf,C,True,False,True
3545001,Salesópolis,SP,A,Bicf,A,False,False,False
4215307,Salete,SC,B,Bicf,B,False,False,False
2513000,Salgadinho,PB,C,Cicf,C,True,False,True
2612109,Salgadinho,PE,C,Bicf,C,True,False,True
2806206,Salgado,SE,C,Bicf,C,True,False,True
2513109,Salgado de São Félix,PB,C,Eicf,n.e.,False,True,True
4122800,Salgado Filho,PR,B,Bicf,B,False,False,False
2612208,Salgueiro,PE,B,Aicf,B+,False,False,False
3157005,Salinas,MG,B,Cicf,B,False,False,False
2927309,Salinas da Margarida,BA,B,Dicf,B,False,False,False
1506203,Salinópolis,PA,C,Bicf,C,True,False,True
2311959,Salitre,CE,C,Bicf,C,True,False,True
3545100,Salmourão,SP,C,Aicf,C,True,False,True
2612307,Saloá,PE,B,Bicf,B,False,False,False
3545159,Saltinho,SP,C,Aicf,C,True,False,True
4215356,Saltinho,SC,B,Aicf,B+,False,False,False
3545209,Salto,SP,C,Cicf,C,True,False,True
3157104,Salto da Divisa,MG,C,Bicf,C,True,False,True
3545308,Salto de Pirapora,SP,C,Aicf,C,True,False,True
5107750,Salto do Céu,MT,B,Bicf,B,False,False,False
4122909,Salto do Itararé,PR,A,Bicf,A,False,False,False
4316451,Salto do Jacuí,RS,B,Bicf,B,False,False,False
4123006,Salto do Lontra,PR,n.d.,Aicf,n.d.,False,True,True
3545407,Salto Grande,SP,B,Bicf,B,False,False,False
4215406,Salto Veloso,SC,B,Bicf,B,False,False,False
2927408,Salvador,BA,A,Aicf,A+,False,False,False
4316477,Salvador das Missões,RS,B,Bicf,B,False,False,False
4316501,Salvador do Sul,RS,A,Bicf,A,False,False,False
1506302,Salvaterra,PA,n.d.,Dicf,n.d.,False,True,True
2109700,Sambaíba,MA,n.d.,Cicf,n.d.,False,True,True
1718808,Sampaio,TO,A,Bicf,A,False,False,False
4316600,Sananduva,RS,A,Dicf,A,False,False,False
5219001,Sanclerlândia,GO,n.d.,Eicf,n.e.,False,True,True
1718840,Sandolândia,TO,C,Cicf,C,True,False,True
3545506,Sandovalina,SP,A,Cicf,A,False,False,False
4215455,Sangão,SC,B,Bicf,B,False,False,False
2612406,Sanharó,PE,C,Bicf,C,True,False,True
3545605,Santa Adélia,SP,C,Aicf,C,True,False,True
3545704,Santa Albertina,SP,C,Aicf,C,True,False,True
4123105,Santa Amélia,PR,A,Cicf,A,False,False,False
2927507,Santa Bárbara,BA,B,Bicf,B,False,False,False
3157203,Santa Bárbara,MG,A,Bicf,A,False,False,False
5219100,Santa Bárbara de Goiás,GO,B,Bicf,B,False,False,False
3157252,Santa Bárbara do Leste,MG,B,Bicf,B,False,False,False
3157278,Santa Bárbara do Monte Verde,MG,C,Bicf,C,True,False,True
1506351,Santa Bárbara do Pará,PA,n.d.,Eicf,n.e.,False,True,True
4316709,Santa Bárbara do Sul,RS,A,Bicf,A,False,False,False
3157302,Santa Bárbara do Tugúrio,MG,B,Bicf,B,False,False,False
3545803,Santa Bárbara d'Oeste,SP,C,Aicf,C,True,False,True
3546009,Santa Branca,SP,A,Bicf,A,False,False,False
2927606,Santa Brígida,BA,A,Cicf,A,False,False,False
5107248,Santa Carmem,MT,A,Aicf,A+,False,False,False
2513158,Santa Cecília,PB,B,Cicf,B,False,False,False
4215505,Santa Cecília,SC,A,Bicf,A,False,False,False
4123204,Santa Cecília do Pavão,PR,A,Dicf,A,False,False,False
4316733,Santa Cecília do Sul,RS,A,Cicf,A,False,False,False
4316758,Santa Clara do Sul,RS,A,Bicf,A,False,False,False
3546108,Santa Clara d'Oeste,SP,C,Bicf,C,True,False,True
2411205,Santa Cruz,RN,B,Bicf,B,False,False,False
2513208,Santa Cruz,PB,C,Eicf,n.e.,False,True,True
2612455,Santa Cruz,PE,C,Bicf,C,True,False,True
2927705,Santa Cruz Cabrália,BA,C,Bicf,C,True,False,True
2612471,Santa Cruz da Baixa Verde,PE,C,Bicf,C,True,False,True
3546207,Santa Cruz da Conceição,SP,C,Aicf,C,True,False,True
3546256,Santa Cruz da Esperança,SP,C,Aicf,C,True,False,True
2927804,Santa Cruz da Vitória,BA,n.d.,Bicf,n.d.,False,True,True
3546306,Santa Cruz das Palmeiras,SP,n.d.,Cicf,n.d.,False,True,True
5219209,Santa Cruz de Goiás,GO,C,Bicf,C,True,False,True
3157336,Santa Cruz de Minas,MG,A,Aicf,A+,False,False,False
4123303,Santa Cruz de Monte Castelo,PR,n.d.,Eicf,n.e.,False,True,True
3157377,Santa Cruz de Salinas,MG,C,Aicf,C,True,False,True
1506401,Santa Cruz do Arari,PA,n.d.,Eicf,n.e.,False,True,True
2612505,Santa Cruz do Capibaribe,PE,A,Aicf,A+,False,False,False
3157401,Santa Cruz do Escalvado,MG,A,Bicf,A,False,False,False
2209104,Santa Cruz do Piauí,PI,C,Cicf,C,True,False,True
3546405,Santa Cruz do Rio Pardo,SP,C,Cicf,C,True,False,True
4316808,Santa Cruz do Sul,RS,C,Aicf,C,True,False,True
5107743,Santa Cruz do Xingu,MT,A,Cicf,A,False,False,False
2209153,Santa Cruz dos Milagres,PI,B,Dicf,B,False,False,False
3157500,Santa Efigênia de Minas,MG,C,Cicf,C,True,False,True
3546504,Santa Ernestina,SP,A,Aicf,A+,False,False,False
4123402,Santa Fé,PR,A,Dicf,A,False,False,False
5219258,Santa Fé de Goiás,GO,C,Bicf,C,True,False,True
3157609,Santa Fé de Minas,MG,C,Bicf,C,True,False,True
1718865,Santa Fé do Araguaia,TO,B,Bicf,B,False,False,False
3546603,Santa Fé do Sul,SP,B,Dicf,B,False,False,False
2209203,Santa Filomena,PI,C,Cicf,C,True,False,True
2612554,Santa Filomena,PE,A,Aicf,A+,False,False,False
2109759,Santa Filomena do Maranhão,MA,A,Bicf,A,False,False,False
3546702,Santa Gertrudes,SP,A,Bicf,A,False,False,False
2109809,Santa Helena,MA,B,Dicf,B,False,False,False
2513307,Santa Helena,PB,C,Dicf,C,True,False,True
4123501,Santa Helena,PR,A,Bicf,A,False,False,False
4215554,Santa Helena,SC,A,Bicf,A,False,False,False
5219308,Santa Helena de Goiás,GO,B,Cicf,B,False,False,False
3157658,Santa Helena de Minas,MG,C,Bicf,C,True,False,True
2109908,Santa Inês,MA,C,Cicf,C,True,False,True
2513356,Santa Inês,PB,n.d.,Cicf,n.d.,False,True,True
2927903,Santa Inês,BA,B,Cicf,B,False,False,False
4123600,Santa Inês,PR,C,Cicf,C,True,False,True
3546801,Santa Isabel,SP,C,Bicf,C,True,False,True
5219357,Santa Isabel,GO,A,Bicf,A,False,False,False
4123709,Santa Isabel do Ivaí,PR,A,Dicf,A,False,False,False
1303601,Santa Isabel do Rio Negro,AM,C,Bicf,C,True,False,True
4123808,Santa Izabel do Oeste,PR,A,Bicf,A,False,False,False
1506500,Santa Izabel do Pará,PA,A,Bicf,A,False,False,False
3157708,Santa Juliana,MG,B,Cicf,B,False,False,False
3204500,Santa Leopoldina,ES,A,Aicf,A+,False,False,False
3546900,Santa Lúcia,SP,C,Bicf,C,True,False,True
4123824,Santa Lúcia,PR,n.d.,Cicf,n.d.,False,True,True
2209302,Santa Luz,PI,B,Bicf,B,False,False,False
2110005,Santa Luzia,MA,C,Dicf,C,True,False,True
2513406,Santa Luzia,PB,B,Bicf,B,False,False,False
2928059,Santa Luzia,BA,C,Cicf,C,True,False,True
3157807,Santa Luzia,MG,B,Bicf,B,False,False,False
2806305,Santa Luzia do Itanhy,SE,B,Aicf,B+,False,False,False
2707909,Santa Luzia do Norte,AL,C,Bicf,C,True,False,True
1506559,Santa Luzia do Pará,PA,C,Bicf,C,True,False,True
2110039,Santa Luzia do Paruá,MA,B,Bicf,B,False,False,False
1100296,Santa Luzia D'Oeste,RO,A,Bicf,A,False,False,False
3157906,Santa Margarida,MG,A,Bicf,A,False,False,False
4316972,Santa Margarida do Sul,RS,A,Bicf,A,False,False,False
2409332,Santa Maria,RN,A,Bicf,A,False,False,False
4316907,Santa Maria,RS,C,Aicf,C,True,False,True
2612604,Santa Maria da Boa Vista,PE,B,Aicf,B+,False,False,False
3547007,Santa Maria da Serra,SP,C,Cicf,C,True,False,True
2928109,Santa Maria da Vitória,BA,C,Cicf,C,True,False,True
1506583,Santa Maria das Barreiras,PA,C,Bicf,C,True,False,True
3158003,Santa Maria de Itabira,MG,C,Cicf,C,True,False,True
3204559,Santa Maria de Jetibá,ES,A,Bicf,A,False,False,False
2612703,Santa Maria do Cambucá,PE,C,Aicf,C,True,False,True
4316956,Santa Maria do Herval,RS,A,Aicf,A+,False,False,False
4123857,Santa Maria do Oeste,PR,A,Cicf,A,False,False,False
1506609,Santa Maria do Pará,PA,n.d.,Eicf,n.e.,False,True,True
3158102,Santa Maria do Salto,MG,C,Aicf,C,True,False,True
3158201,Santa Maria do Suaçuí,MG,C,Dicf,C,True,False,True
1718881,Santa Maria do Tocantins,TO,B,Bicf,B,False,False,False
3304607,Santa Maria Madalena,RJ,C,Bicf,C,True,False,True
4123907,Santa Mariana,PR,n.d.,Cicf,n.d.,False,True,True
3547106,Santa Mercedes,SP,A,Aicf,A+,False,False,False
4123956,Santa Mônica,PR,C,Cicf,C,True,False,True
2312205,Santa Quitéria,CE,C,Cicf,C,True,False,True
2110104,Santa Quitéria do Maranhão,MA,n.d.,Cicf,n.d.,False,True,True
2110203,Santa Rita,MA,A,Cicf,A,False,False,False
2513703,Santa Rita,PB,C,Bicf,C,True,False,True
3159209,Santa Rita de Caldas,MG,C,Aicf,C,True,False,True
2928406,Santa Rita de Cássia,BA,C,Bicf,C,True,False,True
3159407,Santa Rita de Ibitipoca,MG,A,Bicf,A,False,False,False
3159308,Santa Rita de Jacutinga,MG,B,Bicf,B,False,False,False
3159357,Santa Rita de Minas,MG,n.d.,Bicf,n.d.,False,True,True
5219407,Santa Rita do Araguaia,GO,C,Cicf,C,True,False,True
3159506,Santa Rita do Itueto,MG,C,Cicf,C,True,False,True
5219456,Santa Rita do Novo Destino,GO,B,Bicf,B,False,False,False
5007554,Santa Rita do Pardo,MS,C,Bicf,C,True,False,True
3547502,Santa Rita do Passa Quatro,SP,C,Bicf,C,True,False,True
3159605,Santa Rita do Sapucaí,MG,A,Bicf,A,False,False,False
1718899,Santa Rita do Tocantins,TO,B,Bicf,B,False,False,False
5107768,Santa Rita do Trivelato,MT,A,Aicf,A+,False,False,False
3547403,Santa Rita d'Oeste,SP,C,Bicf,C,True,False,True
4317202,Santa Rosa,RS,A,Aicf,A+,False,False,False
3159704,Santa Rosa da Serra,MG,n.d.,Cicf,n.d.,False,True,True
5219506,Santa Rosa de Goiás,GO,C,Bicf,C,True,False,True
2806503,Santa Rosa de Lima,SE,n.d.,Cicf,n.d.,False,True,True
4215604,Santa Rosa de Lima,SC,B,Bicf,B,False,False,False
3547601,Santa Rosa de Viterbo,SP,C,Bicf,C,True,False,True
2209377,Santa Rosa do Piauí,PI,C,Bicf,C,True,False,True
1200435,Santa Rosa do Purus,AC,C,Cicf,C,True,False,True
4215653,Santa Rosa do Sul,SC,B,Aicf,B+,False,False,False
1718907,Santa Rosa do Tocantins,TO,B,Bicf,B,False,False,False
3547650,Santa Salete,SP,A,Bicf,A,False,False,False
3204609,Santa Teresa,ES,A,Aicf,A+,False,False,False
2513802,Santa Teresinha,PB,n.d.,Bicf,n.d.,False,True,True
4317251,Santa Tereza,RS,C,Bicf,C,True,False,True
5219605,Santa Tereza de Goiás,GO,n.d.,Bicf,n.d.,False,True,True
4124020,Santa Tereza do Oeste,PR,C,Cicf,C,True,False,True
1719004,Santa Tereza do Tocantins,TO,C,Dicf,C,True,False,True
2612802,Santa Terezinha,PE,C,Dicf,C,True,False,True
2928505,Santa Terezinha,BA,B,Bicf,B,False,False,False
4215679,Santa Terezinha,SC,A,Bicf,A,False,False,False
5107776,Santa Terezinha,MT,n.d.,Cicf,n.d.,False,True,True
5219704,Santa Terezinha de Goiás,GO,B,Bicf,B,False,False,False
4124053,Santa Terezinha de Itaipu,PR,A,Bicf,A,False,False,False
4215687,Santa Terezinha do Progresso,SC,A,Aicf,A+,False,False,False
1720002,Santa Terezinha do Tocantins,TO,A,Bicf,A,False,False,False
3159803,Santa Vitória,MG,C,Cicf,C,True,False,True
4317301,Santa Vitória do Palmar,RS,B,Aicf,B+,False,False,False
2928000,Santaluz,BA,C,Bicf,C,True,False,True
1600600,Santana,AP,C,Bicf,C,True,False,True
2928208,Santana,BA,C,Bicf,C,True,False,True
4317004,Santana da Boa Vista,RS,A,Aicf,A+,False,False,False
3547205,Santana da Ponte Pensa,SP,A,Cicf,A,False,False,False
3158300,Santana da Vargem,MG,A,Bicf,A,False,False,False
3158409,Santana de Cataguases,MG,C,Bicf,C,True,False,True
2513505,Santana de Mangueira,PB,C,Cicf,C,True,False,True
3547304,Santana de Parnaíba,SP,A,Bicf,A,False,False,False
3158508,Santana de Pirapama,MG,A,Bicf,A,False,False,False
2312007,Santana do Acaraú,CE,C,Bicf,C,True,False,True
1506708,Santana do Araguaia,PA,A,Dicf,A,False,False,False
2312106,Santana do Cariri,CE,C,Bicf,C,True,False,True
3158607,Santana do Deserto,MG,B,Bicf,B,False,False,False
3158706,Santana do Garambéu,MG,C,Cicf,C,True,False,True
2708006,Santana do Ipanema,AL,C,Cicf,C,True,False,True
4124004,Santana do Itararé,PR,n.d.,Bicf,n.d.,False,True,True
3158805,Santana do Jacaré,MG,C,Bicf,C,True,False,True
4317103,Sant'Ana do Livramento,RS,C,Dicf,C,True,False,True
3158904,Santana do Manhuaçu,MG,B,Bicf,B,False,False,False
2110237,Santana do Maranhão,MA,n.d.,Eicf,n.e.,False,True,True
2411403,Santana do Matos,RN,A,Bicf,A,False,False,False
2708105,Santana do Mundaú,AL,C,Bicf,C,True,False,True
3158953,Santana do Paraíso,MG,A,Bicf,A,False,False,False
2209351,Santana do Piauí,PI,A,Cicf,A,False,False,False
3159001,Santana do Riacho,MG,C,Bicf,C,True,False,True
2806404,Santana do São Francisco,SE,C,Bicf,C,True,False,True
2411429,Santana do Seridó,RN,C,Bicf,C,True,False,True
2513604,Santana dos Garrotes,PB,n.d.,Dicf,n.d.,False,True,True
3159100,Santana dos Montes,MG,C,Bicf,C,True,False,True
2928307,Santanópolis,BA,B,Dicf,B,False,False,False
1506807,Santarém,PA,A,Bicf,A,False,False,False
1506906,Santarém Novo,PA,C,Bicf,C,True,False,True
4317400,Santiago,RS,A,Aicf,A+,False,False,False
4215695,Santiago do Sul,SC,n.d.,Aicf,n.d.,False,True,True
5107263,Santo Afonso,MT,B,Aicf,B+,False,False,False
2928604,Santo Amaro,BA,C,Bicf,C,True,False,True
4215703,Santo Amaro da Imperatriz,SC,C,Bicf,C,True,False,True
2806602,Santo Amaro das Brotas,SE,n.d.,Cicf,n.d.,False,True,True
2110278,Santo Amaro do Maranhão,MA,C,Dicf,C,True,False,True
3547700,Santo Anastácio,SP,C,Bicf,C,True,False,True
2513851,Santo André,PB,C,Bicf,C,True,False,True
3547809,Santo André,SP,C,Bicf,C,True,False,True
4317509,Santo Ângelo,RS,B,Cicf,B,False,False,False
2411502,Santo Antônio,RN,B,Bicf,B,False,False,False
3547908,Santo Antônio da Alegria,SP,C,Bicf,C,True,False,True
5219712,Santo Antônio da Barra,GO,B,Cicf,B,False,False,False
4317608,Santo Antônio da Patrulha,RS,A,Bicf,A,False,False,False
4124103,Santo Antônio da Platina,PR,A,Bicf,A,False,False,False
4317707,Santo Antônio das Missões,RS,B,Cicf,B,False,False,False
5219738,Santo Antônio de Goiás,GO,C,Bicf,C,True,False,True
2928703,Santo Antônio de Jesus,BA,C,Cicf,C,True,False,True
5107800,Santo Antônio de Leverger,MT,n.d.,Eicf,n.e.,False,True,True
2209401,Santo Antônio de Lisboa,PI,A,Cicf,A,False,False,False
3304706,Santo Antônio de Pádua,RJ,C,Bicf,C,True,False,True
3548005,Santo Antônio de Posse,SP,C,Bicf,C,True,False,True
3159902,Santo Antônio do Amparo,MG,n.d.,Dicf,n.d.,False,True,True
3548054,Santo Antônio do Aracanguá,SP,C,Cicf,C,True,False,True
3160009,Santo Antônio do Aventureiro,MG,C,Bicf,C,True,False,True
4124202,Santo Antônio do Caiuá,PR,A,Bicf,A,False,False,False
5219753,Santo Antônio do Descoberto,GO,B,Cicf,B,False,False,False
3160108,Santo Antônio do Grama,MG,A,Bicf,A,False,False,False
1303700,Santo Antônio do Içá,AM,C,Bicf,C,True,False,True
3160207,Santo Antônio do Itambé,MG,A,Aicf,A+,False,False,False
3160306,Santo Antônio do Jacinto,MG,B,Bicf,B,False,False,False
3548104,Santo Antônio do Jardim,SP,C,Bicf,C,True,False,True
5107792,Santo Antônio do Leste,MT,B,Cicf,B,False,False,False
3160405,Santo Antônio do Monte,MG,B,Bicf,B,False,False,False
4317558,Santo Antônio do Palma,RS,A,Aicf,A+,False,False,False
4124301,Santo Antônio do Paraíso,PR,A,Cicf,A,False,False,False
3548203,Santo Antônio do Pinhal,SP,B,Bicf,B,False,False,False
4317756,Santo Antônio do Planalto,RS,A,Cicf,A,False,False,False
3160454,Santo Antônio do Retiro,MG,C,Aicf,C,True,False,True
3160504,Santo Antônio do Rio Abaixo,MG,A,Bicf,A,False,False,False
4124400,Santo Antônio do Sudoeste,PR,C,Bicf,C,True,False,True
1507003,Santo Antônio do Tauá,PA,C,Bicf,C,True,False,True
2110302,Santo Antônio dos Lopes,MA,C,Bicf,C,True,False,True
2209450,Santo Antônio dos Milagres,PI,C,Bicf,C,True,False,True
4317806,Santo Augusto,RS,A,Aicf,A+,False,False,False
4317905,Santo Cristo,RS,A,Bicf,A,False,False,False
2928802,Santo Estêvão,BA,B,Bicf,B,False,False,False
3548302,Santo Expedito,SP,C,Aicf,C,True,False,True
4317954,Santo Expedito do Sul,RS,A,Cicf,A,False,False,False
3160603,Santo Hipólito,MG,C,Aicf,C,True,False,True
4124509,Santo Inácio,PR,C,Cicf,C,True,False,True
2209500,Santo Inácio do Piauí,PI,C,Bicf,C,True,False,True
3548401,Santópolis do Aguapeí,SP,C,Aicf,C,True,False,True
3548500,Santos,SP,B,Bicf,B,False,False,False
3160702,Santos Dumont,MG,C,Aicf,C,True,False,True
2312304,São Benedito,CE,C,Aicf,C,True,False,True
2110401,São Benedito do Rio Preto,MA,C,Cicf,C,True,False,True
2612901,São Benedito do Sul,PE,C,Aicf,C,True,False,True
2513927,São Bentinho,PB,n.d.,Bicf,n.d.,False,True,True
2110500,São Bento,MA,C,Cicf,C,True,False,True
2513901,São Bento,PB,B,Dicf,B,False,False,False
3160801,São Bento Abade,MG,A,Aicf,A+,False,False,False
2411601,São Bento do Norte,RN,C,Bicf,C,True,False,True
3548609,São Bento do Sapucaí,SP,A,Bicf,A,False,False,False
4215802,São Bento do Sul,SC,A,Bicf,A,False,False,False
1720101,São Bento do Tocantins,TO,C,Cicf,C,True,False,True
2411700,São Bento do Trairí,RN,C,Bicf,C,True,False,True
2613008,São Bento do Una,PE,C,Aicf,C,True,False,True
4215752,São Bernardino,SC,A,Aicf,A+,False,False,False
2110609,São Bernardo,MA,n.d.,Cicf,n.d.,False,True,True
3548708,São Bernardo do Campo,SP,B,Aicf,B+,False,False,False
4215901,São Bonifácio,SC,A,Bicf,A,False,False,False
4318002,São Borja,RS,B,Bicf,B,False,False,False
2708204,São Brás,AL,C,Dicf,C,True,False,True
3160900,São Brás do Suaçuí,MG,A,Bicf,A,False,False,False
2209559,São Braz do Piauí,PI,C,Bicf,C,True,False,True
1507102,São Caetano de Odivelas,PA,C,Bicf,C,True,False,True
3548807,São Caetano do Sul,SP,C,Bicf,C,True,False,True
2613107,São Caitano,PE,A,Bicf,A,False,False,False
3548906,São Carlos,SP,C,Bicf,C,True,False,True
4216008,São Carlos,SC,A,Aicf,A+,False,False,False
4124608,São Carlos do Ivaí,PR,B,Bicf,B,False,False,False
2806701,São Cristóvão,SE,A,Cicf,A,False,False,False
4216057,São Cristóvão do Sul,SC,A,Bicf,A,False,False,False
2928901,São Desidério,BA,B,Bicf,B,False,False,False
2513968,São Domingos,PB,C,Dicf,C,True,False,True
2806800,São Domingos,SE,D,Cicf,D,True,False,True
2928950,São Domingos,BA,n.d.,Cicf,n.d.,False,True,True
4216107,São Domingos,SC,A,Aicf,A+,False,False,False
5219803,São Domingos,GO,B,Cicf,B,False,False,False
3160959,São Domingos das Dores,MG,C,Aicf,C,True,False,True
1507151,São Domingos do Araguaia,PA,C,Bicf,C,True,False,True
2110658,São Domingos do Azeitão,MA,A,Eicf,n.e.,False,True,True
1507201,São Domingos do Capim,PA,B,Bicf,B,False,False,False
2513943,São Domingos do Cariri,PB,B,Dicf,B,False,False,False
2110708,São Domingos do Maranhão,MA,B,Bicf,B,False,False,False
3204658,São Domingos do Norte,ES,A,Bicf,A,False,False,False
3161007,São Domingos do Prata,MG,n.d.,Cicf,n.d.,False,True,True
4318051,São Domingos do Sul,RS,A,Aicf,A+,False,False,False
2929107,São Felipe,BA,B,Cicf,B,False,False,False
1101484,São Felipe D'Oeste,RO,A,Aicf,A+,False,False,False
2929008,São Félix,BA,C,Bicf,C,True,False,True
2110807,São Félix de Balsas,MA,C,Cicf,C,True,False,True
3161056,São Félix de Minas,MG,B,Cicf,B,False,False,False
5107859,São Félix do Araguaia,MT,n.d.,Eicf,n.e.,False,True,True
2929057,São Félix do Coribe,BA,C,Cicf,C,True,False,True
2209609,São Félix do Piauí,PI,C,Dicf,C,True,False,True
1720150,São Félix do Tocantins,TO,A,Bicf,A,False,False,False
1507300,São Félix do Xingu,PA,C,Bicf,C,True,False,True
2411809,São Fernando,RN,C,Bicf,C,True,False,True
3304805,São Fidélis,RJ,C,Bicf,C,True,False,True
2513984,São Francisco,PB,B,Eicf,n.e.,False,True,True
2806909,São Francisco,SE,C,Bicf,C,True,False,True
3161106,São Francisco,MG,C,Bicf,C,True,False,True
3549003,São Francisco,SP,C,Bicf,C,True,False,True
4318101,São Francisco de Assis,RS,C,Aicf,C,True,False,True
2209658,São Francisco de Assis do Piauí,PI,n.d.,Dicf,n.d.,False,True,True
5219902,São Francisco de Goiás,GO,n.d.,Bicf,n.d.,False,True,True
3304755,São Francisco de Itabapoana,RJ,n.d.,Eicf,n.e.,False,True,True
3161205,São Francisco de Paula,MG,B,Bicf,B,False,False,False
4318200,São Francisco de Paula,RS,A,Bicf,A,False,False,False
3161304,São Francisco de Sales,MG,B,Cicf,B,False,False,False
2110856,São Francisco do Brejão,MA,A,Bicf,A,False,False,False
2929206,São Francisco do Conde,BA,C,Bicf,C,True,False,True
3161403,São Francisco do Glória,MG,n.d.,Dicf,n.d.,False,True,True
1101492,São Francisco do Guaporé,RO,A,Cicf,A,False,False,False
2110906,São Francisco do Maranhão,MA,C,Cicf,C,True,False,True
2411908,São Francisco do Oeste,RN,B,Bicf,B,False,False,False
1507409,São Francisco do Pará,PA,C,Bicf,C,True,False,True
2209708,São Francisco do Piauí,PI,B,Bicf,B,False,False,False
4216206,São Francisco do Sul,SC,A,Aicf,A+,False,False,False
2929255,São Gabriel,BA,B,Cicf,B,False,False,False
4318309,São Gabriel,RS,C,Bicf,C,True,False,True
1303809,São Gabriel da Cachoeira,AM,C,Bicf,C,True,False,True
3204708,São Gabriel da Palha,ES,B,Bicf,B,False,False,False
5007695,São Gabriel do Oeste,MS,A,Aicf,A+,False,False,False
3161502,São Geraldo,MG,A,Bicf,A,False,False,False
3161601,São Geraldo da Piedade,MG,B,Cicf,B,False,False,False
1507458,São Geraldo do Araguaia,PA,A,Bicf,A,False,False,False
3161650,São Geraldo do Baixio,MG,B,Cicf,B,False,False,False
3304904,São Gonçalo,RJ,C,Bicf,C,True,False,True
3161700,São Gonçalo do Abaeté,MG,B,Cicf,B,False,False,False
2312403,São Gonçalo do Amarante,CE,C,Bicf,C,True,False,True
2412005,São Gonçalo do Amarante,RN,A,Aicf,A+,False,False,False
2209757,São Gonçalo do Gurguéia,PI,A,Bicf,A,False,False,False
3161809,São Gonçalo do Pará,MG,C,Cicf,C,True,False,True
2209807,São Gonçalo do Piauí,PI,C,Cicf,C,True,False,True
3161908,São Gonçalo do Rio Abaixo,MG,A,Bicf,A,False,False,False
3125507,São Gonçalo do Rio Preto,MG,C,Bicf,C,True,False,True
3162005,São Gonçalo do Sapucaí,MG,B,Bicf,B,False,False,False
2929305,São Gonçalo dos Campos,BA,B,Cicf,B,False,False,False
3162104,São Gotardo,MG,A,Bicf,A,False,False,False
4318408,São Jerônimo,RS,A,Bicf,A,False,False,False
4124707,São Jerônimo da Serra,PR,A,Bicf,A,False,False,False
2613206,São João,PE,C,Aicf,C,True,False,True
4124806,São João,PR,n.d.,Dicf,n.d.,False,True,True
2111003,São João Batista,MA,C,Cicf,C,True,False,True
4216305,São João Batista,SC,n.d.,Bicf,n.d.,False,True,True
3162203,São João Batista do Glória,MG,B,Bicf,B,False,False,False
1400506,São João da Baliza,RR,C,Bicf,C,True,False,True
3305000,São João da Barra,RJ,A,Bicf,A,False,False,False
3549102,São João da Boa Vista,SP,C,Bicf,C,True,False,True
2209856,São João da Canabrava,PI,B,Cicf,B,False,False,False
2209872,São João da Fronteira,PI,C,Cicf,C,True,False,True
3162252,São João da Lagoa,MG,C,Bicf,C,True,False,True
3162302,São João da Mata,MG,B,Aicf,B+,False,False,False
5220058,São João da Paraúna,GO,C,Cicf,C,True,False,True
1507466,São João da Ponta,PA,n.d.,Bicf,n.d.,False,True,True
3162401,São João da Ponte,MG,C,Bicf,C,True,False,True
2209906,São João da Serra,PI,A,Cicf,A,False,False,False
4318424,São João da Urtiga,RS,C,Bicf,C,True,False,True
2209955,São João da Varjota,PI,A,Bicf,A,False,False,False
5220009,São João d'Aliança,GO,C,Bicf,C,True,False,True
3549201,São João das Duas Pontes,SP,B,Aicf,B+,False,False,False
3162450,São João das Missões,MG,A,Bicf,A,False,False,False
3549250,São João de Iracema,SP,C,Dicf,C,True,False,True
3305109,São João de Meriti,RJ,C,Dicf,C,True,False,True
1507474,São João de Pirabas,PA,C,Bicf,C,True,False,True
3162500,São João del Rei,MG,B,Bicf,B,False,False,False
1507508,São João do Araguaia,PA,n.d.,Bicf,n.d.,False,True,True
2209971,São João do Arraial,PI,B,Bicf,B,False,False,False
4124905,São João do Caiuá,PR,n.d.,Eicf,n.e.,False,True,True
2514008,São João do Cariri,PB,C,Dicf,C,True,False,True
2111029,São João do Carú,MA,C,Dicf,C,True,False,True
4216354,São João do Itaperiú,SC,A,Bicf,A,False,False,False
4125001,São João do Ivaí,PR,A,Bicf,A,False,False,False
2312502,São João do Jaguaribe,CE,C,Bicf,C,True,False,True
3162559,São João do Manhuaçu,MG,C,Cicf,C,True,False,True
3162575,São João do Manteninha,MG,A,Cicf,A,False,False,False
4216255,São João do Oeste,SC,A,Aicf,A+,False,False,False
3162609,São João do Oriente,MG,B,Bicf,B,False,False,False
3162658,São João do Pacuí,MG,C,Bicf,C,True,False,True
2111052,São João do Paraíso,MA,C,Cicf,C,True,False,True
3162708,São João do Paraíso,MG,C,Dicf,C,True,False,True
3549300,São João do Pau d'Alho,SP,C,Bicf,C,True,False,True
2210003,São João do Piauí,PI,C,Aicf,C,True,False,True
4318432,São João do Polêsine,RS,A,Aicf,A+,False,False,False
2500700,São João do Rio do Peixe,PB,B,Dicf,B,False,False,False
2412104,São João do Sabugi,RN,A,Aicf,A+,False,False,False
2111078,São João do Soter,MA,C,Bicf,C,True,False,True
4216404,São João do Sul,SC,A,Bicf,A,False,False,False
2514107,São João do Tigre,PB,n.d.,Bicf,n.d.,False,True,True
4125100,São João do Triunfo,PR,C,Bicf,C,True,False,True
2111102,São João dos Patos,MA,B,Bicf,B,False,False,False
3162807,São João Evangelista,MG,B,Dicf,B,False,False,False
3162906,São João Nepomuceno,MG,n.d.,Cicf,n.d.,False,True,True
4216503,São Joaquim,SC,C,Bicf,C,True,False,True
3549409,São Joaquim da Barra,SP,A,Aicf,A+,False,False,False
3162922,São Joaquim de Bicas,MG,B,Bicf,B,False,False,False
2613305,São Joaquim do Monte,PE,C,Aicf,C,True,False,True
4318440,São Jorge,RS,A,Aicf,A+,False,False,False
4125308,São Jorge do Ivaí,PR,n.d.,Cicf,n.d.,False,True,True
4125357,São Jorge do Patrocínio,PR,A,Dicf,A,False,False,False
4125209,São Jorge d'Oeste,PR,B,Cicf,B,False,False,False
4216602,São José,SC,C,Aicf,C,True,False,True
3162948,São José da Barra,MG,A,Bicf,A,False,False,False
3549508,São José da Bela Vista,SP,C,Cicf,C,True,False,True
4125407,São José da Boa Vista,PR,C,Bicf,C,True,False,True
2613404,São José da Coroa Grande,PE,C,Bicf,C,True,False,True
2514206,São José da Lagoa Tapada,PB,B,Eicf,n.e.,False,True,True
2708303,São José da Laje,AL,n.d.,Bicf,n.d.,False,True,True
3162955,São José da Lapa,MG,C,Bicf,C,True,False,True
3163003,São José da Safira,MG,n.d.,Cicf,n.d.,False,True,True
2708402,São José da Tapera,AL,C,Cicf,C,True,False,True
3163102,São José da Varginha,MG,C,Bicf,C,True,False,True
2929354,São José da Vitória,BA,C,Bicf,C,True,False,True
4318457,São José das Missões,RS,B,Bicf,B,False,False,False
4125456,São José das Palmeiras,PR,B,Cicf,B,False,False,False
2514305,São José de Caiana,PB,C,Aicf,C,True,False,True
2514404,São José de Espinharas,PB,n.d.,Bicf,n.d.,False,True,True
2412203,São José de Mipibu,RN,B,Bicf,B,False,False,False
2514503,São José de Piranhas,PB,C,Eicf,n.e.,False,True,True
2514552,São José de Princesa,PB,n.d.,Bicf,n.d.,False,True,True
2111201,São José de Ribamar,MA,C,Cicf,C,True,False,True
3305133,São José de Ubá,RJ,C,Cicf,C,True,False,True
3163201,São José do Alegre,MG,A,Aicf,A+,False,False,False
3549607,São José do Barreiro,SP,A,Dicf,A,False,False,False
2613503,São José do Belmonte,PE,B,Bicf,B,False,False,False
2514602,São José do Bonfim,PB,C,Bicf,C,True,False,True
2514651,São José do Brejo do Cruz,PB,C,Aicf,C,True,False,True
3204807,São José do Calçado,ES,C,Aicf,C,True,False,True
2412302,São José do Campestre,RN,B,Bicf,B,False,False,False
4216701,São José do Cedro,SC,A,Aicf,A+,False,False,False
4216800,São José do Cerrito,SC,C,Bicf,C,True,False,True
2210052,São José do Divino,PI,B,Bicf,B,False,False,False
3163300,São José do Divino,MG,B,Cicf,B,False,False,False
2613602,São José do Egito,PE,C,Bicf,C,True,False,True
3163409,São José do Goiabal,MG,A,Cicf,A,False,False,False
4318465,São José do Herval,RS,A,Aicf,A+,False,False,False
4318481,São José do Hortêncio,RS,A,Aicf,A+,False,False,False
4318499,São José do Inhacorá,RS,A,Cicf,A,False,False,False
2929370,São José do Jacuípe,BA,C,Cicf,C,True,False,True
3163508,São José do Jacuri,MG,B,Cicf,B,False,False,False
3163607,São José do Mantimento,MG,C,Bicf,C,True,False,True
4318507,São José do Norte,RS,C,Aicf,C,True,False,True
4318606,São José do Ouro,RS,B,Cicf,B,False,False,False
2210102,São José do Peixe,PI,A,Dicf,A,False,False,False
2210201,São José do Piauí,PI,B,Bicf,B,False,False,False
5107297,São José do Povo,MT,C,Cicf,C,True,False,True
5107305,São José do Rio Claro,MT,B,Dicf,B,False,False,False
3549706,São José do Rio Pardo,SP,C,Bicf,C,True,False,True
3549805,São José do Rio Preto,SP,A,Aicf,A+,False,False,False
2514701,São José do Sabugi,PB,n.d.,Bicf,n.d.,False,True,True
2412401,São José do Seridó,RN,C,Bicf,C,True,False,True
4318614,São José do Sul,RS,A,Bicf,A,False,False,False
3305158,São José do Vale do Rio Preto,RJ,B,Bicf,B,False,False,False
5107354,São José do Xingu,MT,A,Cicf,A,False,False,False
4318622,São José dos Ausentes,RS,A,Dicf,A,False,False,False
2111250,São José dos Basílios,MA,B,Cicf,B,False,False,False
3549904,São José dos Campos,SP,C,Aicf,C,True,False,True
2514800,São José dos Cordeiros,PB,C,Bicf,C,True,False,True
4125506,São José dos Pinhais,PR,A,Dicf,A,False,False,False
5107107,São José dos Quatro Marcos,MT,A,Bicf,A,False,False,False
2514453,São José dos Ramos,PB,C,Cicf,C,True,False,True
2210300,São Julião,PI,C,Cicf,C,True,False,True
4318705,São Leopoldo,RS,B,Aicf,B+,False,False,False
3163706,São Lourenço,MG,B,Bicf,B,False,False,False
2613701,São Lourenço da Mata,PE,C,Cicf,C,True,False,True
3549953,São Lourenço da Serra,SP,C,Aicf,C,True,False,True
4216909,São Lourenço do Oeste,SC,B,Bicf,B,False,False,False
2210359,São Lourenço do Piauí,PI,C,Bicf,C,True,False,True
4318804,São Lourenço do Sul,RS,C,Aicf,C,True,False,True
4217006,São Ludgero,SC,B,Aicf,B+,False,False,False
2111300,São Luís,MA,A,Cicf,A,False,False,False
5220108,São Luís de Montes Belos,GO,C,Cicf,C,True,False,True
2312601,São Luís do Curu,CE,C,Bicf,C,True,False,True
2210375,São Luis do Piauí,PI,C,Aicf,C,True,False,True
2708501,São Luís do Quitunde,AL,n.d.,Eicf,n.e.,False,True,True
2111409,São Luís Gonzaga do Maranhão,MA,B,Cicf,B,False,False,False
1400605,São Luiz,RR,C,Dicf,C,True,False,True
5220157,São Luiz do Norte,GO,B,Bicf,B,False,False,False
3550001,São Luiz do Paraitinga,SP,C,Bicf,C,True,False,True
4318903,São Luiz Gonzaga,RS,A,Cicf,A,False,False,False
2514909,São Mamede,PB,B,Bicf,B,False,False,False
4125555,São Manoel do Paraná,PR,B,Bicf,B,False,False,False
3550100,São Manuel,SP,B,Aicf,B+,False,False,False
4319000,São Marcos,RS,A,Bicf,A,False,False,False
4217105,São Martinho,SC,A,Bicf,A,False,False,False
4319109,São Martinho,RS,A,Dicf,A,False,False,False
4319125,São Martinho da Serra,RS,C,Aicf,C,True,False,True
3204906,São Mateus,ES,A,Aicf,A+,False,False,False
2111508,São Mateus do Maranhão,MA,C,Cicf,C,True,False,True
4125605,São Mateus do Sul,PR,A,Bicf,A,False,False,False
2412500,São Miguel,RN,A,Cicf,A,False,False,False
3550209,São Miguel Arcanjo,SP,A,Bicf,A,False,False,False
2210383,São Miguel da Baixa Grande,PI,C,Bicf,C,True,False,True
4217154,São Miguel da Boa Vista,SC,A,Aicf,A+,False,False,False
2929404,São Miguel das Matas,BA,B,Cicf,B,False,False,False
4319158,São Miguel das Missões,RS,A,Bicf,A,False,False,False
2515005,São Miguel de Taipu,PB,C,Cicf,C,True,False,True
2807006,São Miguel do Aleixo,SE,C,Cicf,C,True,False,True
3163805,São Miguel do Anta,MG,C,Bicf,C,True,False,True
5220207,São Miguel do Araguaia,GO,C,Bicf,C,True,False,True
2210391,São Miguel do Fidalgo,PI,C,Cicf,C,True,False,True
2412559,São Miguel do Gostoso,RN,C,Bicf,C,True,False,True
1507607,São Miguel do Guamá,PA,B,Bicf,B,False,False,False
1100320,São Miguel do Guaporé,RO,A,Cicf,A,False,False,False
4125704,São Miguel do Iguaçu,PR,A,Cicf,A,False,False,False
4217204,São Miguel do Oeste,SC,A,Bicf,A,False,False,False
5220264,São Miguel do Passa Quatro,GO,C,Cicf,C,True,False,True
2210409,São Miguel do Tapuio,PI,B,Aicf,B+,False,False,False
1720200,São Miguel do Tocantins,TO,A,Bicf,A,False,False,False
2708600,São Miguel dos Campos,AL,C,Bicf,C,True,False,True
2708709,São Miguel dos Milagres,AL,C,Bicf,C,True,False,True
4319208,São Nicolau,RS,C,Cicf,C,True,False,True
5220280,São Patrício,GO,A,Cicf,A,False,False,False
3550308,São Paulo,SP,B,Bicf,B,False,False,False
4319307,São Paulo das Missões,RS,n.d.,Bicf,n.d.,False,True,True
1303908,São Paulo de Olivença,AM,C,Bicf,C,True,False,True
2412609,São Paulo do Potengi,RN,C,Cicf,C,True,False,True
2412708,São Pedro,RN,C,Bicf,C,True,False,True
3550407,São Pedro,SP,A,Aicf,A+,False,False,False
2111532,São Pedro da Água Branca,MA,n.d.,Cicf,n.d.,False,True,True
3305208,São Pedro da Aldeia,RJ,C,Dicf,C,True,False,True
5107404,São Pedro da Cipa,MT,B,Bicf,B,False,False,False
4319356,São Pedro da Serra,RS,A,Bicf,A,False,False,False
3163904,São Pedro da União,MG,A,Cicf,A,False,False,False
4319364,São Pedro das Missões,RS,A,Bicf,A,False,False,False
4217253,São Pedro de Alcântara,SC,A,Bicf,A,False,False,False
4319372,São Pedro do Butiá,RS,A,Bicf,A,False,False,False
4125753,São Pedro do Iguaçu,PR,A,Bicf,A,False,False,False
4125803,São Pedro do Ivaí,PR,n.d.,Cicf,n.d.,False,True,True
4125902,São Pedro do Paraná,PR,A,Cicf,A,False,False,False
2210508,São Pedro do Piauí,PI,B,Bicf,B,False,False,False
3164100,São Pedro do Suaçuí,MG,C,Bicf,C,True,False,True
4319406,São Pedro do Sul,RS,C,Cicf,C,True,False,True
3550506,São Pedro do Turvo,SP,C,Bicf,C,True,False,True
2111573,São Pedro dos Crentes,MA,n.d.,Cicf,n.d.,False,True,True
3164001,São Pedro dos Ferros,MG,C,Bicf,C,True,False,True
2412807,São Rafael,RN,C,Bicf,C,True,False,True
2111607,São Raimundo das Mangabeiras,MA,n.d.,Bicf,n.d.,False,True,True
2111631,São Raimundo do Doca Bezerra,MA,C,Bicf,C,True,False,True
2210607,São Raimundo Nonato,PI,C,Cicf,C,True,False,True
2111672,São Roberto,MA,C,Cicf,C,True,False,True
3164209,São Romão,MG,C,Bicf,C,True,False,True
3550605,São Roque,SP,C,Bicf,C,True,False,True
3164308,São Roque de Minas,MG,C,Bicf,C,True,False,True
3204955,São Roque do Canaã,ES,B,Aicf,B+,False,False,False
1720259,São Salvador do Tocantins,TO,B,Bicf,B,False,False,False
2708808,São Sebastião,AL,C,Cicf,C,True,False,True
3550704,São Sebastião,SP,C,Bicf,C,True,False,True
4126009,São Sebastião da Amoreira,PR,B,Dicf,B,False,False,False
3164407,São Sebastião da Bela Vista,MG,C,Aicf,C,True,False,True
1507706,São Sebastião da Boa Vista,PA,B,Bicf,B,False,False,False
3550803,São Sebastião da Grama,SP,n.d.,Bicf,n.d.,False,True,True
3164431,São Sebastião da Vargem Alegre,MG,B,Bicf,B,False,False,False
2515104,São Sebastião de Lagoa de Roça,PB,B,Bicf,B,False,False,False
3305307,São Sebastião do Alto,RJ,C,Bicf,C,True,False,True
3164472,São Sebastião do Anta,MG,C,Cicf,C,True,False,True
4319505,São Sebastião do Caí,RS,C,Bicf,C,True,False,True
3164506,São Sebastião do Maranhão,MG,A,Cicf,A,False,False,False
3164605,São Sebastião do Oeste,MG,C,Cicf,C,True,False,True
3164704,São Sebastião do Paraíso,MG,B,Cicf,B,False,False,False
2929503,São Sebastião do Passé,BA,B,Bicf,B,False,False,False
3164803,São Sebastião do Rio Preto,MG,A,Aicf,A+,False,False,False
3164902,São Sebastião do Rio Verde,MG,C,Cicf,C,True,False,True
1720309,São Sebastião do Tocantins,TO,C,Aicf,C,True,False,True
1303957,São Sebastião do Uatumã,AM,C,Bicf,C,True,False,True
2515203,São Sebastião do Umbuzeiro,PB,A,Eicf,n.e.,False,True,True
4319604,São Sepé,RS,C,Bicf,C,True,False,True
3550902,São Simão,SP,B,Aicf,B+,False,False,False
5220405,São Simão,GO,B,Bicf,B,False,False,False
3165008,São Tiago,MG,B,Bicf,B,False,False,False
3165107,São Tomás de Aquino,MG,B,Cicf,B,False,False,False
2412906,São Tomé,RN,C,Bicf,C,True,False,True
4126108,São Tomé,PR,C,Cicf,C,True,False,True
3165206,São Tomé das Letras,MG,A,Dicf,A,False,False,False
4319703,São Valentim,RS,A,Dicf,A,False,False,False
4319711,São Valentim do Sul,RS,A,Aicf,A+,False,False,False
1720499,São Valério,TO,C,Bicf,C,True,False,True
4319737,São Valério do Sul,RS,A,Cicf,A,False,False,False
4319752,São Vendelino,RS,A,Bicf,A,False,False,False
2413003,São Vicente,RN,C,Bicf,C,True,False,True
3551009,São Vicente,SP,C,Bicf,C,True,False,True
3165305,São Vicente de Minas,MG,A,Aicf,A+,False,False,False
2515401,São Vicente do Seridó,PB,C,Dicf,C,True,False,True
4319802,São Vicente do Sul,RS,A,Bicf,A,False,False,False
2111706,São Vicente Ferrer,MA,C,Cicf,C,True,False,True
2613800,São Vicente Férrer,PE,A,Bicf,A,False,False,False
2515302,Sapé,PB,C,Bicf,C,True,False,True
2929602,Sapeaçu,BA,B,Cicf,B,False,False,False
5107875,Sapezal,MT,A,Aicf,A+,False,False,False
4319901,Sapiranga,RS,A,Bicf,A,False,False,False
4126207,Sapopema,PR,C,Cicf,C,True,False,True
1507755,Sapucaia,PA,C,Bicf,C,True,False,True
3305406,Sapucaia,RJ,A,Aicf,A+,False,False,False
4320008,Sapucaia do Sul,RS,C,Cicf,C,True,False,True
3165404,Sapucaí-Mirim,MG,A,Cicf,A,False,False,False
3305505,Saquarema,RJ,n.d.,Bicf,n.d.,False,True,True
4126256,Sarandi,PR,A,Bicf,A,False,False,False
4320107,Sarandi,RS,A,Bicf,A,False,False,False
3551108,Sarapuí,SP,C,Aicf,C,True,False,True
3165503,Sardoá,MG,C,Bicf,C,True,False,True
3551207,Sarutaiá,SP,n.d.,Eicf,n.e.,False,True,True
3165537,Sarzedo,MG,C,Cicf,C,True,False,True
2929701,Sátiro Dias,BA,C,Bicf,C,True,False,True
2708907,Satuba,AL,n.d.,Eicf,n.e.,False,True,True
2111722,Satubinha,MA,A,Bicf,A,False,False,False
2929750,Saubara,BA,n.d.,Bicf,n.d.,False,True,True
4126272,Saudade do Iguaçu,PR,A,Aicf,A+,False,False,False
4217303,Saudades,SC,A,Aicf,A+,False,False,False
2929800,Saúde,BA,C,Bicf,C,True,False,True
4217402,Schroeder,SC,A,Aicf,A+,False,False,False
2929909,Seabra,BA,C,Bicf,C,True,False,True
4217501,Seara,SC,B,Bicf,B,False,False,False
3551306,Sebastianópolis do Sul,SP,B,Bicf,B,False,False,False
2210623,Sebastião Barros,PI,C,Bicf,C,True,False,True
2930006,Sebastião Laranjeiras,BA,B,Cicf,B,False,False,False
2210631,Sebastião Leal,PI,B,Bicf,B,False,False,False
4320206,Seberi,RS,B,Bicf,B,False,False,False
4320230,Sede Nova,RS,A,Bicf,A,False,False,False
4320263,Segredo,RS,B,Cicf,B,False,False,False
4320305,Selbach,RS,A,Aicf,A+,False,False,False
5007802,Selvíria,MS,C,Cicf,C,True,False,True
3165560,Sem-Peixe,MG,B,Cicf,B,False,False,False
1200500,Sena Madureira,AC,C,Bicf,C,True,False,True
2111748,Senador Alexandre Costa,MA,C,Dicf,C,True,False,True
3165578,Senador Amaral,MG,A,Aicf,A+,False,False,False
5220454,Senador Canedo,GO,A,Bicf,A,False,False,False
3165602,Senador Cortes,MG,A,Bicf,A,False,False,False
2413102,Senador Elói de Souza,RN,B,Cicf,B,False,False,False
3165701,Senador Firmino,MG,A,Bicf,A,False,False,False
2413201,Senador Georgino Avelino,RN,B,Cicf,B,False,False,False
1200450,Senador Guiomard,AC,C,Bicf,C,True,False,True
3165800,Senador José Bento,MG,B,Bicf,B,False,False,False
1507805,Senador José Porfírio,PA,C,Bicf,C,True,False,True
2111763,Senador La Rocque,MA,C,Bicf,C,True,False,True
3165909,Senador Modestino Gonçalves,MG,C,Dicf,C,True,False,True
2312700,Senador Pompeu,CE,A,Bicf,A,False,False,False
2708956,Senador Rui Palmeira,AL,B,Bicf,B,False,False,False
2312809,Senador Sá,CE,B,Bicf,B,False,False,False
4320321,Senador Salgado Filho,RS,A,Aicf,A+,False,False,False
4126306,Sengés,PR,A,Bicf,A,False,False,False
2930105,Senhor do Bonfim,BA,C,Bicf,C,True,False,True
3166006,Senhora de Oliveira,MG,C,Bicf,C,True,False,True
3166105,Senhora do Porto,MG,C,Dicf,C,True,False,True
3166204,Senhora dos Remédios,MG,B,Bicf,B,False,False,False
4320354,Sentinela do Sul,RS,A,Aicf,A+,False,False,False
2930204,Sento Sé,BA,C,Dicf,C,True,False,True
4320404,Serafina Corrêa,RS,A,Bicf,A,False,False,False
3166303,Sericita,MG,A,Dicf,A,False,False,False
1101500,Seringueiras,RO,B,Bicf,B,False,False,False
4320453,Sério,RS,A,Bicf,A,False,False,False
3166402,Seritinga,MG,A,Bicf,A,False,False,False
3305554,Seropédica,RJ,n.d.,Eicf,n.e.,False,True,True
3205002,Serra,ES,A,Aicf,A+,False,False,False
4217550,Serra Alta,SC,A,Bicf,A,False,False,False
3551405,Serra Azul,SP,C,Bicf,C,True,False,True
3166501,Serra Azul de Minas,MG,C,Aicf,C,True,False,True
2515500,Serra Branca,PB,A,Dicf,A,False,False,False
2410306,Serra Caiada,RN,B,Bicf,B,False,False,False
2515609,Serra da Raiz,PB,C,Bicf,C,True,False,True
3166600,Serra da Saudade,MG,C,Cicf,C,True,False,True
2413300,Serra de São Bento,RN,C,Cicf,C,True,False,True
2413359,Serra do Mel,RN,A,Bicf,A,False,False,False
1600055,Serra do Navio,AP,n.d.,Bicf,n.d.,False,True,True
2930154,Serra do Ramalho,BA,C,Cicf,C,True,False,True
3166808,Serra do Salitre,MG,A,Cicf,A,False,False,False
3166709,Serra dos Aimorés,MG,C,Cicf,C,True,False,True
2930303,Serra Dourada,BA,C,Dicf,C,True,False,True
2515708,Serra Grande,PB,A,Bicf,A,False,False,False
3551603,Serra Negra,SP,B,Bicf,B,False,False,False
2413409,Serra Negra do Norte,RN,B,Bicf,B,False,False,False
5107883,Serra Nova Dourada,MT,A,Bicf,A,False,False,False
2930402,Serra Preta,BA,C,Bicf,C,True,False,True
2515807,Serra Redonda,PB,C,Cicf,C,True,False,True
2613909,Serra Talhada,PE,C,Aicf,C,True,False,True
3551504,Serrana,SP,C,Aicf,C,True,False,True
3166907,Serrania,MG,C,Cicf,C,True,False,True
2111789,Serrano do Maranhão,MA,C,Bicf,C,True,False,True
5220504,Serranópolis,GO,A,Bicf,A,False,False,False
3166956,Serranópolis de Minas,MG,C,Bicf,C,True,False,True
4126355,Serranópolis do Iguaçu,PR,A,Bicf,A,False,False,False
3167004,Serranos,MG,C,Bicf,C,True,False,True
2515906,Serraria,PB,C,Dicf,C,True,False,True
2413508,Serrinha,RN,C,Bicf,C,True,False,True
2930501,Serrinha,BA,B,Bicf,B,False,False,False
2413557,Serrinha dos Pintos,RN,C,Cicf,C,True,False,True
2614006,Serrita,PE,C,Bicf,C,True,False,True
3167103,Serro,MG,C,Aicf,C,True,False,True
2930600,Serrolândia,BA,C,Bicf,C,True,False,True
4126405,Sertaneja,PR,C,Bicf,C,True,False,True
2614105,Sertânia,PE,C,Bicf,C,True,False,True
4126504,Sertanópolis,PR,n.d.,Eicf,n.e.,False,True,True
4320503,Sertão,RS,A,Aicf,A+,False,False,False
4320552,Sertão Santana,RS,A,Aicf,A+,False,False,False
2515930,Sertãozinho,PB,A,Eicf,n.e.,False,True,True
3551702,Sertãozinho,SP,A,Aicf,A+,False,False,False
3551801,Sete Barras,SP,C,Bicf,C,True,False,True
4320578,Sete de Setembro,RS,A,Bicf,A,False,False,False
3167202,Sete Lagoas,MG,C,Cicf,C,True,False,True
5007703,Sete Quedas,MS,A,Bicf,A,False,False,False
3165552,Setubinha,MG,C,Aicf,C,True,False,True
4320602,Severiano de Almeida,RS,A,Bicf,A,False,False,False
2413607,Severiano Melo,RN,C,Cicf,C,True,False,True
3551900,Severínia,SP,B,Bicf,B,False,False,False
4217600,Siderópolis,SC,B,Bicf,B,False,False,False
5007901,Sidrolândia,MS,B,Bicf,B,False,False,False
2210656,Sigefredo Pacheco,PI,C,Cicf,C,True,False,True
3305604,Silva Jardim,RJ,B,Bicf,B,False,False,False
5220603,Silvânia,GO,C,Bicf,C,True,False,True
1720655,Silvanópolis,TO,n.d.,Bicf,n.d.,False,True,True
4320651,Silveira Martins,RS,A,Aicf,A+,False,False,False
3167301,Silveirânia,MG,B,Cicf,B,False,False,False
3552007,Silveiras,SP,C,Aicf,C,True,False,True
1304005,Silves,AM,C,Bicf,C,True,False,True
3167400,Silvianópolis,MG,A,Aicf,A+,False,False,False
2807105,Simão Dias,SE,C,Bicf,C,True,False,True
3167509,Simão Pereira,MG,A,Bicf,A,False,False,False
2210706,Simões,PI,C,Bicf,C,True,False,True
2930709,Simões Filho,BA,B,Aicf,B+,False,False,False
5220686,Simolândia,GO,C,Bicf,C,True,False,True
3167608,Simonésia,MG,A,Cicf,A,False,False,False
2210805,Simplício Mendes,PI,C,Cicf,C,True,False,True
4320677,Sinimbu,RS,A,Aicf,A+,False,False,False
5107909,Sinop,MT,A,Aicf,A+,False,False,False
4126603,Siqueira Campos,PR,C,Cicf,C,True,False,True
2614204,Sirinhaém,PE,C,Aicf,C,True,False,True
2807204,Siriri,SE,C,Bicf,C,True,False,True
5220702,Sítio d'Abadia,GO,A,Aicf,A+,False,False,False
2930758,Sítio do Mato,BA,C,Bicf,C,True,False,True
2930766,Sítio do Quinto,BA,C,Bicf,C,True,False,True
2111805,Sítio Novo,MA,C,Bicf,C,True,False,True
2413706,Sítio Novo,RN,C,Bicf,C,True,False,True
1720804,Sítio Novo do Tocantins,TO,C,Cicf,C,True,False,True
2930774,Sobradinho,BA,C,Bicf,C,True,False,True
4320701,Sobradinho,RS,B,Bicf,B,False,False,False
2515971,Sobrado,PB,C,Bicf,C,True,False,True
2312908,Sobral,CE,B,Bicf,B,False,False,False
3167707,Sobrália,MG,A,Cicf,A,False,False,False
3552106,Socorro,SP,C,Bicf,C,True,False,True
2210904,Socorro do Piauí,PI,C,Bicf,C,True,False,True
2516003,Solânea,PB,B,Dicf,B,False,False,False
2516102,Soledade,PB,B,Dicf,B,False,False,False
4320800,Soledade,RS,A,Bicf,A,False,False,False
3167806,Soledade de Minas,MG,A,Bicf,A,False,False,False
2614402,Solidão,PE,C,Bicf,C,True,False,True
2313005,Solonópole,CE,C,Bicf,C,True,False,True
4217709,Sombrio,SC,C,Bicf,C,True,False,True
5007935,Sonora,MS,C,Bicf,C,True,False,True
3205010,Sooretama,ES,B,Aicf,B+,False,False,False
3552205,Sorocaba,SP,C,Aicf,C,True,False,True
5107925,Sorriso,MT,A,Aicf,A+,False,False,False
2516151,Sossêgo,PB,n.d.,Bicf,n.d.,False,True,True
1507904,Soure,PA,B,Bicf,B,False,False,False
2516201,Sousa,PB,C,Eicf,n.e.,False,True,True
2930808,Souto Soares,BA,n.d.,Bicf,n.d.,False,True,True
1720853,Sucupira,TO,n.d.,Dicf,n.d.,False,True,True
2111904,Sucupira do Norte,MA,C,Cicf,C,True,False,True
2111953,Sucupira do Riachão,MA,C,Cicf,C,True,False,True
3552304,Sud Mennucci,SP,C,Bicf,C,True,False,True
4217758,Sul Brasil,SC,A,Aicf,A+,False,False,False
4126652,Sulina,PR,B,Bicf,B,False,False,False
3552403,Sumaré,SP,C,Aicf,C,True,False,True
2516300,Sumé,PB,B,Cicf,B,False,False,False
3305703,Sumidouro,RJ,n.d.,Cicf,n.d.,False,True,True
2614501,Surubim,PE,B,Aicf,B+,False,False,False
2210938,Sussuapara,PI,C,Bicf,C,True,False,True
3552551,Suzanápolis,SP,A,Bicf,A,False,False,False
3552502,Suzano,SP,B,Cicf,B,False,False,False
4320859,Tabaí,RS,B,Aicf,B+,False,False,False
5107941,Tabaporã,MT,A,Cicf,A,False,False,False
3552601,Tabapuã,SP,C,Bicf,C,True,False,True
1304062,Tabatinga,AM,A,Bicf,A,False,False,False
3552700,Tabatinga,SP,C,Bicf,C,True,False,True
2614600,Tabira,PE,C,Aicf,C,True,False,True
3552809,Taboão da Serra,SP,C,Bicf,C,True,False,True
1708254,Tabocão,TO,C,Bicf,C,True,False,True
2930907,Tabocas do Brejo Velho,BA,C,Cicf,C,True,False,True
2413805,Taboleiro Grande,RN,B,Bicf,B,False,False,False
3167905,Tabuleiro,MG,A,Cicf,A,False,False,False
2313104,Tabuleiro do Norte,CE,C,Bicf,C,True,False,True
2614709,Tacaimbó,PE,B,Cicf,B,False,False,False
2614808,Tacaratu,PE,C,Bicf,C,True,False,True
3552908,Taciba,SP,A,Bicf,A,False,False,False
2516409,Tacima,PB,n.d.,Bicf,n.d.,False,True,True
5007950,Tacuru,MS,A,Bicf,A,False,False,False
3553005,Taguaí,SP,C,Aicf,C,True,False,True
1720903,Taguatinga,TO,C,Bicf,C,True,False,True
3553104,Taiaçu,SP,n.d.,Bicf,n.d.,False,True,True
1507953,Tailândia,PA,D,Bicf,D,True,False,True
4217808,Taió,SC,A,Bicf,A,False,False,False
3168002,Taiobeiras,MG,A,Cicf,A,False,False,False
1720937,Taipas do Tocantins,TO,B,Bicf,B,False,False,False
2413904,Taipu,RN,C,Cicf,C,True,False,True
3553203,Taiúva,SP,C,Aicf,C,True,False,True
1720978,Talismã,TO,C,Cicf,C,True,False,True
2614857,Tamandaré,PE,C,Aicf,C,True,False,True
4126678,Tamarana,PR,C,Cicf,C,True,False,True
3553302,Tambaú,SP,B,Cicf,B,False,False,False
4126702,Tamboara,PR,B,Cicf,B,False,False,False
2313203,Tamboril,CE,C,Bicf,C,True,False,True
2210953,Tamboril do Piauí,PI,B,Bicf,B,False,False,False
3553401,Tanabi,SP,n.d.,Eicf,n.e.,False,True,True
2414001,Tangará,RN,C,Bicf,C,True,False,True
4217907,Tangará,SC,A,Aicf,A+,False,False,False
5107958,Tangará da Serra,MT,A,Cicf,A,False,False,False
3305752,Tanguá,RJ,C,Cicf,C,True,False,True
2931004,Tanhaçu,BA,B,Bicf,B,False,False,False
2709004,Tanque d'Arca,AL,C,Bicf,C,True,False,True
2210979,Tanque do Piauí,PI,C,Dicf,C,True,False,True
2931053,Tanque Novo,BA,D,Cicf,D,True,False,True
2931103,Tanquinho,BA,C,Bicf,C,True,False,True
3168051,Taparuba,MG,C,Bicf,C,True,False,True
1304104,Tapauá,AM,C,Bicf,C,True,False,True
4126801,Tapejara,PR,A,Bicf,A,False,False,False
4320909,Tapejara,RS,A,Aicf,A+,False,False,False
4321006,Tapera,RS,B,Bicf,B,False,False,False
2516508,Taperoá,PB,B,Bicf,B,False,False,False
2931202,Taperoá,BA,C,Dicf,C,True,False,True
4321105,Tapes,RS,B,Aicf,B+,False,False,False
3168101,Tapira,MG,A,Cicf,A,False,False,False
4126900,Tapira,PR,B,Bicf,B,False,False,False
3168200,Tapiraí,MG,C,Cicf,C,True,False,True
3553500,Tapiraí,SP,n.d.,Bicf,n.d.,False,True,True
2931301,Tapiramutá,BA,C,Cicf,C,True,False,True
3553609,Tapiratiba,SP,C,Bicf,C,True,False,True
5108006,Tapurah,MT,A,Bicf,A,False,False,False
4321204,Taquara,RS,B,Bicf,B,False,False,False
3168309,Taquaraçu de Minas,MG,n.d.,Dicf,n.d.,False,True,True
3553658,Taquaral,SP,A,Bicf,A,False,False,False
5221007,Taquaral de Goiás,GO,n.d.,Dicf,n.d.,False,True,True
2709103,Taquarana,AL,B,Bicf,B,False,False,False
4321303,Taquari,RS,C,Bicf,C,True,False,True
3553708,Taquaritinga,SP,C,Bicf,C,True,False,True
2615003,Taquaritinga do Norte,PE,B,Bicf,B,False,False,False
3553807,Taquarituba,SP,C,Aicf,C,True,False,True
3553856,Taquarivaí,SP,n.d.,Aicf,n.d.,False,True,True
4321329,Taquaruçu do Sul,RS,A,Bicf,A,False,False,False
5007976,Taquarussu,MS,A,Bicf,A,False,False,False
3553906,Tarabai,SP,C,Bicf,C,True,False,True
1200609,Tarauacá,AC,B,Bicf,B,False,False,False
2313252,Tarrafas,CE,C,Bicf,C,True,False,True
1600709,Tartarugalzinho,AP,C,Cicf,C,True,False,True
3553955,Tarumã,SP,A,Aicf,A+,False,False,False
3168408,Tarumirim,MG,n.d.,Bicf,n.d.,False,True,True
2112001,Tasso Fragoso,MA,C,Bicf,C,True,False,True
3554003,Tatuí,SP,C,Aicf,C,True,False,True
2313302,Tauá,CE,B,Bicf,B,False,False,False
3554102,Taubaté,SP,C,Bicf,C,True,False,True
2516607,Tavares,PB,C,Cicf,C,True,False,True
4321352,Tavares,RS,A,Aicf,A+,False,False,False
1304203,Tefé,AM,B,Bicf,B,False,False,False
2516706,Teixeira,PB,B,Cicf,B,False,False,False
2931350,Teixeira de Freitas,BA,C,Cicf,C,True,False,True
4127007,Teixeira Soares,PR,B,Cicf,B,False,False,False
3168507,Teixeiras,MG,B,Bicf,B,False,False,False
1101559,Teixeirópolis,RO,n.d.,Eicf,n.e.,False,True,True
2313351,Tejuçuoca,CE,A,Bicf,A,False,False,False
3554201,Tejupá,SP,C,Bicf,C,True,False,True
4127106,Telêmaco Borba,PR,A,Bicf,A,False,False,False
2807303,Telha,SE,C,Bicf,C,True,False,True
2414100,Tenente Ananias,RN,D,Aicf,D,True,False,True
2414159,Tenente Laurentino Cruz,RN,A,Bicf,A,False,False,False
4321402,Tenente Portela,RS,n.d.,Bicf,n.d.,False,True,True
2516755,Tenório,PB,A,Eicf,n.e.,False,True,True
2931400,Teodoro Sampaio,BA,n.d.,Cicf,n.d.,False,True,True
3554300,Teodoro Sampaio,SP,A,Cicf,A,False,False,False
2931509,Teofilândia,BA,B,Bicf,B,False,False,False
3168606,Teófilo Otoni,MG,C,Cicf,C,True,False,True
2931608,Teolândia,BA,n.d.,Bicf,n.d.,False,True,True
2709152,Teotônio Vilela,AL,C,Cicf,C,True,False,True
5008008,Terenos,MS,B,Bicf,B,False,False,False
2211001,Teresina,PI,B,Bicf,B,False,False,False
5221080,Teresina de Goiás,GO,B,Bicf,B,False,False,False
3305802,Teresópolis,RJ,C,Bicf,C,True,False,True
2615102,Terezinha,PE,C,Bicf,C,True,False,True
5221197,Terezópolis de Goiás,GO,B,Cicf,B,False,False,False
1507961,Terra Alta,PA,C,Cicf,C,True,False,True
4127205,Terra Boa,PR,n.d.,Cicf,n.d.,False,True,True
4321436,Terra de Areia,RS,A,Bicf,A,False,False,False
2615201,Terra Nova,PE,B,Dicf,B,False,False,False
2931707,Terra Nova,BA,C,Cicf,C,True,False,True
5108055,Terra Nova do Norte,MT,B,Bicf,B,False,False,False
4127304,Terra Rica,PR,A,Bicf,A,False,False,False
3554409,Terra Roxa,SP,B,Eicf,n.e.,False,True,True
4127403,Terra Roxa,PR,A,Bicf,A,False,False,False
1507979,Terra Santa,PA,B,Bicf,B,False,False,False
5108105,Tesouro,MT,A,Bicf,A,False,False,False
4321451,Teutônia,RS,A,Aicf,A+,False,False,False
1101609,Theobroma,RO,A,Bicf,A,False,False,False
2313401,Tianguá,CE,C,Aicf,C,True,False,True
4127502,Tibagi,PR,A,Cicf,A,False,False,False
2411056,Tibau,RN,C,Bicf,C,True,False,True
2414209,Tibau do Sul,RN,C,Bicf,C,True,False,True
3554508,Tietê,SP,C,Bicf,C,True,False,True
4217956,Tigrinhos,SC,A,Aicf,A+,False,False,False
4218004,Tijucas,SC,A,Bicf,A,False,False,False
4127601,Tijucas do Sul,PR,B,Cicf,B,False,False,False
2615300,Timbaúba,PE,C,Aicf,C,True,False,True
2414308,Timbaúba dos Batistas,RN,A,Aicf,A+,False,False,False
4218103,Timbé do Sul,SC,B,Aicf,B+,False,False,False
2112100,Timbiras,MA,C,Bicf,C,True,False,True
4218202,Timbó,SC,A,Aicf,A+,False,False,False
4218251,Timbó Grande,SC,B,Bicf,B,False,False,False
3554607,Timburi,SP,C,Cicf,C,True,False,True
2112209,Timon,MA,C,Cicf,C,True,False,True
3168705,Timóteo,MG,C,Dicf,C,True,False,True
4321469,Tio Hugo,RS,B,Bicf,B,False,False,False
3168804,Tiradentes,MG,C,Aicf,C,True,False,True
4321477,Tiradentes do Sul,RS,A,Bicf,A,False,False,False
3168903,Tiros,MG,A,Cicf,A,False,False,False
2807402,Tobias Barreto,SE,C,Cicf,C,True,False,True
1721109,Tocantínia,TO,B,Cicf,B,False,False,False
1721208,Tocantinópolis,TO,B,Bicf,B,False,False,False
3169000,Tocantins,MG,C,Bicf,C,True,False,True
3169059,Tocos do Moji,MG,A,Aicf,A+,False,False,False
3169109,Toledo,MG,A,Aicf,A+,False,False,False
4127700,Toledo,PR,A,Cicf,A,False,False,False
2807501,Tomar do Geru,SE,C,Bicf,C,True,False,True
4127809,Tomazina,PR,A,Bicf,A,False,False,False
3169208,Tombos,MG,B,Bicf,B,False,False,False
1508001,Tomé-Açu,PA,B,Bicf,B,False,False,False
1304237,Tonantins,AM,C,Bicf,C,True,False,True
2615409,Toritama,PE,C,Aicf,C,True,False,True
5108204,Torixoréu,MT,B,Bicf,B,False,False,False
4321493,Toropi,RS,B,Bicf,B,False,False,False
3554656,Torre de Pedra,SP,C,Bicf,C,True,False,True
4321501,Torres,RS,A,Aicf,A+,False,False,False
3554706,Torrinha,SP,C,Dicf,C,True,False,True
2414407,Touros,RN,B,Bicf,B,False,False,False
3554755,Trabiju,SP,A,Bicf,A,False,False,False
1508035,Tracuateua,PA,C,Bicf,C,True,False,True
2615508,Tracunhaém,PE,C,Bicf,C,True,False,True
2709202,Traipu,AL,B,Bicf,B,False,False,False
1508050,Trairão,PA,B,Bicf,B,False,False,False
2313500,Trairi,CE,B,Bicf,B,False,False,False
3305901,Trajano de Moraes,RJ,C,Bicf,C,True,False,True
4321600,Tramandaí,RS,A,Bicf,A,False,False,False
4321626,Travesseiro,RS,A,Aicf,A+,False,False,False
2931806,Tremedal,BA,B,Cicf,B,False,False,False
3554805,Tremembé,SP,A,Bicf,A,False,False,False
4321634,Três Arroios,RS,A,Bicf,A,False,False,False
4218301,Três Barras,SC,A,Aicf,A+,False,False,False
4127858,Três Barras do Paraná,PR,B,Bicf,B,False,False,False
4321667,Três Cachoeiras,RS,B,Aicf,B+,False,False,False
3169307,Três Corações,MG,C,Bicf,C,True,False,True
4321709,Três Coroas,RS,A,Aicf,A+,False,False,False
4321808,Três de Maio,RS,A,Bicf,A,False,False,False
4321832,Três Forquilhas,RS,A,Bicf,A,False,False,False
3554904,Três Fronteiras,SP,B,Cicf,B,False,False,False
5008305,Três Lagoas,MS,B,Aicf,B+,False,False,False
3169356,Três Marias,MG,n.d.,Bicf,n.d.,False,True,True
4321857,Três Palmeiras,RS,B,Eicf,n.e.,False,True,True
4321907,Três Passos,RS,A,Aicf,A+,False,False,False
3169406,Três Pontas,MG,C,Bicf,C,True,False,True
5221304,Três Ranchos,GO,n.d.,Bicf,n.d.,False,True,True
3306008,Três Rios,RJ,C,Eicf,n.e.,False,True,True
4218350,Treviso,SC,B,Bicf,B,False,False,False
4218400,Treze de Maio,SC,C,Bicf,C,True,False,True
4218509,Treze Tílias,SC,A,Bicf,A,False,False,False
2615607,Trindade,PE,C,Aicf,C,True,False,True
5221403,Trindade,GO,B,Cicf,B,False,False,False
4321956,Trindade do Sul,RS,B,Cicf,B,False,False,False
2516805,Triunfo,PB,A,Eicf,n.e.,False,True,True
2615706,Triunfo,PE,C,Bicf,C,True,False,True
4322004,Triunfo,RS,C,Bicf,C,True,False,True
2414456,Triunfo Potiguar,RN,C,Bicf,C,True,False,True
2112233,Trizidela do Vale,MA,C,Bicf,C,True,False,True
5221452,Trombas,GO,B,Bicf,B,False,False,False
4218608,Trombudo Central,SC,A,Bicf,A,False,False,False
4218707,Tubarão,SC,C,Bicf,C,True,False,True
2931905,Tucano,BA,C,Dicf,C,True,False,True
1508084,Tucumã,PA,A,Bicf,A,False,False,False
4322103,Tucunduva,RS,B,Cicf,B,False,False,False
1508100,Tucuruí,PA,C,Bicf,C,True,False,True
2112274,Tufilândia,MA,n.d.,Bicf,n.d.,False,True,True
3554953,Tuiuti,SP,n.d.,Aicf,n.d.,False,True,True
3169505,Tumiritinga,MG,n.d.,Bicf,n.d.,False,True,True
4218756,Tunápolis,SC,A,Aicf,A+,False,False,False
4322152,Tunas,RS,C,Bicf,C,True,False,True
4127882,Tunas do Paraná,PR,A,Bicf,A,False,False,False
4127908,Tuneiras do Oeste,PR,n.d.,Cicf,n.d.,False,True,True
2112308,Tuntum,MA,B,Cicf,B,False,False,False
3555000,Tupã,SP,C,Aicf,C,True,False,True
3169604,Tupaciguara,MG,n.d.,Cicf,n.d.,False,True,True
2615805,Tupanatinga,PE,B,Cicf,B,False,False,False
4322186,Tupanci do Sul,RS,A,Cicf,A,False,False,False
4322202,Tupanciretã,RS,A,Aicf,A+,False,False,False
4322251,Tupandi,RS,A,Bicf,A,False,False,False
4322301,Tuparendi,RS,A,Cicf,A,False,False,False
2615904,Tuparetama,PE,C,Bicf,C,True,False,True
4127957,Tupãssi,PR,A,Bicf,A,False,False,False
3555109,Tupi Paulista,SP,C,Aicf,C,True,False,True
1721257,Tupirama,TO,n.d.,Eicf,n.e.,False,True,True
1721307,Tupiratins,TO,C,Bicf,C,True,False,True
2112407,Turiaçu,MA,C,Cicf,C,True,False,True
2112456,Turilândia,MA,C,Eicf,n.e.,False,True,True
3555208,Turiúba,SP,A,Dicf,A,False,False,False
3169703,Turmalina,MG,C,Aicf,C,True,False,True
3555307,Turmalina,SP,C,Dicf,C,True,False,True
4322327,Turuçu,RS,C,Aicf,C,True,False,True
2313559,Tururu,CE,C,Bicf,C,True,False,True
5221502,Turvânia,GO,A,Bicf,A,False,False,False
5221551,Turvelândia,GO,B,Cicf,B,False,False,False
4127965,Turvo,PR,A,Cicf,A,False,False,False
4218806,Turvo,SC,A,Bicf,A,False,False,False
3169802,Turvolândia,MG,C,Bicf,C,True,False,True
2112506,Tutóia,MA,B,Bicf,B,False,False,False
1304260,Uarini,AM,C,Bicf,C,True,False,True
2932002,Uauá,BA,C,Bicf,C,True,False,True
3169901,Ubá,MG,B,Bicf,B,False,False,False
3170008,Ubaí,MG,n.d.,Bicf,n.d.,False,True,True
2932101,Ubaíra,BA,C,Cicf,C,True,False,True
2932200,Ubaitaba,BA,D,Dicf,D,True,False,True
2313609,Ubajara,CE,C,Bicf,C,True,False,True
3170057,Ubaporanga,MG,C,Bicf,C,True,False,True
3555356,Ubarana,SP,B,Aicf,B+,False,False,False
2932309,Ubatã,BA,B,Cicf,B,False,False,False
3555406,Ubatuba,SP,B,Bicf,B,False,False,False
3170107,Uberaba,MG,B,Bicf,B,False,False,False
3170206,Uberlândia,MG,C,Aicf,C,True,False,True
3555505,Ubirajara,SP,C,Bicf,C,True,False,True
4128005,Ubiratã,PR,n.d.,Eicf,n.e.,False,True,True
4322343,Ubiretama,RS,A,Aicf,A+,False,False,False
3555604,Uchoa,SP,C,Aicf,C,True,False,True
2932408,Uibaí,BA,n.d.,Dicf,n.d.,False,True,True
1400704,Uiramutã,RR,B,Bicf,B,False,False,False
5221577,Uirapuru,GO,C,Bicf,C,True,False,True
2516904,Uiraúna,PB,C,Eicf,n.e.,False,True,True
1508126,Ulianópolis,PA,B,Bicf,B,False,False,False
2313708,Umari,CE,C,Bicf,C,True,False,True
2414506,Umarizal,RN,C,Bicf,C,True,False,True
2807600,Umbaúba,SE,n.d.,Bicf,n.d.,False,True,True
2932457,Umburanas,BA,n.d.,Cicf,n.d.,False,True,True
3170305,Umburatiba,MG,C,Bicf,C,True,False,True
2517001,Umbuzeiro,PB,C,Bicf,C,True,False,True
2313757,Umirim,CE,A,Bicf,A,False,False,False
4128104,Umuarama,PR,B,Bicf,B,False,False,False
2932507,Una,BA,C,Bicf,C,True,False,True
3170404,Unaí,MG,A,Bicf,A,False,False,False
2211100,União,PI,B,Cicf,B,False,False,False
4322350,União da Serra,RS,A,Aicf,A+,False,False,False
4128203,União da Vitória,PR,C,Aicf,C,True,False,True
3170438,União de Minas,MG,n.d.,Bicf,n.d.,False,True,True
4218855,União do Oeste,SC,A,Aicf,A+,False,False,False
5108303,União do Sul,MT,A,Cicf,A,False,False,False
2709301,União dos Palmares,AL,C,Bicf,C,True,False,True
3555703,União Paulista,SP,C,Dicf,C,True,False,True
4128302,Uniflor,PR,A,Dicf,A,False,False,False
4322376,Unistalda,RS,A,Bicf,A,False,False,False
2414605,Upanema,RN,A,Bicf,A,False,False,False
4128401,Uraí,PR,C,Cicf,C,True,False,True
2932606,Urandi,BA,C,Bicf,C,True,False,True
3555802,Urânia,SP,C,Bicf,C,True,False,True
2112605,Urbano Santos,MA,C,Cicf,C,True,False,True
3555901,Uru,SP,B,Bicf,B,False,False,False
5221601,Uruaçu,GO,C,Cicf,C,True,False,True
5221700,Uruana,GO,n.d.,Cicf,n.d.,False,True,True
3170479,Uruana de Minas,MG,C,Bicf,C,True,False,True
1508159,Uruará,PA,C,Bicf,C,True,False,True
4218905,Urubici,SC,A,Aicf,A+,False,False,False
2313807,Uruburetama,CE,C,Bicf,C,True,False,True
3170503,Urucânia,MG,A,Cicf,A,False,False,False
1304302,Urucará,AM,C,Aicf,C,True,False,True
2932705,Uruçuca,BA,C,Cicf,C,True,False,True
2211209,Uruçuí,PI,A,Cicf,A,False,False,False
3170529,Urucuia,MG,C,Bicf,C,True,False,True
1304401,Urucurituba,AM,n.d.,Cicf,n.d.,False,True,True
4322400,Uruguaiana,RS,C,Aicf,C,True,False,True
2313906,Uruoca,CE,C,Bicf,C,True,False,True
1101708,Urupá,RO,A,Bicf,A,False,False,False
4218954,Urupema,SC,A,Bicf,A,False,False,False
3556008,Urupês,SP,C,Aicf,C,True,False,True
4219002,Urussanga,SC,A,Cicf,A,False,False,False
5221809,Urutaí,GO,C,Bicf,C,True,False,True
2932804,Utinga,BA,C,Cicf,C,True,False,True
4322509,Vacaria,RS,B,Bicf,B,False,False,False
5108352,Vale de São Domingos,MT,A,Cicf,A,False,False,False
1101757,Vale do Anari,RO,B,Cicf,B,False,False,False
1101807,Vale do Paraíso,RO,A,Bicf,A,False,False,False
4322533,Vale do Sol,RS,A,Aicf,A+,False,False,False
4322541,Vale Real,RS,A,Aicf,A+,False,False,False
4322525,Vale Verde,RS,A,Bicf,A,False,False,False
2932903,Valença,BA,D,Cicf,D,True,False,True
3306107,Valença,RJ,A,Cicf,A,False,False,False
2211308,Valença do Piauí,PI,C,Bicf,C,True,False,True
2933000,Valente,BA,C,Cicf,C,True,False,True
3556107,Valentim Gentil,SP,C,Aicf,C,True,False,True
3556206,Valinhos,SP,A,Aicf,A+,False,False,False
3556305,Valparaíso,SP,C,Bicf,C,True,False,True
5221858,Valparaíso de Goiás,GO,A,Cicf,A,False,False,False
4322558,Vanini,RS,A,Aicf,A+,False,False,False
4219101,Vargeão,SC,A,Aicf,A+,False,False,False
3556354,Vargem,SP,C,Bicf,C,True,False,True
4219150,Vargem,SC,n.d.,Eicf,n.e.,False,True,True
3170578,Vargem Alegre,MG,B,Cicf,B,False,False,False
3205036,Vargem Alta,ES,A,Aicf,A+,False,False,False
3170602,Vargem Bonita,MG,A,Bicf,A,False,False,False
4219176,Vargem Bonita,SC,A,Aicf,A+,False,False,False
2112704,Vargem Grande,MA,C,Cicf,C,True,False,True
3170651,Vargem Grande do Rio Pardo,MG,C,Aicf,C,True,False,True
3556404,Vargem Grande do Sul,SP,B,Cicf,B,False,False,False
3556453,Vargem Grande Paulista,SP,C,Bicf,C,True,False,True
3170701,Varginha,MG,A,Bicf,A,False,False,False
5221908,Varjão,GO,n.d.,Dicf,n.d.,False,True,True
3170750,Varjão de Minas,MG,C,Aicf,C,True,False,True
2313955,Varjota,CE,C,Bicf,C,True,False,True
3306156,Varre-Sai,RJ,n.d.,Bicf,n.d.,False,True,True
2414704,Várzea,RN,C,Bicf,C,True,False,True
2517100,Várzea,PB,A,Bicf,A,False,False,False
2314003,Várzea Alegre,CE,C,Bicf,C,True,False,True
2211357,Várzea Branca,PI,C,Bicf,C,True,False,True
3170800,Várzea da Palma,MG,B,Aicf,B+,False,False,False
2933059,Várzea da Roça,BA,C,Bicf,C,True,False,True
2933109,Várzea do Poço,BA,C,Bicf,C,True,False,True
2211407,Várzea Grande,PI,C,Bicf,C,True,False,True
5108402,Várzea Grande,MT,B,Cicf,B,False,False,False
2933158,Várzea Nova,BA,n.d.,Bicf,n.d.,False,True,True
3556503,Várzea Paulista,SP,B,Cicf,B,False,False,False
2933174,Varzedo,BA,B,Bicf,B,False,False,False
3170909,Varzelândia,MG,C,Aicf,C,True,False,True
3306206,Vassouras,RJ,C,Aicf,C,True,False,True
3171006,Vazante,MG,A,Bicf,A,False,False,False
4322608,Venâncio Aires,RS,A,Aicf,A+,False,False,False
3205069,Venda Nova do Imigrante,ES,A,Aicf,A+,False,False,False
2414753,Venha-Ver,RN,C,Cicf,C,True,False,True
4128534,Ventania,PR,n.d.,Dicf,n.d.,False,True,True
2616001,Venturosa,PE,C,Aicf,C,True,False,True
5108501,Vera,MT,B,Bicf,B,False,False,False
2414803,Vera Cruz,RN,C,Cicf,C,True,False,True
2933208,Vera Cruz,BA,A,Bicf,A,False,False,False
3556602,Vera Cruz,SP,A,Bicf,A,False,False,False
4322707,Vera Cruz,RS,A,Aicf,A+,False,False,False
4128559,Vera Cruz do Oeste,PR,A,Bicf,A,False,False,False
2211506,Vera Mendes,PI,n.d.,Dicf,n.d.,False,True,True
4322806,Veranópolis,RS,A,Aicf,A+,False,False,False
2616100,Verdejante,PE,C,Bicf,C,True,False,True
3171030,Verdelândia,MG,C,Bicf,C,True,False,True
4128609,Verê,PR,A,Cicf,A,False,False,False
2933257,Vereda,BA,C,Bicf,C,True,False,True
3171071,Veredinha,MG,C,Aicf,C,True,False,True
3171105,Veríssimo,MG,A,Cicf,A,False,False,False
3171154,Vermelho Novo,MG,A,Bicf,A,False,False,False
2616183,Vertente do Lério,PE,A,Bicf,A,False,False,False
2616209,Vertentes,PE,B,Aicf,B+,False,False,False
3171204,Vespasiano,MG,C,Cicf,C,True,False,True
4322855,Vespasiano Corrêa,RS,C,Bicf,C,True,False,True
4322905,Viadutos,RS,A,Aicf,A+,False,False,False
4323002,Viamão,RS,C,Aicf,C,True,False,True
2112803,Viana,MA,A,Bicf,A,False,False,False
3205101,Viana,ES,A,Aicf,A+,False,False,False
5222005,Vianópolis,GO,A,Bicf,A,False,False,False
2616308,Vicência,PE,C,Cicf,C,True,False,True
4323101,Vicente Dutra,RS,A,Bicf,A,False,False,False
5008404,Vicentina,MS,C,Cicf,C,True,False,True
5222054,Vicentinópolis,GO,A,Bicf,A,False,False,False
2414902,Viçosa,RN,C,Bicf,C,True,False,True
2709400,Viçosa,AL,C,Cicf,C,True,False,True
3171303,Viçosa,MG,A,Bicf,A,False,False,False
2314102,Viçosa do Ceará,CE,C,Bicf,C,True,False,True
4323200,Victor Graeff,RS,A,Aicf,A+,False,False,False
4219200,Vidal Ramos,SC,B,Aicf,B+,False,False,False
4219309,Videira,SC,A,Aicf,A+,False,False,False
3171402,Vieiras,MG,C,Bicf,C,True,False,True
2517209,Vieirópolis,PB,C,Eicf,n.e.,False,True,True
1508209,Vigia,PA,n.d.,Eicf,n.e.,False,True,True
5105507,Vila Bela da Santíssima Trindade,MT,n.d.,Cicf,n.d.,False,True,True
5222203,Vila Boa,GO,C,Bicf,C,True,False,True
2415008,Vila Flor,RN,B,Bicf,B,False,False,False
4323309,Vila Flores,RS,C,Bicf,C,True,False,True
4323358,Vila Lângaro,RS,A,Dicf,A,False,False,False
4323408,Vila Maria,RS,A,Aicf,A+,False,False,False
2211605,Vila Nova do Piauí,PI,B,Bicf,B,False,False,False
4323457,Vila Nova do Sul,RS,A,Bicf,A,False,False,False
2112852,Vila Nova dos Martírios,MA,A,Bicf,A,False,False,False
3205150,Vila Pavão,ES,A,Bicf,A,False,False,False
5222302,Vila Propício,GO,A,Bicf,A,False,False,False
5108600,Vila Rica,MT,A,Bicf,A,False,False,False
3205176,Vila Valério,ES,B,Aicf,B+,False,False,False
3205200,Vila Velha,ES,A,Aicf,A+,False,False,False
1100304,Vilhena,RO,A,Bicf,A,False,False,False
3556701,Vinhedo,SP,C,Aicf,C,True,False,True
3556800,Viradouro,SP,C,Bicf,C,True,False,True
3171600,Virgem da Lapa,MG,B,Cicf,B,False,False,False
3171709,Virgínia,MG,B,Bicf,B,False,False,False
3171808,Virginópolis,MG,C,Cicf,C,True,False,True
3171907,Virgolândia,MG,n.d.,Cicf,n.d.,False,True,True
4128658,Virmond,PR,A,Cicf,A,False,False,False
3172004,Visconde do Rio Branco,MG,n.d.,Bicf,n.d.,False,True,True
1508308,Viseu,PA,C,Bicf,C,True,False,True
4323507,Vista Alegre,RS,A,Bicf,A,False,False,False
3556909,Vista Alegre do Alto,SP,A,Aicf,A+,False,False,False
4323606,Vista Alegre do Prata,RS,A,Bicf,A,False,False,False
4323705,Vista Gaúcha,RS,A,Bicf,A,False,False,False
2505501,Vista Serrana,PB,B,Bicf,B,False,False,False
4219358,Vitor Meireles,SC,A,Aicf,A+,False,False,False
3205309,Vitória,ES,A,Aicf,A+,False,False,False
3556958,Vitória Brasil,SP,A,Aicf,A+,False,False,False
2933307,Vitória da Conquista,BA,B,Bicf,B,False,False,False
4323754,Vitória das Missões,RS,C,Aicf,C,True,False,True
2616407,Vitória de Santo Antão,PE,C,Aicf,C,True,False,True
1600808,Vitória do Jari,AP,C,Cicf,C,True,False,True
2112902,Vitória do Mearim,MA,C,Cicf,C,True,False,True
1508357,Vitória do Xingu,PA,C,Bicf,C,True,False,True
4128708,Vitorino,PR,A,Bicf,A,False,False,False
2113009,Vitorino Freire,MA,C,Dicf,C,True,False,True
3172103,Volta Grande,MG,B,Bicf,B,False,False,False
3306305,Volta Redonda,RJ,n.d.,Eicf,n.e.,False,True,True
3557006,Votorantim,SP,C,Cicf,C,True,False,True
3557105,Votuporanga,SP,A,Aicf,A+,False,False,False
2933406,Wagner,BA,B,Cicf,B,False,False,False
2211704,Wall Ferraz,PI,C,Aicf,C,True,False,True
1722081,Wanderlândia,TO,C,Cicf,C,True,False,True
2933455,Wanderley,BA,C,Bicf,C,True,False,True
3172202,Wenceslau Braz,MG,C,Dicf,C,True,False,True
4128500,Wenceslau Braz,PR,C,Bicf,C,True,False,True
2933505,Wenceslau Guimarães,BA,A,Bicf,A,False,False,False
4323770,Westfália,RS,A,Aicf,A+,False,False,False
4219408,Witmarsum,SC,B,Aicf,B+,False,False,False
1722107,Xambioá,TO,B,Bicf,B,False,False,False
4128807,Xambrê,PR,n.d.,Bicf,n.d.,False,True,True
4323804,Xangri-lá,RS,B,Bicf,B,False,False,False
4219507,Xanxerê,SC,A,Bicf,A,False,False,False
1200708,Xapuri,AC,C,Cicf,C,True,False,True
4219606,Xavantina,SC,C,Aicf,C,True,False,True
4219705,Xaxim,SC,B,Aicf,B+,False,False,False
2616506,Xexéu,PE,C,Bicf,C,True,False,True
1508407,Xinguara,PA,B,Bicf,B,False,False,False
2933604,Xique-Xique,BA,B,Bicf,B,False,False,False
2517407,Zabelê,PB,n.d.,Bicf,n.d.,False,True,True
3557154,Zacarias,SP,A,Aicf,A+,False,False,False
2114007,Zé Doca,MA,C,Bicf,C,True,False,True
4219853,Zortéa,SC,A,Bicf,A,False,False,False
