Cod_IBGE_7,Nome,UF,mapeamento_area_risco,qtd_domicilios_risco,municipio_critico,pct_vias_rede_drenagem,investimento_percapita_drenagem,pct_domicilios_risco,participou_sinisa,capag,criterio_capag_cd,sem_nota_capag,criterio_fiscal_priorizacao,total_desastres,soma_danos_materiais,soma_prejuizo_publico,danos_humanos,tem_registro_atlas,tem_dano_atlas
1100015,Alta Floresta D Oeste,RO,Sim,150.0,Não,27.12,0.0,2.27,True,C,True,False,True,2,592472.55,8540333.040000001,237.0,True,True
1100023,Ariquemes,RO,Sim,53.0,Sim,32.28,5.08,0.13,True,B+,False,False,False,2,1664757.1,1669780.44,115.0,True,True
1100031,Cabixi,RO,Não,0.0,Não,,0.0,0.0,True,A,False,False,False,0,0.0,0.0,0.0,False,False
1100049,Cacoal,RO,Sim,430.0,Sim,22.66,34.27,1.14,True,B+,False,False,False,5,7935576.74,0.0,1552.0,True,True
1100056,Cerejeiras,RO,Não,0.0,Não,10.29,13.95,0.0,True,A+,False,False,False,1,0.0,0.0,6.0,True,False
1100064,Colorado do Oeste,RO,Não,0.0,Não,,,0.0,True,B+,False,False,False,0,0.0,0.0,0.0,False,False
1100072,Corumbiara,RO,Não,0.0,Não,3.6,0.0,0.0,True,A+,False,False,False,0,0.0,0.0,0.0,False,False
1100080,Costa Marques,RO,Não,100.0,Sim,,,3.15,True,B,False,False,False,1,284717.59,15029.2,0.0,True,True
1100098,Espigão D Oeste,RO,Não,0.0,Não,71.62,5.92,0.0,True,A,False,False,False,0,0.0,0.0,0.0,False,False
1100106,Guajará-Mirim,RO,Sim,400.0,Sim,,,2.74,True,A,False,False,False,0,0.0,0.0,0.0,False,False
1100114,Jaru,RO,Sim,281.0,Sim,7.18,10.32,1.36,True,A+,False,False,False,5,0.0,0.0,71.0,True,False
1100122,Ji-Paraná,RO,,,Sim,,,,False,A+,False,False,False,6,87270.0,40840.22,617.0,True,True
1100130,Machadinho D Oeste,RO,Não,0.0,Não,11.43,0.0,0.0,True,A,False,False,False,0,0.0,0.0,0.0,False,False
1100148,Nova Brasilândia D Oeste,RO,Não,50.0,Não,,,1.24,True,A,False,False,False,1,2208496.33,332579.51,0.0,True,True
1100155,Ouro Preto do Oeste,RO,Não,120.0,Não,,,0.84,True,A+,False,False,False,0,0.0,0.0,0.0,False,False
1100189,Pimenta Bueno,RO,Sim,450.0,Sim,70.0,75.09,3.05,True,B+,False,False,False,3,13958751.67,0.0,1375.0,True,True
1100205,Porto Velho,RO,Não,500.0,Sim,1.78,0.0,0.24,True,C,True,False,True,2,975757.14,6048837.35,5390.0,True,True
1100254,Presidente Médici,RO,Não,0.0,Não,51.95,0.0,0.0,True,A+,False,False,False,0,0.0,0.0,0.0,False,False
1100262,Rio Crespo,RO,,,Não,,,,False,A,False,False,False,1,380000.0,205000.0,0.0,True,True
1100288,Rolim de Moura,RO,Sim,540.0,Sim,20.75,94.13,2.29,True,A,False,False,False,1,391045.1,418612.25,249.0,True,True
1100296,Santa Luzia D Oeste,RO,Não,5.0,Não,25.53,130.17,0.29,True,A,False,False,False,0,0.0,0.0,0.0,False,False
1100304,Vilhena,RO,Não,1.0,Não,36.36,37.86,0.0,True,A,False,False,False,1,0.0,0.0,0.0,True,False
1100320,São Miguel do Guaporé,RO,Não,0.0,Não,1.73,0.0,0.0,True,A,False,False,False,0,0.0,0.0,0.0,False,False
1100338,Nova Mamoré,RO,Não,0.0,Sim,7.31,0.0,0.0,True,C,True,False,True,2,8550000.0,200000.0,47.0,True,True
1100346,Alvorada D Oeste,RO,Não,0.0,Não,45.77,0.0,0.0,True,A,False,False,False,0,0.0,0.0,0.0,False,False
1100379,Alto Alegre dos Parecis,RO,Não,25.0,Não,9.83,37.23,1.01,True,C,True,False,True,1,572134.38,572134.38,2.0,True,True
1100403,Alto Paraíso,RO,Não,0.0,Não,3.85,0.0,0.0,True,B+,False,False,False,0,0.0,0.0,0.0,False,False
1100452,Buritis,RO,Não,100.0,Sim,12.0,23.46,1.0,True,A,False,False,False,1,0.0,0.0,0.0,True,False
1100502,Novo Horizonte do Oeste,RO,Não,0.0,Não,,,0.0,True,A,False,False,False,0,0.0,0.0,0.0,False,False
1100601,Cacaulândia,RO,Não,0.0,Não,,0.0,0.0,True,A,False,False,False,0,0.0,0.0,0.0,False,False
1100700,Campo Novo de Rondônia,RO,Não,40.0,Não,11.39,44.72,2.54,True,A,False,False,False,1,728507.5,612368.62,89.0,True,True
1100809,Candeias do Jamari,RO,,,Sim,,,,False,C,True,False,True,0,0.0,0.0,0.0,False,False
1100908,Castanheiras,RO,Não,0.0,Não,,,0.0,True,A,False,False,False,0,0.0,0.0,0.0,False,False
1100924,Chupinguaia,RO,Não,0.0,Não,2.64,0.0,0.0,True,A+,False,False,False,0,0.0,0.0,0.0,False,False
1100940,Cujubim,RO,Não,0.0,Não,20.0,125.86,0.0,True,A,False,False,False,0,0.0,0.0,0.0,False,False
1101005,Governador Jorge Teixeira,RO,Não,15.0,Não,,,1.06,True,A+,False,False,False,1,21059775.31,53617.4,907.0,True,True
1101104,Itapuã do Oeste,RO,,,Sim,,,,False,A,False,False,False,0,0.0,0.0,0.0,False,False
1101203,Ministro Andreazza,RO,Não,170.0,Não,16.5,0.0,10.4,True,A,False,False,False,1,183769.4,183769.4,5.0,True,True
1101302,Mirante da Serra,RO,Não,0.0,Não,6.36,14.42,0.0,True,B,False,False,False,0,0.0,0.0,0.0,False,False
1101401,Monte Negro,RO,Não,20.0,Não,10.38,0.0,0.69,True,B,False,False,False,1,47502.28,0.0,0.0,True,True
1101435,Nova União,RO,Não,0.0,Não,,0.0,0.0,True,A,False,False,False,0,0.0,0.0,0.0,False,False
1101450,Parecis,RO,,,Não,,,,False,A,False,False,False,2,6749354.18,30630.16,0.0,True,True
1101468,Pimenteiras do Oeste,RO,Não,0.0,Não,57.14,0.0,0.0,True,C,True,False,True,0,0.0,0.0,0.0,False,False
1101476,Primavera de Rondônia,RO,Não,5.0,Não,27.78,0.0,0.68,True,A,False,False,False,0,0.0,0.0,0.0,False,False
1101484,São Felipe D Oeste,RO,Não,0.0,Não,53.33,0.0,0.0,True,A+,False,False,False,0,0.0,0.0,0.0,False,False
1101492,São Francisco do Guaporé,RO,Não,0.0,Não,1.43,50.22,0.0,True,A,False,False,False,0,0.0,0.0,0.0,False,False
1101500,Seringueiras,RO,Não,300.0,Não,,0.0,10.71,True,B,False,False,False,0,0.0,0.0,0.0,False,False
1101559,Teixeirópolis,RO,Não,0.0,Não,,,0.0,True,n.e.,False,True,True,0,0.0,0.0,0.0,False,False
1101609,Theobroma,RO,,,Não,,,,False,A,False,False,False,0,0.0,0.0,0.0,False,False
1101708,Urupá,RO,Não,0.0,Não,,,0.0,True,A,False,False,False,0,0.0,0.0,0.0,False,False
1101757,Vale do Anari,RO,Não,0.0,Não,,0.0,0.0,True,B,False,False,False,0,0.0,0.0,0.0,False,False
1101807,Vale do Paraíso,RO,Não,20.0,Não,4.39,0.0,1.38,True,A,False,False,False,0,0.0,0.0,0.0,False,False
1200013,Acrelândia,AC,Não,0.0,Não,16.0,0.0,0.0,True,A,False,False,False,0,0.0,0.0,0.0,False,False
1200054,Assis Brasil,AC,Não,0.0,Sim,,0.0,0.0,True,C,True,False,True,4,21309247.09,2350511.42,2627.0,True,True
1200104,Brasiléia,AC,Sim,2761.0,Sim,26.32,2.86,36.58,True,n.d.,False,True,True,3,119512845.97,14007986.24,16255.0,True,True
1200138,Bujari,AC,Não,0.0,Não,,0.0,0.0,True,C,True,False,True,0,0.0,0.0,0.0,False,False
1200179,Capixaba,AC,Não,0.0,Não,,0.0,0.0,True,n.d.,False,True,True,2,7433296.460000001,5187999.35,1860.0,True,True
1200203,Cruzeiro do Sul,AC,Sim,4000.0,Sim,2.63,0.0,15.6,True,C,True,False,True,4,78106.92,1451437.03,3928.0,True,True
1200252,Epitaciolândia,AC,,,Sim,,,,False,n.d.,False,True,True,2,13284800.69,335105.89,4603.0,True,True
1200302,Feijó,AC,Sim,350.0,Sim,2.44,0.0,5.15,True,n.d.,False,True,True,7,15704114.73,4789467.73,1428.0,True,True
1200328,Jordão,AC,Sim,512.0,Sim,0.08,0.0,41.03,True,C,True,False,True,4,20402355.28,4801405.88,7304.0,True,True
1200336,Mâncio Lima,AC,Não,0.0,Sim,13.77,1.12,0.0,True,C,True,False,True,5,9267945.71,469517.81,12949.0,True,True
1200344,Manoel Urbano,AC,Não,230.0,Sim,11.49,12.47,9.61,True,A,False,False,False,3,1004875.62,1314050.0,1757.0,True,True
1200351,Marechal Thaumaturgo,AC,Sim,240.0,Sim,,,11.58,True,C,True,False,True,2,44418332.46,217361.65,2422.0,True,True
1200385,Plácido de Castro,AC,Sim,20.0,Não,2.57,144.86,0.42,True,A,False,False,False,3,1057168.05,1908775.99,1753.0,True,True
1200393,Porto Walter,AC,Sim,250.0,Não,,0.0,15.09,True,C,True,False,True,2,2478512.04,1655297.44,1487.0,True,True
1200401,Rio Branco,AC,Sim,62440.0,Sim,,43.7,42.37,True,A+,False,False,False,7,642969887.9,5372383.49,11514.0,True,True
1200427,Rodrigues Alves,AC,Não,5.0,Sim,17.86,1.18,0.23,True,n.d.,False,True,True,4,3039799.96,2489451.56,936.0,True,True
1200435,Santa Rosa do Purus,AC,Não,442.0,Sim,,0.29,48.95,True,C,True,False,True,5,10351322.4,2200597.7199999997,3472.0,True,True
1200450,Senador Guiomard,AC,Não,0.0,Sim,,0.0,0.0,True,C,True,False,True,0,0.0,0.0,0.0,False,False
1200500,Sena Madureira,AC,Não,922.0,Sim,42.86,0.0,8.77,True,C,True,False,True,6,63817573.56,18741475.66,11945.0,True,True
1200609,Tarauacá,AC,Não,3000.0,Sim,,,33.98,True,B,False,False,False,11,16896751.42,4633879.39,4037.0,True,True
1200708,Xapuri,AC,Sim,300.0,Sim,11.11,27.81,6.23,True,C,True,False,True,2,5868546.109999999,1971632.77,941.0,True,True
1200807,Porto Acre,AC,Sim,120.0,Sim,,0.0,2.84,True,B,False,False,False,5,16124703.48,723174.84,640.0,True,True
1300029,Alvarães,AM,Não,0.0,Sim,,,0.0,True,C,True,False,True,3,1354061.06,1154825.46,7430.0,True,True
1300060,Amaturá,AM,Não,0.0,Sim,0.54,30.5,0.0,True,B,False,False,False,3,994514.4600000001,978059.6699999999,1427.0,True,True
1300086,Anamã,AM,Sim,600.0,Sim,,0.0,42.02,True,C,True,False,True,3,4536151.67,3428463.1399999997,1704.0,True,True
1300102,Anori,AM,Sim,230.0,Sim,,0.0,6.92,True,C,True,False,True,3,1503462.44,709998.37,3072.0,True,True
1300144,Apuí,AM,Não,0.0,Sim,,0.0,0.0,True,C,True,False,True,1,0.0,643450.0,425.0,True,True
1300201,Atalaia do Norte,AM,Não,0.0,Sim,,,0.0,True,C,True,False,True,3,3361010.9000000004,257270.2,11808.0,True,True
1300300,Autazes,AM,Não,0.0,Sim,33.33,0.55,0.0,True,C,True,False,True,2,4082039.3,167468.28,894.0,True,True
1300409,Barcelos,AM,Não,0.0,Não,,,0.0,True,B,False,False,False,3,499849.20999999996,171780.78,546.0,True,True
1300508,Barreirinha,AM,Não,0.0,Sim,3.03,0.0,0.0,True,C,True,False,True,4,17563626.38,6083112.22,24454.0,True,True
1300607,Benjamin Constant,AM,Sim,4.0,Sim,,0.0,0.05,True,C,True,False,True,3,0.0,2533636.44,9971.0,True,True
1300631,Beruri,AM,Sim,0.0,Sim,,7.75,0.0,True,C,True,False,True,3,35902588.48,1930908.4,6908.0,True,True
1300680,Boa Vista do Ramos,AM,Não,0.0,Sim,6.53,0.0,0.0,True,n.d.,False,True,True,4,3289103.8,385429.57,6600.0,True,True
1300706,Boca do Acre,AM,Não,0.0,Sim,13.79,0.0,0.0,True,n.d.,False,True,True,5,21702160.59,15768128.280000001,1612.0,True,True
1300805,Borba,AM,Sim,490.0,Sim,,,7.11,True,n.e.,False,True,True,5,24144341.75,3522501.54,18571.0,True,True
1300839,Caapiranga,AM,Sim,700.0,Sim,,,39.89,True,C,True,False,True,3,11841011.66,3644214.16,1677.0,True,True
1300904,Canutama,AM,Sim,1400.0,Sim,,,41.97,True,C,True,False,True,2,3414971.0,1183041.75,3636.0,True,True
1301001,Carauari,AM,Sim,1000.0,Sim,5.68,6.07,14.25,True,C,True,False,True,3,2331656.87,2572385.36,4478.0,True,True
1301100,Careiro,AM,Sim,2000.0,Sim,,0.0,35.59,True,C,True,False,True,4,371969.04,3895769.0,10390.0,True,True
1301159,Careiro da Várzea,AM,Não,0.0,Sim,71.29,0.0,0.0,True,B,False,False,False,6,10822257.61,2223543.36,30462.0,True,True
1301209,Coari,AM,Não,180.0,Sim,,,1.07,True,B,False,False,False,3,1016241.97,7772270.17,1450.0,True,True
1301308,Codajás,AM,Não,0.0,Sim,33.33,0.0,0.0,True,B,False,False,False,2,3231710.98,1395182.25,1400.0,True,True
1301407,Eirunepé,AM,Não,985.0,Sim,,0.0,12.0,True,C,True,False,True,5,22011637.180000003,3945396.2,4381.0,True,True
1301506,Envira,AM,Sim,727.0,Sim,,,18.26,True,C,True,False,True,4,917540.01,1758316.87,6366.0,True,True
1301605,Fonte Boa,AM,Não,0.0,Sim,50.0,24.66,0.0,True,C,True,False,True,5,9592878.51,477331.42,12476.0,True,True
1301654,Guajará,AM,Não,0.0,Sim,,20.82,0.0,True,B,False,False,False,4,383774.81000000006,2626069.09,1878.0,True,True
1301704,Humaitá,AM,,,Sim,,,,False,C,True,False,True,3,6947103.74,6686278.85,1332.0,True,True
1301803,Ipixuna,AM,Sim,1500.0,Sim,8.0,0.0,40.37,True,C,True,False,True,3,237375.52000000002,2683959.65,623.0,True,True
1301852,Iranduba,AM,,,Sim,,,,False,C,True,False,True,3,8816779.370000001,9694952.75,10408.0,True,True
1301902,Itacoatiara,AM,Sim,94.0,Sim,,,0.35,True,A,False,False,False,5,2523496.2199999997,4764018.109999999,9604.0,True,True
1301951,Itamarati,AM,,,Sim,,,,False,C,True,False,True,3,4782093.16,2791389.13,6081.0,True,True
1302009,Itapiranga,AM,Não,0.0,Sim,,,0.0,True,C,True,False,True,2,0.0,303056.87,216.0,True,True
1302108,Japurá,AM,Não,0.0,Sim,1.0,3.77,0.0,True,C,True,False,True,4,3653655.4699999997,6216169.1,6670.0,True,True
1302207,Juruá,AM,Sim,13.0,Sim,,,0.56,True,C,True,False,True,3,3136531.8200000003,3041716.16,7101.0,True,True
1302306,Jutaí,AM,,,Sim,,,,False,C,True,False,True,4,1972010.83,7402355.23,18107.0,True,True
1302405,Lábrea,AM,Sim,2000.0,Sim,18.18,0.0,22.33,True,C,True,False,True,3,675579.24,99573.95,1856.0,True,True
1302504,Manacapuru,AM,Sim,150.0,Sim,,,0.62,True,C,True,False,True,9,54204612.1,1525086.1400000001,20232.0,True,True
1302553,Manaquiri,AM,Sim,13.0,Sim,,,0.49,True,B,False,False,False,5,4726330.15,9981978.69,17976.0,True,True
1302603,Manaus,AM,Não,13056.0,Sim,86.43,14.09,1.64,True,B+,False,False,False,10,41382267.14,531715.45,9267.0,True,True
1302702,Manicoré,AM,Não,0.0,Sim,4.38,405.87,0.0,True,n.d.,False,True,True,2,1640000.0,506874.70999999996,1922.0,True,True
1302801,Maraã,AM,Não,0.0,Sim,,,0.0,True,C,True,False,True,4,1060203.78,1770678.08,2765.0,True,True
1302900,Maués,AM,Não,0.0,Sim,18.75,0.0,0.0,True,C,True,False,True,2,408402.2,439986.33,788.0,True,True
1303007,Nhamundá,AM,Não,0.0,Sim,,0.0,0.0,True,C,True,False,True,2,331259.54,652523.08,6112.0,True,True
1303106,Nova Olinda do Norte,AM,Sim,650.0,Sim,,,11.86,True,n.e.,False,True,True,3,4210138.29,1046332.9099999999,3852.0,True,True
1303205,Novo Airão,AM,Sim,50.0,Sim,2.21,0.0,1.2,True,C,True,False,True,1,257363.52,465147.03,198.0,True,True
1303304,Novo Aripuanã,AM,Não,1292.0,Sim,,,30.93,True,C,True,False,True,3,1586642.53,1067277.9100000001,12844.0,True,True
1303403,Parintins,AM,Sim,216.0,Sim,6.59,21.19,0.82,True,B,False,False,False,5,1655906.56,1268870.97,22175.0,True,True
1303502,Pauini,AM,,,Sim,,,,False,C,True,False,True,1,568344.44,69702.62,1869.0,True,True
1303536,Presidente Figueiredo,AM,Não,0.0,Sim,34.38,0.0,0.0,True,B+,False,False,False,7,6969483.28,479393.45,361.0,True,True
1303569,Rio Preto da Eva,AM,Sim,50.0,Sim,,,0.71,True,C,True,False,True,5,28418898.45,347175.25,40.0,True,True
1303601,Santa Isabel do Rio Negro,AM,Não,16.0,Não,,,0.91,True,C,True,False,True,5,1456471.33,2936545.37,4742.0,True,True
1303700,Santo Antônio do Içá,AM,Sim,700.0,Sim,25.0,0.0,13.36,True,C,True,False,True,3,42630.16,2387218.76,1824.0,True,True
1303809,São Gabriel da Cachoeira,AM,Sim,85.0,Sim,6.76,34.52,1.08,True,C,True,False,True,0,0.0,0.0,0.0,False,False
1303908,São Paulo de Olivença,AM,Não,0.0,Sim,,77.67,0.0,True,C,True,False,True,3,894634.46,1484623.06,2970.0,True,True
1303957,São Sebastião do Uatumã,AM,,,Não,,,,False,C,True,False,True,5,2737935.26,923240.64,266.0,True,True
1304005,Silves,AM,Não,0.0,Sim,,,0.0,True,C,True,False,True,2,1899199.5,804276.31,3137.0,True,True
1304062,Tabatinga,AM,Sim,0.0,Sim,17.95,0.0,0.0,True,A,False,False,False,3,6394741.58,3120639.06,1203.0,True,True
1304104,Tapauá,AM,Não,0.0,Sim,,,0.0,True,C,True,False,True,1,2413694.49,1162158.43,2293.0,True,True
1304203,Tefé,AM,Não,1730.0,Sim,1.41,0.0,9.47,True,B,False,False,False,7,9679095.1,9305495.4,13616.0,True,True
1304237,Tonantins,AM,Não,0.0,Sim,,0.0,0.0,True,C,True,False,True,3,1005461.96,2333008.4299999997,6629.0,True,True
1304260,Uarini,AM,,,Sim,,,,False,C,True,False,True,3,3369886.95,3114667.75,7415.0,True,True
1304302,Urucará,AM,Sim,33.0,Sim,,,0.88,True,C,True,False,True,1,0.0,0.0,1206.0,True,False
1304401,Urucurituba,AM,Não,1100.0,Sim,5.0,2.16,28.56,True,n.d.,False,True,True,3,647886.3500000001,1950871.9,4549.0,True,True
1400027,Amajari,RR,Não,0.0,Sim,4.23,0.0,0.0,True,n.d.,False,True,True,2,18.38,3063.02,83.0,True,True
1400050,Alto Alegre,RR,,,Não,,,,False,n.d.,False,True,True,0,0.0,0.0,0.0,False,False
1400100,Boa Vista,RR,Sim,244.0,Sim,27.61,25.45,0.16,True,A,False,False,False,1,0.0,0.0,70.0,True,False
1400159,Bonfim,RR,,,Não,,,,False,n.d.,False,True,True,2,911495.8,0.0,0.0,True,True
1400175,Cantá,RR,,,Não,,,,False,C,True,False,True,3,187660.9,65307.43,340.0,True,True
1400209,Caracaraí,RR,Sim,1286.0,Sim,30.56,0.0,28.04,True,C,True,False,True,3,1802660.0,5000000.0,350.0,True,True
1400233,Caroebe,RR,,,Não,,,,False,C,True,False,True,1,3217043.99,0.0,0.0,True,True
1400282,Iracema,RR,Não,5.0,Não,,0.0,0.29,True,n.e.,False,True,True,1,0.0,0.0,1.0,True,False
1400308,Mucajaí,RR,,,Não,,,,False,n.d.,False,True,True,0,0.0,0.0,0.0,False,False
1400407,Normandia,RR,Não,0.0,Não,,,0.0,True,C,True,False,True,2,1373625.99,2794538.88,40.0,True,True
1400456,Pacaraima,RR,Sim,0.0,Sim,,,0.0,True,C,True,False,True,3,6456265.74,8043868.62,0.0,True,True
1400472,Rorainópolis,RR,Não,3000.0,Não,35.71,0.0,28.11,True,C,True,False,True,2,75064.36,10723.48,76.0,True,True
1400506,São João da Baliza,RR,Não,33.0,Não,6.68,0.0,1.48,True,C,True,False,True,2,407492.24,0.0,0.0,True,True
1400605,São Luiz,RR,,,Não,,,,False,C,True,False,True,1,0.0,0.0,0.0,True,False
1400704,Uiramutã,RR,Não,0.0,Sim,,0.0,0.0,True,B,False,False,False,3,4235063.5,716351.06,72.0,True,True
1500107,Abaetetuba,PA,Sim,1300.0,Sim,25.0,0.0,3.71,True,C,True,False,True,3,11220943.42,204000.0,66.0,True,True
1500131,Abel Figueiredo,PA,Não,0.0,Não,11.11,18.15,0.0,True,C,True,False,True,0,0.0,0.0,0.0,False,False
1500206,Acará,PA,,,Sim,,,,False,n.e.,False,True,True,3,31682435.75,10569605.63,6444.0,True,True
1500305,Afuá,PA,Não,0.0,Não,,,0.0,True,C,True,False,True,0,0.0,0.0,0.0,False,False
1500347,Água Azul do Norte,PA,Sim,500.0,Sim,,0.0,14.48,True,B,False,False,False,5,5477263.16,9305897.73,5712.0,True,True
1500404,Alenquer,PA,Sim,800.0,Sim,,0.0,6.38,True,B,False,False,False,17,398899964.63,8051399.2700000005,4328.0,True,True
1500503,Almeirim,PA,Não,0.0,Sim,7.57,0.0,0.0,True,C,True,False,True,5,10880005.040000001,980376.4400000001,4204.0,True,True
1500602,Altamira,PA,Não,0.0,Sim,8.47,30.55,0.0,True,C,True,False,True,7,3125106.74,1427806.3900000001,993.0,True,True
1500701,Anajás,PA,Sim,543.0,Não,9.76,311.68,14.29,True,C,True,False,True,0,0.0,0.0,0.0,False,False
1500800,Ananindeua,PA,Não,10200.0,Sim,27.44,6.72,5.19,True,B,False,False,False,1,452396.76,491624.46,1480.0,True,True
1500859,Anapu,PA,,,Sim,,,,False,n.e.,False,True,True,4,4405355.029999999,2481280.09,1741.0,True,True
1500909,Augusto Corrêa,PA,Não,0.0,Não,33.33,0.0,0.0,True,A,False,False,False,0,0.0,0.0,0.0,False,False
1500958,Aurora do Pará,PA,Não,0.0,Não,,0.0,0.0,True,n.e.,False,True,True,6,717949.42,210095.23,68.0,True,True
1501006,Aveiro,PA,Sim,520.0,Sim,,,30.84,True,n.e.,False,True,True,4,6388702.84,10245369.35,8230.0,True,True
1501105,Bagre,PA,Não,650.0,Não,16.67,26.52,19.35,True,C,True,False,True,2,45149400.38,5407481.58,5761.0,True,True
1501204,Baião,PA,Não,0.0,Sim,,,0.0,True,C,True,False,True,5,87110390.98,18162510.580000002,11495.0,True,True
1501253,Bannach,PA,Não,0.0,Não,,0.0,0.0,True,C,True,False,True,4,28474174.93,4910705.0,80.0,True,True
1501303,Barcarena,PA,Sim,826.0,Sim,19.16,100.73,1.93,True,n.e.,False,True,True,1,0.0,0.0,0.0,True,False
1501402,Belém,PA,Sim,300.0,Sim,32.48,2.85,0.05,True,A,False,False,False,8,37089340.0,2917000.0,10596.0,True,True
1501451,Belterra,PA,Não,0.0,Sim,,,0.0,True,A,False,False,False,5,7684418.0,360366562.33,464.0,True,True
1501501,Benevides,PA,Sim,1000.0,Não,17.32,18.99,3.8,True,A,False,False,False,0,0.0,0.0,0.0,False,False
1501576,Bom Jesus do Tocantins,PA,Sim,350.0,Sim,,18.38,9.86,True,n.e.,False,True,True,6,8946074.61,4548024.23,3717.0,True,True
1501600,Bonito,PA,Não,15.0,Não,25.0,46.14,0.51,True,C,True,False,True,3,14510335.37,3875514.4,3059.0,True,True
1501709,Bragança,PA,Sim,359.0,Sim,53.42,0.0,1.06,True,C,True,False,True,1,375321.8,56834.44,2.0,True,True
1501725,Brasil Novo,PA,Não,0.0,Sim,78.18,0.0,0.0,True,A,False,False,False,0,0.0,0.0,0.0,False,False
1501758,Brejo Grande do Araguaia,PA,Não,0.0,Sim,,,0.0,True,C,True,False,True,0,0.0,0.0,0.0,False,False
1501782,Breu Branco,PA,Sim,100.0,Não,19.61,1.69,0.91,True,B,False,False,False,3,611955.51,2448472.58,1317.0,True,True
1501808,Breves,PA,Não,0.0,Sim,24.27,1219.18,0.0,True,B,False,False,False,8,0.0,0.0,0.0,True,False
1501907,Bujaru,PA,Sim,354.0,Não,,,10.52,True,B,False,False,False,3,24304299.14,3534381.17,4779.0,True,True
1501956,Cachoeira do Piriá,PA,,,Sim,,,,False,C,True,False,True,2,1351007.71,3573242.0700000003,2933.0,True,True
1502004,Cachoeira do Arari,PA,,,Sim,,,,False,n.d.,False,True,True,5,6616114.46,855169.6,654.0,True,True
1502103,Cametá,PA,Não,8983.0,Não,3.37,321.46,40.0,True,C,True,False,True,2,4986986.54,499997.4,14140.0,True,True
1502152,Canaã dos Carajás,PA,Não,0.0,Não,32.93,38.5,0.0,True,A,False,False,False,0,0.0,0.0,0.0,False,False
1502202,Capanema,PA,Não,222.0,Não,0.67,5.1,0.89,True,A,False,False,False,2,4024000.0,2984647.0,865.0,True,True
1502301,Capitão Poço,PA,Não,80.0,Sim,2.86,21.46,0.59,True,C,True,False,True,3,6199675.6,33935.71,701.0,True,True
1502400,Castanhal,PA,Não,0.0,Sim,10.97,36.44,0.0,True,C,True,False,True,8,7882323.99,331970.53,1000.0,True,True
1502509,Chaves,PA,,,Sim,,,,False,C,True,False,True,1,2671500.0,599100.0,0.0,True,True
1502608,Colares,PA,Não,80.0,Não,,0.0,3.43,True,C,True,False,True,2,889206.77,6522467.99,2719.0,True,True
1502707,Conceição do Araguaia,PA,Não,0.0,Não,3.77,0.0,0.0,True,C,True,False,True,0,0.0,0.0,0.0,False,False
1502756,Concórdia do Pará,PA,Não,250.0,Não,7.59,0.0,3.89,True,n.e.,False,True,True,4,73544600.28999999,6590340.86,6128.0,True,True
1502764,Cumaru do Norte,PA,Não,0.0,Não,,,0.0,True,n.d.,False,True,True,1,168000.0,1296910.0,0.0,True,True
1502772,Curionópolis,PA,Não,0.0,Não,25.48,0.0,0.0,True,n.e.,False,True,True,0,0.0,0.0,0.0,False,False
1502806,Curralinho,PA,Não,420.0,Não,,0.0,9.65,True,C,True,False,True,2,7353557.16,3783237.0700000003,10100.0,True,True
1502855,Curuá,PA,Não,0.0,Sim,,,0.0,True,B,False,False,False,6,7071922.9399999995,633304.13,2019.0,True,True
1502905,Curuçá,PA,Sim,0.0,Não,2.17,45.11,0.0,True,C,True,False,True,0,0.0,0.0,0.0,False,False
1502939,Dom Eliseu,PA,Não,0.0,Sim,28.57,19.03,0.0,True,C,True,False,True,6,14035048.2,11894775.41,2876.0,True,True
1502954,Eldorado do Carajás,PA,Não,116.0,Sim,,0.0,1.45,True,C,True,False,True,4,15080692.27,12159149.299999999,2767.0,True,True
1503002,Faro,PA,Não,0.0,Não,,0.0,0.0,True,C,True,False,True,3,1171661.07,629832.29,1251.0,True,True
1503044,Floresta do Araguaia,PA,Não,0.0,Não,,0.0,0.0,True,C,True,False,True,0,0.0,0.0,0.0,False,False
1503077,Garrafão do Norte,PA,Não,0.0,Não,,,0.0,True,C,True,False,True,2,1493500.0,2153395.99,1367.0,True,True
1503093,Goianésia do Pará,PA,Não,0.0,Não,22.22,0.0,0.0,True,C,True,False,True,3,17721890.08,14100942.53,5445.0,True,True
1503101,Gurupá,PA,Sim,1500.0,Sim,,,37.04,True,C,True,False,True,1,267419.05,633993.41,1382.0,True,True
1503200,Igarapé-Açu,PA,,,Não,,,,False,C,True,False,True,1,15837.12,44947.86,18.0,True,True
1503309,Igarapé-Miri,PA,,,Não,,,,False,n.d.,False,True,True,0,0.0,0.0,0.0,False,False
1503408,Inhangapi,PA,Não,0.0,Não,,,0.0,True,C,True,False,True,0,0.0,0.0,0.0,False,False
1503457,Ipixuna do Pará,PA,,,Sim,,,,False,C,True,False,True,4,4371182.18,765067.33,1180.0,True,True
1503507,Irituia,PA,Sim,0.0,Sim,,,0.0,True,C,True,False,True,4,19170974.37,2986848.17,2565.0,True,True
1503606,Itaituba,PA,Não,2221.0,Sim,,,5.25,True,C,True,False,True,3,4120804.79,806003.81,14216.0,True,True
1503705,Itupiranga,PA,Sim,230.0,Sim,12.77,1.17,2.07,True,C,True,False,True,6,17018971.85,1739929.64,4122.0,True,True
1503754,Jacareacanga,PA,Sim,970.0,Sim,33.27,0.0,25.02,True,C,True,False,True,7,3893226.35,8096069.54,9996.0,True,True
1503804,Jacundá,PA,Sim,15.0,Sim,1.37,0.0,0.11,True,C,True,False,True,2,483000.0,1521650.0,360.0,True,True
1503903,Juruti,PA,Não,0.0,Sim,,0.0,0.0,True,B,False,False,False,25,26759372.32,7879061.33,14083.0,True,True
1504000,Limoeiro do Ajuru,PA,Não,0.0,Não,15.38,1.07,0.0,True,B,False,False,False,2,835800.0,1729650.0,101.0,True,True
1504059,Mãe do Rio,PA,Não,300.0,Não,,,2.92,True,n.e.,False,True,True,3,845500.0,1152950.0,746.0,True,True
1504109,Magalhães Barata,PA,,,Não,,,,False,C,True,False,True,1,280902.39,106614.9,0.0,True,True
1504208,Marabá,PA,Sim,2000.0,Sim,34.12,0.0,1.95,True,A,False,False,False,7,624350.35,691127.06,15940.0,True,True
1504307,Maracanã,PA,Sim,480.0,Não,,0.0,10.9,True,C,True,False,True,10,27962807.52,2000270.49,5160.0,True,True
1504406,Marapanim,PA,Não,0.0,Não,15.24,0.0,0.0,True,n.e.,False,True,True,3,31094000.0,450000.0,4265.0,True,True
1504422,Marituba,PA,Sim,3000.0,Sim,55.0,5.04,6.18,True,C,True,False,True,0,0.0,0.0,0.0,False,False
1504455,Medicilândia,PA,,,Sim,,,,False,C,True,False,True,2,53592812.61,210105.78999999998,500.0,True,True
1504505,Melgaço,PA,,,Não,,,,False,n.d.,False,True,True,0,0.0,0.0,0.0,False,False
1504604,Mocajuba,PA,Não,0.0,Sim,,,0.0,True,n.e.,False,True,True,2,15855626.93,2845040.28,9379.0,True,True
1504703,Moju,PA,Não,0.0,Não,1.31,0.0,0.0,True,A,False,False,False,1,554299.18,52790.4,1800.0,True,True
1504752,Mojuí dos Campos,PA,,,Sim,,,,False,C,True,False,True,7,8568856.26,3383545.39,3940.0,True,True
1504802,Monte Alegre,PA,Sim,544.0,Sim,17.18,0.0,3.8,True,C,True,False,True,14,9418323.74,4722506.029999999,5370.0,True,True
1504901,Muaná,PA,Não,0.0,Não,,0.0,0.0,True,C,True,False,True,2,1903890.49,355014.62,1450.0,True,True
1504950,Nova Esperança do Piriá,PA,,,Sim,,,,False,C,True,False,True,1,1360000.0,1511350.0,387.0,True,True
1504976,Nova Ipixuna,PA,Sim,205.0,Sim,75.0,0.0,6.54,True,C,True,False,True,5,11044816.009999998,9585066.399999999,3921.0,True,True
1505007,Nova Timboteua,PA,,,Não,,,,False,C,True,False,True,0,0.0,0.0,0.0,False,False
1505031,Novo Progresso,PA,Sim,0.0,Sim,20.0,0.0,0.0,True,B,False,False,False,7,4099460.37,5791204.26,6653.0,True,True
1505064,Novo Repartimento,PA,Sim,0.0,Sim,23.53,0.0,0.0,True,B,False,False,False,4,15622752.620000001,1720716.94,1153.0,True,True
1505106,Óbidos,PA,Sim,300.0,Sim,2.83,27.55,2.44,True,C,True,False,True,19,57116583.08,16429077.06,6254.0,True,True
1505205,Oeiras do Pará,PA,,,Não,,,,False,C,True,False,True,2,4257599.76,4869303.38,2726.0,True,True
1505304,Oriximiná,PA,Não,0.0,Sim,45.0,20.36,0.0,True,C,True,False,True,50,11885843.47,8035653.999999999,14087.0,True,True
1505403,Ourém,PA,Sim,2000.0,Não,,0.18,44.88,True,C,True,False,True,3,22883781.31,272473.04,1313.0,True,True
1505437,Ourilândia do Norte,PA,,,Não,,,,False,A,False,False,False,3,1358136.98,1327534.97,6.0,True,True
1505486,Pacajá,PA,Não,350.0,Sim,28.59,0.0,4.13,True,C,True,False,True,6,7735634.720000001,6856945.07,4058.0,True,True
1505494,Palestina do Pará,PA,,,Sim,,,,False,n.d.,False,True,True,3,4042698.45,4206048.0,1262.0,True,True
1505502,Paragominas,PA,Sim,985.0,Sim,7.08,29.19,2.65,True,A,False,False,False,8,38119141.66,233785918.16000003,774.0,True,True
1505536,Parauapebas,PA,,,Sim,,,,False,A,False,False,False,18,800382.98,1278.4,542.0,True,True
1505551,Pau D Arco,PA,Não,0.0,Não,,,0.0,True,A,False,False,False,6,4305639.300000001,721163.1799999999,272.0,True,True
1505601,Peixe-Boi,PA,Não,0.0,Não,,0.0,0.0,True,C,True,False,True,0,0.0,0.0,0.0,False,False
1505635,Piçarra,PA,Não,0.0,Não,10.79,717.67,0.0,True,C,True,False,True,0,0.0,0.0,0.0,False,False
1505650,Placas,PA,Sim,494.0,Sim,33.33,0.0,13.82,True,B,False,False,False,4,6036690.85,4456744.5600000005,5542.0,True,True
1505700,Ponta de Pedras,PA,,,Sim,,,,False,C,True,False,True,2,5134955.41,269777.26,2453.0,True,True
1505809,Portel,PA,,,Não,,,,False,C,True,False,True,2,2100830.69,3089178.65,2043.0,True,True
1505908,Porto de Moz,PA,Sim,580.0,Sim,,0.0,10.01,True,C,True,False,True,4,103646275.30999999,13887239.66,13511.0,True,True
1506005,Prainha,PA,Não,250.0,Sim,,0.0,3.52,True,A,False,False,False,19,12433421.379999999,1075305.1,16409.0,True,True
1506104,Primavera,PA,Não,100.0,Não,4.76,0.0,3.39,True,C,True,False,True,0,0.0,0.0,0.0,False,False
1506112,Quatipuru,PA,Não,0.0,Não,,,0.0,True,n.e.,False,True,True,1,33580000.0,630848.0,929.0,True,True
1506138,Redenção,PA,Sim,60.0,Sim,5.59,1.52,0.17,True,B,False,False,False,4,1268690.79,120750.31,58.0,True,True
1506161,Rio Maria,PA,Não,150.0,Sim,21.93,0.0,2.33,True,C,True,False,True,5,8392378.51,272302.05,3659.0,True,True
1506187,Rondon do Pará,PA,Não,0.0,Sim,4.62,0.0,0.0,True,B,False,False,False,13,18927742.240000002,5985083.14,0.0,True,True
1506195,Rurópolis,PA,Sim,300.0,Sim,16.18,0.0,4.05,True,n.e.,False,True,True,7,7120796.31,11886231.620000001,15133.0,True,True
1506203,Salinópolis,PA,,,Sim,,,,False,C,True,False,True,0,0.0,0.0,0.0,False,False
1506302,Salvaterra,PA,Não,0.0,Sim,,,0.0,True,n.d.,False,True,True,7,54820382.17,50217611.13,4610.0,True,True
1506351,Santa Bárbara do Pará,PA,Não,0.0,Não,,,0.0,True,n.e.,False,True,True,0,0.0,0.0,0.0,False,False
1506401,Santa Cruz do Arari,PA,,,Sim,,,,False,n.e.,False,True,True,1,0.0,3103.86,150.0,True,True
1506500,Santa Izabel do Pará,PA,Não,0.0,Não,12.77,3.34,0.0,True,A,False,False,False,1,52790.4,10558.08,30.0,True,True
1506559,Santa Luzia do Pará,PA,,,Não,,,,False,C,True,False,True,4,957291.66,956110.47,23.0,True,True
1506583,Santa Maria das Barreiras,PA,Sim,1500.0,Sim,12.41,0.0,38.78,True,C,True,False,True,3,19569348.43,939441.94,0.0,True,True
1506609,Santa Maria do Pará,PA,Não,0.0,Não,,,0.0,True,n.e.,False,True,True,1,6025741.04,1467995.4,2200.0,True,True
1506708,Santana do Araguaia,PA,Não,0.0,Sim,,,0.0,True,A,False,False,False,3,1429407.68,1429407.68,71.0,True,True
1506807,Santarém,PA,Sim,16597.0,Sim,7.08,31.71,16.24,True,A,False,False,False,20,1233963.71,1643800.1800000002,8061.0,True,True
1506906,Santarém Novo,PA,Não,0.0,Não,,0.0,0.0,True,C,True,False,True,1,9910000.0,130000.0,370.0,True,True
1507003,Santo Antônio do Tauá,PA,Não,2000.0,Sim,5.71,0.0,22.67,True,C,True,False,True,1,8200000.0,3350000.0,350.0,True,True
1507102,São Caetano de Odivelas,PA,Não,0.0,Não,18.5,7.61,0.0,True,C,True,False,True,2,459452.47,86785.47,0.0,True,True
1507151,São Domingos do Araguaia,PA,Não,50.0,Não,9.18,0.0,0.81,True,C,True,False,True,4,12969745.9,267557.92,2336.0,True,True
1507201,São Domingos do Capim,PA,Não,0.0,Sim,,,0.0,True,B,False,False,False,2,53540000.0,12686000.0,2080.0,True,True
1507300,São Félix do Xingu,PA,Sim,185.0,Sim,0.95,0.0,1.16,True,C,True,False,True,6,8405011.530000001,7499964.77,11220.0,True,True
1507409,São Francisco do Pará,PA,,,Não,,,,False,C,True,False,True,0,0.0,0.0,0.0,False,False
1507458,São Geraldo do Araguaia,PA,Sim,2156.0,Sim,,,30.57,True,A,False,False,False,6,10127460.86,5537088.12,2865.0,True,True
1507466,São João da Ponta,PA,,,Não,,,,False,n.d.,False,True,True,0,0.0,0.0,0.0,False,False
1507474,São João de Pirabas,PA,Sim,50.0,Sim,69.57,9.68,0.89,True,C,True,False,True,0,0.0,0.0,0.0,False,False
1507508,São João do Araguaia,PA,Não,0.0,Sim,,,0.0,True,n.d.,False,True,True,4,9874713.91,6753027.210000001,2463.0,True,True
1507607,São Miguel do Guamá,PA,Não,39.0,Sim,14.35,3.01,0.26,True,B,False,False,False,6,2748103.53,7443781.66,10194.0,True,True
1507706,São Sebastião da Boa Vista,PA,Não,0.0,Não,25.91,14.11,0.0,True,B,False,False,False,0,0.0,0.0,0.0,False,False
1507755,Sapucaia,PA,Não,15.0,Não,18.18,19.92,0.85,True,C,True,False,True,1,820000.0,780000.0,220.0,True,True
1507805,Senador José Porfírio,PA,,,Sim,,,,False,C,True,False,True,3,3118236.94,895641.48,3140.0,True,True
1507904,Soure,PA,Não,0.0,Sim,,0.43,0.0,True,B,False,False,False,1,5202432.64,147707.12,0.0,True,True
1507953,Tailândia,PA,,,Não,,,,False,D,True,False,True,0,0.0,0.0,0.0,False,False
1507961,Terra Alta,PA,Não,70.0,Não,,0.0,2.55,True,C,True,False,True,2,15106809.1,9893809.1,5623.0,True,True
1507979,Terra Santa,PA,Não,86.0,Sim,4.69,0.0,1.52,True,B,False,False,False,8,7977956.09,60572077.11,3347.0,True,True
1508001,Tomé-Açu,PA,Não,0.0,Sim,,0.0,0.0,True,B,False,False,False,2,2835278.75,2351457.0,1389.0,True,True
1508035,Tracuateua,PA,Não,0.0,Não,,,0.0,True,C,True,False,True,0,0.0,0.0,0.0,False,False
1508050,Trairão,PA,Não,250.0,Sim,20.4,2.78,6.75,True,B,False,False,False,4,3794731.5700000003,7474339.51,4565.0,True,True
1508084,Tucumã,PA,Não,200.0,Sim,2.98,0.0,1.49,True,A,False,False,False,9,8399320.43,246300.97,957.0,True,True
1508100,Tucuruí,PA,,,Sim,,,,False,C,True,False,True,5,16461446.83,1176074.38,5644.0,True,True
1508126,Ulianópolis,PA,Sim,513.0,Não,5.45,0.0,6.4,True,B,False,False,False,5,51026549.809999995,2937824.3,704.0,True,True
1508159,Uruará,PA,Não,100.0,Sim,,,0.83,True,C,True,False,True,4,18453100.0,12455373.98,2485.0,True,True
1508209,Vigia,PA,,,Sim,,,,False,n.e.,False,True,True,1,12425000.0,950000.0,2240.0,True,True
1508308,Viseu,PA,Sim,100.0,Sim,34.22,0.0,0.95,True,C,True,False,True,1,0.0,0.0,0.0,True,False
1508357,Vitória do Xingu,PA,Sim,150.0,Sim,95.89,163.95,3.77,True,C,True,False,True,10,13512948.85,12876284.569999998,920.0,True,True
1508407,Xinguara,PA,Sim,100.0,Não,0.59,0.0,0.51,True,B,False,False,False,7,1340033.25,769634.74,2278.0,True,True
1600055,Serra do Navio,AP,Não,0.0,Sim,37.5,0.0,0.0,True,n.d.,False,True,True,0,0.0,0.0,0.0,False,False
1600105,Amapá,AP,Não,14.0,Sim,8.33,42.61,0.64,True,n.e.,False,True,True,1,0.0,500000.0,0.0,True,True
1600154,Pedra Branca do Amapari,AP,Sim,40.0,Sim,14.3,361.48,1.14,True,C,True,False,True,1,428939.2,47183.31,47.0,True,True
1600204,Calçoene,AP,Não,0.0,Sim,,,0.0,True,,,,,4,1607879.46,2361353.94,291.0,True,True
1600212,Cutias,AP,Não,0.0,Sim,7.14,0.0,0.0,True,n.d.,False,True,True,0,0.0,0.0,0.0,False,False
1600238,Ferreira Gomes,AP,Não,150.0,Sim,7.41,0.0,7.37,True,n.e.,False,True,True,0,0.0,0.0,0.0,False,False
1600253,Itaubal,AP,Não,0.0,Não,,,0.0,True,n.e.,False,True,True,0,0.0,0.0,0.0,False,False
1600279,Laranjal do Jari,AP,Sim,6000.0,Sim,18.9,0.0,45.01,True,n.e.,False,True,True,2,81766.53,134894.41,388.0,True,True
1600303,Macapá,AP,Não,1343.0,Sim,0.91,42.25,0.87,True,A,False,False,False,7,10506809.670000002,275671.48,2092.0,True,True
1600402,Mazagão,AP,Não,10.0,Não,83.33,0.0,0.24,True,C,True,False,True,1,197601.5,0.0,0.0,True,True
1600501,Oiapoque,AP,Não,0.0,Sim,,0.0,0.0,True,n.d.,False,True,True,1,51050.27,0.0,0.0,True,True
1600535,Porto Grande,AP,Sim,10.0,Sim,1.0,0.0,0.18,True,C,True,False,True,0,0.0,0.0,0.0,False,False
1600550,Pracuúba,AP,,,Sim,,,,False,C,True,False,True,1,1500000.0,1300000.0,425.0,True,True
1600600,Santana,AP,Não,0.0,Sim,22.61,2.86,0.0,True,C,True,False,True,1,414963.16,0.0,882.0,True,True
1600709,Tartarugalzinho,AP,Não,0.0,Sim,37.04,0.0,0.0,True,C,True,False,True,3,1500000.0,1300000.0,774.0,True,True
1600808,Vitória do Jari,AP,Sim,3119.0,Sim,,,92.58,True,C,True,False,True,3,4893336.93,1122361.18,1931.0,True,True
1700251,Abreulândia,TO,Não,0.0,Não,,0.0,0.0,True,C,True,False,True,1,0.0,0.0,0.0,True,False
1700301,Aguiarnópolis,TO,Não,0.0,Não,,0.0,0.0,True,B,False,False,False,1,0.0,0.0,0.0,True,False
1700350,Aliança do Tocantins,TO,Não,0.0,Não,,12.46,0.0,True,C,True,False,True,1,0.0,0.0,0.0,True,False
1700400,Almas,TO,Não,0.0,Não,,0.0,0.0,True,n.e.,False,True,True,1,0.0,0.0,0.0,True,False
1700707,Alvorada,TO,Não,0.0,Não,,0.0,0.0,True,A,False,False,False,1,0.0,0.0,0.0,True,False
1701002,Ananás,TO,Não,0.0,Sim,,0.0,0.0,True,C,True,False,True,1,0.0,0.0,0.0,True,False
1701051,Angico,TO,Sim,0.0,Não,,24.7,0.0,True,B,False,False,False,1,0.0,0.0,0.0,True,False
1701101,Aparecida do Rio Negro,TO,Não,0.0,Não,8.0,8.72,0.0,True,A,False,False,False,1,0.0,0.0,0.0,True,False
1701309,Aragominas,TO,Não,0.0,Não,,,0.0,True,n.e.,False,True,True,1,0.0,0.0,0.0,True,False
1701903,Araguacema,TO,Não,0.0,Não,,34.78,0.0,True,n.d.,False,True,True,1,0.0,0.0,0.0,True,False
1702000,Araguaçu,TO,,,Não,,,,False,C,True,False,True,1,0.0,0.0,0.0,True,False
1702109,Araguaína,TO,Sim,50.0,Sim,51.39,412.31,0.07,True,A,False,False,False,2,0.0,0.0,0.0,True,False
1702158,Araguanã,TO,Não,210.0,Sim,50.52,189.37,16.36,True,n.e.,False,True,True,2,439263.05000000005,0.0,354.0,True,True
1702208,Araguatins,TO,Não,0.0,Sim,,,0.0,True,B,False,False,False,1,0.0,0.0,0.0,True,False
1702307,Arapoema,TO,Não,0.0,Não,,0.0,0.0,True,B,False,False,False,1,0.0,0.0,0.0,True,False
1702406,Arraias,TO,Não,60.0,Não,,2.75,1.57,True,B,False,False,False,1,0.0,0.0,0.0,True,False
1702554,Augustinópolis,TO,Não,0.0,Sim,,,0.0,True,B,False,False,False,1,0.0,0.0,0.0,True,False
1702703,Aurora do Tocantins,TO,Não,0.0,Não,,0.0,0.0,True,C,True,False,True,1,0.0,0.0,0.0,True,False
1702901,Axixá do Tocantins,TO,,,Não,,,,False,C,True,False,True,1,0.0,0.0,0.0,True,False
1703008,Babaçulândia,TO,Não,0.0,Não,0.81,0.0,0.0,True,B,False,False,False,1,0.0,0.0,0.0,True,False
1703057,Bandeirantes do Tocantins,TO,,,Não,,,,False,B,False,False,False,1,0.0,0.0,0.0,True,False
1703073,Barra do Ouro,TO,Não,0.0,Não,,0.0,0.0,True,C,True,False,True,1,0.0,0.0,0.0,True,False
1703107,Barrolândia,TO,Não,0.0,Não,,0.0,0.0,True,C,True,False,True,1,0.0,0.0,0.0,True,False
1703206,Bernardo Sayão,TO,Não,0.0,Não,,0.0,0.0,True,A,False,False,False,1,0.0,0.0,0.0,True,False
1703305,Bom Jesus do Tocantins,TO,Não,0.0,Não,,0.0,0.0,True,C,True,False,True,1,0.0,0.0,0.0,True,False
1703602,Brasilândia do Tocantins,TO,Não,0.0,Não,,0.0,0.0,True,A,False,False,False,1,0.0,0.0,0.0,True,False
1703701,Brejinho de Nazaré,TO,Não,0.0,Não,,,0.0,True,C,True,False,True,1,0.0,0.0,0.0,True,False
1703800,Buriti do Tocantins,TO,Não,0.0,Não,,,0.0,True,A,False,False,False,1,0.0,0.0,0.0,True,False
1703826,Cachoeirinha,TO,Não,0.0,Não,49.93,136.54,0.0,True,n.d.,False,True,True,1,0.0,0.0,0.0,True,False
1703842,Campos Lindos,TO,Não,0.0,Não,,,0.0,True,B,False,False,False,1,0.0,0.0,0.0,True,False
1703867,Cariri do Tocantins,TO,,,Não,,,,False,n.e.,False,True,True,1,0.0,0.0,0.0,True,False
1703883,Carmolândia,TO,,,Não,,,,False,C,True,False,True,1,0.0,0.0,0.0,True,False
1703891,Carrasco Bonito,TO,Não,0.0,Sim,,13.05,0.0,True,C,True,False,True,2,0.0,0.0,150.0,True,False
1703909,Caseara,TO,Não,0.0,Sim,50.9,0.0,0.0,True,C,True,False,True,1,0.0,0.0,0.0,True,False
1704105,Centenário,TO,Não,0.0,Não,,,0.0,True,B,False,False,False,1,0.0,0.0,0.0,True,False
1704600,Chapada de Areia,TO,Não,0.0,Não,,0.0,0.0,True,n.e.,False,True,True,1,0.0,0.0,0.0,True,False
1705102,Chapada da Natividade,TO,Não,0.0,Não,,,0.0,True,n.e.,False,True,True,1,0.0,0.0,0.0,True,False
1705508,Colinas do Tocantins,TO,Não,0.0,Não,3.42,0.0,0.0,True,A,False,False,False,1,0.0,0.0,0.0,True,False
1705557,Combinado,TO,Não,0.0,Não,,0.0,0.0,True,C,True,False,True,1,0.0,0.0,0.0,True,False
1705607,Conceição do Tocantins,TO,Não,0.0,Não,52.46,0.0,0.0,True,B,False,False,False,1,0.0,0.0,0.0,True,False
1706001,Couto Magalhães,TO,,,Não,,,,False,C,True,False,True,1,0.0,0.0,0.0,True,False
1706100,Cristalândia,TO,Não,0.0,Não,,4.38,0.0,True,C,True,False,True,1,0.0,0.0,0.0,True,False
1706258,Crixás do Tocantins,TO,Não,0.0,Não,,0.0,0.0,True,n.e.,False,True,True,1,0.0,0.0,0.0,True,False
1706506,Darcinópolis,TO,,,Não,,,,False,B,False,False,False,1,0.0,0.0,0.0,True,False
1707009,Dianópolis,TO,Não,0.0,Não,5.21,0.0,0.0,True,B+,False,False,False,1,0.0,0.0,0.0,True,False
1707108,Divinópolis do Tocantins,TO,Não,0.0,Não,15.19,0.0,0.0,True,A,False,False,False,1,0.0,0.0,0.0,True,False
1707207,Dois Irmãos do Tocantins,TO,Não,0.0,Não,18.01,0.0,0.0,True,A,False,False,False,2,0.0,0.0,1.0,True,False
1707306,Dueré,TO,Não,0.0,Não,50.0,0.0,0.0,True,C,True,False,True,1,0.0,0.0,0.0,True,False
1707405,Esperantina,TO,,,Sim,,,,False,C,True,False,True,1,0.0,0.0,0.0,True,False
1707553,Fátima,TO,Não,0.0,Não,,0.0,0.0,True,B,False,False,False,1,0.0,0.0,0.0,True,False
1707652,Figueirópolis,TO,Não,0.0,Não,,0.0,0.0,True,n.d.,False,True,True,1,0.0,0.0,0.0,True,False
1707702,Filadélfia,TO,Não,0.0,Não,6.26,23.05,0.0,True,n.d.,False,True,True,1,0.0,0.0,0.0,True,False
1708205,Formoso do Araguaia,TO,,,Sim,,,,False,B,False,False,False,4,20869792.89,1082265.82,12.0,True,True
1708254,Tabocão,TO,Não,0.0,Não,61.73,0.0,0.0,True,C,True,False,True,1,0.0,0.0,0.0,True,False
1708304,Goianorte,TO,,,Não,,,,False,C,True,False,True,1,0.0,0.0,0.0,True,False
1709005,Goiatins,TO,,,Sim,,,,False,B,False,False,False,1,0.0,0.0,0.0,True,False
1709302,Guaraí,TO,Não,9.0,Não,,0.0,0.09,True,C,True,False,True,2,500000.0,0.0,0.0,True,True
1709500,Gurupi,TO,Não,0.0,Não,2.54,0.0,0.0,True,A,False,False,False,1,0.0,0.0,0.0,True,False
1709807,Ipueiras,TO,Não,0.0,Não,1.57,53.12,0.0,True,C,True,False,True,1,0.0,0.0,0.0,True,False
1710508,Itacajá,TO,Não,0.0,Não,3.0,0.0,0.0,True,C,True,False,True,2,73906.56,232805.66,0.0,True,True
1710706,Itaguatins,TO,Não,0.0,Sim,,,0.0,True,n.d.,False,True,True,2,1332412.16,1332412.16,56.0,True,True
1710904,Itapiratins,TO,Não,0.0,Não,,0.0,0.0,True,B+,False,False,False,1,0.0,0.0,0.0,True,False
1711100,Itaporã do Tocantins,TO,Não,0.0,Não,4.75,0.0,0.0,True,C,True,False,True,1,0.0,0.0,0.0,True,False
1711506,Jaú do Tocantins,TO,Não,0.0,Não,,0.0,0.0,True,n.d.,False,True,True,1,0.0,0.0,0.0,True,False
1711803,Juarina,TO,Não,0.0,Não,,,0.0,True,C,True,False,True,2,0.0,0.0,0.0,True,False
1711902,Lagoa da Confusão,TO,Não,0.0,Sim,,,0.0,True,C,True,False,True,2,0.0,0.0,20.0,True,False
1711951,Lagoa do Tocantins,TO,,,Não,,,,False,B,False,False,False,1,0.0,0.0,0.0,True,False
1712009,Lajeado,TO,Sim,120.0,Não,0.58,0.0,9.13,True,B,False,False,False,1,0.0,0.0,0.0,True,False
1712157,Lavandeira,TO,Não,0.0,Não,,0.0,0.0,True,B,False,False,False,1,0.0,0.0,0.0,True,False
1712405,Lizarda,TO,,,Não,,,,False,C,True,False,True,1,0.0,0.0,0.0,True,False
1712454,Luzinópolis,TO,,,Não,,,,False,n.d.,False,True,True,1,0.0,0.0,0.0,True,False
1712504,Marianópolis do Tocantins,TO,Não,0.0,Não,4.35,0.0,0.0,True,C,True,False,True,1,0.0,0.0,0.0,True,False
1712702,Mateiros,TO,Não,0.0,Não,0.93,30.66,0.0,True,C,True,False,True,1,0.0,0.0,0.0,True,False
1712801,Maurilândia do Tocantins,TO,Não,0.0,Não,9.49,0.0,0.0,True,B,False,False,False,1,2552513.72,0.0,0.0,True,True
1713205,Miracema do Tocantins,TO,Não,0.0,Não,,0.0,0.0,True,A,False,False,False,2,214469.6,0.0,134.0,True,True
1713304,Miranorte,TO,Não,0.0,Não,8.98,0.19,0.0,True,B,False,False,False,1,0.0,0.0,0.0,True,False
1713601,Monte do Carmo,TO,Não,0.0,Não,,7.07,0.0,True,C,True,False,True,1,0.0,0.0,0.0,True,False
1713700,Monte Santo do Tocantins,TO,,,Não,,,,False,C,True,False,True,1,0.0,0.0,0.0,True,False
1713809,Palmeiras do Tocantins,TO,Não,0.0,Não,,,0.0,True,B,False,False,False,2,306301.65,306301.65,0.0,True,True
1713957,Muricilândia,TO,Não,0.0,Não,,,0.0,True,n.e.,False,True,True,1,0.0,0.0,0.0,True,False
1714203,Natividade,TO,Não,0.0,Não,43.55,0.0,0.0,True,B,False,False,False,1,0.0,0.0,0.0,True,False
1714302,Nazaré,TO,,,Não,,,,False,B,False,False,False,1,0.0,0.0,0.0,True,False
1714880,Nova Olinda,TO,Não,0.0,Não,6.71,118.8,0.0,True,A,False,False,False,1,0.0,0.0,0.0,True,False
1715002,Nova Rosalândia,TO,Não,0.0,Não,23.53,0.0,0.0,True,A+,False,False,False,1,0.0,0.0,0.0,True,False
1715101,Novo Acordo,TO,Não,0.0,Não,0.3,108.92,0.0,True,B,False,False,False,1,0.0,0.0,0.0,True,False
1715150,Novo Alegre,TO,Não,0.0,Não,,,0.0,True,C,True,False,True,1,0.0,0.0,0.0,True,False
1715259,Novo Jardim,TO,Não,0.0,Não,,0.0,0.0,True,B,False,False,False,1,0.0,0.0,0.0,True,False
1715507,Oliveira de Fátima,TO,Não,0.0,Não,,5.33,0.0,True,B,False,False,False,1,0.0,0.0,0.0,True,False
1715705,Palmeirante,TO,,,Não,,,,False,C,True,False,True,1,0.0,0.0,0.0,True,False
1715754,Palmeirópolis,TO,Não,0.0,Não,,,0.0,True,n.d.,False,True,True,1,0.0,0.0,0.0,True,False
1716109,Paraíso do Tocantins,TO,Não,0.0,Não,49.96,0.0,0.0,True,A,False,False,False,1,0.0,0.0,0.0,True,False
1716208,Paranã,TO,Não,0.0,Sim,,,0.0,True,C,True,False,True,2,811142.26,0.0,36.0,True,True
1716307,Pau D Arco,TO,Não,0.0,Não,,0.0,0.0,True,B,False,False,False,1,0.0,0.0,0.0,True,False
1716505,Pedro Afonso,TO,Não,0.0,Não,42.31,4.22,0.0,True,A,False,False,False,2,643408.8,0.0,30.0,True,True
1716604,Peixe,TO,Sim,113.0,Não,1.42,74.95,4.27,True,B,False,False,False,1,0.0,0.0,0.0,True,False
1716653,Pequizeiro,TO,Não,0.0,Não,,,0.0,True,B,False,False,False,1,0.0,0.0,0.0,True,False
1716703,Colméia,TO,Não,0.0,Não,,0.0,0.0,True,B,False,False,False,1,0.0,0.0,0.0,True,False
1717008,Pindorama do Tocantins,TO,Não,0.0,Não,,0.0,0.0,True,A,False,False,False,1,0.0,0.0,0.0,True,False
1717206,Piraquê,TO,Não,30.0,Não,,0.0,5.65,True,B+,False,False,False,1,0.0,0.0,0.0,True,False
1717503,Pium,TO,Não,0.0,Sim,,86.23,0.0,True,C,True,False,True,2,214469.6,9651131.98,100.0,True,True
1717800,Ponte Alta do Bom Jesus,TO,Não,0.0,Não,,,0.0,True,C,True,False,True,1,0.0,0.0,0.0,True,False
1717909,Ponte Alta do Tocantins,TO,Não,0.0,Não,,,0.0,True,C,True,False,True,1,0.0,0.0,0.0,True,False
1718006,Porto Alegre do Tocantins,TO,Não,360.0,Não,,,38.67,True,C,True,False,True,1,0.0,0.0,0.0,True,False
1718204,Porto Nacional,TO,Não,25.0,Não,3.73,15.36,0.09,True,C,True,False,True,1,0.0,0.0,0.0,True,False
1718303,Praia Norte,TO,,,Sim,,,,False,C,True,False,True,2,3573519.21,2960915.92,803.0,True,True
1718402,Presidente Kennedy,TO,Não,0.0,Não,5.88,0.0,0.0,True,B,False,False,False,1,0.0,0.0,0.0,True,False
1718451,Pugmil,TO,Não,0.0,Não,,,0.0,True,C,True,False,True,1,0.0,0.0,0.0,True,False
1718501,Recursolândia,TO,Não,20.0,Não,,,2.79,True,B,False,False,False,1,1735709.33,30630.16,0.0,True,True
1718550,Riachinho,TO,,,Não,,,,False,n.e.,False,True,True,1,0.0,0.0,0.0,True,False
1718659,Rio da Conceição,TO,Não,0.0,Não,,,0.0,True,C,True,False,True,1,0.0,0.0,0.0,True,False
1718709,Rio dos Bois,TO,Não,0.0,Não,,,0.0,True,C,True,False,True,2,0.0,0.0,90.0,True,False
1718758,Rio Sono,TO,,,Não,,,,False,C,True,False,True,1,0.0,0.0,0.0,True,False
1718808,Sampaio,TO,,,Não,,,,False,A,False,False,False,1,0.0,0.0,0.0,True,False
1718840,Sandolândia,TO,Não,0.0,Não,,0.0,0.0,True,C,True,False,True,1,0.0,0.0,0.0,True,False
1718865,Santa Fé do Araguaia,TO,Não,0.0,Não,35.48,0.0,0.0,True,B,False,False,False,1,0.0,0.0,0.0,True,False
1718881,Santa Maria do Tocantins,TO,Não,0.0,Não,55.56,3.21,0.0,True,B,False,False,False,1,0.0,0.0,0.0,True,False
1718899,Santa Rita do Tocantins,TO,Não,0.0,Não,,0.0,0.0,True,B,False,False,False,1,0.0,0.0,0.0,True,False
1718907,Santa Rosa do Tocantins,TO,Não,0.0,Não,4.48,0.29,0.0,True,B,False,False,False,1,0.0,0.0,0.0,True,False
1719004,Santa Tereza do Tocantins,TO,Não,0.0,Não,50.0,0.0,0.0,True,C,True,False,True,1,0.0,0.0,0.0,True,False
1720002,Santa Terezinha do Tocantins,TO,Não,0.0,Não,,0.0,0.0,True,A,False,False,False,1,0.0,0.0,0.0,True,False
1720101,São Bento do Tocantins,TO,Sim,0.0,Não,,6.35,0.0,True,C,True,False,True,1,0.0,0.0,0.0,True,False
1720150,São Félix do Tocantins,TO,Não,0.0,Não,,,0.0,True,A,False,False,False,1,0.0,0.0,0.0,True,False
1720200,São Miguel do Tocantins,TO,,,Sim,,,,False,A,False,False,False,3,4358188.83,162522.37,4223.0,True,True
1720259,São Salvador do Tocantins,TO,Sim,350.0,Não,,0.0,46.67,True,B,False,False,False,1,0.0,0.0,0.0,True,False
1720309,São Sebastião do Tocantins,TO,,,Não,,,,False,C,True,False,True,2,0.0,0.0,129.0,True,False
1720499,São Valério,TO,,,Não,,,,False,C,True,False,True,1,0.0,0.0,0.0,True,False
1720655,Silvanópolis,TO,Não,0.0,Não,,,0.0,True,n.d.,False,True,True,1,0.0,0.0,0.0,True,False
1720804,Sítio Novo do Tocantins,TO,Não,20.0,Não,13.0,0.0,0.98,True,C,True,False,True,1,0.0,0.0,0.0,True,False
1720853,Sucupira,TO,Não,0.0,Não,,0.0,0.0,True,n.d.,False,True,True,1,0.0,0.0,0.0,True,False
1720903,Taguatinga,TO,Não,0.0,Não,,0.0,0.0,True,C,True,False,True,1,0.0,0.0,0.0,True,False
1720937,Taipas do Tocantins,TO,Não,0.0,Não,,7.25,0.0,True,B,False,False,False,1,0.0,0.0,0.0,True,False
1720978,Talismã,TO,,,Não,,,,False,C,True,False,True,1,0.0,0.0,0.0,True,False
1721000,Palmas,TO,Sim,0.0,Não,72.63,6.74,0.0,True,B+,False,False,False,1,0.0,0.0,0.0,True,False
1721109,Tocantínia,TO,Não,0.0,Não,50.0,53.27,0.0,True,B,False,False,False,1,0.0,0.0,0.0,True,False
1721208,Tocantinópolis,TO,Não,150.0,Sim,20.0,0.0,2.11,True,B,False,False,False,1,0.0,0.0,0.0,True,False
1721257,Tupirama,TO,,,Não,,,,False,n.e.,False,True,True,1,7147.04,0.0,52.0,True,True
1721307,Tupiratins,TO,Não,0.0,Não,,0.0,0.0,True,C,True,False,True,1,0.0,0.0,0.0,True,False
1722081,Wanderlândia,TO,Não,0.0,Não,,0.0,0.0,True,C,True,False,True,1,0.0,0.0,0.0,True,False
1722107,Xambioá,TO,,,Sim,,,,False,B,False,False,False,1,0.0,0.0,0.0,True,False
2100055,Açailândia,MA,Sim,100.0,Sim,30.92,0.0,0.25,True,B,False,False,False,3,26985876.09,3335863.15,129.0,True,True
2100105,Afonso Cunha,MA,,,Sim,,,,False,C,True,False,True,3,6350000.0,63348.48,1105.0,True,True
2100154,Água Doce do Maranhão,MA,Não,0.0,Não,,0.0,0.0,True,C,True,False,True,0,0.0,0.0,0.0,False,False
2100204,Alcântara,MA,,,Não,,,,False,C,True,False,True,0,0.0,0.0,0.0,False,False
2100303,Aldeias Altas,MA,Não,0.0,Sim,0.85,43.95,0.0,True,B,False,False,False,0,0.0,0.0,0.0,False,False
2100402,Altamira do Maranhão,MA,Não,0.0,Não,,,0.0,True,C,True,False,True,0,0.0,0.0,0.0,False,False
2100436,Alto Alegre do Maranhão,MA,Não,72.0,Sim,,,0.95,True,B,False,False,False,0,0.0,0.0,0.0,False,False
2100477,Alto Alegre do Pindaré,MA,Sim,364.0,Sim,100.0,11.33,6.54,True,C,True,False,True,3,77600.0,0.0,1694.0,True,True
2100501,Alto Parnaíba,MA,Não,0.0,Sim,,,0.0,True,C,True,False,True,0,0.0,0.0,0.0,False,False
2100550,Amapá do Maranhão,MA,,,Não,,,,False,A,False,False,False,0,0.0,0.0,0.0,False,False
2100600,Amarante do Maranhão,MA,,,Não,,,,False,C,True,False,True,0,0.0,0.0,0.0,False,False
2100709,Anajatuba,MA,Não,0.0,Não,3.75,100.1,0.0,True,B,False,False,False,0,0.0,0.0,0.0,False,False
2100808,Anapurus,MA,Não,0.0,Sim,,,0.0,True,C,True,False,True,1,5870168.96,0.0,436.0,True,True
2100832,Apicum-Açu,MA,Não,0.0,Sim,,0.0,0.0,True,B,False,False,False,0,0.0,0.0,0.0,False,False
2100873,Araguanã,MA,,,Não,,,,False,C,True,False,True,0,0.0,0.0,0.0,False,False
2100907,Araioses,MA,Não,180.0,Sim,0.86,0.0,4.1,True,B,False,False,False,0,0.0,0.0,0.0,False,False
2100956,Arame,MA,Sim,911.0,Sim,0.65,0.0,21.77,True,C,True,False,True,3,36836269.53,1445896.7,2188.0,True,True
2101004,Arari,MA,Não,50.0,Sim,5.33,0.0,0.77,True,A,False,False,False,5,18949549.16,1707053.87,3787.0,True,True
2101103,Axixá,MA,,,Não,,,,False,C,True,False,True,0,0.0,0.0,0.0,False,False
2101202,Bacabal,MA,Sim,2000.0,Sim,18.75,5.8,6.12,True,C,True,False,True,2,0.0,0.0,2815.0,True,False
2101251,Bacabeira,MA,Sim,50.0,Não,,,1.03,True,A,False,False,False,0,0.0,0.0,0.0,False,False
2101301,Bacuri,MA,,,Sim,,,,False,C,True,False,True,1,2580000.0,600000.0,4610.0,True,True
2101350,Bacurituba,MA,,,Não,,,,False,A,False,False,False,1,1673455.63,940724.9,56.0,True,True
2101400,Balsas,MA,Não,600.0,Sim,,,1.77,True,B,False,False,False,0,0.0,0.0,0.0,False,False
2101509,Barão de Grajaú,MA,,,Não,,,,False,n.d.,False,True,True,0,0.0,0.0,0.0,False,False
2101608,Barra do Corda,MA,,,Sim,,,,False,C,True,False,True,7,21440682.65,973539.98,4560.0,True,True
2101707,Barreirinhas,MA,Não,0.0,Sim,2.94,0.0,0.0,True,B,False,False,False,5,147329.12,90954.69,946.0,True,True
2101731,Belágua,MA,,,Não,,,,False,C,True,False,True,0,0.0,0.0,0.0,False,False
2101772,Bela Vista do Maranhão,MA,,,Sim,,,,False,B,False,False,False,0,0.0,0.0,0.0,False,False
2101806,Benedito Leite,MA,Não,0.0,Sim,2.15,0.0,0.0,True,B,False,False,False,0,0.0,0.0,0.0,False,False
2101905,Bequimão,MA,Não,8.0,Não,31.07,7.51,0.32,True,C,True,False,True,0,0.0,0.0,0.0,False,False
2101939,Bernardo do Mearim,MA,,,Sim,,,,False,C,True,False,True,0,0.0,0.0,0.0,False,False
2101970,Boa Vista do Gurupi,MA,Sim,112.0,Sim,,,4.77,True,B,False,False,False,3,1542531.1400000001,396637.43,1749.0,True,True
2102002,Bom Jardim,MA,Não,10.0,Sim,22.22,29.93,0.15,True,C,True,False,True,2,10494899.690000001,6734915.720000001,380.0,True,True
2102036,Bom Jesus das Selvas,MA,Não,0.0,Não,1.29,0.0,0.0,True,C,True,False,True,0,0.0,0.0,0.0,False,False
2102077,Bom Lugar,MA,Não,0.0,Não,,76.14,0.0,True,C,True,False,True,0,0.0,0.0,0.0,False,False
2102101,Brejo,MA,,,Sim,,,,False,n.d.,False,True,True,0,0.0,0.0,0.0,False,False
2102150,Brejo de Areia,MA,,,Não,,,,False,C,True,False,True,0,0.0,0.0,0.0,False,False
2102200,Buriti,MA,,,Sim,,,,False,B,False,False,False,2,0.0,0.0,1715.0,True,False
2102309,Buriti Bravo,MA,Não,0.0,Sim,,0.0,0.0,True,B,False,False,False,2,30808040.14,6550248.79,2106.0,True,True
2102325,Buriticupu,MA,,,Sim,,,,False,C,True,False,True,4,1462252.4300000002,0.0,0.0,True,True
2102358,Buritirana,MA,Não,0.0,Não,6.25,137.54,0.0,True,B,False,False,False,0,0.0,0.0,0.0,False,False
2102374,Cachoeira Grande,MA,Não,0.0,Não,,,0.0,True,n.e.,False,True,True,2,11904868.3,4411771.51,675.0,True,True
2102408,Cajapió,MA,Não,0.0,Não,,0.0,0.0,True,A,False,False,False,0,0.0,0.0,0.0,False,False
2102507,Cajari,MA,,,Sim,,,,False,C,True,False,True,2,1478131.16,527903.99,713.0,True,True
2102556,Campestre do Maranhão,MA,Não,0.0,Não,,,0.0,True,C,True,False,True,0,0.0,0.0,0.0,False,False
2102606,Cândido Mendes,MA,,,Não,,,,False,A,False,False,False,0,0.0,0.0,0.0,False,False
2102705,Cantanhede,MA,Não,9.0,Sim,7.69,33.87,0.2,True,C,True,False,True,2,3167423.91,0.0,38.0,True,True
2102754,Capinzal do Norte,MA,,,Não,,,,False,C,True,False,True,0,0.0,0.0,0.0,False,False
2102804,Carolina,MA,Não,0.0,Sim,11.36,0.0,0.0,True,A,False,False,False,0,0.0,0.0,0.0,False,False
2102903,Carutapera,MA,,,Sim,,,,False,A,False,False,False,2,1146088.72,79040.6,1810.0,True,True
2103000,Caxias,MA,Sim,90.0,Sim,0.14,0.0,0.19,True,B,False,False,False,1,0.0,0.0,160.0,True,False
2103109,Cedral,MA,,,Não,,,,False,A,False,False,False,0,0.0,0.0,0.0,False,False
2103125,Central do Maranhão,MA,Não,150.0,Não,,,9.03,True,B,False,False,False,0,0.0,0.0,0.0,False,False
2103158,Centro do Guilherme,MA,,,Sim,,,,False,C,True,False,True,0,0.0,0.0,0.0,False,False
2103174,Centro Novo do Maranhão,MA,Não,0.0,Não,,,0.0,True,C,True,False,True,1,2006035.14,0.0,0.0,True,True
2103208,Chapadinha,MA,Não,10.0,Sim,6.77,22.62,0.04,True,n.d.,False,True,True,0,0.0,0.0,0.0,False,False
2103257,Cidelândia,MA,Não,120.0,Não,51.28,0.0,3.95,True,A,False,False,False,1,4612336.14,3828.77,0.0,True,True
2103307,Codó,MA,Sim,8000.0,Sim,0.95,0.0,25.13,True,n.d.,False,True,True,3,7257920.27,2921992.2800000003,250.0,True,True
2103406,Coelho Neto,MA,,,Sim,,,,False,C,True,False,True,0,0.0,0.0,0.0,False,False
2103505,Colinas,MA,Não,300.0,Sim,,,2.61,True,C,True,False,True,4,3719624.08,662374.94,1213.0,True,True
2103554,Conceição do Lago-Açu,MA,Não,344.0,Sim,,,14.55,True,B,False,False,False,5,11056828.35,574743.6,3385.0,True,True
2103604,Coroatá,MA,,,Sim,,,,False,C,True,False,True,2,0.0,0.0,195.0,True,False
2103703,Cururupu,MA,Não,0.0,Não,,0.0,0.0,True,C,True,False,True,1,3600000.0,2010000.0,2960.0,True,True
2103752,Davinópolis,MA,,,Sim,,,,False,B,False,False,False,0,0.0,0.0,0.0,False,False
2103802,Dom Pedro,MA,,,Sim,,,,False,C,True,False,True,0,0.0,0.0,0.0,False,False
2103901,Duque Bacelar,MA,Não,0.0,Sim,,,0.0,True,C,True,False,True,1,0.0,116138.88,98.0,True,True
2104008,Esperantinópolis,MA,Não,0.0,Sim,11.11,0.0,0.0,True,C,True,False,True,1,179487.36,638763.82,195.0,True,True
2104057,Estreito,MA,,,Não,,,,False,A,False,False,False,1,0.0,0.0,60.0,True,False
2104073,Feira Nova do Maranhão,MA,,,Não,,,,False,C,True,False,True,0,0.0,0.0,0.0,False,False
2104081,Fernando Falcão,MA,Não,0.0,Não,,,0.0,True,C,True,False,True,0,0.0,0.0,0.0,False,False
2104099,Formosa da Serra Negra,MA,,,Sim,,,,False,n.d.,False,True,True,3,2960261.9299999997,179141.17,131.0,True,True
2104107,Fortaleza dos Nogueiras,MA,,,Sim,,,,False,B,False,False,False,0,0.0,0.0,0.0,False,False
2104206,Fortuna,MA,Não,0.0,Sim,,,0.0,True,C,True,False,True,2,1337747.88,468153.08999999997,624.0,True,True
2104305,Godofredo Viana,MA,,,Não,,,,False,C,True,False,True,1,1840000.0,4726000.0,40.0,True,True
2104404,Gonçalves Dias,MA,,,Não,,,,False,C,True,False,True,0,0.0,0.0,0.0,False,False
2104503,Governador Archer,MA,Não,0.0,Não,61.11,0.0,0.0,True,C,True,False,True,0,0.0,0.0,0.0,False,False
2104552,Governador Edison Lobão,MA,Não,0.0,Não,,,0.0,True,C,True,False,True,0,0.0,0.0,0.0,False,False
2104602,Governador Eugênio Barros,MA,Não,0.0,Não,0.47,0.0,0.0,True,C,True,False,True,0,0.0,0.0,0.0,False,False
2104628,Governador Luiz Rocha,MA,,,Não,,,,False,C,True,False,True,0,0.0,0.0,0.0,False,False
2104651,Governador Newton Bello,MA,,,Não,,,,False,C,True,False,True,0,0.0,0.0,0.0,False,False
2104677,Governador Nunes Freire,MA,,,Não,,,,False,C,True,False,True,3,0.0,589849.47,689.0,True,True
2104701,Graça Aranha,MA,Não,0.0,Não,,0.0,0.0,True,A,False,False,False,1,0.0,0.0,8.0,True,False
2104800,Grajaú,MA,Não,109.0,Sim,,,0.57,True,B,False,False,False,5,14308145.04,608506.88,7574.0,True,True
2104909,Guimarães,MA,Não,0.0,Não,,,0.0,True,C,True,False,True,1,4350000.0,750000.0,1540.0,True,True
2105005,Humberto de Campos,MA,Não,0.0,Não,,,0.0,True,A,False,False,False,0,0.0,0.0,0.0,False,False
2105104,Icatu,MA,Não,0.0,Sim,,,0.0,True,A,False,False,False,3,16811256.5,1850000.0,0.0,True,True
2105153,Igarapé do Meio,MA,,,Sim,,,,False,A,False,False,False,1,0.0,0.0,0.0,True,False
2105203,Igarapé Grande,MA,Não,0.0,Não,0.94,8.81,0.0,True,C,True,False,True,1,405430.26,171040.89,278.0,True,True
2105302,Imperatriz,MA,Sim,6000.0,Sim,60.0,4.13,5.47,True,C,True,False,True,3,26014154.17,10000000.0,2850.0,True,True
2105351,Itaipava do Grajaú,MA,Não,0.0,Não,12.64,224.33,0.0,True,C,True,False,True,2,865762.54,103426.95,792.0,True,True
2105401,Itapecuru Mirim,MA,,,Sim,,,,False,C,True,False,True,2,2533939.1300000004,0.0,2280.0,True,True
2105427,Itinga do Maranhão,MA,Não,0.0,Não,,0.0,0.0,True,n.d.,False,True,True,1,1656562.71,784465.32,14.0,True,True
2105450,Jatobá,MA,Não,0.0,Sim,,,0.0,True,B,False,False,False,2,0.0,214469.6,100.0,True,True
2105476,Jenipapo dos Vieiras,MA,Não,0.0,Não,,173.49,0.0,True,C,True,False,True,4,13822659.12,3156682.15,3177.0,True,True
2105500,João Lisboa,MA,Não,10.0,Não,1.75,22.0,0.14,True,B,False,False,False,0,0.0,0.0,0.0,False,False
2105609,Joselândia,MA,Sim,255.0,Não,2.52,40.13,8.34,True,C,True,False,True,1,0.0,1847.66,125.0,True,True
2105658,Junco do Maranhão,MA,Não,0.0,Não,,0.0,0.0,True,C,True,False,True,0,0.0,0.0,0.0,False,False
2105708,Lago da Pedra,MA,Não,0.0,Sim,,,0.0,True,C,True,False,True,4,11536269.22,865180.52,2351.0,True,True
2105807,Lago do Junco,MA,,,Sim,,,,False,C,True,False,True,0,0.0,0.0,0.0,False,False
2105906,Lago Verde,MA,,,Sim,,,,False,n.d.,False,True,True,0,0.0,0.0,0.0,False,False
2105922,Lagoa do Mato,MA,Não,0.0,Não,,,0.0,True,C,True,False,True,0,0.0,0.0,0.0,False,False
2105948,Lago dos Rodrigues,MA,,,Sim,,,,False,B,False,False,False,0,0.0,0.0,0.0,False,False
2105963,Lagoa Grande do Maranhão,MA,Não,0.0,Sim,,0.0,0.0,True,n.e.,False,True,True,3,5412819.04,1938241.22,1980.0,True,True
2105989,Lajeado Novo,MA,,,Não,,,,False,B,False,False,False,0,0.0,0.0,0.0,False,False
2106003,Lima Campos,MA,Não,0.0,Sim,,,0.0,True,C,True,False,True,1,3766375.37,0.0,0.0,True,True
2106102,Loreto,MA,Não,0.0,Não,,0.0,0.0,True,n.d.,False,True,True,0,0.0,0.0,0.0,False,False
2106201,Luís Domingues,MA,,,Não,,,,False,C,True,False,True,0,0.0,0.0,0.0,False,False
2106300,Magalhães de Almeida,MA,Sim,0.0,Sim,,0.0,0.0,True,n.d.,False,True,True,0,0.0,0.0,0.0,False,False
2106326,Maracaçumé,MA,Não,0.0,Não,,,0.0,True,C,True,False,True,0,0.0,0.0,0.0,False,False
2106359,Marajá do Sena,MA,Não,300.0,Sim,,,43.48,True,C,True,False,True,2,2280798.15,76575.41,480.0,True,True
2106375,Maranhãozinho,MA,Não,0.0,Sim,,,0.0,True,C,True,False,True,0,0.0,0.0,0.0,False,False
2106409,Mata Roma,MA,,,Não,,,,False,C,True,False,True,0,0.0,0.0,0.0,False,False
2106508,Matinha,MA,Não,80.0,Não,25.97,152.24,2.41,True,C,True,False,True,1,2700000.0,1135000.0,880.0,True,True
2106607,Matões,MA,,,Sim,,,,False,C,True,False,True,0,0.0,0.0,0.0,False,False
2106631,Matões do Norte,MA,Não,0.0,Sim,8.7,0.0,0.0,True,A,False,False,False,4,6656455.87,70754.93,1083.0,True,True
2106672,Milagres do Maranhão,MA,Não,0.0,Não,2.0,2.86,0.0,True,C,True,False,True,0,0.0,0.0,0.0,False,False
2106706,Mirador,MA,,,Não,,,,False,C,True,False,True,1,25435288.74,237894.28,1799.0,True,True
2106755,Miranda do Norte,MA,Não,0.0,Sim,44.44,14.8,0.0,True,C,True,False,True,0,0.0,0.0,0.0,False,False
2106805,Mirinzal,MA,,,Sim,,,,False,C,True,False,True,2,3681729.53,104850.0,394.0,True,True
2106904,Monção,MA,Sim,220.0,Sim,,,4.9,True,C,True,False,True,5,10230086.93,1124060.12,3814.0,True,True
2107001,Montes Altos,MA,,,Não,,,,False,A,False,False,False,0,0.0,0.0,0.0,False,False
2107100,Morros,MA,Não,0.0,Não,55.56,0.0,0.0,True,n.d.,False,True,True,0,0.0,0.0,0.0,False,False
2107209,Nina Rodrigues,MA,Sim,200.0,Sim,5.0,16.96,13.06,True,C,True,False,True,2,10558.08,0.0,1302.0,True,True
2107258,Nova Colinas,MA,Não,0.0,Não,,,0.0,True,A,False,False,False,0,0.0,0.0,0.0,False,False
2107308,Nova Iorque,MA,,,Não,,,,False,C,True,False,True,0,0.0,0.0,0.0,False,False
2107357,Nova Olinda do Maranhão,MA,Não,10.0,Não,0.88,17.19,0.27,True,A,False,False,False,0,0.0,0.0,0.0,False,False
2107407,Olho d Água das Cunhãs,MA,,,Não,,,,False,B,False,False,False,0,0.0,0.0,0.0,False,False
2107456,Olinda Nova do Maranhão,MA,,,Sim,,,,False,B,False,False,False,1,0.0,0.0,40.0,True,False
2107506,Paço do Lumiar,MA,,,Sim,,,,False,B,False,False,False,2,9237625.36,0.0,2.0,True,True
2107605,Palmeirândia,MA,,,Sim,,,,False,C,True,False,True,3,7772266.859999999,6191855.49,872.0,True,True
2107704,Paraibano,MA,Não,0.0,Não,,,0.0,True,C,True,False,True,2,714703.84,2552513.72,30.0,True,True
2107803,Parnarama,MA,Sim,100.0,Sim,7.89,0.0,1.84,True,C,True,False,True,1,0.0,0.0,125.0,True,False
2107902,Passagem Franca,MA,,,Não,,,,False,C,True,False,True,0,0.0,0.0,0.0,False,False
2108009,Pastos Bons,MA,Não,0.0,Não,,0.0,0.0,True,C,True,False,True,0,0.0,0.0,0.0,False,False
2108058,Paulino Neves,MA,,,Não,,,,False,C,True,False,True,0,0.0,0.0,0.0,False,False
2108108,Paulo Ramos,MA,Não,0.0,Não,12.89,85.02,0.0,True,C,True,False,True,0,0.0,0.0,0.0,False,False
2108207,Pedreiras,MA,Sim,3500.0,Sim,0.92,0.0,28.08,True,C,True,False,True,4,17082844.89,848418.1699999999,3747.0,True,True
2108256,Pedro do Rosário,MA,Não,20.0,Sim,,,0.75,True,C,True,False,True,4,6985494.93,234050.7,1030.0,True,True
2108306,Penalva,MA,Não,330.0,Sim,,,5.73,True,C,True,False,True,1,198491.9,121941.6,6231.0,True,True
2108405,Peri Mirim,MA,,,Não,,,,False,C,True,False,True,3,7504164.87,4392107.24,540.0,True,True
2108454,Peritoró,MA,Não,0.0,Sim,2.0,0.36,0.0,True,A,False,False,False,1,1602378.64,0.0,25.0,True,True
2108504,Pindaré-Mirim,MA,Sim,178.0,Sim,,43.62,2.21,True,A,False,False,False,5,13793158.25,452000.0,2692.0,True,True
2108603,Pinheiro,MA,Não,350.0,Não,,,1.57,True,B,False,False,False,1,0.0,0.0,480.0,True,False
2108702,Pio XII,MA,,,Sim,,,,False,B,False,False,False,0,0.0,0.0,0.0,False,False
2108801,Pirapemas,MA,,,Sim,,,,False,A,False,False,False,1,818251.18,0.0,121.0,True,True
2108900,Poção de Pedras,MA,,,Sim,,,,False,A,False,False,False,3,14587271.1,215000.0,1287.0,True,True
2109007,Porto Franco,MA,Não,0.0,Sim,,,0.0,True,C,True,False,True,0,0.0,0.0,0.0,False,False
2109056,Porto Rico do Maranhão,MA,Não,0.0,Não,66.67,0.0,0.0,True,B,False,False,False,0,0.0,0.0,0.0,False,False
2109106,Presidente Dutra,MA,Sim,2000.0,Sim,37.5,29.68,14.97,True,B,False,False,False,0,0.0,0.0,0.0,False,False
2109205,Presidente Juscelino,MA,Não,0.0,Sim,,0.0,0.0,True,C,True,False,True,2,4555176.0,2205621.24,939.0,True,True
2109239,Presidente Médici,MA,Não,52.0,Não,,,3.7,True,C,True,False,True,0,0.0,0.0,0.0,False,False
2109270,Presidente Sarney,MA,,,Sim,,,,False,n.d.,False,True,True,1,2125000.0,485000.0,2014.0,True,True
2109304,Presidente Vargas,MA,Não,64.0,Sim,1.19,0.0,3.94,True,C,True,False,True,2,310000.0,850000.0,390.0,True,True
2109403,Primeira Cruz,MA,Não,0.0,Não,,,0.0,True,A,False,False,False,0,0.0,0.0,0.0,False,False
2109452,Raposa,MA,Sim,10.0,Sim,,,0.08,True,C,True,False,True,3,644042.86,527903.99,1.0,True,True
2109502,Riachão,MA,Não,0.0,Não,,0.0,0.0,True,C,True,False,True,0,0.0,0.0,0.0,False,False
2109551,Ribamar Fiquene,MA,Não,0.0,Não,,,0.0,True,B,False,False,False,0,0.0,0.0,0.0,False,False
2109601,Rosário,MA,Não,0.0,Sim,,,0.0,True,C,True,False,True,7,510502.75,132730.71,250.0,True,True
2109700,Sambaíba,MA,Não,0.0,Não,,0.0,0.0,True,n.d.,False,True,True,0,0.0,0.0,0.0,False,False
2109759,Santa Filomena do Maranhão,MA,Não,0.0,Sim,,,0.0,True,A,False,False,False,0,0.0,0.0,0.0,False,False
2109809,Santa Helena,MA,Não,0.0,Sim,,0.46,0.0,True,B,False,False,False,2,25171245.650000002,22950568.659999996,1778.0,True,True
2109908,Santa Inês,MA,Não,0.0,Não,,0.0,0.0,True,C,True,False,True,3,8562960.4,511437.87,3241.0,True,True
2110005,Santa Luzia,MA,,,Sim,,,,False,C,True,False,True,2,8773764.24,3589747.1,770.0,True,True
2110039,Santa Luzia do Paruá,MA,Não,20.0,Não,0.61,94.56,0.3,True,B,False,False,False,0,0.0,0.0,0.0,False,False
2110104,Santa Quitéria do Maranhão,MA,Não,600.0,Sim,40.0,65.57,12.89,True,n.d.,False,True,True,1,202159.09,202159.09,216.0,True,True
2110203,Santa Rita,MA,,,Sim,,,,False,A,False,False,False,0,0.0,0.0,0.0,False,False
2110237,Santana do Maranhão,MA,,,Não,,,,False,n.e.,False,True,True,0,0.0,0.0,0.0,False,False
2110278,Santo Amaro do Maranhão,MA,Não,0.0,Sim,,,0.0,True,C,True,False,True,0,0.0,0.0,0.0,False,False
2110302,Santo Antônio dos Lopes,MA,Não,35.0,Não,,,1.25,True,C,True,False,True,1,0.0,0.0,238.0,True,False
2110401,São Benedito do Rio Preto,MA,,,Não,,,,False,C,True,False,True,3,5649122.34,621076.19,429.0,True,True
2110500,São Bento,MA,Não,50.0,Não,,,0.57,True,C,True,False,True,3,18383771.28,1432332.04,1440.0,True,True
2110609,São Bernardo,MA,Não,50.0,Sim,,,1.01,True,n.d.,False,True,True,1,0.0,435000.0,3200.0,True,True
2110658,São Domingos do Azeitão,MA,Não,0.0,Não,0.36,17.36,0.0,True,n.e.,False,True,True,0,0.0,0.0,0.0,False,False
2110708,São Domingos do Maranhão,MA,Não,0.0,Não,14.71,9.42,0.0,True,B,False,False,False,0,0.0,0.0,0.0,False,False
2110807,São Félix de Balsas,MA,,,Sim,,,,False,C,True,False,True,0,0.0,0.0,0.0,False,False
2110856,São Francisco do Brejão,MA,Não,0.0,Não,,,0.0,True,A,False,False,False,0,0.0,0.0,0.0,False,False
2110906,São Francisco do Maranhão,MA,,,Não,,,,False,C,True,False,True,0,0.0,0.0,0.0,False,False
2111003,São João Batista,MA,,,Não,,,,False,C,True,False,True,2,5240687.66,296402.26,891.0,True,True
2111029,São João do Carú,MA,,,Não,,,,False,C,True,False,True,1,4164106.64,1348393.48,109.0,True,True
2111052,São João do Paraíso,MA,Não,5.0,Sim,,,0.2,True,C,True,False,True,0,0.0,0.0,0.0,False,False
2111078,São João do Soter,MA,Sim,8.0,Não,0.29,0.0,0.28,True,C,True,False,True,4,29951657.67,365051.75,64.0,True,True
2111102,São João dos Patos,MA,Não,0.0,Não,1.34,0.0,0.0,True,B,False,False,False,0,0.0,0.0,0.0,False,False
2111201,São José de Ribamar,MA,Sim,100.0,Sim,40.95,0.0,0.1,True,C,True,False,True,1,5213579.76,67571.71,0.0,True,True
2111250,São José dos Basílios,MA,Não,0.0,Não,50.0,0.44,0.0,True,B,False,False,False,0,0.0,0.0,0.0,False,False
2111300,São Luís,MA,Não,86925.0,Sim,2.69,76.26,20.59,True,A,False,False,False,3,0.0,3167423.91,460.0,True,True
2111409,São Luís Gonzaga do Maranhão,MA,,,Sim,,,,False,B,False,False,False,2,6789134.82,118436.64,3087.0,True,True
2111508,São Mateus do Maranhão,MA,Não,0.0,Sim,0.03,0.16,0.0,True,C,True,False,True,1,0.0,0.0,1300.0,True,False
2111532,São Pedro da Água Branca,MA,Não,0.0,Sim,,0.0,0.0,True,n.d.,False,True,True,3,12739028.36,1611021.95,1947.0,True,True
2111573,São Pedro dos Crentes,MA,,,Não,,,,False,n.d.,False,True,True,0,0.0,0.0,0.0,False,False
2111607,São Raimundo das Mangabeiras,MA,Não,0.0,Não,,,0.0,True,n.d.,False,True,True,0,0.0,0.0,0.0,False,False
2111631,São Raimundo do Doca Bezerra,MA,Não,15.0,Não,,98.11,1.93,True,C,True,False,True,0,0.0,0.0,0.0,False,False
2111672,São Roberto,MA,,,Sim,,,,False,C,True,False,True,4,9921444.74,9127271.72,25.0,True,True
2111706,São Vicente Ferrer,MA,,,Não,,,,False,C,True,False,True,1,0.0,0.0,680.0,True,False
2111722,Satubinha,MA,Não,0.0,Sim,,,0.0,True,A,False,False,False,2,514343.89,0.0,110.0,True,True
2111748,Senador Alexandre Costa,MA,,,Não,,,,False,C,True,False,True,0,0.0,0.0,0.0,False,False
2111763,Senador La Rocque,MA,,,Não,,,,False,C,True,False,True,0,0.0,0.0,0.0,False,False
2111789,Serrano do Maranhão,MA,Não,0.0,Não,,0.0,0.0,True,C,True,False,True,1,0.0,0.0,0.0,True,False
2111805,Sítio Novo,MA,Não,0.0,Não,2.85,11.15,0.0,True,C,True,False,True,1,1490563.6,0.0,0.0,True,True
2111904,Sucupira do Norte,MA,Não,0.0,Não,,,0.0,True,C,True,False,True,0,0.0,0.0,0.0,False,False
2111953,Sucupira do Riachão,MA,,,Não,,,,False,C,True,False,True,0,0.0,0.0,0.0,False,False
2112001,Tasso Fragoso,MA,Não,0.0,Não,,,0.0,True,C,True,False,True,0,0.0,0.0,0.0,False,False
2112100,Timbiras,MA,Sim,700.0,Sim,16.67,21.71,10.09,True,C,True,False,True,0,0.0,0.0,0.0,False,False
2112209,Timon,MA,,,Sim,,,,False,C,True,False,True,1,5912524.64,3167423.91,305.0,True,True
2112233,Trizidela do Vale,MA,Não,2130.0,Sim,13.38,9.21,28.61,True,C,True,False,True,5,5682767.62,443816.97000000003,9524.0,True,True
2112274,Tufilândia,MA,Não,0.0,Sim,,0.0,0.0,True,n.d.,False,True,True,1,0.0,0.0,652.0,True,False
2112308,Tuntum,MA,,,Sim,,,,False,B,False,False,False,2,626704.74,0.0,392.0,True,True
2112407,Turiaçu,MA,Não,0.0,Não,,,0.0,True,C,True,False,True,0,0.0,0.0,0.0,False,False
2112456,Turilândia,MA,,,Sim,,,,False,n.e.,False,True,True,3,3848817.4,2047649.0099999998,894.0,True,True
2112506,Tutóia,MA,,,Não,,,,False,B,False,False,False,5,4780000.0,135000.0,2440.0,True,True
2112605,Urbano Santos,MA,Não,0.0,Não,,,0.0,True,C,True,False,True,0,0.0,0.0,0.0,False,False
2112704,Vargem Grande,MA,Não,0.0,Sim,0.15,0.0,0.0,True,C,True,False,True,1,3457771.1,659879.98,820.0,True,True
2112803,Viana,MA,Não,0.0,Sim,34.09,0.0,0.0,True,A,False,False,False,2,1794873.56,527903.98,650.0,True,True
2112852,Vila Nova dos Martírios,MA,Não,0.0,Sim,0.2,0.0,0.0,True,A,False,False,False,2,9173734.32,0.0,2840.0,True,True
2112902,Vitória do Mearim,MA,Não,2500.0,Sim,,3.1,33.82,True,C,True,False,True,3,7520246.74,72450.55,1065.0,True,True
2113009,Vitorino Freire,MA,Não,0.0,Não,,5.53,0.0,True,C,True,False,True,0,0.0,0.0,0.0,False,False
2114007,Zé Doca,MA,Não,25.0,Não,0.06,106.28,0.22,True,C,True,False,True,1,0.0,0.0,125.0,True,False
2200053,Acauã,PI,Não,0.0,Não,,,0.0,True,C,True,False,True,0,0.0,0.0,0.0,False,False
2200103,Agricolândia,PI,Não,0.0,Não,,,0.0,True,A,False,False,False,0,0.0,0.0,0.0,False,False
2200202,Água Branca,PI,Não,0.0,Não,,0.0,0.0,True,B,False,False,False,0,0.0,0.0,0.0,False,False
2200251,Alagoinha do Piauí,PI,Não,0.0,Não,,,0.0,True,C,True,False,True,0,0.0,0.0,0.0,False,False
2200277,Alegrete do Piauí,PI,,,Não,,,,False,C,True,False,True,0,0.0,0.0,0.0,False,False
2200301,Alto Longá,PI,,,Sim,,,,False,C,True,False,True,0,0.0,0.0,0.0,False,False
2200400,Altos,PI,Não,0.0,Sim,,0.0,0.0,True,B,False,False,False,0,0.0,0.0,0.0,False,False
2200459,Alvorada do Gurguéia,PI,Não,0.0,Não,,,0.0,True,C,True,False,True,0,0.0,0.0,0.0,False,False
2200509,Amarante,PI,Não,0.0,Sim,,0.0,0.0,True,n.d.,False,True,True,0,0.0,0.0,0.0,False,False
2200608,Angical do Piauí,PI,Não,50.0,Não,75.0,0.0,1.87,True,B,False,False,False,0,0.0,0.0,0.0,False,False
2200707,Anísio de Abreu,PI,,,Não,,,,False,A,False,False,False,0,0.0,0.0,0.0,False,False
2200806,Antônio Almeida,PI,,,Não,,,,False,C,True,False,True,0,0.0,0.0,0.0,False,False
2200905,Aroazes,PI,Não,0.0,Sim,,,0.0,True,C,True,False,True,1,355682.71,141285.08,8.0,True,True
2200954,Aroeiras do Itaim,PI,Não,0.0,Não,39.53,0.0,0.0,True,C,True,False,True,0,0.0,0.0,0.0,False,False
2201002,Arraial,PI,Não,0.0,Não,,0.0,0.0,True,B,False,False,False,0,0.0,0.0,0.0,False,False
2201051,Assunção do Piauí,PI,Não,0.0,Não,,0.0,0.0,True,C,True,False,True,0,0.0,0.0,0.0,False,False
2201101,Avelino Lopes,PI,Não,0.0,Não,,,0.0,True,C,True,False,True,0,0.0,0.0,0.0,False,False
2201150,Baixa Grande do Ribeiro,PI,Não,0.0,Não,,,0.0,True,C,True,False,True,0,0.0,0.0,0.0,False,False
2201176,Barra D Alcântara,PI,,,Não,,,,False,C,True,False,True,0,0.0,0.0,0.0,False,False
2201200,Barras,PI,Não,128.0,Sim,3.55,0.0,1.33,True,B,False,False,False,2,2305106.5,0.0,66.0,True,True
2201309,Barreiras do Piauí,PI,Não,0.0,Não,,,0.0,True,C,True,False,True,1,98000.0,160000.0,80.0,True,True
2201408,Barro Duro,PI,,,Não,,,,False,C,True,False,True,0,0.0,0.0,0.0,False,False
2201507,Batalha,PI,Não,0.0,Sim,27.68,0.0,0.0,True,C,True,False,True,3,2628390.0,155117.18,12.0,True,True
2201556,Bela Vista do Piauí,PI,Não,0.0,Não,,,0.0,True,n.d.,False,True,True,0,0.0,0.0,0.0,False,False
2201572,Belém do Piauí,PI,,,Não,,,,False,C,True,False,True,0,0.0,0.0,0.0,False,False
2201606,Beneditinos,PI,Não,0.0,Não,,,0.0,True,C,True,False,True,0,0.0,0.0,0.0,False,False
2201705,Bertolínia,PI,Não,0.0,Não,,,0.0,True,C,True,False,True,0,0.0,0.0,0.0,False,False
2201739,Betânia do Piauí,PI,Não,0.0,Não,,,0.0,True,B,False,False,False,0,0.0,0.0,0.0,False,False
2201770,Boa Hora,PI,,,Não,,,,False,C,True,False,True,0,0.0,0.0,0.0,False,False
2201804,Bocaina,PI,Não,0.0,Não,,,0.0,True,C,True,False,True,0,0.0,0.0,0.0,False,False
2201903,Bom Jesus,PI,Não,0.0,Sim,,0.0,0.0,True,A,False,False,False,0,0.0,0.0,0.0,False,False
2201919,Bom Princípio do Piauí,PI,Não,0.0,Não,,,0.0,True,C,True,False,True,0,0.0,0.0,0.0,False,False
2201929,Bonfim do Piauí,PI,Não,0.0,Não,,,0.0,True,C,True,False,True,0,0.0,0.0,0.0,False,False
2201945,Boqueirão do Piauí,PI,Não,0.0,Sim,,0.0,0.0,True,n.d.,False,True,True,0,0.0,0.0,0.0,False,False
2201960,Brasileira,PI,Não,0.0,Não,,,0.0,True,C,True,False,True,0,0.0,0.0,0.0,False,False
2201988,Brejo do Piauí,PI,Não,0.0,Não,,0.65,0.0,True,C,True,False,True,0,0.0,0.0,0.0,False,False
2202000,Buriti dos Lopes,PI,Não,0.0,Sim,,,0.0,True,B,False,False,False,0,0.0,0.0,0.0,False,False
2202026,Buriti dos Montes,PI,Não,0.0,Não,,,0.0,True,B,False,False,False,0,0.0,0.0,0.0,False,False
2202059,Cabeceiras do Piauí,PI,Não,0.0,Sim,,,0.0,True,n.d.,False,True,True,0,0.0,0.0,0.0,False,False
2202075,Cajazeiras do Piauí,PI,Não,0.0,Não,,0.0,0.0,True,C,True,False,True,0,0.0,0.0,0.0,False,False
2202083,Cajueiro da Praia,PI,Não,0.0,Sim,,0.0,0.0,True,C,True,False,True,0,0.0,0.0,0.0,False,False
2202091,Caldeirão Grande do Piauí,PI,,,Não,,,,False,B,False,False,False,0,0.0,0.0,0.0,False,False
2202109,Campinas do Piauí,PI,,,Não,,,,False,C,True,False,True,0,0.0,0.0,0.0,False,False
2202117,Campo Alegre do Fidalgo,PI,,,Não,,,,False,C,True,False,True,0,0.0,0.0,0.0,False,False
2202133,Campo Grande do Piauí,PI,Não,0.0,Não,,0.0,0.0,True,A,False,False,False,0,0.0,0.0,0.0,False,False
2202174,Campo Largo do Piauí,PI,,,Não,,,,False,B,False,False,False,1,158371.2,0.0,0.0,True,True
2202208,Campo Maior,PI,Sim,200.0,Sim,50.0,753.82,1.32,True,B,False,False,False,0,0.0,0.0,0.0,False,False
2202251,Canavieira,PI,Não,0.0,Não,0.07,0.0,0.0,True,n.d.,False,True,True,0,0.0,0.0,0.0,False,False
2202307,Canto do Buriti,PI,Não,0.0,Não,,0.0,0.0,True,C,True,False,True,0,0.0,0.0,0.0,False,False
2202406,Capitão de Campos,PI,,,Não,,,,False,C,True,False,True,0,0.0,0.0,0.0,False,False
2202455,Capitão Gervásio Oliveira,PI,,,Não,,,,False,C,True,False,True,0,0.0,0.0,0.0,False,False
2202505,Caracol,PI,Não,0.0,Não,,0.0,0.0,True,C,True,False,True,0,0.0,0.0,0.0,False,False
2202539,Caraúbas do Piauí,PI,Não,0.0,Não,,0.0,0.0,True,C,True,False,True,0,0.0,0.0,0.0,False,False
2202554,Caridade do Piauí,PI,Não,0.0,Não,,0.0,0.0,True,n.d.,False,True,True,1,197601.5,1778413.54,231.0,True,True
2202604,Castelo do Piauí,PI,Não,0.0,Sim,,,0.0,True,C,True,False,True,0,0.0,0.0,0.0,False,False
2202653,Caxingó,PI,Não,0.0,Sim,,,0.0,True,C,True,False,True,0,0.0,0.0,0.0,False,False
2202703,Cocal,PI,,,Sim,,,,False,B,False,False,False,0,0.0,0.0,0.0,False,False
2202711,Cocal de Telha,PI,Não,0.0,Não,,0.0,0.0,True,C,True,False,True,0,0.0,0.0,0.0,False,False
2202729,Cocal dos Alves,PI,Não,0.0,Não,,0.0,0.0,True,C,True,False,True,0,0.0,0.0,0.0,False,False
2202737,Coivaras,PI,Não,0.0,Não,,,0.0,True,C,True,False,True,0,0.0,0.0,0.0,False,False
2202752,Colônia do Gurguéia,PI,Não,0.0,Não,,,0.0,True,C,True,False,True,0,0.0,0.0,0.0,False,False
2202778,Colônia do Piauí,PI,Não,0.0,Não,,,0.0,True,C,True,False,True,0,0.0,0.0,0.0,False,False
2202802,Conceição do Canindé,PI,Não,0.0,Não,,,0.0,True,C,True,False,True,0,0.0,0.0,0.0,False,False
2202851,Coronel José Dias,PI,Não,0.0,Não,,0.0,0.0,True,C,True,False,True,0,0.0,0.0,0.0,False,False
2202901,Corrente,PI,Não,0.0,Não,,,0.0,True,B,False,False,False,0,0.0,0.0,0.0,False,False
2203008,Cristalândia do Piauí,PI,,,Não,,,,False,B,False,False,False,0,0.0,0.0,0.0,False,False
2203107,Cristino Castro,PI,Não,0.0,Sim,73.77,384.42,0.0,True,B,False,False,False,0,0.0,0.0,0.0,False,False
2203206,Curimatá,PI,Não,0.0,Não,,,0.0,True,B,False,False,False,1,188886.02,1066087.82,171.0,True,True
2203230,Currais,PI,Não,0.0,Não,,0.0,0.0,True,B,False,False,False,1,59280.45,0.0,2.0,True,True
2203255,Curralinhos,PI,Não,0.0,Não,,0.0,0.0,True,C,True,False,True,0,0.0,0.0,0.0,False,False
2203271,Curral Novo do Piauí,PI,Não,0.0,Não,,,0.0,True,B,False,False,False,0,0.0,0.0,0.0,False,False
2203305,Demerval Lobão,PI,Não,0.0,Não,0.3,0.0,0.0,True,B,False,False,False,0,0.0,0.0,0.0,False,False
2203354,Dirceu Arcoverde,PI,,,Não,,,,False,C,True,False,True,0,0.0,0.0,0.0,False,False
2203404,Dom Expedito Lopes,PI,Não,0.0,Não,,,0.0,True,C,True,False,True,0,0.0,0.0,0.0,False,False
2203420,Domingos Mourão,PI,Não,50.0,Sim,,,10.99,True,C,True,False,True,2,11302424.33,253393.91,0.0,True,True
2203453,Dom Inocêncio,PI,,,Não,,,,False,C,True,False,True,0,0.0,0.0,0.0,False,False
2203503,Elesbão Veloso,PI,,,Não,,,,False,C,True,False,True,0,0.0,0.0,0.0,False,False
2203602,Eliseu Martins,PI,Não,0.0,Não,,,0.0,True,C,True,False,True,0,0.0,0.0,0.0,False,False
2203701,Esperantina,PI,Não,70.0,Sim,,,0.67,True,B+,False,False,False,1,549020.14,42232.32,176.0,True,True
2203750,Fartura do Piauí,PI,Não,0.0,Não,,,0.0,True,C,True,False,True,0,0.0,0.0,0.0,False,False
2203800,Flores do Piauí,PI,Não,0.0,Não,30.3,0.0,0.0,True,n.d.,False,True,True,0,0.0,0.0,0.0,False,False
2203859,Floresta do Piauí,PI,,,Não,,,,False,C,True,False,True,0,0.0,0.0,0.0,False,False
2203909,Floriano,PI,Não,20.0,Sim,8.5,0.0,0.08,True,A,False,False,False,2,0.0,0.0,0.0,True,False
2204006,Francinópolis,PI,Não,0.0,Não,,0.0,0.0,True,A,False,False,False,0,0.0,0.0,0.0,False,False
2204105,Francisco Ayres,PI,Não,0.0,Não,,,0.0,True,C,True,False,True,0,0.0,0.0,0.0,False,False
2204154,Francisco Macedo,PI,Sim,165.0,Não,,182.88,24.81,True,C,True,False,True,0,0.0,0.0,0.0,False,False
2204204,Francisco Santos,PI,Não,0.0,Não,,0.0,0.0,True,B,False,False,False,0,0.0,0.0,0.0,False,False
2204303,Fronteiras,PI,Não,0.0,Não,16.45,0.0,0.0,True,C,True,False,True,0,0.0,0.0,0.0,False,False
2204352,Geminiano,PI,Não,0.0,Não,,0.0,0.0,True,C,True,False,True,0,0.0,0.0,0.0,False,False
2204402,Gilbués,PI,Não,0.0,Não,,0.0,0.0,True,B,False,False,False,0,0.0,0.0,0.0,False,False
2204501,Guadalupe,PI,Sim,420.0,Não,,0.0,10.58,True,C,True,False,True,0,0.0,0.0,0.0,False,False
2204550,Guaribas,PI,Não,0.0,Não,,,0.0,True,C,True,False,True,0,0.0,0.0,0.0,False,False
2204600,Hugo Napoleão,PI,Não,0.0,Não,,,0.0,True,C,True,False,True,0,0.0,0.0,0.0,False,False
2204659,Ilha Grande,PI,Sim,2.0,Sim,14.58,0.0,0.07,True,C,True,False,True,0,0.0,0.0,0.0,False,False
2204709,Inhuma,PI,,,Não,,,,False,C,True,False,True,0,0.0,0.0,0.0,False,False
2204808,Ipiranga do Piauí,PI,Não,0.0,Não,33.72,0.0,0.0,True,B+,False,False,False,0,0.0,0.0,0.0,False,False
2204907,Isaías Coelho,PI,Não,6.0,Não,,,0.56,True,C,True,False,True,0,0.0,0.0,0.0,False,False
2205003,Itainópolis,PI,Não,0.0,Sim,,0.0,0.0,True,C,True,False,True,1,316162.41,46238.75,124.0,True,True
2205102,Itaueira,PI,Não,0.0,Não,,,0.0,True,C,True,False,True,0,0.0,0.0,0.0,False,False
2205151,Jacobina do Piauí,PI,,,Não,,,,False,B,False,False,False,0,0.0,0.0,0.0,False,False
2205201,Jaicós,PI,,,Não,,,,False,C,True,False,True,0,0.0,0.0,0.0,False,False
2205250,Jardim do Mulato,PI,Não,0.0,Não,,0.0,0.0,True,C,True,False,True,0,0.0,0.0,0.0,False,False
2205276,Jatobá do Piauí,PI,,,Não,,,,False,C,True,False,True,0,0.0,0.0,0.0,False,False
2205300,Jerumenha,PI,,,Não,,,,False,C,True,False,True,0,0.0,0.0,0.0,False,False
2205359,João Costa,PI,Não,0.0,Não,,,0.0,True,C,True,False,True,0,0.0,0.0,0.0,False,False
2205409,Joaquim Pires,PI,Não,0.0,Sim,3.43,108.93,0.0,True,B,False,False,False,0,0.0,0.0,0.0,False,False
2205458,Joca Marques,PI,Não,60.0,Sim,,,8.03,True,n.d.,False,True,True,0,0.0,0.0,0.0,False,False
2205508,José de Freitas,PI,,,Sim,,,,False,C,True,False,True,0,0.0,0.0,0.0,False,False
2205516,Juazeiro do Piauí,PI,Não,0.0,Não,19.76,0.0,0.0,True,C,True,False,True,0,0.0,0.0,0.0,False,False
2205524,Júlio Borges,PI,,,Sim,,,,False,C,True,False,True,0,0.0,0.0,0.0,False,False
2205532,Jurema,PI,,,Não,,,,False,C,True,False,True,0,0.0,0.0,0.0,False,False
2205540,Lagoinha do Piauí,PI,,,Não,,,,False,B,False,False,False,0,0.0,0.0,0.0,False,False
2205557,Lagoa Alegre,PI,,,Sim,,,,False,C,True,False,True,0,0.0,0.0,0.0,False,False
2205565,Lagoa do Barro do Piauí,PI,Não,0.0,Não,,0.0,0.0,True,A+,False,False,False,0,0.0,0.0,0.0,False,False
2205573,Lagoa de São Francisco,PI,,,Não,,,,False,n.d.,False,True,True,0,0.0,0.0,0.0,False,False
2205581,Lagoa do Piauí,PI,Não,0.0,Não,,,0.0,True,B,False,False,False,0,0.0,0.0,0.0,False,False
2205599,Lagoa do Sítio,PI,,,Não,,,,False,C,True,False,True,0,0.0,0.0,0.0,False,False
2205607,Landri Sales,PI,,,Não,,,,False,C,True,False,True,0,0.0,0.0,0.0,False,False
2205706,Luís Correia,PI,Não,0.0,Sim,17.24,0.0,0.0,True,B,False,False,False,0,0.0,0.0,0.0,False,False
2205805,Luzilândia,PI,Não,500.0,Sim,,0.0,9.23,True,C,True,False,True,1,390648.95,0.0,0.0,True,True
2205854,Madeiro,PI,,,Não,,,,False,n.d.,False,True,True,0,0.0,0.0,0.0,False,False
2205904,Manoel Emídio,PI,,,Não,,,,False,n.d.,False,True,True,0,0.0,0.0,0.0,False,False
2205953,Marcolândia,PI,Não,0.0,Não,0.29,0.0,0.0,True,B,False,False,False,0,0.0,0.0,0.0,False,False
2206001,Marcos Parente,PI,Não,0.0,Não,,,0.0,True,C,True,False,True,0,0.0,0.0,0.0,False,False
2206050,Massapê do Piauí,PI,Não,0.0,Não,40.0,0.0,0.0,True,C,True,False,True,0,0.0,0.0,0.0,False,False
2206100,Matias Olímpio,PI,,,Sim,,,,False,B,False,False,False,0,0.0,0.0,0.0,False,False
2206209,Miguel Alves,PI,,,Sim,,,,False,C,True,False,True,0,0.0,0.0,0.0,False,False
2206308,Miguel Leão,PI,,,Não,,,,False,B,False,False,False,0,0.0,0.0,0.0,False,False
2206357,Milton Brandão,PI,Não,0.0,Não,,,0.0,True,B,False,False,False,0,0.0,0.0,0.0,False,False
2206407,Monsenhor Gil,PI,Não,134.0,Não,,,4.97,True,B,False,False,False,0,0.0,0.0,0.0,False,False
2206506,Monsenhor Hipólito,PI,Não,0.0,Não,2.37,0.0,0.0,True,B+,False,False,False,0,0.0,0.0,0.0,False,False
2206605,Monte Alegre do Piauí,PI,Não,0.0,Não,,,0.0,True,C,True,False,True,0,0.0,0.0,0.0,False,False
2206654,Morro Cabeça no Tempo,PI,Não,0.0,Não,40.46,0.0,0.0,True,C,True,False,True,0,0.0,0.0,0.0,False,False
2206670,Morro do Chapéu do Piauí,PI,Não,0.0,Não,,,0.0,True,B,False,False,False,0,0.0,0.0,0.0,False,False
2206696,Murici dos Portelas,PI,Não,0.0,Sim,,0.0,0.0,True,n.d.,False,True,True,0,0.0,0.0,0.0,False,False
2206704,Nazaré do Piauí,PI,Não,0.0,Não,3.7,0.26,0.0,True,C,True,False,True,0,0.0,0.0,0.0,False,False
2206720,Nazária,PI,,,Não,,,,False,A+,False,False,False,0,0.0,0.0,0.0,False,False
2206753,Nossa Senhora de Nazaré,PI,Não,0.0,Não,,,0.0,True,C,True,False,True,0,0.0,0.0,0.0,False,False
2206803,Nossa Senhora dos Remédios,PI,,,Não,,,,False,C,True,False,True,0,0.0,0.0,0.0,False,False
2206902,Novo Oriente do Piauí,PI,Não,0.0,Não,8.36,,0.0,True,B,False,False,False,0,0.0,0.0,0.0,False,False
2206951,Novo Santo Antônio,PI,,,Não,,,,False,C,True,False,True,0,0.0,0.0,0.0,False,False
2207009,Oeiras,PI,Não,0.0,Não,2.11,0.0,0.0,True,C,True,False,True,0,0.0,0.0,0.0,False,False
2207108,Olho d Água do Piauí,PI,,,Não,,,,False,C,True,False,True,0,0.0,0.0,0.0,False,False
2207207,Padre Marcos,PI,Não,0.0,Não,,,0.0,True,C,True,False,True,0,0.0,0.0,0.0,False,False
2207306,Paes Landim,PI,Não,0.0,Não,8.33,2.02,0.0,True,C,True,False,True,0,0.0,0.0,0.0,False,False
2207355,Pajeú do Piauí,PI,Não,0.0,Não,,0.0,0.0,True,n.d.,False,True,True,0,0.0,0.0,0.0,False,False
2207405,Palmeira do Piauí,PI,Não,3.0,Não,,0.0,0.36,True,C,True,False,True,0,0.0,0.0,0.0,False,False
2207504,Palmeirais,PI,Não,0.0,Sim,,,0.0,True,n.d.,False,True,True,0,0.0,0.0,0.0,False,False
2207553,Paquetá,PI,Não,0.0,Não,,,0.0,True,B,False,False,False,0,0.0,0.0,0.0,False,False
2207603,Parnaguá,PI,Não,0.0,Não,,,0.0,True,B,False,False,False,0,0.0,0.0,0.0,False,False
2207702,Parnaíba,PI,Sim,3000.0,Sim,2.14,7.73,4.67,True,C,True,False,True,0,0.0,0.0,0.0,False,False
2207751,Passagem Franca do Piauí,PI,,,Não,,,,False,C,True,False,True,0,0.0,0.0,0.0,False,False
2207777,Patos do Piauí,PI,,,Não,,,,False,C,True,False,True,0,0.0,0.0,0.0,False,False
2207793,Pau D Arco do Piauí,PI,,,Não,,,,False,C,True,False,True,0,0.0,0.0,0.0,False,False
2207801,Paulistana,PI,,,Não,,,,False,C,True,False,True,0,0.0,0.0,0.0,False,False
2207850,Pavussu,PI,Não,6.0,Não,,,0.6,True,C,True,False,True,0,0.0,0.0,0.0,False,False
2207900,Pedro II,PI,,,Não,,,,False,B,False,False,False,2,7876327.46,0.0,20.0,True,True
2207934,Pedro Laurentino,PI,Não,0.0,Não,,0.0,0.0,True,C,True,False,True,0,0.0,0.0,0.0,False,False
2207959,Nova Santa Rita,PI,Não,0.0,Não,0.59,0.0,0.0,True,B,False,False,False,0,0.0,0.0,0.0,False,False
2208007,Picos,PI,Não,0.0,Sim,4.77,0.0,0.0,True,B,False,False,False,9,13120000.0,11270000.0,3078.0,True,True
2208106,Pimenteiras,PI,Não,15.0,Não,17.78,0.0,0.59,True,C,True,False,True,0,0.0,0.0,0.0,False,False
2208205,Pio IX,PI,,,Não,,,,False,C,True,False,True,0,0.0,0.0,0.0,False,False
2208304,Piracuruca,PI,Sim,512.0,Sim,,,4.97,True,B,False,False,False,0,0.0,0.0,0.0,False,False
2208403,Piripiri,PI,,,Sim,,,,False,A,False,False,False,2,299384.91,0.0,0.0,True,True
2208502,Porto,PI,,,Sim,,,,False,C,True,False,True,0,0.0,0.0,0.0,False,False
2208551,Porto Alegre do Piauí,PI,Não,0.0,Não,,,0.0,True,B,False,False,False,0,0.0,0.0,0.0,False,False
2208601,Prata do Piauí,PI,,,Não,,,,False,C,True,False,True,0,0.0,0.0,0.0,False,False
2208650,Queimada Nova,PI,Não,0.0,Sim,,,0.0,True,B+,False,False,False,0,0.0,0.0,0.0,False,False
2208700,Redenção do Gurguéia,PI,,,Não,,,,False,C,True,False,True,0,0.0,0.0,0.0,False,False
2208809,Regeneração,PI,Não,0.0,Não,,0.0,0.0,True,C,True,False,True,1,439662.68,64544.63,8.0,True,True
2208858,Riacho Frio,PI,Não,0.0,Não,,,0.0,True,B,False,False,False,0,0.0,0.0,0.0,False,False
2208874,Ribeira do Piauí,PI,Não,0.0,Não,,0.0,0.0,True,C,True,False,True,0,0.0,0.0,0.0,False,False
2208908,Ribeiro Gonçalves,PI,,,Não,,,,False,C,True,False,True,1,1147412.36,55762.1,43.0,True,True
2209005,Rio Grande do Piauí,PI,Não,0.0,Não,,,0.0,True,C,True,False,True,0,0.0,0.0,0.0,False,False
2209104,Santa Cruz do Piauí,PI,,,Não,,,,False,C,True,False,True,0,0.0,0.0,0.0,False,False
2209153,Santa Cruz dos Milagres,PI,,,Sim,,,,False,B,False,False,False,1,770000.0,5000.0,157.0,True,True
2209203,Santa Filomena,PI,,,Não,,,,False,C,True,False,True,0,0.0,0.0,0.0,False,False
2209302,Santa Luz,PI,Não,0.0,Não,,0.0,0.0,True,B,False,False,False,0,0.0,0.0,0.0,False,False
2209351,Santana do Piauí,PI,Não,0.0,Não,,,0.0,True,A,False,False,False,0,0.0,0.0,0.0,False,False
2209377,Santa Rosa do Piauí,PI,,,Não,,,,False,C,True,False,True,0,0.0,0.0,0.0,False,False
2209401,Santo Antônio de Lisboa,PI,Não,0.0,Não,,0.0,0.0,True,A,False,False,False,0,0.0,0.0,0.0,False,False
2209450,Santo Antônio dos Milagres,PI,,,Não,,,,False,C,True,False,True,0,0.0,0.0,0.0,False,False
2209500,Santo Inácio do Piauí,PI,Não,0.0,Não,,0.0,0.0,True,C,True,False,True,0,0.0,0.0,0.0,False,False
2209559,São Braz do Piauí,PI,Não,0.0,Sim,,0.0,0.0,True,C,True,False,True,0,0.0,0.0,0.0,False,False
2209609,São Félix do Piauí,PI,Não,0.0,Não,,,0.0,True,C,True,False,True,0,0.0,0.0,0.0,False,False
2209658,São Francisco de Assis do Piauí,PI,Não,0.0,Não,,0.0,0.0,True,n.d.,False,True,True,0,0.0,0.0,0.0,False,False
2209708,São Francisco do Piauí,PI,,,Não,,,,False,B,False,False,False,0,0.0,0.0,0.0,False,False
2209757,São Gonçalo do Gurguéia,PI,Não,0.0,Não,,0.0,0.0,True,A,False,False,False,0,0.0,0.0,0.0,False,False
2209807,São Gonçalo do Piauí,PI,,,Não,,,,False,C,True,False,True,0,0.0,0.0,0.0,False,False
2209856,São João da Canabrava,PI,Não,0.0,Não,,3.95,0.0,True,B,False,False,False,0,0.0,0.0,0.0,False,False
2209872,São João da Fronteira,PI,Não,0.0,Não,,,0.0,True,C,True,False,True,0,0.0,0.0,0.0,False,False
2209906,São João da Serra,PI,Não,0.0,Não,,0.0,0.0,True,A,False,False,False,0,0.0,0.0,0.0,False,False
2209955,São João da Varjota,PI,Não,0.0,Não,,,0.0,True,A,False,False,False,1,0.0,0.0,0.0,True,False
2209971,São João do Arraial,PI,Não,300.0,Não,,0.0,14.15,True,B,False,False,False,0,0.0,0.0,0.0,False,False
2210003,São João do Piauí,PI,Não,0.0,Não,15.47,10.78,0.0,True,C,True,False,True,0,0.0,0.0,0.0,False,False
2210052,São José do Divino,PI,Sim,100.0,Sim,,,7.92,True,B,False,False,False,0,0.0,0.0,0.0,False,False
2210102,São José do Peixe,PI,Não,0.0,Não,,0.0,0.0,True,A,False,False,False,0,0.0,0.0,0.0,False,False
2210201,São José do Piauí,PI,Não,17.0,Não,,,0.81,True,B,False,False,False,0,0.0,0.0,0.0,False,False
2210300,São Julião,PI,Não,0.0,Não,,,0.0,True,C,True,False,True,0,0.0,0.0,0.0,False,False
2210359,São Lourenço do Piauí,PI,,,Não,,,,False,C,True,False,True,0,0.0,0.0,0.0,False,False
2210375,São Luis do Piauí,PI,Não,0.0,Não,,,0.0,True,C,True,False,True,1,1000000.0,150000.0,0.0,True,True
2210383,São Miguel da Baixa Grande,PI,,,Não,,,,False,C,True,False,True,0,0.0,0.0,0.0,False,False
2210391,São Miguel do Fidalgo,PI,Não,0.0,Não,,0.0,0.0,True,C,True,False,True,0,0.0,0.0,0.0,False,False
2210409,São Miguel do Tapuio,PI,Não,100.0,Sim,4.03,43.61,2.69,True,B+,False,False,False,0,0.0,0.0,0.0,False,False
2210508,São Pedro do Piauí,PI,Não,0.0,Não,,0.0,0.0,True,B,False,False,False,0,0.0,0.0,0.0,False,False
2210607,São Raimundo Nonato,PI,,,Sim,,,,False,C,True,False,True,0,0.0,0.0,0.0,False,False
2210623,Sebastião Barros,PI,,,Não,,,,False,C,True,False,True,0,0.0,0.0,0.0,False,False
2210631,Sebastião Leal,PI,Não,0.0,Não,,,0.0,True,B,False,False,False,0,0.0,0.0,0.0,False,False
2210656,Sigefredo Pacheco,PI,Não,0.0,Sim,,,0.0,True,C,True,False,True,0,0.0,0.0,0.0,False,False
2210706,Simões,PI,,,Não,,,,False,C,True,False,True,0,0.0,0.0,0.0,False,False
2210805,Simplício Mendes,PI,Não,0.0,Não,,,0.0,True,C,True,False,True,0,0.0,0.0,0.0,False,False
2210904,Socorro do Piauí,PI,Não,0.0,Não,,,0.0,True,C,True,False,True,0,0.0,0.0,0.0,False,False
2210938,Sussuapara,PI,Não,0.0,Não,,,0.0,True,C,True,False,True,0,0.0,0.0,0.0,False,False
2210953,Tamboril do Piauí,PI,,,Não,,,,False,B,False,False,False,0,0.0,0.0,0.0,False,False
2210979,Tanque do Piauí,PI,,,Não,,,,False,C,True,False,True,0,0.0,0.0,0.0,False,False
2211001,Teresina,PI,Sim,2774.0,Sim,0.37,36.98,0.79,True,B,False,False,False,2,350000.0,23012442.71,1697.0,True,True
2211100,União,PI,Não,0.0,Sim,0.57,0.0,0.0,True,B,False,False,False,0,0.0,0.0,0.0,False,False
2211209,Uruçuí,PI,Sim,0.0,Sim,,,0.0,True,A,False,False,False,1,0.0,0.0,20.0,True,False
2211308,Valença do Piauí,PI,Não,0.0,Não,,,0.0,True,C,True,False,True,0,0.0,0.0,0.0,False,False
2211357,Várzea Branca,PI,,,Não,,,,False,C,True,False,True,0,0.0,0.0,0.0,False,False
2211407,Várzea Grande,PI,Não,0.0,Não,0.55,0.0,0.0,True,C,True,False,True,0,0.0,0.0,0.0,False,False
2211506,Vera Mendes,PI,Não,6.0,Não,,,0.8,True,n.d.,False,True,True,1,0.0,0.0,0.0,True,False
2211605,Vila Nova do Piauí,PI,,,Não,,,,False,B,False,False,False,0,0.0,0.0,0.0,False,False
2211704,Wall Ferraz,PI,Não,0.0,Não,,,0.0,True,C,True,False,True,0,0.0,0.0,0.0,False,False
2300101,Abaiara,CE,,,Não,,,,False,B,False,False,False,1,643408.8,11313.27,0.0,True,True
2300150,Acarape,CE,Não,150.0,Sim,0.32,0.0,4.33,True,B,False,False,False,0,0.0,0.0,0.0,False,False
2300200,Acaraú,CE,Não,0.0,Sim,3.28,0.0,0.0,True,C,True,False,True,0,0.0,0.0,0.0,False,False
2300309,Acopiara,CE,,,Não,,,,False,C,True,False,True,2,7335000.0,0.0,13.0,True,True
2300408,Aiuaba,CE,Não,0.0,Não,,0.0,0.0,True,n.d.,False,True,True,0,0.0,0.0,0.0,False,False
2300507,Alcântaras,CE,Não,0.0,Não,3.05,0.0,0.0,True,n.e.,False,True,True,0,0.0,0.0,0.0,False,False
2300606,Altaneira,CE,Não,0.0,Não,,0.0,0.0,True,C,True,False,True,1,265493.94,4186.29,0.0,True,True
2300705,Alto Santo,CE,Não,0.0,Não,,38.66,0.0,True,A,False,False,False,0,0.0,0.0,0.0,False,False
2300754,Amontada,CE,Não,300.0,Sim,9.3,19.71,4.06,True,C,True,False,True,0,0.0,0.0,0.0,False,False
2300804,Antonina do Norte,CE,Não,30.0,Não,6.9,0.0,1.08,True,C,True,False,True,1,134721.1,13197.6,12.0,True,True
2300903,Apuiarés,CE,,,Não,,,,False,n.e.,False,True,True,0,0.0,0.0,0.0,False,False
2301000,Aquiraz,CE,Não,200.0,Sim,,0.0,0.53,True,C,True,False,True,1,2089717.94,53582.8,0.0,True,True
2301109,Aracati,CE,Sim,190.0,Sim,,,0.85,True,C,True,False,True,0,0.0,0.0,0.0,False,False
2301208,Aracoiaba,CE,Não,0.0,Não,0.5,0.0,0.0,True,C,True,False,True,1,316742.39,390648.95,0.0,True,True
2301257,Ararendá,CE,Não,0.0,Não,1.05,400.54,0.0,True,B,False,False,False,1,0.0,1214409.56,0.0,True,True
2301307,Araripe,CE,,,Sim,,,,False,C,True,False,True,0,0.0,0.0,0.0,False,False
2301406,Aratuba,CE,Não,0.0,Não,,,0.0,True,C,True,False,True,2,179616.75,64543.47,237.0,True,True
2301505,Arneiroz,CE,Não,0.0,Sim,21.33,0.0,0.0,True,C,True,False,True,0,0.0,0.0,0.0,False,False
2301604,Assaré,CE,Não,0.0,Não,3.08,0.0,0.0,True,C,True,False,True,0,0.0,0.0,0.0,False,False
2301703,Aurora,CE,Não,0.0,Sim,3.7,0.0,0.0,True,C,True,False,True,0,0.0,0.0,0.0,False,False
2301802,Baixio,CE,,,Não,,,,False,C,True,False,True,0,0.0,0.0,0.0,False,False
2301851,Banabuiú,CE,,,Não,,,,False,C,True,False,True,0,0.0,0.0,0.0,False,False
2301901,Barbalha,CE,Não,1200.0,Não,13.75,35.25,5.28,True,B,False,False,False,1,10439636.62,65213.22,169.0,True,True
2301950,Barreira,CE,,,Não,,,,False,C,True,False,True,1,542020.78,389350.95,2.0,True,True
2302008,Barro,CE,Não,0.0,Não,27.38,0.0,0.0,True,C,True,False,True,0,0.0,0.0,0.0,False,False
2302057,Barroquinha,CE,Não,0.0,Não,,,0.0,True,C,True,False,True,0,0.0,0.0,0.0,False,False
2302107,Baturité,CE,Não,1500.0,Sim,,,12.91,True,C,True,False,True,1,204201.1,102100.55,12.0,True,True
2302206,Beberibe,CE,Não,0.0,Não,24.48,0.0,0.0,True,B,False,False,False,1,1297541.08,900772.32,5.0,True,True
2302305,Bela Cruz,CE,Não,0.0,Sim,,0.0,0.0,True,C,True,False,True,0,0.0,0.0,0.0,False,False
2302404,Boa Viagem,CE,Não,0.0,Sim,4.76,0.0,0.0,True,C,True,False,True,0,0.0,0.0,0.0,False,False
2302503,Brejo Santo,CE,Não,0.0,Sim,7.27,1.46,0.0,True,B,False,False,False,0,0.0,0.0,0.0,False,False
2302602,Camocim,CE,Não,0.0,Não,,0.0,0.0,True,B,False,False,False,0,0.0,0.0,0.0,False,False
2302701,Campos Sales,CE,,,Não,,,,False,C,True,False,True,0,0.0,0.0,0.0,False,False
2302800,Canindé,CE,Não,0.0,Sim,2.13,0.0,0.0,True,C,True,False,True,0,0.0,0.0,0.0,False,False
2302909,Capistrano,CE,Não,200.0,Não,,,5.54,True,C,True,False,True,3,7619759.28,842000.68,0.0,True,True
2303006,Caridade,CE,Não,0.0,Sim,10.0,0.0,0.0,True,n.d.,False,True,True,0,0.0,0.0,0.0,False,False
2303105,Cariré,CE,Não,0.0,Sim,,0.0,0.0,True,A,False,False,False,0,0.0,0.0,0.0,False,False
2303204,Caririaçu,CE,Não,0.0,Não,,,0.0,True,C,True,False,True,0,0.0,0.0,0.0,False,False
2303303,Cariús,CE,,,Não,,,,False,A,False,False,False,0,0.0,0.0,0.0,False,False
2303402,Carnaubal,CE,,,Não,,,,False,C,True,False,True,1,393869.46,312189.02,2.0,True,True
2303501,Cascavel,CE,Não,0.0,Não,10.06,0.0,0.0,True,C,True,False,True,1,113000.0,13510000.0,0.0,True,True
2303600,Catarina,CE,,,Não,,,,False,A,False,False,False,0,0.0,0.0,0.0,False,False
2303659,Catunda,CE,Não,0.0,Não,,,0.0,True,B,False,False,False,0,0.0,0.0,0.0,False,False
2303709,Caucaia,CE,Não,3150.0,Sim,13.71,0.0,2.1,True,C,True,False,True,2,4250000.0,3175000.0,0.0,True,True
2303808,Cedro,CE,Não,0.0,Não,8.33,7.04,0.0,True,C,True,False,True,1,2654614.27,132730.71,0.0,True,True
2303907,Chaval,CE,Não,0.0,Sim,,0.42,0.0,True,C,True,False,True,0,0.0,0.0,0.0,False,False
2303931,Choró,CE,Não,0.0,Não,,,0.0,True,C,True,False,True,0,0.0,0.0,0.0,False,False
2303956,Chorozinho,CE,Não,90.0,Não,,,1.57,True,C,True,False,True,0,0.0,0.0,0.0,False,False
2304004,Coreaú,CE,Não,0.0,Sim,96.67,4.23,0.0,True,A,False,False,False,0,0.0,0.0,0.0,False,False
2304103,Crateús,CE,Sim,4592.0,Sim,,,17.65,True,B,False,False,False,1,0.0,5000.0,0.0,True,True
2304202,Crato,CE,Sim,1425.0,Sim,8.02,0.0,2.85,True,B,False,False,False,3,0.0,0.0,5.0,True,False
2304236,Croatá,CE,Não,0.0,Não,11.53,0.0,0.0,True,n.e.,False,True,True,0,0.0,0.0,0.0,False,False
2304251,Cruz,CE,Sim,252.0,Sim,0.75,113.58,4.25,True,A,False,False,False,0,0.0,0.0,0.0,False,False
2304269,Deputado Irapuan Pinheiro,CE,Não,0.0,Não,23.64,13.46,0.0,True,B+,False,False,False,1,1921570.51,1357135.57,0.0,True,True
2304277,Ererê,CE,Não,90.0,Não,,,5.4,True,A,False,False,False,0,0.0,0.0,0.0,False,False
2304285,Eusébio,CE,Não,0.0,Não,2.99,0.0,0.0,True,C,True,False,True,0,0.0,0.0,0.0,False,False
2304301,Farias Brito,CE,Não,26.0,Não,2.67,0.0,0.62,True,B,False,False,False,1,4117651.09,1636502.35,43.0,True,True
2304350,Forquilha,CE,Não,0.0,Não,8.68,1.06,0.0,True,C,True,False,True,0,0.0,0.0,0.0,False,False
2304400,Fortaleza,CE,Sim,5000.0,Sim,9.4,28.62,0.46,True,B+,False,False,False,3,0.0,0.0,0.0,True,False
2304459,Fortim,CE,Sim,21.0,Não,,0.0,0.37,True,C,True,False,True,0,0.0,0.0,0.0,False,False
2304509,Frecheirinha,CE,Não,0.0,Não,,0.0,0.0,True,C,True,False,True,0,0.0,0.0,0.0,False,False
2304608,General Sampaio,CE,Não,0.0,Não,,,0.0,True,C,True,False,True,0,0.0,0.0,0.0,False,False
2304657,Graça,CE,Não,0.0,Não,50.0,0.0,0.0,True,C,True,False,True,0,0.0,0.0,0.0,False,False
2304707,Granja,CE,Não,0.0,Sim,3.38,0.0,0.0,True,B,False,False,False,0,0.0,0.0,0.0,False,False
2304806,Granjeiro,CE,Não,0.0,Não,10.53,0.0,0.0,True,B,False,False,False,0,0.0,0.0,0.0,False,False
2304905,Groaíras,CE,Não,0.0,Não,,,0.0,True,A,False,False,False,0,0.0,0.0,0.0,False,False
2304954,Guaiúba,CE,Não,975.0,Não,17.32,5254.52,12.49,True,C,True,False,True,2,2503382.89,346854.83,0.0,True,True
2305001,Guaraciaba do Norte,CE,,,Não,,,,False,C,True,False,True,0,0.0,0.0,0.0,False,False
2305100,Guaramiranga,CE,Não,0.0,Não,,,0.0,True,B,False,False,False,1,145549.65,68368.31,0.0,True,True
2305209,Hidrolândia,CE,Não,352.0,Sim,16.9,4.2,6.33,True,C,True,False,True,0,0.0,0.0,0.0,False,False
2305233,Horizonte,CE,Sim,1260.0,Não,50.0,29.74,3.99,True,A,False,False,False,0,0.0,0.0,0.0,False,False
2305266,Ibaretama,CE,Não,0.0,Não,,,0.0,True,C,True,False,True,2,2257114.2,947829.5700000001,0.0,True,True
2305308,Ibiapina,CE,Não,0.0,Não,,,0.0,True,C,True,False,True,0,0.0,0.0,0.0,False,False
2305332,Ibicuitinga,CE,Não,0.0,Não,,,0.0,True,C,True,False,True,0,0.0,0.0,0.0,False,False
2305357,Icapuí,CE,Não,0.0,Não,0.06,1.43,0.0,True,B+,False,False,False,0,0.0,0.0,0.0,False,False
2305407,Icó,CE,Não,0.0,Sim,5.51,0.0,0.0,True,B,False,False,False,0,0.0,0.0,0.0,False,False
2305506,Iguatu,CE,,,Sim,,,,False,C,True,False,True,0,0.0,0.0,0.0,False,False
2305605,Independência,CE,Não,0.0,Não,,,0.0,True,C,True,False,True,1,0.0,0.0,0.0,True,False
2305654,Ipaporanga,CE,Não,0.0,Não,42.76,0.0,0.0,True,C,True,False,True,0,0.0,0.0,0.0,False,False
2305704,Ipaumirim,CE,Não,85.0,Não,,0.0,2.62,True,B,False,False,False,0,0.0,0.0,0.0,False,False
2305803,Ipu,CE,,,Sim,,,,False,n.d.,False,True,True,0,0.0,0.0,0.0,False,False
2305902,Ipueiras,CE,Não,0.0,Não,,46.45,0.0,True,B,False,False,False,0,0.0,0.0,0.0,False,False
2306009,Iracema,CE,Sim,11.0,Sim,4.76,0.0,0.22,True,C,True,False,True,0,0.0,0.0,0.0,False,False
2306108,Irauçuba,CE,Não,0.0,Sim,,3.41,0.0,True,A,False,False,False,5,5187412.36,1230.0,8.0,True,True
2306207,Itaiçaba,CE,Sim,900.0,Sim,1.2,0.0,34.99,True,C,True,False,True,0,0.0,0.0,0.0,False,False
2306256,Itaitinga,CE,Não,100.0,Não,,,0.42,True,C,True,False,True,0,0.0,0.0,0.0,False,False
2306306,Itapajé,CE,Sim,40.0,Sim,8.89,0.0,0.26,True,A,False,False,False,2,1079035.75,17907.809999999998,57.0,True,True
2306405,Itapipoca,CE,Sim,1200.0,Sim,99.8,26.04,3.65,True,C,True,False,True,2,37903506.16,37903506.16,462.0,True,True
2306504,Itapiúna,CE,Não,150.0,Não,8.33,0.0,3.66,True,C,True,False,True,0,0.0,0.0,0.0,False,False
2306553,Itarema,CE,,,Sim,,,,False,C,True,False,True,0,0.0,0.0,0.0,False,False
2306603,Itatira,CE,Não,0.0,Sim,7.81,9.61,0.0,True,C,True,False,True,0,0.0,0.0,0.0,False,False
2306702,Jaguaretama,CE,Não,0.0,Não,,,0.0,True,C,True,False,True,0,0.0,0.0,0.0,False,False
2306801,Jaguaribara,CE,Não,0.0,Não,16.84,0.0,0.0,True,C,True,False,True,0,0.0,0.0,0.0,False,False
2306900,Jaguaribe,CE,Não,700.0,Sim,16.28,39.38,6.31,True,C,True,False,True,0,0.0,0.0,0.0,False,False
2307007,Jaguaruana,CE,Sim,577.0,Sim,22.23,0.0,6.32,True,B,False,False,False,0,0.0,0.0,0.0,False,False
2307106,Jardim,CE,Não,0.0,Não,45.16,30.28,0.0,True,C,True,False,True,0,0.0,0.0,0.0,False,False
2307205,Jati,CE,Não,0.0,Não,,0.0,0.0,True,B,False,False,False,0,0.0,0.0,0.0,False,False
2307254,Jijoca de Jericoacoara,CE,Não,0.0,Sim,0.27,1.7,0.0,True,C,True,False,True,0,0.0,0.0,0.0,False,False
2307304,Juazeiro do Norte,CE,Sim,200.0,Sim,4.89,16.52,0.17,True,B,False,False,False,0,0.0,0.0,0.0,False,False
2307403,Jucás,CE,Não,0.0,Não,,,0.0,True,C,True,False,True,0,0.0,0.0,0.0,False,False
2307502,Lavras da Mangabeira,CE,Não,130.0,Sim,10.78,0.0,1.49,True,B,False,False,False,3,2396508.75,0.0,0.0,True,True
2307601,Limoeiro do Norte,CE,Não,142.0,Sim,0.35,0.0,0.69,True,n.d.,False,True,True,1,0.0,0.0,0.0,True,False
2307635,Madalena,CE,Sim,5.0,Sim,4.62,67.5,0.12,True,C,True,False,True,0,0.0,0.0,0.0,False,False
2307650,Maracanaú,CE,Não,0.0,Sim,3.64,0.0,0.0,True,A,False,False,False,0,0.0,0.0,0.0,False,False
2307700,Maranguape,CE,Sim,36.0,Sim,2.96,1.46,0.1,True,C,True,False,True,0,0.0,0.0,0.0,False,False
2307809,Marco,CE,Não,54.0,Sim,1.36,0.0,0.81,True,n.e.,False,True,True,0,0.0,0.0,0.0,False,False
2307908,Martinópole,CE,Não,0.0,Não,1.33,0.6,0.0,True,C,True,False,True,0,0.0,0.0,0.0,False,False
2308005,Massapê,CE,Não,0.0,Sim,,0.0,0.0,True,C,True,False,True,1,0.0,0.0,10.0,True,False
2308104,Mauriti,CE,Não,0.0,Sim,,,0.0,True,C,True,False,True,0,0.0,0.0,0.0,False,False
2308203,Meruoca,CE,Não,0.0,Sim,0.23,0.0,0.0,True,C,True,False,True,1,3932884.69,89743.68,3.0,True,True
2308302,Milagres,CE,Não,0.0,Sim,8.33,2.11,0.0,True,A,False,False,False,0,0.0,0.0,0.0,False,False
2308351,Milhã,CE,,,Não,,,,False,C,True,False,True,1,4603322.75,0.0,245.0,True,True
2308377,Miraíma,CE,Não,0.0,Sim,33.33,0.0,0.0,True,C,True,False,True,0,0.0,0.0,0.0,False,False
2308401,Missão Velha,CE,Não,0.0,Sim,,0.0,0.0,True,C,True,False,True,6,14802013.53,630546.35,322.0,True,True
2308500,Mombaça,CE,Não,0.0,Não,,0.0,0.0,True,C,True,False,True,1,128500.0,8000.0,0.0,True,True
2308609,Monsenhor Tabosa,CE,Não,0.0,Não,,,0.0,True,C,True,False,True,0,0.0,0.0,0.0,False,False
2308708,Morada Nova,CE,Sim,1422.0,Sim,0.11,0.0,7.5,True,C,True,False,True,0,0.0,0.0,0.0,False,False
2308807,Moraújo,CE,Não,20.0,Sim,3.83,0.0,0.96,True,A,False,False,False,0,0.0,0.0,0.0,False,False
2308906,Morrinhos,CE,,,Sim,,,,False,C,True,False,True,0,0.0,0.0,0.0,False,False
2309003,Mucambo,CE,Não,0.0,Não,9.77,0.0,0.0,True,n.e.,False,True,True,0,0.0,0.0,0.0,False,False
2309102,Mulungu,CE,Não,0.0,Não,17.06,0.0,0.0,True,C,True,False,True,0,0.0,0.0,0.0,False,False
2309201,Nova Olinda,CE,Não,0.0,Não,,,0.0,True,A,False,False,False,0,0.0,0.0,0.0,False,False
2309300,Nova Russas,CE,Não,0.0,Não,80.8,0.0,0.0,True,C,True,False,True,4,0.0,0.0,2.0,True,False
2309409,Novo Oriente,CE,Não,0.0,Sim,48.66,0.0,0.0,True,B,False,False,False,0,0.0,0.0,0.0,False,False
2309458,Ocara,CE,Não,0.0,Não,,,0.0,True,A,False,False,False,0,0.0,0.0,0.0,False,False
2309508,Orós,CE,Não,0.0,Não,,,0.0,True,C,True,False,True,0,0.0,0.0,0.0,False,False
2309607,Pacajus,CE,Não,0.0,Não,,0.0,0.0,True,B,False,False,False,0,0.0,0.0,0.0,False,False
2309706,Pacatuba,CE,Sim,670.0,Sim,24.56,0.0,2.05,True,C,True,False,True,4,92403.92,0.0,0.0,True,True
2309805,Pacoti,CE,Sim,113.0,Sim,50.65,6.32,5.54,True,B,False,False,False,0,0.0,0.0,0.0,False,False
2309904,Pacujá,CE,Não,0.0,Sim,9.52,0.0,0.0,True,C,True,False,True,0,0.0,0.0,0.0,False,False
2310001,Palhano,CE,Sim,100.0,Sim,7.3,0.0,3.7,True,C,True,False,True,0,0.0,0.0,0.0,False,False
2310100,Palmácia,CE,,,Sim,,,,False,B,False,False,False,0,0.0,0.0,0.0,False,False
2310209,Paracuru,CE,,,Não,,,,False,C,True,False,True,0,0.0,0.0,0.0,False,False
2310258,Paraipaba,CE,Não,0.0,Não,28.57,7.68,0.0,True,C,True,False,True,9,19323031.02,12522845.950000001,45.0,True,True
2310308,Parambu,CE,Não,0.0,Sim,25.0,0.0,0.0,True,A,False,False,False,0,0.0,0.0,0.0,False,False
2310407,Paramoti,CE,Não,10.0,Não,3.49,194.83,0.34,True,C,True,False,True,0,0.0,0.0,0.0,False,False
2310506,Pedra Branca,CE,Não,0.0,Não,37.74,0.0,0.0,True,B,False,False,False,1,23755679.35,42232.32,0.0,True,True
2310605,Penaforte,CE,,,Não,,,,False,B,False,False,False,1,4424960.49,0.0,4.0,True,True
2310704,Pentecoste,CE,Não,780.0,Sim,,0.0,7.01,True,B,False,False,False,0,0.0,0.0,0.0,False,False
2310803,Pereiro,CE,Não,0.0,Não,,,0.0,True,A,False,False,False,0,0.0,0.0,0.0,False,False
2310852,Pindoretama,CE,Não,0.0,Não,1.82,0.0,0.0,True,C,True,False,True,1,0.0,0.0,0.0,True,False
2310902,Piquet Carneiro,CE,Não,0.0,Não,0.9,0.0,0.0,True,C,True,False,True,1,4988164.76,4873609.59,2.0,True,True
2310951,Pires Ferreira,CE,Não,0.0,Não,0.38,0.0,0.0,True,C,True,False,True,0,0.0,0.0,0.0,False,False
2311009,Poranga,CE,Não,0.0,Não,,,0.0,True,B,False,False,False,2,116138.88,158371.2,0.0,True,True
2311108,Porteiras,CE,Não,0.0,Não,39.92,6.44,0.0,True,B,False,False,False,1,3151824.77,59653.15,31.0,True,True
2311207,Potengi,CE,Não,0.0,Não,,,0.0,True,C,True,False,True,0,0.0,0.0,0.0,False,False
2311231,Potiretama,CE,,,Não,,,,False,B,False,False,False,0,0.0,0.0,0.0,False,False
2311264,Quiterianópolis,CE,Não,0.0,Sim,,,0.0,True,B,False,False,False,0,0.0,0.0,0.0,False,False
2311306,Quixadá,CE,Sim,5000.0,Não,71.91,0.0,17.62,True,C,True,False,True,0,0.0,0.0,0.0,False,False
2311355,Quixelô,CE,Não,0.0,Não,15.81,5.66,0.0,True,C,True,False,True,0,0.0,0.0,0.0,False,False
2311405,Quixeramobim,CE,Não,100.0,Sim,4.38,0.0,0.42,True,B,False,False,False,1,18288705.67,591252.46,380.0,True,True
2311504,Quixeré,CE,Não,500.0,Sim,,,6.84,True,C,True,False,True,1,0.0,0.0,1.0,True,False
2311603,Redenção,CE,Não,0.0,Sim,,0.0,0.0,True,C,True,False,True,3,501131.66000000003,9880.08,41.0,True,True
2311702,Reriutaba,CE,,,Não,,,,False,C,True,False,True,0,0.0,0.0,0.0,False,False
2311801,Russas,CE,Não,0.0,Sim,14.71,29.4,0.0,True,B,False,False,False,0,0.0,0.0,0.0,False,False
2311900,Saboeiro,CE,Não,0.0,Não,19.35,0.0,0.0,True,B,False,False,False,0,0.0,0.0,0.0,False,False
2311959,Salitre,CE,,,Sim,,,,False,C,True,False,True,1,4084021.96,4084021.96,0.0,True,True
2312007,Santana do Acaraú,CE,Não,0.0,Sim,12.5,0.0,0.0,True,C,True,False,True,0,0.0,0.0,0.0,False,False
2312106,Santana do Cariri,CE,Não,100.0,Não,,,2.77,True,C,True,False,True,0,0.0,0.0,0.0,False,False
2312205,Santa Quitéria,CE,Não,0.0,Não,21.1,74.21,0.0,True,C,True,False,True,1,0.0,0.0,350.0,True,False
2312304,São Benedito,CE,Não,0.0,Não,,,0.0,True,C,True,False,True,1,2981699.53,135143.42,160.0,True,True
2312403,São Gonçalo do Amarante,CE,Não,0.0,Não,7.87,285.46,0.0,True,C,True,False,True,2,0.0,0.0,8.0,True,False
2312502,São João do Jaguaribe,CE,Não,0.0,Sim,,,0.0,True,C,True,False,True,0,0.0,0.0,0.0,False,False
2312601,São Luís do Curu,CE,Não,10.0,Não,5.81,0.0,0.27,True,C,True,False,True,0,0.0,0.0,0.0,False,False
2312700,Senador Pompeu,CE,,,Não,,,,False,A,False,False,False,1,1183565.87,54935.26,430.0,True,True
2312809,Senador Sá,CE,,,Não,,,,False,B,False,False,False,0,0.0,0.0,0.0,False,False
2312908,Sobral,CE,Sim,0.0,Sim,70.21,49.2,0.0,True,B,False,False,False,2,0.0,14820.11,114.0,True,True
2313005,Solonópole,CE,Não,98.0,Não,6.72,0.0,2.26,True,C,True,False,True,0,0.0,0.0,0.0,False,False
2313104,Tabuleiro do Norte,CE,Sim,440.0,Sim,3.75,0.0,4.23,True,C,True,False,True,1,105580.8,3712220.83,100.0,True,True
2313203,Tamboril,CE,Não,0.0,Não,,0.0,0.0,True,C,True,False,True,0,0.0,0.0,0.0,False,False
2313252,Tarrafas,CE,Não,0.0,Sim,12.0,0.0,0.0,True,C,True,False,True,0,0.0,0.0,0.0,False,False
2313302,Tauá,CE,Não,460.0,Não,2.51,0.0,2.57,True,B,False,False,False,0,0.0,0.0,0.0,False,False
2313351,Tejuçuoca,CE,Não,0.0,Sim,,,0.0,True,A,False,False,False,0,0.0,0.0,0.0,False,False
2313401,Tianguá,CE,Não,0.0,Não,,,0.0,True,C,True,False,True,0,0.0,0.0,0.0,False,False
2313500,Trairi,CE,Não,0.0,Não,1.0,0.0,0.0,True,B,False,False,False,0,0.0,0.0,0.0,False,False
2313559,Tururu,CE,Não,100.0,Não,7.48,33.83,2.2,True,C,True,False,True,1,77599.32,79185.6,1264.0,True,True
2313609,Ubajara,CE,Não,0.0,Não,5.79,1.67,0.0,True,C,True,False,True,0,0.0,0.0,0.0,False,False
2313708,Umari,CE,Não,0.0,Não,,0.0,0.0,True,C,True,False,True,0,0.0,0.0,0.0,False,False
2313757,Umirim,CE,Não,0.0,Não,40.0,5.49,0.0,True,A,False,False,False,1,696833.26,140422.46,19.0,True,True
2313807,Uruburetama,CE,Não,0.0,Não,14.42,12.23,0.0,True,C,True,False,True,21,2731263.31,221103.08,213.0,True,True
2313906,Uruoca,CE,Não,0.0,Não,,,0.0,True,C,True,False,True,0,0.0,0.0,0.0,False,False
2313955,Varjota,CE,Não,0.0,Não,0.86,94.27,0.0,True,C,True,False,True,0,0.0,0.0,0.0,False,False
2314003,Várzea Alegre,CE,Sim,830.0,Não,1.11,0.0,7.25,True,C,True,False,True,2,11711020.1,451322.58999999997,308.0,True,True
2314102,Viçosa do Ceará,CE,Não,0.0,Sim,0.89,0.0,0.0,True,C,True,False,True,0,0.0,0.0,0.0,False,False
2400109,Acari,RN,,,Não,,,,False,B,False,False,False,0,0.0,0.0,0.0,False,False
2400208,Açu,RN,Não,200.0,Sim,0.56,18.41,1.06,True,C,True,False,True,0,0.0,0.0,0.0,False,False
2400307,Afonso Bezerra,RN,Não,0.0,Não,,0.0,0.0,True,C,True,False,True,2,50000.0,500000.0,645.0,True,True
2400406,Água Nova,RN,Não,0.0,Não,,0.0,0.0,True,n.d.,False,True,True,0,0.0,0.0,0.0,False,False
2400505,Alexandria,RN,Não,30.0,Não,0.7,0.0,0.66,True,C,True,False,True,1,0.0,0.0,0.0,True,False
2400604,Almino Afonso,RN,Não,0.0,Não,,0.0,0.0,True,B,False,False,False,1,316742.39,316742.39,0.0,True,True
2400703,Alto do Rodrigues,RN,Sim,1355.0,Sim,,,33.48,True,C,True,False,True,0,0.0,0.0,0.0,False,False
2400802,Angicos,RN,Não,0.0,Não,,,0.0,True,B,False,False,False,1,34580.26,0.0,0.0,True,True
2400901,Antônio Martins,RN,Não,0.0,Não,,,0.0,True,n.d.,False,True,True,0,0.0,0.0,0.0,False,False
2401008,Apodi,RN,Não,0.0,Sim,,,0.0,True,n.d.,False,True,True,2,0.0,29668.2,28.0,True,True
2401107,Areia Branca,RN,Não,0.0,Não,,,0.0,True,C,True,False,True,0,0.0,0.0,0.0,False,False
2401206,Arês,RN,,,Não,,,,False,B,False,False,False,2,0.0,61123.84,10.0,True,True
2401305,Campo Grande,RN,Não,0.0,Não,1.96,0.0,0.0,True,B,False,False,False,0,0.0,0.0,0.0,False,False
2401404,Baía Formosa,RN,Não,0.0,Não,5.28,0.0,0.0,True,B,False,False,False,3,131957.71,30058.809999999998,78.0,True,True
2401453,Baraúna,RN,Não,0.0,Não,1.02,63.1,0.0,True,C,True,False,True,0,0.0,0.0,0.0,False,False
2401503,Barcelona,RN,,,Não,,,,False,C,True,False,True,0,0.0,0.0,0.0,False,False
2401602,Bento Fernandes,RN,,,Não,,,,False,A,False,False,False,1,176633.95,78617.42,0.0,True,True
2401651,Bodó,RN,,,Não,,,,False,A,False,False,False,0,0.0,0.0,0.0,False,False
2401701,Bom Jesus,RN,Sim,10.0,Não,,0.0,0.27,True,B,False,False,False,1,387982.09,0.0,0.0,True,True
2401800,Brejinho,RN,,,Não,,,,False,C,True,False,True,1,0.0,0.0,0.0,True,False
2401859,Caiçara do Norte,RN,,,Não,,,,False,B,False,False,False,0,0.0,0.0,0.0,False,False
2401909,Caiçara do Rio do Vento,RN,Não,0.0,Não,,3.32,0.0,True,A,False,False,False,2,617504.7,1253.29,2.0,True,True
2402006,Caicó,RN,Sim,749.0,Sim,45.05,46.51,2.85,True,C,True,False,True,3,0.0,0.0,0.0,True,False
2402105,Campo Redondo,RN,Não,0.0,Não,2.94,0.0,0.0,True,C,True,False,True,0,0.0,0.0,0.0,False,False
2402204,Canguaretama,RN,Sim,500.0,Sim,,,4.38,True,C,True,False,True,12,20420109.78,5105027.44,810.0,True,True
2402303,Caraúbas,RN,Não,0.0,Não,2.14,0.0,0.0,True,C,True,False,True,1,2111615.94,0.0,14.0,True,True
2402402,Carnaúba dos Dantas,RN,Não,0.0,Não,,,0.0,True,B,False,False,False,0,0.0,0.0,0.0,False,False
2402501,Carnaubais,RN,,,Sim,,,,False,C,True,False,True,0,0.0,0.0,0.0,False,False
2402600,Ceará-Mirim,RN,Sim,100.0,Sim,,,0.41,True,C,True,False,True,2,8709176.82,5942251.95,45.0,True,True
2402709,Cerro Corá,RN,Não,0.0,Não,,0.0,0.0,True,B,False,False,False,1,633484.78,16892.93,600.0,True,True
2402808,Coronel Ezequiel,RN,,,Não,,,,False,C,True,False,True,1,0.0,0.0,0.0,True,False
2402907,Coronel João Pessoa,RN,Não,0.0,Não,,0.0,0.0,True,C,True,False,True,1,646154.48,63348.48,600.0,True,True
2403004,Cruzeta,RN,Não,0.0,Não,,7.17,0.0,True,A,False,False,False,0,0.0,0.0,0.0,False,False
2403103,Currais Novos,RN,Não,0.0,Não,,,0.0,True,B,False,False,False,0,0.0,0.0,0.0,False,False
2403202,Doutor Severiano,RN,,,Não,,,,False,C,True,False,True,2,1186479.0,1015127.7,69.0,True,True
2403251,Parnamirim,RN,,,Sim,,,,False,C,True,False,True,8,44558032.61,929577.8200000001,1423.0,True,True
2403301,Encanto,RN,Não,0.0,Não,,,0.0,True,A,False,False,False,0,0.0,0.0,0.0,False,False
2403400,Equador,RN,,,Não,,,,False,C,True,False,True,0,0.0,0.0,0.0,False,False
2403509,Espírito Santo,RN,Não,0.0,Não,,,0.0,True,B,False,False,False,0,0.0,0.0,0.0,False,False
2403608,Extremoz,RN,,,Não,,,,False,C,True,False,True,4,343137.59,401207.03,268.0,True,True
2403707,Felipe Guerra,RN,Não,50.0,Sim,0.32,1088.14,2.45,True,A,False,False,False,1,754902.7,12669.7,0.0,True,True
2403756,Fernando Pedroza,RN,Não,0.0,Não,1.26,0.0,0.0,True,C,True,False,True,0,0.0,0.0,0.0,False,False
2403806,Florânia,RN,Não,0.0,Não,0.53,9.73,0.0,True,B,False,False,False,0,0.0,0.0,0.0,False,False
2403905,Francisco Dantas,RN,Não,0.0,Não,,,0.0,True,C,True,False,True,0,0.0,0.0,0.0,False,False
2404002,Frutuoso Gomes,RN,Não,0.0,Não,,21.38,0.0,True,n.e.,False,True,True,0,0.0,0.0,0.0,False,False
2404101,Galinhos,RN,,,Não,,,,False,C,True,False,True,0,0.0,0.0,0.0,False,False
2404200,Goianinha,RN,Não,0.0,Sim,53.92,0.0,0.0,True,C,True,False,True,1,0.0,0.0,0.0,True,False
2404309,Governador Dix-Sept Rosado,RN,,,Não,,,,False,C,True,False,True,0,0.0,0.0,0.0,False,False
2404408,Grossos,RN,Não,0.0,Não,14.41,0.0,0.0,True,C,True,False,True,0,0.0,0.0,0.0,False,False
2404507,Guamaré,RN,Sim,30.0,Não,5.26,0.0,0.55,True,C,True,False,True,1,0.0,0.0,0.0,True,False
2404606,Ielmo Marinho,RN,Não,0.0,Não,,,0.0,True,B,False,False,False,2,0.0,0.0,5.0,True,False
2404705,Ipanguaçu,RN,,,Sim,,,,False,C,True,False,True,5,5155475.72,0.0,1847.0,True,True
2404804,Ipueira,RN,Não,0.0,Não,,0.0,0.0,True,C,True,False,True,0,0.0,0.0,0.0,False,False
2404853,Itajá,RN,Não,0.0,Não,,0.0,0.0,True,C,True,False,True,1,0.0,0.0,0.0,True,False
2404903,Itaú,RN,Não,0.0,Não,,,0.0,True,C,True,False,True,0,0.0,0.0,0.0,False,False
2405009,Jaçanã,RN,Não,0.0,Não,,,0.0,True,B,False,False,False,0,0.0,0.0,0.0,False,False
2405108,Jandaíra,RN,Sim,0.0,Sim,,,0.0,True,C,True,False,True,0,0.0,0.0,0.0,False,False
2405207,Janduís,RN,Não,0.0,Não,1.15,0.0,0.0,True,C,True,False,True,1,0.0,0.0,0.0,True,False
2405306,Januário Cicco,RN,Não,0.0,Não,10.34,10.76,0.0,True,C,True,False,True,3,273721.36,0.0,26.0,True,True
2405405,Japi,RN,Não,0.0,Não,,0.0,0.0,True,C,True,False,True,0,0.0,0.0,0.0,False,False
2405504,Jardim de Angicos,RN,,,Não,,,,False,C,True,False,True,1,148201.13,0.0,1.0,True,True
2405603,Jardim de Piranhas,RN,Sim,42.0,Sim,2.75,0.0,0.8,True,B+,False,False,False,1,62281.33,2144.11,32.0,True,True
2405702,Jardim do Seridó,RN,,,Não,,,,False,A,False,False,False,0,0.0,0.0,0.0,False,False
2405801,João Câmara,RN,Não,100.0,Sim,0.08,0.0,0.99,True,B,False,False,False,0,0.0,0.0,0.0,False,False
2405900,João Dias,RN,Não,0.0,Não,,0.0,0.0,True,C,True,False,True,0,0.0,0.0,0.0,False,False
2406007,José da Penha,RN,Não,0.0,Não,4.55,0.0,0.0,True,n.d.,False,True,True,0,0.0,0.0,0.0,False,False
2406106,Jucurutu,RN,Não,0.0,Sim,1.0,0.0,0.0,True,A,False,False,False,2,0.0,0.0,0.0,True,False
2406155,Jundiá,RN,Não,0.0,Não,,,0.0,True,B,False,False,False,1,153150.82,0.0,0.0,True,True
2406205,Lagoa d Anta,RN,Não,0.0,Não,,0.0,0.0,True,B,False,False,False,0,0.0,0.0,0.0,False,False
2406304,Lagoa de Pedras,RN,,,Não,,,,False,C,True,False,True,1,98800.75,13832.11,0.0,True,True
2406403,Lagoa de Velhos,RN,Não,0.0,Não,,,0.0,True,C,True,False,True,0,0.0,0.0,0.0,False,False
2406502,Lagoa Nova,RN,Não,0.0,Não,,,0.0,True,A,False,False,False,2,510502.74,510502.74,0.0,True,True
2406601,Lagoa Salgada,RN,,,Não,,,,False,C,True,False,True,0,0.0,0.0,0.0,False,False
2406700,Lajes,RN,Não,60.0,Não,,0.0,1.69,True,C,True,False,True,1,355682.71,296402.26,19.0,True,True
2406809,Lajes Pintadas,RN,,,Não,,,,False,C,True,False,True,1,0.0,58514.56,0.0,True,True
2406908,Lucrécia,RN,Sim,250.0,Não,5.81,130.47,24.51,True,B,False,False,False,0,0.0,0.0,0.0,False,False
2407005,Luís Gomes,RN,,,Sim,,,,False,B,False,False,False,0,0.0,0.0,0.0,False,False
2407104,Macaíba,RN,Sim,500.0,Sim,,0.0,1.62,True,C,True,False,True,5,1570306.44,0.0,157.0,True,True
2407203,Macau,RN,Sim,500.0,Sim,5.23,0.0,4.68,True,C,True,False,True,0,0.0,0.0,0.0,False,False
2407252,Major Sales,RN,,,Não,,,,False,C,True,False,True,0,0.0,0.0,0.0,False,False
2407302,Marcelino Vieira,RN,Não,0.0,Não,,0.0,0.0,True,C,True,False,True,0,0.0,0.0,0.0,False,False
2407401,Martins,RN,Não,0.0,Não,,0.0,0.0,True,B,False,False,False,0,0.0,0.0,0.0,False,False
2407500,Maxaranguape,RN,Não,0.0,Não,3.27,33.6,0.0,True,n.d.,False,True,True,5,0.0,0.0,0.0,True,False
2407609,Messias Targino,RN,Não,0.0,Não,,,0.0,True,C,True,False,True,0,0.0,0.0,0.0,False,False
2407708,Montanhas,RN,Não,0.0,Não,,0.0,0.0,True,B,False,False,False,0,0.0,0.0,0.0,False,False
2407807,Monte Alegre,RN,Não,0.0,Não,1.75,0.0,0.0,True,B,False,False,False,1,6196873.3,0.0,9.0,True,True
2407906,Monte das Gameleiras,RN,Não,0.0,Não,55.77,0.0,0.0,True,C,True,False,True,0,0.0,0.0,0.0,False,False
2408003,Mossoró,RN,Sim,185.0,Sim,4.27,7.35,0.16,True,A,False,False,False,3,2111.62,1266.97,6.0,True,True
2408102,Natal,RN,Sim,14000.0,Sim,37.48,265.81,4.0,True,C,True,False,True,6,65978664.21,468384.82999999996,7946.0,True,True
2408201,Nísia Floresta,RN,Não,2000.0,Sim,,0.0,10.93,True,B,False,False,False,3,32456238.12,6830745.14,3640.0,True,True
2408300,Nova Cruz,RN,Não,0.0,Sim,,0.0,0.0,True,B,False,False,False,3,3414132.4499999997,1408243.2000000002,1027.0,True,True
2408409,Olho-d Água do Borges,RN,,,Não,,,,False,C,True,False,True,0,0.0,0.0,0.0,False,False
2408508,Ouro Branco,RN,Não,0.0,Não,,0.0,0.0,True,C,True,False,True,0,0.0,0.0,0.0,False,False
2408607,Paraná,RN,Não,0.0,Não,,,0.0,True,C,True,False,True,0,0.0,0.0,0.0,False,False
2408706,Paraú,RN,Não,0.0,Não,,0.0,0.0,True,C,True,False,True,0,0.0,0.0,0.0,False,False
2408805,Parazinho,RN,,,Não,,,,False,C,True,False,True,0,0.0,0.0,0.0,False,False
2408904,Parelhas,RN,Não,0.0,Não,,,0.0,True,B,False,False,False,1,228427.34,8638.15,0.0,True,True
2408953,Rio do Fogo,RN,,,Não,,,,False,C,True,False,True,1,0.0,0.0,0.0,True,False
2409100,Passa e Fica,RN,,,Não,,,,False,B,False,False,False,1,30630.16,35735.19,120.0,True,True
2409209,Passagem,RN,,,Não,,,,False,B,False,False,False,0,0.0,0.0,0.0,False,False
2409308,Patu,RN,,,Sim,,,,False,n.d.,False,True,True,0,0.0,0.0,0.0,False,False
2409332,Santa Maria,RN,Não,0.0,Sim,,0.0,0.0,True,A,False,False,False,2,0.0,0.0,0.0,True,False
2409407,Pau dos Ferros,RN,Não,40.0,Não,10.43,15.31,0.32,True,C,True,False,True,0,0.0,0.0,0.0,False,False
2409506,Pedra Grande,RN,,,Não,,,,False,C,True,False,True,1,0.0,0.0,0.0,True,False
2409605,Pedra Preta,RN,,,Não,,,,False,n.d.,False,True,True,0,0.0,0.0,0.0,False,False
2409704,Pedro Avelino,RN,Não,0.0,Não,,,0.0,True,A,False,False,False,1,0.0,0.0,0.0,True,False
2409803,Pedro Velho,RN,Sim,51.0,Não,,,1.59,True,C,True,False,True,2,184801.99,30630.16,0.0,True,True
2409902,Pendências,RN,Não,100.0,Sim,1.42,0.0,2.31,True,C,True,False,True,0,0.0,0.0,0.0,False,False
2410009,Pilões,RN,Não,0.0,Não,,,0.0,True,A,False,False,False,0,0.0,0.0,0.0,False,False
2410108,Poço Branco,RN,,,Não,,,,False,C,True,False,True,0,0.0,0.0,0.0,False,False
2410207,Portalegre,RN,Não,0.0,Não,,,0.0,True,C,True,False,True,0,0.0,0.0,0.0,False,False
2410256,Porto do Mangue,RN,,,Sim,,,,False,n.d.,False,True,True,1,0.0,0.0,0.0,True,False
2410306,Serra Caiada,RN,Não,0.0,Não,,,0.0,True,B,False,False,False,0,0.0,0.0,0.0,False,False
2410405,Pureza,RN,Não,0.0,Não,,0.0,0.0,True,C,True,False,True,0,0.0,0.0,0.0,False,False
2410504,Rafael Fernandes,RN,Não,0.0,Não,,,0.0,True,n.d.,False,True,True,0,0.0,0.0,0.0,False,False
2410603,Rafael Godeiro,RN,Não,5.0,Não,,0.0,0.48,True,B+,False,False,False,0,0.0,0.0,0.0,False,False
2410702,Riacho da Cruz,RN,Não,0.0,Não,6.67,24.73,0.0,True,n.d.,False,True,True,0,0.0,0.0,0.0,False,False
2410801,Riacho de Santana,RN,Não,0.0,Não,,,0.0,True,n.d.,False,True,True,1,0.0,0.0,0.0,True,False
2410900,Riachuelo,RN,,,Não,,,,False,A,False,False,False,1,0.0,0.0,1327.0,True,False
2411007,Rodolfo Fernandes,RN,Não,0.0,Não,,,0.0,True,C,True,False,True,0,0.0,0.0,0.0,False,False
2411056,Tibau,RN,Não,0.0,Não,,,0.0,True,C,True,False,True,0,0.0,0.0,0.0,False,False
2411106,Ruy Barbosa,RN,Não,0.0,Não,,,0.0,True,A,False,False,False,0,0.0,0.0,0.0,False,False
2411205,Santa Cruz,RN,,,Não,,,,False,B,False,False,False,1,0.0,0.0,0.0,True,False
2411403,Santana do Matos,RN,Não,60.0,Não,,,1.86,True,A,False,False,False,1,0.0,0.0,0.0,True,False
2411429,Santana do Seridó,RN,Não,0.0,Não,100.0,0.0,0.0,True,C,True,False,True,0,0.0,0.0,0.0,False,False
2411502,Santo Antônio,RN,Não,0.0,Não,,0.0,0.0,True,B,False,False,False,1,0.0,0.0,0.0,True,False
2411601,São Bento do Norte,RN,,,Não,,,,False,C,True,False,True,0,0.0,0.0,0.0,False,False
2411700,São Bento do Trairí,RN,,,Não,,,,False,C,True,False,True,0,0.0,0.0,0.0,False,False
2411809,São Fernando,RN,Não,0.0,Não,,183.22,0.0,True,C,True,False,True,0,0.0,0.0,0.0,False,False
2411908,São Francisco do Oeste,RN,Não,0.0,Não,,0.0,0.0,True,B,False,False,False,0,0.0,0.0,0.0,False,False
2412005,São Gonçalo do Amarante,RN,Não,1500.0,Sim,10.87,0.0,2.89,True,A+,False,False,False,1,11353581.04,743292.0,200.0,True,True
2412104,São João do Sabugi,RN,Não,0.0,Não,22.1,3.44,0.0,True,A+,False,False,False,0,0.0,0.0,0.0,False,False
2412203,São José de Mipibu,RN,Não,0.0,Não,,,0.0,True,B,False,False,False,3,9390174.9,153891.5,560.0,True,True
2412302,São José do Campestre,RN,Não,260.0,Não,,0.0,5.72,True,B,False,False,False,0,0.0,0.0,0.0,False,False
2412401,São José do Seridó,RN,Não,0.0,Não,1.0,0.0,0.0,True,C,True,False,True,0,0.0,0.0,0.0,False,False
2412500,São Miguel,RN,,,Não,,,,False,A,False,False,False,0,0.0,0.0,0.0,False,False
2412559,São Miguel do Gostoso,RN,Sim,80.0,Não,10.14,14.93,3.03,True,C,True,False,True,1,691605.26,0.0,20.0,True,True
2412609,São Paulo do Potengi,RN,Sim,50.0,Não,,,0.89,True,C,True,False,True,0,0.0,0.0,0.0,False,False
2412708,São Pedro,RN,Não,0.0,Não,,,0.0,True,C,True,False,True,1,1914385.29,89848.48,0.0,True,True
2412807,São Rafael,RN,,,Não,,,,False,C,True,False,True,1,144725.81,66196.5,3.0,True,True
2412906,São Tomé,RN,Não,0.0,Não,,0.0,0.0,True,C,True,False,True,2,395203.01,100541.47,0.0,True,True
2413003,São Vicente,RN,Não,0.0,Não,,0.0,0.0,True,C,True,False,True,1,0.0,0.0,0.0,True,False
2413102,Senador Elói de Souza,RN,,,Não,,,,False,B,False,False,False,0,0.0,0.0,0.0,False,False
2413201,Senador Georgino Avelino,RN,,,Não,,,,False,B,False,False,False,0,0.0,0.0,0.0,False,False
2413300,Serra de São Bento,RN,,,Não,,,,False,C,True,False,True,0,0.0,0.0,0.0,False,False
2413359,Serra do Mel,RN,Não,0.0,Não,,0.0,0.0,True,A,False,False,False,0,0.0,0.0,0.0,False,False
2413409,Serra Negra do Norte,RN,Não,0.0,Não,45.45,0.0,0.0,True,B,False,False,False,0,0.0,0.0,0.0,False,False
2413508,Serrinha,RN,,,Não,,,,False,C,True,False,True,1,0.0,14820.11,360.0,True,True
2413557,Serrinha dos Pintos,RN,Não,0.0,Não,,,0.0,True,C,True,False,True,0,0.0,0.0,0.0,False,False
2413607,Severiano Melo,RN,,,Não,,,,False,C,True,False,True,0,0.0,0.0,0.0,False,False
2413706,Sítio Novo,RN,Não,0.0,Não,12.5,0.0,0.0,True,C,True,False,True,0,0.0,0.0,0.0,False,False
2413805,Taboleiro Grande,RN,Não,0.0,Não,,,0.0,True,B,False,False,False,1,527999.41,0.0,0.0,True,True
2413904,Taipu,RN,Não,0.0,Não,54.55,0.0,0.0,True,C,True,False,True,2,622464.06,0.0,0.0,True,True
2414001,Tangará,RN,,,Não,,,,False,C,True,False,True,0,0.0,0.0,0.0,False,False
2414100,Tenente Ananias,RN,Não,0.0,Não,8.0,0.0,0.0,True,D,True,False,True,0,0.0,0.0,0.0,False,False
2414159,Tenente Laurentino Cruz,RN,,,Não,,,,False,A,False,False,False,1,0.0,0.0,0.0,True,False
2414209,Tibau do Sul,RN,Não,0.0,Sim,0.03,6.51,0.0,True,C,True,False,True,7,3070412.36,13783.57,3.0,True,True
2414308,Timbaúba dos Batistas,RN,Não,0.0,Não,,,0.0,True,A+,False,False,False,1,0.0,0.0,0.0,True,False
2414407,Touros,RN,Sim,720.0,Sim,15.64,38.16,10.68,True,B,False,False,False,5,692729.01,368269.06,433.0,True,True
2414456,Triunfo Potiguar,RN,Não,0.0,Não,,,0.0,True,C,True,False,True,1,0.0,0.0,0.0,True,False
2414506,Umarizal,RN,Não,0.0,Não,0.37,0.0,0.0,True,C,True,False,True,0,0.0,0.0,0.0,False,False
2414605,Upanema,RN,Não,0.0,Não,4.88,1.27,0.0,True,A,False,False,False,2,123529.53,95022.72,0.0,True,True
2414704,Várzea,RN,Não,0.0,Sim,,23.95,0.0,True,C,True,False,True,2,286616.09,11102.19,585.0,True,True
2414753,Venha-Ver,RN,Não,0.0,Sim,,,0.0,True,C,True,False,True,1,3952030.08,54340.41,0.0,True,True
2414803,Vera Cruz,RN,,,Não,,,,False,C,True,False,True,0,0.0,0.0,0.0,False,False
2414902,Viçosa,RN,Não,0.0,Não,50.0,21.59,0.0,True,C,True,False,True,0,0.0,0.0,0.0,False,False
2415008,Vila Flor,RN,,,Não,,,,False,B,False,False,False,0,0.0,0.0,0.0,False,False
2500106,Água Branca,PB,Não,0.0,Não,70.0,6.34,0.0,True,C,True,False,True,0,0.0,0.0,0.0,False,False
2500205,Aguiar,PB,Não,0.0,Não,,,0.0,True,B,False,False,False,0,0.0,0.0,0.0,False,False
2500304,Alagoa Grande,PB,Sim,1229.0,Sim,13.9,0.0,15.53,True,B,False,False,False,0,0.0,0.0,0.0,False,False
2500403,Alagoa Nova,PB,,,Sim,,,,False,n.e.,False,True,True,1,0.0,0.0,0.0,True,False
2500502,Alagoinha,PB,Não,0.0,Sim,9.09,0.0,0.0,True,n.e.,False,True,True,0,0.0,0.0,0.0,False,False
2500536,Alcantil,PB,Não,0.0,Não,,0.0,0.0,True,C,True,False,True,0,0.0,0.0,0.0,False,False
2500577,Algodão de Jandaíra,PB,Não,0.0,Não,,0.0,0.0,True,C,True,False,True,0,0.0,0.0,0.0,False,False
2500601,Alhandra,PB,Não,0.0,Sim,4.05,41.03,0.0,True,C,True,False,True,0,0.0,0.0,0.0,False,False
2500700,São João do Rio do Peixe,PB,,,Sim,,,,False,B,False,False,False,0,0.0,0.0,0.0,False,False
2500734,Amparo,PB,Não,0.0,Não,,0.0,0.0,True,C,True,False,True,0,0.0,0.0,0.0,False,False
2500775,Aparecida,PB,Não,0.0,Não,,,0.0,True,C,True,False,True,0,0.0,0.0,0.0,False,False
2500809,Araçagi,PB,,,Sim,,,,False,C,True,False,True,0,0.0,0.0,0.0,False,False
2500908,Arara,PB,,,Sim,,,,False,n.e.,False,True,True,0,0.0,0.0,0.0,False,False
2501005,Araruna,PB,,,Não,,,,False,n.e.,False,True,True,0,0.0,0.0,0.0,False,False
2501104,Areia,PB,Não,0.0,Não,,,0.0,True,n.e.,False,True,True,0,0.0,0.0,0.0,False,False
2501153,Areia de Baraúnas,PB,Não,0.0,Não,,,0.0,True,C,True,False,True,0,0.0,0.0,0.0,False,False
2501203,Areial,PB,Não,0.0,Não,6.33,0.0,0.0,True,B,False,False,False,0,0.0,0.0,0.0,False,False
2501302,Aroeiras,PB,Não,100.0,Não,7.91,0.0,2.04,True,C,True,False,True,0,0.0,0.0,0.0,False,False
2501351,Assunção,PB,,,Não,,,,False,n.d.,False,True,True,0,0.0,0.0,0.0,False,False
2501401,Baía da Traição,PB,,,Não,,,,False,C,True,False,True,1,200000.0,88150.0,432.0,True,True
2501500,Bananeiras,PB,Sim,200.0,Não,7.58,14.1,3.05,True,C,True,False,True,0,0.0,0.0,0.0,False,False
2501534,Baraúna,PB,Não,0.0,Não,,,0.0,True,A,False,False,False,0,0.0,0.0,0.0,False,False
2501575,Barra de Santana,PB,Não,0.0,Não,,84.65,0.0,True,n.d.,False,True,True,0,0.0,0.0,0.0,False,False
2501609,Barra de Santa Rosa,PB,Não,0.0,Não,,,0.0,True,C,True,False,True,0,0.0,0.0,0.0,False,False
2501708,Barra de São Miguel,PB,Não,0.0,Não,,0.0,0.0,True,n.e.,False,True,True,0,0.0,0.0,0.0,False,False
2501807,Bayeux,PB,Não,200.0,Sim,36.08,0.0,0.6,True,n.e.,False,True,True,0,0.0,0.0,0.0,False,False
2501906,Belém,PB,,,Sim,,,,False,A,False,False,False,0,0.0,0.0,0.0,False,False
2502003,Belém do Brejo do Cruz,PB,Não,0.0,Não,0.48,0.0,0.0,True,n.d.,False,True,True,0,0.0,0.0,0.0,False,False
2502052,Bernardino Batista,PB,Não,0.0,Não,,0.0,0.0,True,A+,False,False,False,0,0.0,0.0,0.0,False,False
2502102,Boa Ventura,PB,Não,0.0,Não,,,0.0,True,C,True,False,True,0,0.0,0.0,0.0,False,False
2502151,Boa Vista,PB,Não,7.0,Não,,,0.42,True,A,False,False,False,0,0.0,0.0,0.0,False,False
2502201,Bom Jesus,PB,Não,0.0,Não,,0.0,0.0,True,n.e.,False,True,True,0,0.0,0.0,0.0,False,False
2502300,Bom Sucesso,PB,Não,0.0,Não,10.0,0.0,0.0,True,A,False,False,False,0,0.0,0.0,0.0,False,False
2502409,Bonito de Santa Fé,PB,Não,0.0,Não,2.84,0.0,0.0,True,n.d.,False,True,True,0,0.0,0.0,0.0,False,False
2502508,Boqueirão,PB,Não,0.0,Não,,,0.0,True,n.d.,False,True,True,0,0.0,0.0,0.0,False,False
2502607,Igaracy,PB,Não,0.0,Não,,0.0,0.0,True,B,False,False,False,0,0.0,0.0,0.0,False,False
2502706,Borborema,PB,Não,0.0,Não,23.81,4.31,0.0,True,A,False,False,False,0,0.0,0.0,0.0,False,False
2502805,Brejo do Cruz,PB,Não,0.0,Não,6.86,0.0,0.0,True,A,False,False,False,0,0.0,0.0,0.0,False,False
2502904,Brejo dos Santos,PB,Não,0.0,Não,,,0.0,True,C,True,False,True,0,0.0,0.0,0.0,False,False
2503001,Caaporã,PB,Não,0.0,Sim,1.59,0.0,0.0,True,n.e.,False,True,True,0,0.0,0.0,0.0,False,False
2503100,Cabaceiras,PB,Não,320.0,Não,7.37,12.79,23.41,True,C,True,False,True,0,0.0,0.0,0.0,False,False
2503209,Cabedelo,PB,Sim,0.0,Sim,23.27,141.35,0.0,True,A,False,False,False,0,0.0,0.0,0.0,False,False
2503308,Cachoeira dos Índios,PB,Não,0.0,Não,,,0.0,True,A,False,False,False,0,0.0,0.0,0.0,False,False
2503407,Cacimba de Areia,PB,Não,0.0,Não,,,0.0,True,n.d.,False,True,True,0,0.0,0.0,0.0,False,False
2503506,Cacimba de Dentro,PB,Não,0.0,Não,1.9,0.0,0.0,True,n.d.,False,True,True,0,0.0,0.0,0.0,False,False
2503555,Cacimbas,PB,Não,0.0,Não,8.7,57.38,0.0,True,A,False,False,False,0,0.0,0.0,0.0,False,False
2503605,Caiçara,PB,,,Não,,,,False,C,True,False,True,0,0.0,0.0,0.0,False,False
2503704,Cajazeiras,PB,Não,0.0,Não,21.28,107.27,0.0,True,C,True,False,True,0,0.0,0.0,0.0,False,False
2503753,Cajazeirinhas,PB,Não,0.0,Não,1.33,14.88,0.0,True,C,True,False,True,0,0.0,0.0,0.0,False,False
2503803,Caldas Brandão,PB,,,Não,,,,False,C,True,False,True,0,0.0,0.0,0.0,False,False
2503902,Camalaú,PB,Sim,20.0,Não,29.37,0.0,0.89,True,C,True,False,True,0,0.0,0.0,0.0,False,False
2504009,Campina Grande,PB,Sim,455.0,Sim,30.32,4.76,0.24,True,n.d.,False,True,True,1,0.0,0.0,0.0,True,False
2504033,Capim,PB,,,Não,,,,False,C,True,False,True,0,0.0,0.0,0.0,False,False
2504074,Caraúbas,PB,Não,0.0,Não,,4.62,0.0,True,B,False,False,False,0,0.0,0.0,0.0,False,False
2504108,Carrapateira,PB,Não,0.0,Não,,,0.0,True,C,True,False,True,0,0.0,0.0,0.0,False,False
2504157,Casserengue,PB,Não,0.0,Não,,0.0,0.0,True,C,True,False,True,0,0.0,0.0,0.0,False,False
2504207,Catingueira,PB,Não,0.0,Não,,,0.0,True,C,True,False,True,0,0.0,0.0,0.0,False,False
2504306,Catolé do Rocha,PB,Não,0.0,Não,4.76,0.0,0.0,True,C,True,False,True,0,0.0,0.0,0.0,False,False
2504355,Caturité,PB,Não,0.0,Não,,,0.0,True,C,True,False,True,0,0.0,0.0,0.0,False,False
2504405,Conceição,PB,Não,100.0,Não,33.33,4.71,1.65,True,C,True,False,True,1,9346551.14,4898875.47,10.0,True,True
2504504,Condado,PB,Não,0.0,Não,3.57,2.03,0.0,True,B+,False,False,False,0,0.0,0.0,0.0,False,False
2504603,Conde,PB,Sim,128.0,Não,2.89,78.18,0.92,True,A,False,False,False,1,95000.0,16300.0,79.0,True,True
2504702,Congo,PB,Não,100.0,Não,,,4.91,True,C,True,False,True,0,0.0,0.0,0.0,False,False
2504801,Coremas,PB,Não,0.0,Sim,,,0.0,True,C,True,False,True,0,0.0,0.0,0.0,False,False
2504850,Coxixola,PB,Não,0.0,Não,5.03,0.0,0.0,True,n.d.,False,True,True,0,0.0,0.0,0.0,False,False
2504900,Cruz do Espírito Santo,PB,,,Sim,,,,False,C,True,False,True,0,0.0,0.0,0.0,False,False
2505006,Cubati,PB,Não,0.0,Não,,,0.0,True,n.d.,False,True,True,0,0.0,0.0,0.0,False,False
2505105,Cuité,PB,Não,0.0,Não,18.18,0.0,0.0,True,A,False,False,False,0,0.0,0.0,0.0,False,False
2505204,Cuitegi,PB,Não,0.0,Não,,3.12,0.0,True,B,False,False,False,0,0.0,0.0,0.0,False,False
2505238,Cuité de Mamanguape,PB,,,Não,,,,False,n.e.,False,True,True,0,0.0,0.0,0.0,False,False
2505279,Curral de Cima,PB,,,Não,,,,False,C,True,False,True,0,0.0,0.0,0.0,False,False
2505303,Curral Velho,PB,Não,0.0,Não,,,0.0,True,A,False,False,False,0,0.0,0.0,0.0,False,False
2505352,Damião,PB,Não,0.0,Não,,,0.0,True,B,False,False,False,0,0.0,0.0,0.0,False,False
2505402,Desterro,PB,,,Não,,,,False,n.d.,False,True,True,0,0.0,0.0,0.0,False,False
2505501,Vista Serrana,PB,Não,0.0,Não,,,0.0,True,B,False,False,False,0,0.0,0.0,0.0,False,False
2505600,Diamante,PB,Não,0.0,Não,,,0.0,True,B,False,False,False,0,0.0,0.0,0.0,False,False
2505709,Dona Inês,PB,Não,0.0,Não,23.81,226.03,0.0,True,n.e.,False,True,True,0,0.0,0.0,0.0,False,False
2505808,Duas Estradas,PB,Não,0.0,Não,64.94,0.0,0.0,True,A,False,False,False,0,0.0,0.0,0.0,False,False
2505907,Emas,PB,Não,0.0,Não,,0.0,0.0,True,B,False,False,False,0,0.0,0.0,0.0,False,False
2506004,Esperança,PB,Não,0.0,Não,,,0.0,True,C,True,False,True,0,0.0,0.0,0.0,False,False
2506103,Fagundes,PB,Não,30.0,Não,,0.0,0.99,True,A,False,False,False,0,0.0,0.0,0.0,False,False
2506202,Frei Martinho,PB,Não,0.0,Não,,,0.0,True,A,False,False,False,0,0.0,0.0,0.0,False,False
2506251,Gado Bravo,PB,Não,0.0,Não,,,0.0,True,C,True,False,True,0,0.0,0.0,0.0,False,False
2506301,Guarabira,PB,Não,115.0,Não,84.84,0.0,0.51,True,n.e.,False,True,True,0,0.0,0.0,0.0,False,False
2506400,Gurinhém,PB,,,Não,,,,False,B,False,False,False,0,0.0,0.0,0.0,False,False
2506509,Gurjão,PB,Não,0.0,Não,,,0.0,True,n.e.,False,True,True,0,0.0,0.0,0.0,False,False
2506608,Ibiara,PB,Não,0.0,Não,,0.0,0.0,True,C,True,False,True,1,592804.51,24700.19,0.0,True,True
2506707,Imaculada,PB,Não,0.0,Não,4.55,0.0,0.0,True,C,True,False,True,0,0.0,0.0,0.0,False,False
2506806,Ingá,PB,,,Sim,,,,False,n.d.,False,True,True,0,0.0,0.0,0.0,False,False
2506905,Itabaiana,PB,Não,0.0,Sim,,0.0,0.0,True,n.e.,False,True,True,0,0.0,0.0,0.0,False,False
2507002,Itaporanga,PB,Não,0.0,Não,31.25,0.0,0.0,True,C,True,False,True,0,0.0,0.0,0.0,False,False
2507101,Itapororoca,PB,Não,0.0,Não,1.0,7.7,0.0,True,C,True,False,True,0,0.0,0.0,0.0,False,False
2507200,Itatuba,PB,,,Sim,,,,False,A,False,False,False,0,0.0,0.0,0.0,False,False
2507309,Jacaraú,PB,Não,0.0,Não,13.7,0.0,0.0,True,C,True,False,True,0,0.0,0.0,0.0,False,False
2507408,Jericó,PB,,,Não,,,,False,n.e.,False,True,True,0,0.0,0.0,0.0,False,False
2507507,João Pessoa,PB,Não,4640.0,Sim,87.12,0.0,1.17,True,B+,False,False,False,0,0.0,0.0,0.0,False,False
2507606,Juarez Távora,PB,,,Não,,,,False,n.d.,False,True,True,0,0.0,0.0,0.0,False,False
2507705,Juazeirinho,PB,Não,0.0,Não,2.04,0.0,0.0,True,n.d.,False,True,True,0,0.0,0.0,0.0,False,False
2507804,Junco do Seridó,PB,Não,0.0,Não,82.35,3.19,0.0,True,C,True,False,True,0,0.0,0.0,0.0,False,False
2507903,Juripiranga,PB,Não,100.0,Não,35.52,209.01,2.63,True,C,True,False,True,0,0.0,0.0,0.0,False,False
2508000,Juru,PB,Não,18.0,Não,73.46,0.0,0.78,True,C,True,False,True,0,0.0,0.0,0.0,False,False
2508109,Lagoa,PB,Não,0.0,Não,6.67,0.0,0.0,True,A,False,False,False,0,0.0,0.0,0.0,False,False
2508208,Lagoa de Dentro,PB,Não,0.0,Sim,,0.0,0.0,True,C,True,False,True,0,0.0,0.0,0.0,False,False
2508307,Lagoa Seca,PB,Não,0.0,Não,19.53,0.0,0.0,True,n.d.,False,True,True,0,0.0,0.0,0.0,False,False
2508406,Lastro,PB,Não,0.0,Não,,,0.0,True,n.e.,False,True,True,0,0.0,0.0,0.0,False,False
2508505,Livramento,PB,Não,400.0,Sim,,,20.11,True,C,True,False,True,0,0.0,0.0,0.0,False,False
2508554,Logradouro,PB,Não,0.0,Não,28.57,2.69,0.0,True,C,True,False,True,0,0.0,0.0,0.0,False,False
2508604,Lucena,PB,,,Sim,,,,False,n.d.,False,True,True,1,0.0,4860.0,0.0,True,True
2508703,Mãe D Água,PB,Não,0.0,Não,55.56,0.0,0.0,True,A,False,False,False,0,0.0,0.0,0.0,False,False
2508802,Malta,PB,Não,0.0,Não,60.29,0.0,0.0,True,n.d.,False,True,True,0,0.0,0.0,0.0,False,False
2508901,Mamanguape,PB,Sim,50.0,Não,7.27,20.28,0.33,True,C,True,False,True,1,484531.95,240000.0,0.0,True,True
2509008,Manaíra,PB,Não,0.0,Não,,35.81,0.0,True,B,False,False,False,0,0.0,0.0,0.0,False,False
2509057,Marcação,PB,Não,0.0,Não,,0.0,0.0,True,n.e.,False,True,True,0,0.0,0.0,0.0,False,False
2509107,Mari,PB,Não,0.0,Sim,,0.0,0.0,True,C,True,False,True,0,0.0,0.0,0.0,False,False
2509156,Marizópolis,PB,Não,0.0,Não,9.09,0.0,0.0,True,n.e.,False,True,True,0,0.0,0.0,0.0,False,False
2509206,Massaranduba,PB,Não,0.0,Não,,,0.0,True,C,True,False,True,0,0.0,0.0,0.0,False,False
2509305,Mataraca,PB,Sim,15.0,Sim,22.41,0.0,0.49,True,C,True,False,True,1,248000.0,490000.0,0.0,True,True
2509339,Matinhas,PB,Não,0.0,Não,74.81,0.0,0.0,True,A,False,False,False,0,0.0,0.0,0.0,False,False
2509370,Mato Grosso,PB,Não,0.0,Não,,0.0,0.0,True,n.e.,False,True,True,0,0.0,0.0,0.0,False,False
2509396,Maturéia,PB,Não,0.0,Não,,,0.0,True,B,False,False,False,0,0.0,0.0,0.0,False,False
2509404,Mogeiro,PB,Sim,50.0,Sim,11.11,0.63,1.66,True,C,True,False,True,0,0.0,0.0,0.0,False,False
2509503,Montadas,PB,Não,0.0,Não,7.14,0.0,0.0,True,C,True,False,True,0,0.0,0.0,0.0,False,False
2509602,Monte Horebe,PB,,,Não,,,,False,C,True,False,True,0,0.0,0.0,0.0,False,False
2509701,Monteiro,PB,,,Não,,,,False,C,True,False,True,0,0.0,0.0,0.0,False,False
2509800,Mulungu,PB,,,Sim,,,,False,n.d.,False,True,True,0,0.0,0.0,0.0,False,False
2509909,Natuba,PB,Não,0.0,Sim,40.0,52.06,0.0,True,B,False,False,False,1,30630.16,10210.05,10.0,True,True
2510006,Nazarezinho,PB,Não,0.0,Não,,,0.0,True,A,False,False,False,0,0.0,0.0,0.0,False,False
2510105,Nova Floresta,PB,Não,0.0,Não,14.2,0.0,0.0,True,A,False,False,False,0,0.0,0.0,0.0,False,False
2510204,Nova Olinda,PB,Não,0.0,Sim,8.33,1.49,0.0,True,n.e.,False,True,True,0,0.0,0.0,0.0,False,False
2510303,Nova Palmeira,PB,Não,0.0,Não,10.42,0.0,0.0,True,A,False,False,False,0,0.0,0.0,0.0,False,False
2510402,Olho d Água,PB,Não,0.0,Não,20.63,4.49,0.0,True,n.e.,False,True,True,0,0.0,0.0,0.0,False,False
2510501,Olivedos,PB,Não,0.0,Não,,0.0,0.0,True,n.d.,False,True,True,0,0.0,0.0,0.0,False,False
2510600,Ouro Velho,PB,Não,0.0,Não,,0.0,0.0,True,A,False,False,False,0,0.0,0.0,0.0,False,False
2510659,Parari,PB,Não,0.0,Não,,0.0,0.0,True,A,False,False,False,0,0.0,0.0,0.0,False,False
2510709,Passagem,PB,Não,0.0,Não,8.99,0.0,0.0,True,n.d.,False,True,True,0,0.0,0.0,0.0,False,False
2510808,Patos,PB,Não,0.0,Sim,1.3,0.0,0.0,True,B,False,False,False,0,0.0,0.0,0.0,False,False
2510907,Paulista,PB,Não,0.0,Não,,0.0,0.0,True,n.e.,False,True,True,0,0.0,0.0,0.0,False,False
2511004,Pedra Branca,PB,Não,0.0,Não,13.33,0.0,0.0,True,C,True,False,True,0,0.0,0.0,0.0,False,False
2511103,Pedra Lavrada,PB,Não,0.0,Não,,0.0,0.0,True,n.e.,False,True,True,0,0.0,0.0,0.0,False,False
2511202,Pedras de Fogo,PB,Não,0.0,Não,33.33,0.0,0.0,True,n.d.,False,True,True,0,0.0,0.0,0.0,False,False
2511301,Piancó,PB,Não,0.0,Não,0.5,0.0,0.0,True,n.d.,False,True,True,0,0.0,0.0,0.0,False,False
2511400,Picuí,PB,Sim,0.0,Não,77.58,,0.0,True,B,False,False,False,0,0.0,0.0,0.0,False,False
2511509,Pilar,PB,Não,0.0,Sim,26.67,0.0,0.0,True,n.e.,False,True,True,0,0.0,0.0,0.0,False,False
2511608,Pilões,PB,Não,82.0,Não,,,5.02,True,B,False,False,False,0,0.0,0.0,0.0,False,False
2511707,Pilõezinhos,PB,Não,0.0,Não,29.07,5.2,0.0,True,C,True,False,True,0,0.0,0.0,0.0,False,False
2511806,Pirpirituba,PB,Sim,265.0,Sim,9.61,5.83,8.13,True,A,False,False,False,0,0.0,0.0,0.0,False,False
2511905,Pitimbu,PB,,,Sim,,,,False,n.d.,False,True,True,0,0.0,0.0,0.0,False,False
2512002,Pocinhos,PB,Não,0.0,Não,,,0.0,True,C,True,False,True,0,0.0,0.0,0.0,False,False
2512036,Poço Dantas,PB,Não,0.0,Não,,,0.0,True,A,False,False,False,0,0.0,0.0,0.0,False,False
2512077,Poço de José de Moura,PB,Não,0.0,Não,49.65,7.17,0.0,True,n.e.,False,True,True,0,0.0,0.0,0.0,False,False
2512101,Pombal,PB,Sim,1287.0,Sim,1.65,0.0,9.73,True,B,False,False,False,0,0.0,0.0,0.0,False,False
2512200,Prata,PB,Não,0.0,Não,,0.0,0.0,True,B,False,False,False,0,0.0,0.0,0.0,False,False
2512309,Princesa Isabel,PB,,,Não,,,,False,C,True,False,True,0,0.0,0.0,0.0,False,False
2512408,Puxinanã,PB,,,Não,,,,False,C,True,False,True,0,0.0,0.0,0.0,False,False
2512507,Queimadas,PB,Não,500.0,Não,9.09,91.18,3.75,True,A,False,False,False,0,0.0,0.0,0.0,False,False
2512606,Quixaba,PB,Não,0.0,Não,1.79,0.0,0.0,True,C,True,False,True,0,0.0,0.0,0.0,False,False
2512705,Remígio,PB,,,Não,,,,False,n.d.,False,True,True,0,0.0,0.0,0.0,False,False
2512721,Pedro Régis,PB,Não,0.0,Não,,,0.0,True,n.e.,False,True,True,0,0.0,0.0,0.0,False,False
2512747,Riachão,PB,Não,10.0,Não,,,1.1,True,n.e.,False,True,True,0,0.0,0.0,0.0,False,False
2512754,Riachão do Bacamarte,PB,,,Sim,,,,False,C,True,False,True,0,0.0,0.0,0.0,False,False
2512762,Riachão do Poço,PB,Não,0.0,Não,,,0.0,True,C,True,False,True,0,0.0,0.0,0.0,False,False
2512788,Riacho de Santo Antônio,PB,Não,0.0,Não,6.25,0.0,0.0,True,C,True,False,True,0,0.0,0.0,0.0,False,False
2512804,Riacho dos Cavalos,PB,Não,0.0,Não,,,0.0,True,n.e.,False,True,True,0,0.0,0.0,0.0,False,False
2512903,Rio Tinto,PB,Não,78.0,Sim,,,1.17,True,B,False,False,False,1,0.0,0.0,30.0,True,False
2513000,Salgadinho,PB,Não,0.0,Não,,38.72,0.0,True,C,True,False,True,0,0.0,0.0,0.0,False,False
2513109,Salgado de São Félix,PB,Não,0.0,Sim,,,0.0,True,n.e.,False,True,True,1,1674449.0,42882.23,18.0,True,True
2513158,Santa Cecília,PB,Não,0.0,Não,,,0.0,True,B,False,False,False,0,0.0,0.0,0.0,False,False
2513208,Santa Cruz,PB,Sim,50.0,Não,,3.26,3.54,True,n.e.,False,True,True,0,0.0,0.0,0.0,False,False
2513307,Santa Helena,PB,Não,0.0,Não,,,0.0,True,C,True,False,True,0,0.0,0.0,0.0,False,False
2513356,Santa Inês,PB,Não,0.0,Não,16.67,0.0,0.0,True,n.d.,False,True,True,0,0.0,0.0,0.0,False,False
2513406,Santa Luzia,PB,Não,0.0,Sim,,0.0,0.0,True,B,False,False,False,0,0.0,0.0,0.0,False,False
2513505,Santana de Mangueira,PB,Não,0.0,Não,,,0.0,True,C,True,False,True,0,0.0,0.0,0.0,False,False
2513604,Santana dos Garrotes,PB,Não,0.0,Não,7.06,0.0,0.0,True,n.d.,False,True,True,0,0.0,0.0,0.0,False,False
2513653,Joca Claudino,PB,Não,0.0,Não,,0.0,0.0,True,n.e.,False,True,True,0,0.0,0.0,0.0,False,False
2513703,Santa Rita,PB,,,Sim,,,,False,C,True,False,True,0,0.0,0.0,0.0,False,False
2513802,Santa Teresinha,PB,Não,0.0,Não,8.57,0.0,0.0,True,n.d.,False,True,True,0,0.0,0.0,0.0,False,False
2513851,Santo André,PB,Não,0.0,Não,,,0.0,True,C,True,False,True,0,0.0,0.0,0.0,False,False
2513901,São Bento,PB,Não,0.0,Sim,14.0,0.0,0.0,True,B,False,False,False,0,0.0,0.0,0.0,False,False
2513927,São Bentinho,PB,Não,0.0,Não,,,0.0,True,n.d.,False,True,True,0,0.0,0.0,0.0,False,False
2513943,São Domingos do Cariri,PB,Não,20.0,Não,10.78,0.0,2.5,True,B,False,False,False,0,0.0,0.0,0.0,False,False
2513968,São Domingos,PB,,,Não,,,,False,C,True,False,True,0,0.0,0.0,0.0,False,False
2513984,São Francisco,PB,Sim,30.0,Não,,15.54,5.16,True,n.e.,False,True,True,0,0.0,0.0,0.0,False,False
2514008,São João do Cariri,PB,,,Não,,,,False,C,True,False,True,0,0.0,0.0,0.0,False,False
2514107,São João do Tigre,PB,,,Não,,,,False,n.d.,False,True,True,0,0.0,0.0,0.0,False,False
2514206,São José da Lagoa Tapada,PB,,,Sim,,,,False,n.e.,False,True,True,0,0.0,0.0,0.0,False,False
2514305,São José de Caiana,PB,Não,0.0,Não,9.09,0.0,0.0,True,C,True,False,True,0,0.0,0.0,0.0,False,False
2514404,São José de Espinharas,PB,Não,0.0,Não,,,0.0,True,n.d.,False,True,True,0,0.0,0.0,0.0,False,False
2514453,São José dos Ramos,PB,Não,0.0,Não,30.0,0.0,0.0,True,C,True,False,True,0,0.0,0.0,0.0,False,False
2514503,São José de Piranhas,PB,Não,0.0,Não,51.53,7.77,0.0,True,n.e.,False,True,True,0,0.0,0.0,0.0,False,False
2514552,São José de Princesa,PB,Não,0.0,Não,16.67,0.0,0.0,True,n.d.,False,True,True,0,0.0,0.0,0.0,False,False
2514602,São José do Bonfim,PB,Não,0.0,Não,20.83,0.0,0.0,True,C,True,False,True,0,0.0,0.0,0.0,False,False
2514651,São José do Brejo do Cruz,PB,Não,0.0,Não,,0.0,0.0,True,C,True,False,True,0,0.0,0.0,0.0,False,False
2514701,São José do Sabugi,PB,Não,0.0,Não,13.33,7.5,0.0,True,n.d.,False,True,True,0,0.0,0.0,0.0,False,False
2514800,São José dos Cordeiros,PB,Não,0.0,Não,14.29,5.5,0.0,True,C,True,False,True,0,0.0,0.0,0.0,False,False
2514909,São Mamede,PB,Não,0.0,Não,87.72,0.0,0.0,True,B,False,False,False,0,0.0,0.0,0.0,False,False
2515005,São Miguel de Taipu,PB,Não,0.0,Sim,48.44,0.0,0.0,True,C,True,False,True,0,0.0,0.0,0.0,False,False
2515104,São Sebastião de Lagoa de Roça,PB,Não,0.0,Não,,,0.0,True,B,False,False,False,0,0.0,0.0,0.0,False,False
2515203,São Sebastião do Umbuzeiro,PB,Não,0.0,Não,,,0.0,True,n.e.,False,True,True,0,0.0,0.0,0.0,False,False
2515302,Sapé,PB,Não,40.0,Sim,12.14,0.48,0.25,True,C,True,False,True,0,0.0,0.0,0.0,False,False
2515401,São Vicente do Seridó,PB,Não,0.0,Não,,0.0,0.0,True,C,True,False,True,0,0.0,0.0,0.0,False,False
2515500,Serra Branca,PB,Não,0.0,Sim,4.04,0.0,0.0,True,A,False,False,False,0,0.0,0.0,0.0,False,False
2515609,Serra da Raiz,PB,Não,0.0,Não,,0.0,0.0,True,C,True,False,True,0,0.0,0.0,0.0,False,False
2515708,Serra Grande,PB,Não,0.0,Não,,,0.0,True,A,False,False,False,0,0.0,0.0,0.0,False,False
2515807,Serra Redonda,PB,Não,0.0,Não,12.29,0.0,0.0,True,C,True,False,True,0,0.0,0.0,0.0,False,False
2515906,Serraria,PB,Não,0.0,Não,33.33,5.7,0.0,True,C,True,False,True,0,0.0,0.0,0.0,False,False
2515930,Sertãozinho,PB,Não,0.0,Não,13.72,5.97,0.0,True,n.e.,False,True,True,0,0.0,0.0,0.0,False,False
2515971,Sobrado,PB,Não,0.0,Não,,,0.0,True,C,True,False,True,0,0.0,0.0,0.0,False,False
2516003,Solânea,PB,Não,0.0,Não,3.33,0.0,0.0,True,B,False,False,False,0,0.0,0.0,0.0,False,False
2516102,Soledade,PB,,,Não,,,,False,B,False,False,False,0,0.0,0.0,0.0,False,False
2516151,Sossêgo,PB,,,Não,,,,False,n.d.,False,True,True,0,0.0,0.0,0.0,False,False
2516201,Sousa,PB,Não,4500.0,Sim,50.25,0.0,19.04,True,n.e.,False,True,True,0,0.0,0.0,0.0,False,False
2516300,Sumé,PB,Não,0.0,Não,,,0.0,True,B,False,False,False,0,0.0,0.0,0.0,False,False
2516409,Tacima,PB,,,Não,,,,False,n.d.,False,True,True,0,0.0,0.0,0.0,False,False
2516508,Taperoá,PB,Não,0.0,Não,31.43,0.0,0.0,True,B,False,False,False,0,0.0,0.0,0.0,False,False
2516607,Tavares,PB,,,Não,,,,False,C,True,False,True,0,0.0,0.0,0.0,False,False
2516706,Teixeira,PB,Não,0.0,Não,21.63,0.0,0.0,True,B,False,False,False,0,0.0,0.0,0.0,False,False
2516755,Tenório,PB,Não,0.0,Não,,,0.0,True,n.e.,False,True,True,0,0.0,0.0,0.0,False,False
2516805,Triunfo,PB,Não,0.0,Não,28.0,0.0,0.0,True,n.e.,False,True,True,0,0.0,0.0,0.0,False,False
2516904,Uiraúna,PB,Não,0.0,Não,,0.0,0.0,True,n.e.,False,True,True,0,0.0,0.0,0.0,False,False
2517001,Umbuzeiro,PB,Não,0.0,Não,29.9,1.67,0.0,True,C,True,False,True,0,0.0,0.0,0.0,False,False
2517100,Várzea,PB,Não,0.0,Não,,,0.0,True,A,False,False,False,0,0.0,0.0,0.0,False,False
2517209,Vieirópolis,PB,Não,0.0,Não,,0.0,0.0,True,n.e.,False,True,True,0,0.0,0.0,0.0,False,False
2517407,Zabelê,PB,Não,0.0,Não,,,0.0,True,n.d.,False,True,True,0,0.0,0.0,0.0,False,False
2600054,Abreu e Lima,PE,Não,0.0,Sim,0.93,94.81,0.0,True,A,False,False,False,19,5717130.44,276092.4,479.0,True,True
2600104,Afogados da Ingazeira,PE,Não,81.0,Sim,20.75,0.0,0.48,True,C,True,False,True,0,0.0,0.0,0.0,False,False
2600203,Afrânio,PE,,,Não,,,,False,C,True,False,True,0,0.0,0.0,0.0,False,False
2600302,Agrestina,PE,Não,0.0,Sim,59.79,0.0,0.0,True,C,True,False,True,0,0.0,0.0,0.0,False,False
2600401,Água Preta,PE,Sim,2000.0,Sim,,,24.89,True,C,True,False,True,3,10236323.93,324319.88,4734.0,True,True
2600500,Águas Belas,PE,Não,50.0,Sim,26.92,0.0,0.35,True,C,True,False,True,2,17221115.8,12037.65,25.0,True,True
2600609,Alagoinha,PE,Não,0.0,Não,,,0.0,True,C,True,False,True,0,0.0,0.0,0.0,False,False
2600708,Aliança,PE,Não,500.0,Não,,1.0,4.06,True,B,False,False,False,1,3471418.66,900526.84,155.0,True,True
2600807,Altinho,PE,Não,0.0,Sim,,,0.0,True,C,True,False,True,1,1184366.37,12257.29,8.0,True,True
2600906,Amaraji,PE,Sim,815.0,Sim,90.94,0.0,11.42,True,C,True,False,True,13,0.0,0.0,26.0,True,False
2601003,Angelim,PE,,,Não,,,,False,B+,False,False,False,2,1131301.65,345251.37,200.0,True,True
2601052,Araçoiaba,PE,Não,0.0,Não,24.32,10.21,0.0,True,C,True,False,True,2,5456253.33,77188.01,82.0,True,True
2601102,Araripina,PE,,,Sim,,,,False,C,True,False,True,0,0.0,0.0,0.0,False,False
2601201,Arcoverde,PE,,,Sim,,,,False,C,True,False,True,0,0.0,0.0,0.0,False,False
2601300,Barra de Guabiraba,PE,Sim,1500.0,Sim,6.09,3.6,34.79,True,C,True,False,True,0,0.0,0.0,0.0,False,False
2601409,Barreiros,PE,Sim,7938.0,Sim,6.78,0.0,50.0,True,C,True,False,True,6,667387.98,67359.25,7193.0,True,True
2601508,Belém de Maria,PE,Sim,662.0,Sim,7.2,0.0,18.52,True,A+,False,False,False,3,1923431.95,102100.54,2097.0,True,True
2601607,Belém do São Francisco,PE,Não,0.0,Não,28.56,8.08,0.0,True,C,True,False,True,0,0.0,0.0,0.0,False,False
2601706,Belo Jardim,PE,Sim,4800.0,Sim,18.92,4.21,13.91,True,C,True,False,True,0,0.0,0.0,0.0,False,False
2601805,Betânia,PE,Não,0.0,Sim,,,0.0,True,C,True,False,True,0,0.0,0.0,0.0,False,False
2601904,Bezerros,PE,Não,5000.0,Sim,63.65,2.18,17.54,True,B,False,False,False,2,4009169.57,0.0,25.0,True,True
2602001,Bodocó,PE,Não,0.0,Sim,,0.0,0.0,True,C,True,False,True,0,0.0,0.0,0.0,False,False
2602100,Bom Conselho,PE,,,Sim,,,,False,C,True,False,True,3,671883.74,88596.49,136.0,True,True
2602209,Bom Jardim,PE,Sim,323.0,Sim,25.81,0.0,3.7,True,B+,False,False,False,3,1486584.0,593204.19,70.0,True,True
2602308,Bonito,PE,Não,0.0,Sim,,,0.0,True,C,True,False,True,3,5020988.550000001,32672.18,458.0,True,True
2602407,Brejão,PE,,,Não,,,,False,B,False,False,False,2,1632587.7799999998,40840.22,165.0,True,True
2602506,Brejinho,PE,Não,0.0,Não,,,0.0,True,n.d.,False,True,True,0,0.0,0.0,0.0,False,False
2602605,Brejo da Madre de Deus,PE,Sim,100.0,Não,35.08,3.68,0.49,True,C,True,False,True,5,4686514.09,2364127.91,55.0,True,True
2602704,Buenos Aires,PE,Não,40.0,Não,,,1.01,True,B,False,False,False,0,0.0,0.0,0.0,False,False
2602803,Buíque,PE,Sim,0.0,Sim,54.55,0.0,0.0,True,C,True,False,True,0,0.0,0.0,0.0,False,False
2602902,Cabo de Santo Agostinho,PE,Sim,300.0,Sim,5.63,0.0,0.31,True,A+,False,False,False,2,7330819.41,0.0,1170.0,True,True
2603009,Cabrobó,PE,,,Sim,,,,False,C,True,False,True,0,0.0,0.0,0.0,False,False
2603108,Cachoeirinha,PE,,,Sim,,,,False,B+,False,False,False,0,0.0,0.0,0.0,False,False
2603207,Caetés,PE,Não,0.0,Não,14.71,4.72,0.0,True,B,False,False,False,2,0.0,0.0,65.0,True,False
2603306,Calçado,PE,Não,0.0,Não,,0.0,0.0,True,C,True,False,True,1,604945.75,236873.27,45.0,True,True
2603405,Calumbi,PE,Não,0.0,Não,,0.0,0.0,True,C,True,False,True,0,0.0,0.0,0.0,False,False
2603454,Camaragibe,PE,Não,194.0,Sim,4.44,20.54,0.28,True,A+,False,False,False,8,55845575.330000006,0.0,5287.0,True,True
2603504,Camocim de São Félix,PE,,,Não,,,,False,C,True,False,True,0,0.0,0.0,0.0,False,False
2603603,Camutanga,PE,Não,0.0,Não,,,0.0,True,n.e.,False,True,True,0,0.0,0.0,0.0,False,False
2603702,Canhotinho,PE,Sim,200.0,Sim,1.24,0.0,2.73,True,C,True,False,True,2,19792651.46,714703.84,700.0,True,True
2603801,Capoeiras,PE,Sim,20.0,Sim,4.48,0.0,0.65,True,B+,False,False,False,2,625503.31,629524.62,4.0,True,True
2603900,Carnaíba,PE,Não,0.0,Não,,,0.0,True,B+,False,False,False,0,0.0,0.0,0.0,False,False
2603926,Carnaubeira da Penha,PE,Não,0.0,Não,0.07,0.0,0.0,True,C,True,False,True,0,0.0,0.0,0.0,False,False
2604007,Carpina,PE,,,Não,,,,False,C,True,False,True,0,0.0,0.0,0.0,False,False
2604106,Caruaru,PE,Sim,4872.0,Sim,,18.2,2.81,True,C,True,False,True,2,14267147.97,1107991.99,240.0,True,True
2604155,Casinhas,PE,,,Não,,,,False,B,False,False,False,0,0.0,0.0,0.0,False,False
2604205,Catende,PE,Sim,1500.0,Sim,14.43,0.0,13.07,True,C,True,False,True,4,5790201.21,1024716.4299999999,6587.0,True,True
2604304,Cedro,PE,Não,0.0,Não,,,0.0,True,C,True,False,True,0,0.0,0.0,0.0,False,False
2604403,Chã de Alegria,PE,,,Não,,,,False,B,False,False,False,1,2144111.53,0.0,25.0,True,True
2604502,Chã Grande,PE,Não,0.0,Sim,27.27,4.98,0.0,True,B+,False,False,False,2,452305.43,102100.55,49.0,True,True
2604601,Condado,PE,Não,0.0,Não,,8.56,0.0,True,C,True,False,True,0,0.0,0.0,0.0,False,False
2604700,Correntes,PE,Não,324.0,Sim,,,7.84,True,C,True,False,True,4,3656583.79,121818.99,758.0,True,True
2604809,Cortês,PE,Sim,100.0,Sim,,,2.76,True,C,True,False,True,3,15902345.41,10584084.129999999,70.0,True,True
2604908,Cumaru,PE,Não,0.0,Sim,38.46,12.58,0.0,True,B+,False,False,False,0,0.0,0.0,0.0,False,False
2605004,Cupira,PE,Não,50.0,Sim,,0.0,0.48,True,C,True,False,True,3,2815116.33,448200.99,157.0,True,True
2605103,Custódia,PE,,,Não,,,,False,C,True,False,True,0,0.0,0.0,0.0,False,False
2605152,Dormentes,PE,Não,0.0,Não,,0.0,0.0,True,C,True,False,True,0,0.0,0.0,0.0,False,False
2605202,Escada,PE,Não,500.0,Sim,9.09,0.0,2.12,True,B,False,False,False,4,24575602.11,0.0,431.0,True,True
2605301,Exu,PE,Não,0.0,Sim,30.79,0.0,0.0,True,C,True,False,True,0,0.0,0.0,0.0,False,False
2605400,Feira Nova,PE,Não,0.0,Não,40.08,0.0,0.0,True,C,True,False,True,0,0.0,0.0,0.0,False,False
2605459,Fernando de Noronha,PE,Não,0.0,Não,15.69,0.0,0.0,True,,,,,0,0.0,0.0,0.0,False,False
2605509,Ferreiros,PE,Não,0.0,Não,35.29,0.0,0.0,True,A,False,False,False,0,0.0,0.0,0.0,False,False
2605608,Flores,PE,Não,0.0,Não,26.64,0.0,0.0,True,C,True,False,True,0,0.0,0.0,0.0,False,False
2605707,Floresta,PE,Não,0.0,Sim,,,0.0,True,C,True,False,True,0,0.0,0.0,0.0,False,False
2605806,Frei Miguelinho,PE,Não,0.0,Não,4.57,0.0,0.0,True,C,True,False,True,0,0.0,0.0,0.0,False,False
2605905,Gameleira,PE,Não,0.0,Sim,,0.0,0.0,True,C,True,False,True,5,0.0,0.0,69.0,True,False
2606002,Garanhuns,PE,Sim,110.0,Sim,9.0,0.0,0.19,True,A+,False,False,False,3,24548873.6,5492490.37,515.0,True,True
2606101,Glória do Goitá,PE,,,Não,,,,False,C,True,False,True,1,1873545.07,2736294.71,182.0,True,True
2606200,Goiana,PE,Não,200.0,Sim,17.18,24.96,0.5,True,C,True,False,True,4,3833875.61,0.0,2218.0,True,True
2606309,Granito,PE,,,Sim,,,,False,C,True,False,True,0,0.0,0.0,0.0,False,False
2606408,Gravatá,PE,Sim,500.0,Sim,9.89,3.05,1.12,True,C,True,False,True,0,0.0,0.0,0.0,False,False
2606507,Iati,PE,Não,0.0,Sim,50.0,1.87,0.0,True,C,True,False,True,1,8045523.25,910736.9,1.0,True,True
2606606,Ibimirim,PE,Não,63.0,Sim,27.44,12.36,0.9,True,B,False,False,False,0,0.0,0.0,0.0,False,False
2606705,Ibirajuba,PE,Não,0.0,Não,5.55,6.34,0.0,True,C,True,False,True,2,1327307.14,0.0,10.0,True,True
2606804,Igarassu,PE,Não,0.0,Sim,27.78,0.0,0.0,True,C,True,False,True,9,48641883.81,3411244.26,2497.0,True,True
2606903,Iguaracy,PE,,,Não,,,,False,C,True,False,True,0,0.0,0.0,0.0,False,False
2607000,Inajá,PE,,,Sim,,,,False,n.d.,False,True,True,0,0.0,0.0,0.0,False,False
2607109,Ingazeira,PE,Não,30.0,Não,,,2.37,True,C,True,False,True,1,300000.0,443220.0,1.0,True,True
2607208,Ipojuca,PE,Sim,1346.0,Sim,26.67,160.58,2.94,True,A+,False,False,False,64,0.0,0.0,275.0,True,False
2607307,Ipubi,PE,,,Sim,,,,False,C,True,False,True,1,1055807.97,0.0,37.0,True,True
2607406,Itacuruba,PE,Não,0.0,Não,,0.0,0.0,True,C,True,False,True,0,0.0,0.0,0.0,False,False
2607505,Itaíba,PE,Não,0.0,Sim,,0.0,0.0,True,A,False,False,False,2,23279282.5,5718243.34,89.0,True,True
2607604,Ilha de Itamaracá,PE,,,Sim,,,,False,C,True,False,True,3,4696625.25,5533849.75,549.0,True,True
2607653,Itambé,PE,Não,456.0,Não,38.86,0.0,3.39,True,B,False,False,False,0,0.0,0.0,0.0,False,False
2607703,Itapetim,PE,Não,0.0,Não,50.0,0.0,0.0,True,C,True,False,True,0,0.0,0.0,0.0,False,False
2607752,Itapissuma,PE,Sim,200.0,Não,20.0,9.64,1.78,True,C,True,False,True,1,0.0,0.0,2.0,True,False
2607802,Itaquitinga,PE,Sim,100.0,Não,20.0,0.0,1.79,True,n.d.,False,True,True,1,0.0,20420.11,222.0,True,True
2607901,Jaboatão dos Guararapes,PE,Sim,15000.0,Sim,47.27,61.18,4.89,True,B+,False,False,False,10,710043667.16,34820882.41,101548.0,True,True
2607950,Jaqueira,PE,Não,0.0,Sim,,0.0,0.0,True,C,True,False,True,9,950227.17,0.0,1855.0,True,True
2608008,Jataúba,PE,Sim,440.0,Não,50.0,0.96,7.84,True,C,True,False,True,1,3952.03,26676.2,2.0,True,True
2608057,Jatobá,PE,Não,0.0,Não,18.96,0.0,0.0,True,C,True,False,True,0,0.0,0.0,0.0,False,False
2608107,João Alfredo,PE,,,Não,,,,False,C,True,False,True,1,2042010.98,857644.61,12.0,True,True
2608206,Joaquim Nabuco,PE,Não,0.0,Sim,49.0,0.0,0.0,True,C,True,False,True,4,8212994.9399999995,227526.62,355.0,True,True
2608255,Jucati,PE,Não,0.0,Não,,0.0,0.0,True,C,True,False,True,1,959745.16,51050.27,32.0,True,True
2608305,Jupi,PE,Não,0.0,Não,,,0.0,True,n.d.,False,True,True,1,8014893.09,0.0,0.0,True,True
2608404,Jurema,PE,Não,0.0,Sim,28.99,0.0,0.0,True,C,True,False,True,1,2159426.61,19272.5,13.0,True,True
2608453,Lagoa do Carro,PE,,,Não,,,,False,n.d.,False,True,True,1,539764.76,0.0,101.0,True,True
2608503,Lagoa de Itaenga,PE,,,Não,,,,False,C,True,False,True,0,0.0,0.0,0.0,False,False
2608602,Lagoa do Ouro,PE,Não,0.0,Não,,0.0,0.0,True,n.d.,False,True,True,1,0.0,204201.1,0.0,True,True
2608701,Lagoa dos Gatos,PE,Não,16.0,Sim,,,0.32,True,B,False,False,False,1,185848.93,18383.33,0.0,True,True
2608750,Lagoa Grande,PE,Não,120.0,Sim,1.14,0.0,1.6,True,C,True,False,True,0,0.0,0.0,0.0,False,False
2608800,Lajedo,PE,Não,0.0,Sim,5.0,0.0,0.0,True,C,True,False,True,1,2042010.98,0.0,0.0,True,True
2608909,Limoeiro,PE,Não,3000.0,Sim,,20.41,14.14,True,B,False,False,False,1,26487508.03,0.0,154.0,True,True
2609006,Macaparana,PE,Sim,11.0,Sim,,,0.15,True,C,True,False,True,2,4288223.06,0.0,152.0,True,True
2609105,Machados,PE,Não,0.0,Não,,11.56,0.0,True,C,True,False,True,0,0.0,0.0,0.0,False,False
2609154,Manari,PE,Não,0.0,Não,,,0.0,True,n.d.,False,True,True,1,0.0,0.0,0.0,True,False
2609204,Maraial,PE,Não,1000.0,Sim,21.43,0.0,30.55,True,C,True,False,True,5,46899758.32,1290730.1700000002,1032.0,True,True
2609303,Mirandiba,PE,Não,0.0,Não,0.37,0.0,0.0,True,C,True,False,True,0,0.0,0.0,0.0,False,False
2609402,Moreno,PE,Sim,740.0,Sim,9.88,47.94,3.3,True,C,True,False,True,6,10837003.299999999,439032.36,1073.0,True,True
2609501,Nazaré da Mata,PE,Sim,880.0,Sim,,,7.21,True,C,True,False,True,2,8841907.530000001,113266.26,722.0,True,True
2609600,Olinda,PE,Sim,5000.0,Sim,40.82,1.37,3.14,True,C,True,False,True,1,393517415.97,0.0,5263.0,True,True
2609709,Orobó,PE,Não,0.0,Não,3.61,805.09,0.0,True,B,False,False,False,0,0.0,0.0,0.0,False,False
2609808,Orocó,PE,,,Sim,,,,False,C,True,False,True,0,0.0,0.0,0.0,False,False
2609907,Ouricuri,PE,,,Não,,,,False,C,True,False,True,0,0.0,0.0,0.0,False,False
2610004,Palmares,PE,Sim,8000.0,Sim,,,40.49,True,C,True,False,True,5,15709645.23,5368592.42,963.0,True,True
2610103,Palmeirina,PE,Não,0.0,Sim,,0.0,0.0,True,C,True,False,True,1,9699552.14,178675.96,700.0,True,True
2610202,Panelas,PE,Não,0.0,Sim,,,0.0,True,C,True,False,True,3,2925180.7299999995,663653.57,28.0,True,True
2610301,Paranatama,PE,Não,0.0,Não,,0.0,0.0,True,n.d.,False,True,True,1,821909.42,5105.03,90.0,True,True
2610400,Parnamirim,PE,Não,0.0,Sim,,,0.0,True,C,True,False,True,2,278.8,37310.67,39.0,True,True
2610509,Passira,PE,Sim,300.0,Não,33.33,0.0,4.13,True,C,True,False,True,2,1654028.89,98800.75,105.0,True,True
2610608,Paudalho,PE,Não,3000.0,Sim,,,14.68,True,C,True,False,True,1,27784622.37,2144111.53,204.0,True,True
2610707,Paulista,PE,Sim,8019.0,Sim,19.51,25.31,4.86,True,C,True,False,True,2,0.0,0.0,6228.0,True,False
2610806,Pedra,PE,Não,0.0,Sim,,,0.0,True,C,True,False,True,0,0.0,0.0,0.0,False,False
2610905,Pesqueira,PE,Não,0.0,Sim,16.53,0.0,0.0,True,C,True,False,True,1,2481043.34,530922.85,42.0,True,True
2611002,Petrolândia,PE,Não,0.0,Não,8.56,0.0,0.0,True,C,True,False,True,0,0.0,0.0,0.0,False,False
2611101,Petrolina,PE,Sim,5273.0,Sim,8.08,4.6,3.46,True,A+,False,False,False,9,3502423.66,1185609.02,720.0,True,True
2611200,Poção,PE,Não,0.0,Sim,85.71,14.38,0.0,True,C,True,False,True,0,0.0,0.0,0.0,False,False
2611309,Pombos,PE,Não,2000.0,Sim,,0.0,24.35,True,C,True,False,True,2,5358236.81,561553.02,1143.0,True,True
2611408,Primavera,PE,,,Sim,,,,False,A,False,False,False,12,6134992.94,1017665.21,2196.0,True,True
2611507,Quipapá,PE,Não,92.0,Sim,,,1.58,True,n.d.,False,True,True,4,47619971.86,224621.21000000002,803.0,True,True
2611533,Quixaba,PE,Não,0.0,Sim,,,0.0,True,C,True,False,True,0,0.0,0.0,0.0,False,False
2611606,Recife,PE,Sim,50884.0,Sim,69.16,15.86,7.44,True,B+,False,False,False,1,61664230.93,7397162.12,4820.0,True,True
2611705,Riacho das Almas,PE,Sim,420.0,Sim,2.67,41.13,6.9,True,C,True,False,True,1,88920.68,0.0,0.0,True,True
2611804,Ribeirão,PE,Sim,400.0,Sim,21.01,17.48,3.11,True,C,True,False,True,3,0.0,0.0,1.0,True,False
2611903,Rio Formoso,PE,Sim,1115.0,Sim,0.44,0.0,19.16,True,C,True,False,True,11,244620.79,0.0,155.0,True,True
2612000,Sairé,PE,Não,0.0,Não,,0.0,0.0,True,C,True,False,True,0,0.0,0.0,0.0,False,False
2612109,Salgadinho,PE,,,Não,,,,False,C,True,False,True,0,0.0,0.0,0.0,False,False
2612208,Salgueiro,PE,,,Não,,,,False,B+,False,False,False,0,0.0,0.0,0.0,False,False
2612307,Saloá,PE,Não,0.0,Não,6.67,37.6,0.0,True,B,False,False,False,1,8503671.91,2093061.25,211.0,True,True
2612406,Sanharó,PE,,,Sim,,,,False,C,True,False,True,1,0.0,0.0,0.0,True,False
2612455,Santa Cruz,PE,Não,0.0,Não,,0.0,0.0,True,C,True,False,True,0,0.0,0.0,0.0,False,False
2612471,Santa Cruz da Baixa Verde,PE,Não,0.0,Não,,,0.0,True,C,True,False,True,0,0.0,0.0,0.0,False,False
2612505,Santa Cruz do Capibaribe,PE,Não,0.0,Não,52.19,0.0,0.0,True,A+,False,False,False,1,5289597.93,0.0,240.0,True,True
2612554,Santa Filomena,PE,Não,0.0,Sim,5.73,0.0,0.0,True,A+,False,False,False,0,0.0,0.0,0.0,False,False
2612604,Santa Maria da Boa Vista,PE,Não,0.0,Sim,49.91,0.0,0.0,True,B+,False,False,False,0,0.0,0.0,0.0,False,False
2612703,Santa Maria do Cambucá,PE,Não,0.0,Não,60.0,24.41,0.0,True,C,True,False,True,0,0.0,0.0,0.0,False,False
2612802,Santa Terezinha,PE,Não,0.0,Não,53.85,0.0,0.0,True,C,True,False,True,0,0.0,0.0,0.0,False,False
2612901,São Benedito do Sul,PE,Não,0.0,Sim,,,0.0,True,C,True,False,True,8,13939934.23,443107.63,1937.0,True,True
2613008,São Bento do Una,PE,Sim,1000.0,Sim,64.0,214.04,6.98,True,C,True,False,True,1,0.0,102100.55,0.0,True,True
2613107,São Caitano,PE,Não,0.0,Sim,2.0,0.0,0.0,True,A,False,False,False,0,0.0,0.0,0.0,False,False
2613206,São João,PE,Não,0.0,Sim,,,0.0,True,C,True,False,True,4,68922234.10000001,534835.51,1250.0,True,True
2613305,São Joaquim do Monte,PE,Não,0.0,Sim,,0.0,0.0,True,C,True,False,True,1,2482887.07,4084.02,0.0,True,True
2613404,São José da Coroa Grande,PE,,,Sim,,,,False,C,True,False,True,6,3803365.81,480541.92000000004,6611.0,True,True
2613503,São José do Belmonte,PE,Não,0.0,Não,2.86,23.96,0.0,True,B,False,False,False,0,0.0,0.0,0.0,False,False
2613602,São José do Egito,PE,Sim,250.0,Não,10.01,0.0,2.24,True,C,True,False,True,0,0.0,0.0,0.0,False,False
2613701,São Lourenço da Mata,PE,Sim,163.0,Sim,26.32,0.0,0.32,True,C,True,False,True,3,7866847.29,183780.99,1633.0,True,True
2613800,São Vicente Ferrer,PE,Não,500.0,Sim,28.57,0.0,9.61,True,A,False,False,False,3,4708923.460000001,577889.11,2023.0,True,True
2613909,Serra Talhada,PE,Sim,329.0,Sim,2.38,0.0,0.89,True,C,True,False,True,0,0.0,0.0,0.0,False,False
2614006,Serrita,PE,Não,200.0,Não,14.29,0.0,6.75,True,C,True,False,True,0,0.0,0.0,0.0,False,False
2614105,Sertânia,PE,,,Sim,,,,False,C,True,False,True,1,10300000.0,450000.0,240.0,True,True
2614204,Sirinhaém,PE,Não,0.0,Sim,5.0,0.0,0.0,True,C,True,False,True,9,1639366.69,1471712.94,544.0,True,True
2614303,Moreilândia,PE,Não,0.0,Não,,,0.0,True,C,True,False,True,0,0.0,0.0,0.0,False,False
2614402,Solidão,PE,Não,0.0,Não,31.71,0.0,0.0,True,C,True,False,True,0,0.0,0.0,0.0,False,False
2614501,Surubim,PE,,,Sim,,,,False,B+,False,False,False,0,0.0,0.0,0.0,False,False
2614600,Tabira,PE,Não,0.0,Sim,,0.0,0.0,True,C,True,False,True,0,0.0,0.0,0.0,False,False
2614709,Tacaimbó,PE,Sim,150.0,Sim,4.31,0.0,3.62,True,B,False,False,False,0,0.0,0.0,0.0,False,False
2614808,Tacaratu,PE,Não,0.0,Não,38.89,0.0,0.0,True,C,True,False,True,0,0.0,0.0,0.0,False,False
2614857,Tamandaré,PE,,,Sim,,,,False,C,True,False,True,9,8458.03,0.0,66.0,True,True
2615003,Taquaritinga do Norte,PE,Não,0.0,Não,,,0.0,True,B,False,False,False,2,0.0,0.0,0.0,True,False
2615102,Terezinha,PE,Não,0.0,Não,,0.0,0.0,True,C,True,False,True,1,61260.33,0.0,11.0,True,True
2615201,Terra Nova,PE,,,Não,,,,False,B,False,False,False,0,0.0,0.0,0.0,False,False
2615300,Timbaúba,PE,Sim,175.0,Sim,9.32,0.0,1.02,True,C,True,False,True,2,11723143.01,1255836.75,637.0,True,True
2615409,Toritama,PE,Sim,500.0,Não,9.58,23.05,2.86,True,C,True,False,True,0,0.0,0.0,0.0,False,False
2615508,Tracunhaém,PE,Não,80.0,Sim,22.11,0.0,1.65,True,C,True,False,True,2,571763.07,132730.71,783.0,True,True
2615607,Trindade,PE,Não,0.0,Sim,,0.0,0.0,True,C,True,False,True,2,0.0,0.0,67.0,True,False
2615706,Triunfo,PE,Não,0.0,Não,,,0.0,True,C,True,False,True,1,300000.0,9140.05,0.0,True,True
2615805,Tupanatinga,PE,Não,0.0,Não,40.0,0.0,0.0,True,B,False,False,False,1,229726.23,0.0,0.0,True,True
2615904,Tuparetama,PE,Não,0.0,Não,22.32,19.44,0.0,True,C,True,False,True,0,0.0,0.0,0.0,False,False
2616001,Venturosa,PE,Não,0.0,Sim,,,0.0,True,C,True,False,True,0,0.0,0.0,0.0,False,False
2616100,Verdejante,PE,,,Não,,,,False,C,True,False,True,0,0.0,0.0,0.0,False,False
2616183,Vertente do Lério,PE,Não,0.0,Não,,0.0,0.0,True,A,False,False,False,0,0.0,0.0,0.0,False,False
2616209,Vertentes,PE,Não,0.0,Não,,,0.0,True,B+,False,False,False,0,0.0,0.0,0.0,False,False
2616308,Vicência,PE,,,Sim,,,,False,C,True,False,True,3,3462472.4,1173213.44,442.0,True,True
2616407,Vitória de Santo Antão,PE,Sim,5146.0,Sim,3.8,4.52,9.01,True,C,True,False,True,0,0.0,0.0,0.0,False,False
2616506,Xexéu,PE,,,Sim,,,,False,C,True,False,True,8,1828997.58,53398.59,2246.0,True,True
2700102,Água Branca,AL,Não,0.0,Não,33.33,0.0,0.0,True,A,False,False,False,0,0.0,0.0,0.0,False,False
2700201,Anadia,AL,Não,0.0,Não,,,0.0,True,C,True,False,True,0,0.0,0.0,0.0,False,False
2700300,Arapiraca,AL,Não,0.0,Não,40.97,69.57,0.0,True,A+,False,False,False,0,0.0,0.0,0.0,False,False
2700409,Atalaia,AL,Sim,2000.0,Sim,16.67,1.8,18.58,True,C,True,False,True,2,10820782.52,670614.0599999999,5320.0,True,True
2700508,Barra de Santo Antônio,AL,Sim,488.0,Sim,,0.0,6.5,True,C,True,False,True,2,1070268.71,538110.86,419.0,True,True
2700607,Barra de São Miguel,AL,Não,0.0,Sim,18.08,0.0,0.0,True,A,False,False,False,3,1399473.5699999998,177357.89,202.0,True,True
2700706,Batalha,AL,Sim,150.0,Sim,33.11,115.66,2.94,True,C,True,False,True,0,0.0,0.0,0.0,False,False
2700805,Belém,AL,Não,11.0,Não,,,0.95,True,B,False,False,False,1,66365.36,245041.32,4.0,True,True
2700904,Belo Monte,AL,Não,0.0,Não,,0.0,0.0,True,C,True,False,True,0,0.0,0.0,0.0,False,False
2701001,Boca da Mata,AL,Não,0.0,Não,77.84,0.0,0.0,True,n.e.,False,True,True,0,0.0,0.0,0.0,False,False
2701100,Branquinha,AL,,,Sim,,,,False,C,True,False,True,2,5001779.79,2331184.23,2453.0,True,True
2701209,Cacimbinhas,AL,Não,0.0,Não,,,0.0,True,C,True,False,True,0,0.0,0.0,0.0,False,False
2701308,Cajueiro,AL,,,Sim,,,,False,C,True,False,True,2,33307954.96,1621400.47,4344.0,True,True
2701357,Campestre,AL,,,Sim,,,,False,n.e.,False,True,True,0,0.0,0.0,0.0,False,False
2701407,Campo Alegre,AL,,,Não,,,,False,C,True,False,True,0,0.0,0.0,0.0,False,False
2701506,Campo Grande,AL,,,Não,,,,False,n.e.,False,True,True,0,0.0,0.0,0.0,False,False
2701605,Canapi,AL,Não,0.0,Não,,,0.0,True,C,True,False,True,3,14247568.64,14055619.600000001,0.0,True,True
2701704,Capela,AL,,,Sim,,,,False,C,True,False,True,2,1941102.74,195344.69999999998,2526.0,True,True
2701803,Carneiros,AL,,,Não,,,,False,C,True,False,True,0,0.0,0.0,0.0,False,False
2701902,Chã Preta,AL,Não,0.0,Não,,115.34,0.0,True,B,False,False,False,2,0.0,1021005.49,60.0,True,True
2702009,Coité do Nóia,AL,Sim,30.0,Não,31.25,0.0,1.36,True,n.d.,False,True,True,2,1915494.48,20420.11,79.0,True,True
2702108,Colônia Leopoldina,AL,Sim,530.0,Sim,58.99,62.02,9.53,True,C,True,False,True,3,964617.51,0.0,1011.0,True,True
2702207,Coqueiro Seco,AL,Sim,200.0,Sim,58.94,0.0,9.79,True,C,True,False,True,4,1464148.1199999999,200155.52000000002,243.0,True,True
2702306,Coruripe,AL,Sim,150.0,Sim,5.09,0.0,0.76,True,A,False,False,False,1,43936570.66,2293374.61,260.0,True,True
2702355,Craíbas,AL,Não,0.0,Não,,,0.0,True,A,False,False,False,0,0.0,0.0,0.0,False,False
2702405,Delmiro Gouveia,AL,Não,0.0,Não,1.8,3.68,0.0,True,A+,False,False,False,0,0.0,0.0,0.0,False,False
2702504,Dois Riachos,AL,Não,50.0,Não,,,2.02,True,C,True,False,True,1,204201.1,0.0,25.0,True,True
2702553,Estrela de Alagoas,AL,Não,0.0,Não,,,0.0,True,B,False,False,False,1,1010795.43,369603.99,20.0,True,True
2702603,Feira Grande,AL,,,Não,,,,False,n.e.,False,True,True,2,4247382.83,247083.33000000002,96.0,True,True
2702702,Feliz Deserto,AL,,,Sim,,,,False,C,True,False,True,1,10761397.85,2909865.64,593.0,True,True
2702801,Flexeiras,AL,Sim,150.0,Sim,7.14,0.0,5.38,True,C,True,False,True,0,0.0,0.0,0.0,False,False
2702900,Girau do Ponciano,AL,Não,0.0,Não,1.33,0.0,0.0,True,n.e.,False,True,True,1,510502.74,0.0,40.0,True,True
2703007,Ibateguara,AL,Não,300.0,Não,30.77,0.0,5.84,True,A,False,False,False,2,9130210.17,171689.41,348.0,True,True
2703106,Igaci,AL,Não,0.0,Não,90.0,0.0,0.0,True,C,True,False,True,1,308343.66,275671.48,125.0,True,True
2703205,Igreja Nova,AL,Não,150.0,Não,33.11,315.36,7.63,True,C,True,False,True,2,0.0,0.0,122.0,True,False
2703304,Inhapi,AL,Não,0.0,Não,,,0.0,True,C,True,False,True,1,0.0,0.0,26.0,True,False
2703403,Jacaré dos Homens,AL,Sim,50.0,Não,,0.0,3.57,True,n.d.,False,True,True,0,0.0,0.0,0.0,False,False
2703502,Jacuípe,AL,Não,150.0,Sim,93.33,0.0,8.88,True,C,True,False,True,4,24609202.23,1986012.0899999999,4384.0,True,True
2703601,Japaratinga,AL,Não,0.0,Não,,,0.0,True,B,False,False,False,0,0.0,0.0,0.0,False,False
2703700,Jaramataia,AL,Não,30.0,Não,,,2.74,True,C,True,False,True,0,0.0,0.0,0.0,False,False
2703759,Jequiá da Praia,AL,Sim,200.0,Sim,4.81,0.0,10.63,True,C,True,False,True,3,18445203.88,2166463.82,347.0,True,True
2703809,Joaquim Gomes,AL,Não,350.0,Sim,,,7.39,True,B,False,False,False,1,1552037.72,295626.23,905.0,True,True
2703908,Jundiá,AL,Não,120.0,Não,93.13,0.0,8.63,True,A,False,False,False,3,11723323.43,18635.39,309.0,True,True
2704005,Junqueiro,AL,Não,0.0,Não,,,0.0,True,C,True,False,True,0,0.0,0.0,0.0,False,False
2704104,Lagoa da Canoa,AL,,,Não,,,,False,B,False,False,False,1,1123106.04,151108.81,216.0,True,True
2704203,Limoeiro de Anadia,AL,Sim,80.0,Sim,1.88,12.12,2.21,True,C,True,False,True,2,4955960.65,142940.76,485.0,True,True
2704302,Maceió,AL,Sim,8484.0,Sim,41.39,32.71,2.04,True,B+,False,False,False,4,7677049851.089999,496574009.17,44258.0,True,True
2704401,Major Isidoro,AL,,,Não,,,,False,n.d.,False,True,True,1,408402.2,28057.23,345.0,True,True
2704500,Maragogi,AL,,,Sim,,,,False,C,True,False,True,3,9427846.030000001,0.0,644.0,True,True
2704609,Maravilha,AL,Não,0.0,Sim,,0.0,0.0,True,C,True,False,True,0,0.0,0.0,0.0,False,False
2704708,Marechal Deodoro,AL,Sim,5000.0,Sim,12.5,1.64,17.61,True,B,False,False,False,3,13288927.25,10204855.61,6373.0,True,True
2704807,Maribondo,AL,,,Não,,,,False,C,True,False,True,0,0.0,0.0,0.0,False,False
2704906,Mar Vermelho,AL,Não,0.0,Não,,,0.0,True,C,True,False,True,0,0.0,0.0,0.0,False,False
2705002,Mata Grande,AL,Não,0.0,Não,5.45,20.47,0.0,True,C,True,False,True,0,0.0,0.0,0.0,False,False
2705101,Matriz de Camaragibe,AL,Sim,2000.0,Sim,45.45,0.0,24.63,True,n.d.,False,True,True,3,10251000.63,1066080.48,10254.0,True,True
2705200,Messias,AL,,,Não,,,,False,n.d.,False,True,True,0,0.0,0.0,0.0,False,False
2705309,Minador do Negrão,AL,Não,0.0,Não,,,0.0,True,B,False,False,False,1,4361017.77,113331.61,8.0,True,True
2705408,Monteirópolis,AL,,,Não,,,,False,C,True,False,True,0,0.0,0.0,0.0,False,False
2705507,Murici,AL,Sim,1700.0,Sim,7.84,0.0,19.09,True,C,True,False,True,3,79976220.91,27095643.1,4815.0,True,True
2705606,Novo Lino,AL,Sim,150.0,Sim,,,4.83,True,B,False,False,False,1,9676836.12,1252773.73,363.0,True,True
2705705,Olho d Água das Flores,AL,Não,0.0,Não,2.26,0.0,0.0,True,A,False,False,False,1,1061845.71,0.0,0.0,True,True
2705804,Olho d Água do Casado,AL,Não,0.0,Não,,,0.0,True,C,True,False,True,0,0.0,0.0,0.0,False,False
2705903,Olho d Água Grande,AL,Não,15.0,Não,,,2.66,True,n.e.,False,True,True,0,0.0,0.0,0.0,False,False
2706000,Olivença,AL,Não,0.0,Sim,,,0.0,True,C,True,False,True,0,0.0,0.0,0.0,False,False
2706109,Ouro Branco,AL,Não,0.0,Não,0.88,27.85,0.0,True,C,True,False,True,0,0.0,0.0,0.0,False,False
2706208,Palestina,AL,Não,0.0,Não,,,0.0,True,B,False,False,False,0,0.0,0.0,0.0,False,False
2706307,Palmeira dos Índios,AL,,,Sim,,,,False,C,True,False,True,2,20848932.08,808023.74,382.0,True,True
2706406,Pão de Açúcar,AL,Não,0.0,Não,,,0.0,True,C,True,False,True,1,7330819.41,158255.85,97.0,True,True
2706422,Pariconha,AL,Não,0.0,Não,,0.0,0.0,True,C,True,False,True,0,0.0,0.0,0.0,False,False
2706448,Paripueira,AL,,,Sim,,,,False,C,True,False,True,2,168929275.35,8657.63,619.0,True,True
2706505,Passo de Camaragibe,AL,Sim,100.0,Sim,,,2.42,True,C,True,False,True,4,2772914.69,159947.18,3765.0,True,True
2706604,Paulo Jacinto,AL,Sim,405.0,Sim,,16.65,17.1,True,n.d.,False,True,True,1,479070.19,51050.27,515.0,True,True
2706703,Penedo,AL,Sim,1197.0,Sim,12.37,22.94,5.81,True,n.d.,False,True,True,2,22042089.64,3264706.17,8595.0,True,True
2706802,Piaçabuçu,AL,Não,200.0,Não,49.38,7.42,3.0,True,C,True,False,True,1,479872.58,26668.66,77.0,True,True
2706901,Pilar,AL,Sim,221.0,Sim,38.57,0.0,1.54,True,C,True,False,True,4,18194317.81,807359.59,6079.0,True,True
2707008,Pindoba,AL,Não,70.0,Não,1.87,0.0,10.89,True,C,True,False,True,0,0.0,0.0,0.0,False,False
2707107,Piranhas,AL,Não,0.0,Não,27.35,9.22,0.0,True,B,False,False,False,0,0.0,0.0,0.0,False,False
2707206,Poço das Trincheiras,AL,Não,68.0,Sim,,,6.56,True,C,True,False,True,0,0.0,0.0,0.0,False,False
2707305,Porto Calvo,AL,Não,400.0,Sim,15.97,0.0,5.07,True,n.e.,False,True,True,5,5677180.7,800665.38,2051.0,True,True
2707404,Porto de Pedras,AL,Não,70.0,Não,0.67,0.0,2.17,True,n.d.,False,True,True,1,6656955.79,735123.95,657.0,True,True
2707503,Porto Real do Colégio,AL,,,Não,,,,False,n.d.,False,True,True,1,0.0,0.0,16.0,True,False
2707602,Quebrangulo,AL,Sim,10.0,Sim,9.09,0.0,0.31,True,C,True,False,True,3,89050865.97,3122541.33,1552.0,True,True
2707701,Rio Largo,AL,Sim,6993.0,Sim,3.44,393.9,18.0,True,B,False,False,False,4,51350532.86,220355.91,15220.0,True,True
2707800,Roteiro,AL,,,Não,,,,False,C,True,False,True,1,348162.87,126196.28,47.0,True,True
2707909,Santa Luzia do Norte,AL,,,Sim,,,,False,C,True,False,True,2,5605320.13,140116.56,167.0,True,True
2708006,Santana do Ipanema,AL,,,Sim,,,,False,C,True,False,True,0,0.0,0.0,0.0,False,False
2708105,Santana do Mundaú,AL,Sim,1000.0,Sim,,0.14,31.16,True,C,True,False,True,3,6268449.67,3307744.05,3200.0,True,True
2708204,São Brás,AL,Não,0.0,Não,,2.89,0.0,True,C,True,False,True,0,0.0,0.0,0.0,False,False
2708303,São José da Laje,AL,,,Sim,,,,False,n.d.,False,True,True,3,13333141.440000001,480392.63,7182.0,True,True
2708402,São José da Tapera,AL,Não,0.0,Não,,,0.0,True,C,True,False,True,0,0.0,0.0,0.0,False,False
2708501,São Luís do Quitunde,AL,Sim,2400.0,Sim,9.68,0.0,28.62,True,n.e.,False,True,True,4,9805078.82,499101.14,7219.0,True,True
2708600,São Miguel dos Campos,AL,Sim,500.0,Sim,39.13,214.75,2.63,True,C,True,False,True,2,21011455.52,3390849.9299999997,7550.0,True,True
2708709,São Miguel dos Milagres,AL,,,Sim,,,,False,C,True,False,True,5,13833248.77,686886.1,1814.0,True,True
2708808,São Sebastião,AL,Não,0.0,Sim,,,0.0,True,C,True,False,True,2,37797623.2,228705.23,216.0,True,True
2708907,Satuba,AL,Sim,150.0,Sim,37.5,0.0,1.64,True,n.e.,False,True,True,4,7120334.640000001,95046.19,724.0,True,True
2708956,Senador Rui Palmeira,AL,Não,0.0,Não,,0.0,0.0,True,B,False,False,False,0,0.0,0.0,0.0,False,False
2709004,Tanque d Arca,AL,,,Não,,,,False,C,True,False,True,1,9393250.5,56155.3,15.0,True,True
2709103,Taquarana,AL,Não,0.0,Não,16.05,0.0,0.0,True,B,False,False,False,1,3859623.39,755544.06,63.0,True,True
2709152,Teotônio Vilela,AL,Não,133.0,Não,4.82,0.0,1.05,True,C,True,False,True,1,1586438.33,99037.53,276.0,True,True
2709202,Traipu,AL,Não,0.0,Sim,15.59,0.0,0.0,True,B,False,False,False,7,14902851.78,86753.83,531.0,True,True
2709301,União dos Palmares,AL,Sim,1700.0,Sim,32.37,0.0,7.92,True,C,True,False,True,2,64818447.879999995,2915248.5,6240.0,True,True
2709400,Viçosa,AL,Sim,400.0,Sim,,,5.14,True,C,True,False,True,2,9069649.02,2411191.76,1608.0,True,True
2800100,Amparo de São Francisco,SE,,,Não,,,,False,C,True,False,True,0,0.0,0.0,0.0,False,False
2800209,Aquidabã,SE,Não,0.0,Não,78.74,0.0,0.0,True,n.d.,False,True,True,0,0.0,0.0,0.0,False,False
2800308,Aracaju,SE,Sim,2504.0,Sim,30.48,74.96,0.9,True,C,True,False,True,7,7506.44,0.0,136.0,True,True
2800407,Arauá,SE,Não,0.0,Não,,,0.0,True,C,True,False,True,0,0.0,0.0,0.0,False,False
2800506,Areia Branca,SE,Não,0.0,Não,15.38,0.0,0.0,True,C,True,False,True,1,0.0,0.0,0.0,True,False
2800605,Barra dos Coqueiros,SE,,,Não,,,,False,C,True,False,True,4,5279.04,0.0,5.0,True,True
2800670,Boquim,SE,Não,0.0,Não,6.59,0.0,0.0,True,C,True,False,True,0,0.0,0.0,0.0,False,False
2800704,Brejo Grande,SE,Não,0.0,Sim,33.81,0.0,0.0,True,C,True,False,True,0,0.0,0.0,0.0,False,False
2801009,Campo do Brito,SE,Não,0.0,Não,,0.0,0.0,True,C,True,False,True,1,0.0,0.0,0.0,True,False
2801108,Canhoba,SE,Não,0.0,Não,,0.0,0.0,True,C,True,False,True,0,0.0,0.0,0.0,False,False
2801207,Canindé de São Francisco,SE,Não,0.0,Sim,1.03,33.6,0.0,True,C,True,False,True,2,1532426.4,61135.48,36.0,True,True
2801306,Capela,SE,Não,0.0,Não,11.83,251.12,0.0,True,C,True,False,True,1,959667.79,959667.79,4.0,True,True
2801405,Carira,SE,Não,0.0,Não,25.0,0.0,0.0,True,B,False,False,False,0,0.0,0.0,0.0,False,False
2801504,Carmópolis,SE,Não,20.0,Sim,23.42,20.43,0.33,True,B,False,False,False,1,0.0,0.0,4.0,True,False
2801603,Cedro de São João,SE,Sim,20.0,Não,46.1,1576.8,0.89,True,n.d.,False,True,True,0,0.0,0.0,0.0,False,False
2801702,Cristinápolis,SE,Não,0.0,Não,6.5,0.0,0.0,True,C,True,False,True,0,0.0,0.0,0.0,False,False
2801900,Cumbe,SE,,,Não,,,,False,C,True,False,True,0,0.0,0.0,0.0,False,False
2802007,Divina Pastora,SE,Não,0.0,Não,,0.0,0.0,True,C,True,False,True,0,0.0,0.0,0.0,False,False
2802106,Estância,SE,Sim,70.0,Sim,24.85,14.56,0.24,True,B,False,False,False,7,0.0,0.0,12.0,True,False
2802205,Feira Nova,SE,Não,0.0,Não,,0.0,0.0,True,C,True,False,True,0,0.0,0.0,0.0,False,False
2802304,Frei Paulo,SE,Não,0.0,Não,,,0.0,True,n.d.,False,True,True,1,150000.0,23000.0,0.0,True,True
2802403,Gararu,SE,Não,9.0,Não,16.43,110.03,0.55,True,n.d.,False,True,True,0,0.0,0.0,0.0,False,False
2802502,General Maynard,SE,Não,0.0,Não,15.22,0.0,0.0,True,C,True,False,True,0,0.0,0.0,0.0,False,False
2802601,Graccho Cardoso,SE,Não,0.0,Não,6.78,0.0,0.0,True,n.d.,False,True,True,0,0.0,0.0,0.0,False,False
2802700,Ilha das Flores,SE,Não,600.0,Sim,5.7,0.0,18.8,True,C,True,False,True,2,1573132.0,28034.63,0.0,True,True
2802809,Indiaroba,SE,,,Não,,,,False,C,True,False,True,0,0.0,0.0,0.0,False,False
2802908,Itabaiana,SE,Não,0.0,Sim,9.52,0.0,0.0,True,n.d.,False,True,True,0,0.0,0.0,0.0,False,False
2803005,Itabaianinha,SE,Não,0.0,Não,0.65,0.0,0.0,True,B+,False,False,False,1,0.0,291996.24,0.0,True,True
2803104,Itabi,SE,,,Não,,,,False,C,True,False,True,0,0.0,0.0,0.0,False,False
2803203,Itaporanga d Ajuda,SE,,,Não,,,,False,C,True,False,True,0,0.0,0.0,0.0,False,False
2803302,Japaratuba,SE,Sim,16.0,Não,5.1,11.78,0.33,True,C,True,False,True,0,0.0,0.0,0.0,False,False
2803401,Japoatã,SE,Não,0.0,Não,6.67,0.0,0.0,True,C,True,False,True,0,0.0,0.0,0.0,False,False
2803500,Lagarto,SE,,,Não,,,,False,C,True,False,True,1,8000000.0,0.0,2.0,True,True
2803609,Laranjeiras,SE,Sim,750.0,Sim,40.0,46.74,8.47,True,C,True,False,True,1,0.0,0.0,36.0,True,False
2803708,Macambira,SE,Não,0.0,Não,1.31,0.0,0.0,True,C,True,False,True,0,0.0,0.0,0.0,False,False
2803807,Malhada dos Bois,SE,Não,0.0,Não,,,0.0,True,C,True,False,True,0,0.0,0.0,0.0,False,False
2803906,Malhador,SE,Não,0.0,Não,,,0.0,True,C,True,False,True,0,0.0,0.0,0.0,False,False
2804003,Maruim,SE,,,Sim,,,,False,n.d.,False,True,True,2,0.0,0.0,0.0,True,False
2804102,Moita Bonita,SE,Não,0.0,Não,48.48,11.15,0.0,True,C,True,False,True,0,0.0,0.0,0.0,False,False
2804201,Monte Alegre de Sergipe,SE,Não,0.0,Sim,34.78,0.0,0.0,True,n.d.,False,True,True,0,0.0,0.0,0.0,False,False
2804300,Muribeca,SE,Não,0.0,Não,23.76,0.0,0.0,True,C,True,False,True,0,0.0,0.0,0.0,False,False
2804409,Neópolis,SE,Não,0.0,Não,,,0.0,True,C,True,False,True,1,0.0,0.0,0.0,True,False
2804458,Nossa Senhora Aparecida,SE,Não,0.0,Não,,0.0,0.0,True,n.d.,False,True,True,0,0.0,0.0,0.0,False,False
2804508,Nossa Senhora da Glória,SE,Sim,10.0,Não,,0.0,0.07,True,B,False,False,False,2,389043.93,377465.73,0.0,True,True
2804607,Nossa Senhora das Dores,SE,Não,0.0,Não,,0.0,0.0,True,B,False,False,False,0,0.0,0.0,0.0,False,False
2804706,Nossa Senhora de Lourdes,SE,,,Não,,,,False,C,True,False,True,0,0.0,0.0,0.0,False,False
2804805,Nossa Senhora do Socorro,SE,Sim,200.0,Sim,3.55,6.37,0.24,True,B+,False,False,False,1,5000.0,0.0,5.0,True,True
2804904,Pacatuba,SE,Não,0.0,Não,,,0.0,True,n.d.,False,True,True,0,0.0,0.0,0.0,False,False
2805000,Pedra Mole,SE,Não,0.0,Não,25.86,0.0,0.0,True,C,True,False,True,0,0.0,0.0,0.0,False,False
2805109,Pedrinhas,SE,Não,0.0,Não,,0.0,0.0,True,C,True,False,True,0,0.0,0.0,0.0,False,False
2805208,Pinhão,SE,Não,0.0,Não,0.15,0.0,0.0,True,B,False,False,False,0,0.0,0.0,0.0,False,False
2805307,Pirambu,SE,Não,0.0,Não,10.87,10.6,0.0,True,C,True,False,True,0,0.0,0.0,0.0,False,False
2805406,Poço Redondo,SE,Não,0.0,Sim,,0.0,0.0,True,C,True,False,True,0,0.0,0.0,0.0,False,False
2805505,Poço Verde,SE,Não,0.0,Não,,,0.0,True,n.d.,False,True,True,1,0.0,0.0,2.0,True,False
2805604,Porto da Folha,SE,Sim,1000.0,Não,17.44,0.0,14.38,True,D,True,False,True,0,0.0,0.0,0.0,False,False
2805703,Propriá,SE,Não,0.0,Não,,0.0,0.0,True,B,False,False,False,6,0.0,0.0,16.0,True,False
2805802,Riachão do Dantas,SE,Não,0.0,Não,,,0.0,True,B,False,False,False,1,0.0,0.0,0.0,True,False
2805901,Riachuelo,SE,Sim,7.0,Não,59.91,0.0,0.24,True,C,True,False,True,0,0.0,0.0,0.0,False,False
2806008,Ribeirópolis,SE,Não,0.0,Não,,38.9,0.0,True,C,True,False,True,0,0.0,0.0,0.0,False,False
2806107,Rosário do Catete,SE,Não,0.0,Não,26.23,0.0,0.0,True,B,False,False,False,0,0.0,0.0,0.0,False,False
2806206,Salgado,SE,Sim,20.0,Não,11.93,0.0,0.39,True,C,True,False,True,0,0.0,0.0,0.0,False,False
2806305,Santa Luzia do Itanhy,SE,Não,0.0,Não,,1.51,0.0,True,B+,False,False,False,0,0.0,0.0,0.0,False,False
2806404,Santana do São Francisco,SE,,,Não,,,,False,C,True,False,True,0,0.0,0.0,0.0,False,False
2806503,Santa Rosa de Lima,SE,,,Não,,,,False,n.d.,False,True,True,1,120000.0,0.0,1.0,True,True
2806602,Santo Amaro das Brotas,SE,Não,0.0,Não,,0.0,0.0,True,n.d.,False,True,True,0,0.0,0.0,0.0,False,False
2806701,São Cristóvão,SE,Sim,1000.0,Sim,31.91,47.05,2.46,True,A,False,False,False,3,295626.24,0.0,108.0,True,True
2806800,São Domingos,SE,Não,0.0,Não,,0.0,0.0,True,D,True,False,True,0,0.0,0.0,0.0,False,False
2806909,São Francisco,SE,Não,0.0,Não,,,0.0,True,C,True,False,True,0,0.0,0.0,0.0,False,False
2807006,São Miguel do Aleixo,SE,Não,0.0,Não,69.66,0.53,0.0,True,C,True,False,True,0,0.0,0.0,0.0,False,False
2807105,Simão Dias,SE,Sim,80.0,Sim,1.18,0.0,0.73,True,C,True,False,True,0,0.0,0.0,0.0,False,False
2807204,Siriri,SE,Não,0.0,Não,28.57,256.34,0.0,True,C,True,False,True,0,0.0,0.0,0.0,False,False
2807303,Telha,SE,Sim,10.0,Não,,,1.13,True,C,True,False,True,0,0.0,0.0,0.0,False,False
2807402,Tobias Barreto,SE,Não,2.0,Sim,,0.0,0.01,True,C,True,False,True,2,8543628.07,4467628.3,14671.0,True,True
2807501,Tomar do Geru,SE,,,Não,,,,False,C,True,False,True,0,0.0,0.0,0.0,False,False
2807600,Umbaúba,SE,Não,0.0,Não,,,0.0,True,n.d.,False,True,True,1,0.0,0.0,0.0,True,False
2900108,Abaíra,BA,Não,300.0,Não,43.48,5.51,13.88,True,C,True,False,True,0,0.0,0.0,0.0,False,False
2900207,Abaré,BA,,,Não,,,,False,C,True,False,True,0,0.0,0.0,0.0,False,False
2900306,Acajutiba,BA,,,Não,,,,False,C,True,False,True,0,0.0,0.0,0.0,False,False
2900355,Adustina,BA,Não,0.0,Não,,,0.0,True,B,False,False,False,0,0.0,0.0,0.0,False,False
2900405,Água Fria,BA,Não,0.0,Não,,,0.0,True,C,True,False,True,0,0.0,0.0,0.0,False,False
2900504,Érico Cardoso,BA,Não,0.0,Não,,0.0,0.0,True,C,True,False,True,0,0.0,0.0,0.0,False,False
2900603,Aiquara,BA,Sim,46.0,Sim,73.25,0.0,3.77,True,C,True,False,True,4,2680870.0,96511.32,524.0,True,True
2900702,Alagoinhas,BA,Sim,60.0,Não,42.31,84.43,0.09,True,B+,False,False,False,1,1932715.81,0.0,0.0,True,True
2900801,Alcobaça,BA,Não,82.0,Sim,,,1.13,True,C,True,False,True,1,5147270.39,278810.48,2019.0,True,True
2900900,Almadina,BA,Não,300.0,Não,58.65,0.0,12.52,True,n.d.,False,True,True,0,0.0,0.0,0.0,False,False
2901007,Amargosa,BA,Sim,50.0,Sim,16.0,0.92,0.36,True,B+,False,False,False,1,20499605.62,1988243.53,604.0,True,True
2901106,Amélia Rodrigues,BA,Não,0.0,Não,40.0,7.31,0.0,True,B,False,False,False,4,3830836.88,418670.7,206.0,True,True
2901155,América Dourada,BA,Não,0.0,Sim,,24.85,0.0,True,C,True,False,True,0,0.0,0.0,0.0,False,False
2901205,Anagé,BA,Não,158.0,Sim,,,4.75,True,n.e.,False,True,True,2,21099777.49,241248.43,2100.0,True,True
2901304,Andaraí,BA,Sim,20.0,Não,33.66,29.87,0.46,True,B,False,False,False,1,4289391.99,14243.74,155.0,True,True
2901353,Andorinha,BA,Não,0.0,Não,,,0.0,True,C,True,False,True,2,6315000.0,306500.0,119.0,True,True
2901403,Angical,BA,,,Não,,,,False,C,True,False,True,1,0.0,246640.04,240.0,True,True
2901502,Anguera,BA,Não,0.0,Não,33.12,0.0,0.0,True,C,True,False,True,0,0.0,0.0,0.0,False,False
2901601,Antas,BA,Não,0.0,Não,4.16,21.82,0.0,True,C,True,False,True,0,0.0,0.0,0.0,False,False
2901700,Antônio Cardoso,BA,,,Não,,,,False,C,True,False,True,1,63348.48,0.0,0.0,True,True
2901809,Antônio Gonçalves,BA,Não,30.0,Não,,,1.21,True,n.e.,False,True,True,0,0.0,0.0,0.0,False,False
2901908,Aporá,BA,,,Não,,,,False,C,True,False,True,0,0.0,0.0,0.0,False,False
2901957,Apuarema,BA,Não,500.0,Não,,0.0,20.0,True,C,True,False,True,1,4262583.29,75064.36,201.0,True,True
2902005,Aracatu,BA,Não,0.0,Não,,0.0,0.0,True,C,True,False,True,2,1343736.74,13543648.2,40.0,True,True
2902054,Araças,BA,,,Não,,,,False,A,False,False,False,0,0.0,0.0,0.0,False,False
2902104,Araci,BA,Não,0.0,Sim,,,0.0,True,D,True,False,True,1,5358164.75,152852.15,1920.0,True,True
2902203,Aramari,BA,,,Não,,,,False,C,True,False,True,0,0.0,0.0,0.0,False,False
2902252,Arataca,BA,Não,90.0,Não,,,3.12,True,C,True,False,True,2,1930226.4,321704.4,0.0,True,True
2902302,Aratuípe,BA,Sim,300.0,Sim,31.25,706.71,11.6,True,n.d.,False,True,True,0,0.0,0.0,0.0,False,False
2902401,Aurelino Leal,BA,,,Sim,,,,False,C,True,False,True,3,7634763.390000001,235916.56,1605.0,True,True
2902500,Baianópolis,BA,,,Não,,,,False,B,False,False,False,1,85787.84,0.0,36.0,True,True
2902609,Baixa Grande,BA,,,Não,,,,False,B,False,False,False,3,2071547.0699999998,78605.11,103.0,True,True
2902658,Banzaê,BA,Não,0.0,Não,,,0.0,True,C,True,False,True,0,0.0,0.0,0.0,False,False
2902708,Barra,BA,Sim,100.0,Sim,62.62,0.0,0.91,True,B,False,False,False,2,345802.63,454997.75,3541.0,True,True
2902807,Barra da Estiva,BA,Não,0.0,Não,,0.0,0.0,True,A,False,False,False,2,0.0,188350.45,38.0,True,True
2902906,Barra do Choça,BA,,,Não,,,,False,A,False,False,False,2,7954158.779999999,150630.46,168.0,True,True
2903003,Barra do Mendes,BA,Não,0.0,Não,,,0.0,True,C,True,False,True,1,8578783.98,75462.2,400.0,True,True
2903102,Barra do Rocha,BA,Não,0.0,Sim,,,0.0,True,B,False,False,False,2,3380054.19,321704.4,925.0,True,True
2903201,Barreiras,BA,Sim,40.0,Não,7.09,24.91,0.06,True,C,True,False,True,0,0.0,0.0,0.0,False,False
2903235,Barro Alto,BA,Não,0.0,Não,,,0.0,True,n.d.,False,True,True,1,8578783.98,107234.8,0.0,True,True
2903276,Barrocas,BA,Não,0.0,Não,62.86,0.0,0.0,True,B,False,False,False,0,0.0,0.0,0.0,False,False
2903300,Barro Preto,BA,,,Não,,,,False,B,False,False,False,1,10434676.1,81680.44,310.0,True,True
2903409,Belmonte,BA,Não,100.0,Sim,10.0,0.0,1.07,True,D,True,False,True,3,1739852.33,0.07,2791.0,True,True
2903508,Belo Campo,BA,Não,50.0,Não,1.82,30.49,1.07,True,C,True,False,True,2,1930226.4,164176.2,200.0,True,True
2903607,Biritinga,BA,Não,0.0,Não,46.73,0.0,0.0,True,C,True,False,True,0,0.0,0.0,0.0,False,False
2903706,Boa Nova,BA,Não,0.0,Não,,0.0,0.0,True,C,True,False,True,4,3756376.38,378087.0,82.0,True,True
2903805,Boa Vista do Tupim,BA,Não,0.0,Não,,,0.0,True,B,False,False,False,2,3384719.48,285381.09,180.0,True,True
2903904,Bom Jesus da Lapa,BA,,,Sim,,,,False,B,False,False,False,3,45565035.3,24865812.65,2449.0,True,True
2903953,Bom Jesus da Serra,BA,Não,0.0,Não,,,0.0,True,C,True,False,True,0,0.0,0.0,0.0,False,False
2904001,Boninal,BA,,,Não,,,,False,B,False,False,False,0,0.0,0.0,0.0,False,False
2904050,Bonito,BA,,,Não,,,,False,n.d.,False,True,True,0,0.0,0.0,0.0,False,False
2904100,Boquira,BA,,,Não,,,,False,D,True,False,True,0,0.0,0.0,0.0,False,False
2904209,Botuporã,BA,Não,0.0,Não,,,0.0,True,C,True,False,True,0,0.0,0.0,0.0,False,False
2904308,Brejões,BA,Não,0.0,Não,14.93,0.0,0.0,True,C,True,False,True,4,35396337.12,1034307.6900000001,2688.0,True,True
2904407,Brejolândia,BA,,,Não,,,,False,C,True,False,True,1,1930226.4,321704.4,70.0,True,True
2904506,Brotas de Macaúbas,BA,Não,0.0,Não,1.9,0.0,0.0,True,A,False,False,False,0,0.0,0.0,0.0,False,False
2904605,Brumado,BA,Não,0.0,Não,24.74,15.91,0.0,True,B,False,False,False,3,7981217.34,6707050.87,184.0,True,True
2904704,Buerarema,BA,Não,1000.0,Não,1.0,85.44,15.01,True,B,False,False,False,2,1930226.4,321704.4,231.0,True,True
2904753,Buritirama,BA,Não,0.0,Não,,,0.0,True,B,False,False,False,0,0.0,0.0,0.0,False,False
2904803,Caatiba,BA,Não,78.0,Não,,26.3,3.85,True,C,True,False,True,2,5979913.13,1568494.66,508.0,True,True
2904852,Cabaceiras do Paraguaçu,BA,,,Não,,,,False,C,True,False,True,0,0.0,0.0,0.0,False,False
2904902,Cachoeira,BA,,,Não,,,,False,n.d.,False,True,True,2,4610365.8100000005,891425.4600000001,109.0,True,True
2905008,Caculé,BA,Não,0.0,Não,30.0,0.0,0.0,True,B,False,False,False,0,0.0,0.0,0.0,False,False
2905107,Caém,BA,Não,0.0,Não,8.33,0.0,0.0,True,C,True,False,True,0,0.0,0.0,0.0,False,False
2905156,Caetanos,BA,,,Não,,,,False,C,True,False,True,2,7545756.59,1316128.6800000002,0.0,True,True
2905206,Caetité,BA,Não,0.0,Não,1.3,5.78,0.0,True,n.e.,False,True,True,3,10350295.38,10350295.38,104.0,True,True
2905305,Cafarnaum,BA,,,Não,,,,False,C,True,False,True,0,0.0,0.0,0.0,False,False
2905404,Cairu,BA,Não,0.0,Sim,47.62,53.39,0.0,True,B,False,False,False,1,3000000.0,2780000.0,360.0,True,True
2905503,Caldeirão Grande,BA,Não,0.0,Não,57.14,0.0,0.0,True,C,True,False,True,0,0.0,0.0,0.0,False,False
2905602,Camacan,BA,Não,92.0,Sim,9.84,80.48,0.89,True,C,True,False,True,3,1400386.16,86170.44,732.0,True,True
2905701,Camaçari,BA,Não,0.0,Sim,30.81,21.14,0.0,True,B+,False,False,False,0,0.0,0.0,0.0,False,False
2905800,Camamu,BA,Não,500.0,Sim,11.9,3.91,5.8,True,C,True,False,True,2,2289462.98,520088.78,69.0,True,True
2905909,Campo Alegre de Lourdes,BA,Não,0.0,Não,,0.0,0.0,True,C,True,False,True,0,0.0,0.0,0.0,False,False
2906006,Campo Formoso,BA,Sim,2000.0,Sim,7.14,0.0,9.9,True,B,False,False,False,0,0.0,0.0,0.0,False,False
2906105,Canápolis,BA,Não,0.0,Não,,,0.0,True,C,True,False,True,2,5013136.949999999,245041.31,0.0,True,True
2906204,Canarana,BA,,,Não,,,,False,C,True,False,True,0,0.0,0.0,0.0,False,False
2906303,Canavieiras,BA,,,Sim,,,,False,n.d.,False,True,True,5,9746039.84,562603.02,1225.0,True,True
2906402,Candeal,BA,Não,0.0,Não,,,0.0,True,D,True,False,True,0,0.0,0.0,0.0,False,False
2906501,Candeias,BA,,,Sim,,,,False,B,False,False,False,0,0.0,0.0,0.0,False,False
2906600,Candiba,BA,Não,0.0,Não,,,0.0,True,B,False,False,False,2,7432919.96,0.0,0.0,True,True
2906709,Cândido Sales,BA,Não,50.0,Não,,0.0,0.56,True,C,True,False,True,2,28993924.979999997,183780.99,279.0,True,True
2906808,Cansanção,BA,Não,50.0,Não,,0.0,0.73,True,C,True,False,True,3,5117878.96,4301624.68,479.0,True,True
2906824,Canudos,BA,Não,0.0,Não,,,0.0,True,C,True,False,True,1,0.0,0.0,1103.0,True,False
2906857,Capela do Alto Alegre,BA,Não,0.0,Sim,,0.0,0.0,True,B,False,False,False,0,0.0,0.0,0.0,False,False
2906873,Capim Grosso,BA,Não,0.0,Não,37.88,0.0,0.0,True,C,True,False,True,0,0.0,0.0,0.0,False,False
2906899,Caraíbas,BA,,,Não,,,,False,B,False,False,False,1,536174.0,225193.08,0.0,True,True
2906907,Caravelas,BA,,,Não,,,,False,C,True,False,True,3,5680877.26,75554.41,55.0,True,True
2907004,Cardeal da Silva,BA,Não,412.0,Sim,7.25,0.0,13.91,True,C,True,False,True,2,2639802.7600000002,561348.8200000001,4028.0,True,True
2907103,Carinhanha,BA,,,Sim,,,,False,C,True,False,True,1,3763941.47,102087.53,43.0,True,True
2907202,Casa Nova,BA,Não,0.0,Não,3.33,0.0,0.0,True,D,True,False,True,0,0.0,0.0,0.0,False,False
2907301,Castro Alves,BA,Não,0.0,Não,33.33,18.44,0.0,True,D,True,False,True,0,0.0,0.0,0.0,False,False
2907400,Catolândia,BA,,,Não,,,,False,A,False,False,False,0,0.0,0.0,0.0,False,False
2907509,Catu,BA,Sim,1000.0,Sim,,,4.89,True,C,True,False,True,6,27039.39,22155.95,25.0,True,True
2907558,Caturama,BA,Não,1.0,Não,,,0.07,True,C,True,False,True,1,1930226.4,217171.21,0.0,True,True
2907608,Central,BA,Não,50.0,Não,1.5,0.0,1.27,True,C,True,False,True,0,0.0,0.0,0.0,False,False
2907707,Chorrochó,BA,Não,0.0,Não,,,0.0,True,B,False,False,False,0,0.0,0.0,0.0,False,False
2907806,Cícero Dantas,BA,Não,0.0,Sim,7.69,6.22,0.0,True,C,True,False,True,8,8400670.45,1788469.57,32174.0,True,True
2907905,Cipó,BA,Não,0.0,Não,7.12,1.21,0.0,True,B,False,False,False,0,0.0,0.0,0.0,False,False
2908002,Coaraci,BA,,,Sim,,,,False,B,False,False,False,2,6471739.99,2635017.8,1481.0,True,True
2908101,Cocos,BA,,,Não,,,,False,C,True,False,True,2,722522.11,446792.18,103.0,True,True
2908200,Conceição da Feira,BA,Não,0.0,Não,6.85,0.0,0.0,True,C,True,False,True,0,0.0,0.0,0.0,False,False
2908309,Conceição do Almeida,BA,Não,500.0,Sim,28.57,13.05,14.43,True,B,False,False,False,1,8802282.32,112596.54,1926.0,True,True
2908408,Conceição do Coité,BA,Não,0.0,Não,,,0.0,True,B,False,False,False,0,0.0,0.0,0.0,False,False
2908507,Conceição do Jacuípe,BA,Não,0.0,Não,46.07,0.0,0.0,True,C,True,False,True,1,18768122.9,1619314.71,0.0,True,True
2908606,Conde,BA,Sim,3500.0,Sim,0.32,0.0,44.44,True,C,True,False,True,1,95095.72,65216.82,200.0,True,True
2908705,Condeúba,BA,,,Não,,,,False,B,False,False,False,2,6915280.16,0.0,0.0,True,True
2908804,Contendas do Sincorá,BA,Não,200.0,Não,,22.08,14.74,True,C,True,False,True,4,8780647.2,4709785.8100000005,121.0,True,True
2908903,Coração de Maria,BA,Não,0.0,Não,3.08,0.0,0.0,True,B,False,False,False,0,0.0,0.0,0.0,False,False
2909000,Cordeiros,BA,Não,0.0,Não,,,0.0,True,C,True,False,True,0,0.0,0.0,0.0,False,False
2909109,Coribe,BA,Não,0.0,Não,,,0.0,True,n.d.,False,True,True,0,0.0,0.0,0.0,False,False
2909208,Coronel João Sá,BA,Sim,394.0,Sim,,16.45,9.02,True,B,False,False,False,0,0.0,0.0,0.0,False,False
2909307,Correntina,BA,Não,75.0,Não,,,0.85,True,C,True,False,True,1,1263034.97,148385.25,17.0,True,True
2909406,Cotegipe,BA,Não,0.0,Não,,,0.0,True,C,True,False,True,3,3894385.3499999996,675941.0800000001,12.0,True,True
2909505,Cravolândia,BA,Não,0.0,Não,,,0.0,True,C,True,False,True,2,4894248.96,531956.98,0.0,True,True
2909604,Crisópolis,BA,Não,0.0,Não,39.06,0.0,0.0,True,A+,False,False,False,0,0.0,0.0,0.0,False,False
2909703,Cristópolis,BA,Não,0.0,Não,,0.0,0.0,True,C,True,False,True,0,0.0,0.0,0.0,False,False
2909802,Cruz das Almas,BA,Não,0.0,Não,53.33,13.13,0.0,True,B,False,False,False,0,0.0,0.0,0.0,False,False
2909901,Curaçá,BA,,,Não,,,,False,D,True,False,True,0,0.0,0.0,0.0,False,False
2910008,Dário Meira,BA,Não,2594.0,Sim,71.43,0.0,83.6,True,D,True,False,True,7,26489411.9,5238758.43,13563.0,True,True
2910057,Dias d Ávila,BA,Não,150.0,Não,38.17,18.65,0.41,True,A+,False,False,False,0,0.0,0.0,0.0,False,False
2910107,Dom Basílio,BA,Não,0.0,Não,,,0.0,True,B,False,False,False,1,1930226.4,132135.01,0.0,True,True
2910206,Dom Macedo Costa,BA,Não,0.0,Não,42.86,0.43,0.0,True,n.d.,False,True,True,0,0.0,0.0,0.0,False,False
2910305,Elísio Medrado,BA,Não,0.0,Não,,,0.0,True,B,False,False,False,0,0.0,0.0,0.0,False,False
2910404,Encruzilhada,BA,Não,18.0,Não,,9.88,0.31,True,C,True,False,True,3,5120130.26,189874.86,1269.0,True,True
2910503,Entre Rios,BA,,,Sim,,,,False,D,True,False,True,3,33981184.879999995,15463634.2,2936.0,True,True
2910602,Esplanada,BA,Não,0.0,Não,2.86,0.0,0.0,True,B,False,False,False,1,1930226.4,428939.2,0.0,True,True
2910701,Euclides da Cunha,BA,Não,200.0,Não,5.68,50.19,1.32,True,B,False,False,False,2,1445999.02,1021005.48,120.0,True,True
2910727,Eunápolis,BA,Sim,1500.0,Sim,3.33,0.0,2.98,True,C,True,False,True,2,5291283.75,3058798.5100000002,946.0,True,True
2910750,Fátima,BA,Não,0.0,Não,43.33,0.0,0.0,True,C,True,False,True,1,280057.96,153150.82,0.0,True,True
2910776,Feira da Mata,BA,,,Não,,,,False,B,False,False,False,0,0.0,0.0,0.0,False,False
2910800,Feira de Santana,BA,Sim,3594.0,Sim,14.0,32.39,1.26,True,C,True,False,True,1,1930226.4,536174.0,0.0,True,True
2910859,Filadélfia,BA,Não,0.0,Sim,9.84,2.86,0.0,True,C,True,False,True,0,0.0,0.0,0.0,False,False
2910909,Firmino Alves,BA,,,Não,,,,False,C,True,False,True,4,4916257.6,398502.61000000004,608.0,True,True
2911006,Floresta Azul,BA,Não,150.0,Sim,89.37,0.0,3.9,True,C,True,False,True,2,1602348.0,947158.7,1201.0,True,True
2911105,Formosa do Rio Preto,BA,Não,200.0,Não,100.0,0.0,2.61,True,A,False,False,False,0,0.0,0.0,0.0,False,False
2911204,Gandu,BA,Sim,50.0,Sim,,28.19,0.41,True,B,False,False,False,2,15539242.44,4550612.029999999,9873.0,True,True
2911253,Gavião,BA,,,Sim,,,,False,B,False,False,False,0,0.0,0.0,0.0,False,False
2911303,Gentio do Ouro,BA,Não,0.0,Não,28.76,0.0,0.0,True,A,False,False,False,1,678968.65,66365.36,132.0,True,True
2911402,Glória,BA,Não,0.0,Não,15.0,0.0,0.0,True,C,True,False,True,0,0.0,0.0,0.0,False,False
2911501,Gongogi,BA,,,Sim,,,,False,C,True,False,True,2,1930226.4,321704.4,0.0,True,True
2911600,Governador Mangabeira,BA,Não,0.0,Não,28.47,0.0,0.0,True,C,True,False,True,1,1930226.4,321704.4,0.0,True,True
2911659,Guajeru,BA,Não,0.0,Não,,,0.0,True,C,True,False,True,0,0.0,0.0,0.0,False,False
2911709,Guanambi,BA,Não,500.0,Não,3.15,0.0,1.41,True,C,True,False,True,0,0.0,0.0,0.0,False,False
2911808,Guaratinga,BA,Não,1500.0,Sim,,0.0,22.22,True,C,True,False,True,2,58892208.31,3499835.8800000004,728.0,True,True
2911857,Heliópolis,BA,Não,0.0,Não,,,0.0,True,B,False,False,False,1,950550.0,200000.0,1210.0,True,True
2911907,Iaçu,BA,Sim,50.0,Não,,,0.46,True,C,True,False,True,1,749571.25,215984.29,28.0,True,True
2912004,Ibiassucê,BA,,,Não,,,,False,B,False,False,False,1,0.0,396768.76,0.0,True,True
2912103,Ibicaraí,BA,Sim,600.0,Sim,11.7,0.0,5.92,True,B,False,False,False,4,28825076.029999997,589791.4,9427.0,True,True
2912202,Ibicoara,BA,Não,0.0,Não,,0.0,0.0,True,C,True,False,True,0,0.0,0.0,0.0,False,False
2912301,Ibicuí,BA,Sim,86.0,Sim,,12.1,1.43,True,n.d.,False,True,True,3,3335795.44,334977.47000000003,202.0,True,True
2912400,Ibipeba,BA,Não,50.0,Não,,,0.86,True,C,True,False,True,3,1833143.21,0.0,304.0,True,True
2912509,Ibipitanga,BA,Não,0.0,Não,,,0.0,True,A,False,False,False,1,0.0,0.0,0.0,True,False
2912608,Ibiquera,BA,Não,0.0,Não,,,0.0,True,C,True,False,True,1,146375.5,21216.41,0.0,True,True
2912707,Ibirapitanga,BA,,,Não,,,,False,C,True,False,True,3,3768036.28,628006.05,9.0,True,True
2912806,Ibirapuã,BA,Não,0.0,Não,,,0.0,True,C,True,False,True,3,2963746.06,352246.89,40.0,True,True
2912905,Ibirataia,BA,Sim,660.0,Não,86.21,0.0,8.77,True,C,True,False,True,2,9239295.4,3221704.4,2.0,True,True
2913002,Ibitiara,BA,Não,0.0,Não,12.0,14.91,0.0,True,C,True,False,True,1,1930226.4,321704.4,0.0,True,True
2913101,Ibititá,BA,,,Não,,,,False,C,True,False,True,1,1811349.45,117958.28,42.0,True,True
2913200,Ibotirama,BA,Não,0.0,Sim,,,0.0,True,n.d.,False,True,True,1,1929852.86,445511.66,224.0,True,True
2913309,Ichu,BA,,,Não,,,,False,B,False,False,False,0,0.0,0.0,0.0,False,False
2913408,Igaporã,BA,,,Sim,,,,False,C,True,False,True,2,259474.17,166953.73,12.0,True,True
2913457,Igrapiúna,BA,,,Não,,,,False,B,False,False,False,1,1930226.4,321704.4,0.0,True,True
2913507,Iguaí,BA,Não,200.0,Não,66.67,22.21,2.91,True,B,False,False,False,3,3044431.4,625970.76,192.0,True,True
2913606,Ilhéus,BA,Sim,20000.0,Sim,48.91,29.2,22.03,True,C,True,False,True,6,96503081.27,2261192.53,11354.0,True,True
2913705,Inhambupe,BA,,,Não,,,,False,C,True,False,True,1,3083436.58,2501463.45,110.0,True,True
2913804,Ipecaetá,BA,,,Não,,,,False,C,True,False,True,0,0.0,0.0,0.0,False,False
2913903,Ipiaú,BA,Sim,50.0,Sim,1.44,111.99,0.28,True,C,True,False,True,4,6060115.49,582060.8,1182.0,True,True
2914000,Ipirá,BA,Não,0.0,Não,,0.0,0.0,True,B,False,False,False,0,0.0,0.0,0.0,False,False
2914109,Ipupiara,BA,Não,0.0,Não,,,0.0,True,B,False,False,False,0,0.0,0.0,0.0,False,False
2914208,Irajuba,BA,Não,7.0,Não,0.97,0.0,0.38,True,C,True,False,True,2,800367.3,10571.53,10.0,True,True
2914307,Iramaia,BA,Não,0.0,Não,,19.29,0.0,True,A,False,False,False,1,1713612.1,91149.58,120.0,True,True
2914406,Iraquara,BA,,,Não,,,,False,C,True,False,True,0,0.0,0.0,0.0,False,False
2914505,Irará,BA,Não,0.0,Não,8.74,262.92,0.0,True,C,True,False,True,0,0.0,0.0,0.0,False,False
2914604,Irecê,BA,Não,0.0,Sim,10.12,15.99,0.0,True,C,True,False,True,1,0.0,505392.87,12.0,True,True
2914653,Itabela,BA,Não,0.0,Não,10.29,0.0,0.0,True,C,True,False,True,0,0.0,0.0,0.0,False,False
2914703,Itaberaba,BA,,,Sim,,,,False,B,False,False,False,2,2548442.12,528681.76,695.0,True,True
2914802,Itabuna,BA,Sim,7832.0,Sim,5.74,3.27,8.17,True,C,True,False,True,4,53496737.1,3763715.6,12670.0,True,True
2914901,Itacaré,BA,Sim,94.0,Sim,6.24,0.0,0.98,True,C,True,False,True,5,23225143.28,1118214.74,1744.0,True,True
2915007,Itaeté,BA,Não,0.0,Não,,0.0,0.0,True,B,False,False,False,2,2951231.8899999997,689266.38,50.0,True,True
2915106,Itagi,BA,Sim,800.0,Sim,59.62,27.37,16.87,True,C,True,False,True,1,1340435.0,418215.72,170.0,True,True
2915205,Itagibá,BA,,,Sim,,,,False,C,True,False,True,1,0.0,0.0,0.0,True,False
2915304,Itagimirim,BA,Sim,30.0,Sim,57.38,0.0,1.17,True,C,True,False,True,2,3560195.36,386045.28,1378.0,True,True
2915353,Itaguaçu da Bahia,BA,Não,50.0,Não,,0.0,2.4,True,n.d.,False,True,True,1,6177083.21,3175327.07,400.0,True,True
2915403,Itaju do Colônia,BA,Não,0.0,Sim,100.0,29.51,0.0,True,B,False,False,False,5,4773965.609999999,140024.43,1134.0,True,True
2915502,Itajuípe,BA,Sim,1000.0,Sim,32.05,28.19,12.58,True,B,False,False,False,3,26884151.790000003,701168.54,12428.0,True,True
2915601,Itamaraju,BA,Não,0.0,Sim,,,0.0,True,B,False,False,False,3,95635506.4,1834126.86,1509.0,True,True
2915700,Itamari,BA,Não,80.0,Não,14.93,0.0,2.91,True,B,False,False,False,2,2069391.52,325680.64,38.0,True,True
2915809,Itambé,BA,Não,120.0,Sim,,12.68,1.44,True,C,True,False,True,5,3640787.7199999997,205234.8,3180.0,True,True
2915908,Itanagra,BA,,,Não,,,,False,C,True,False,True,0,0.0,0.0,0.0,False,False
2916005,Itanhém,BA,Não,0.0,Não,,,0.0,True,n.e.,False,True,True,3,25198327.55,87310.58,112.0,True,True
2916104,Itaparica,BA,,,Não,,,,False,B,False,False,False,1,102100.55,53909.09,100.0,True,True
2916203,Itapé,BA,,,Sim,,,,False,C,True,False,True,2,21595539.43,305330.02,4809.0,True,True
2916302,Itapebi,BA,,,Não,,,,False,D,True,False,True,9,6183938.8100000005,2003532.3099999998,2740.0,True,True
2916401,Itapetinga,BA,Sim,1470.0,Sim,80.0,2.17,5.09,True,C,True,False,True,3,8159488.5,953490.79,4656.0,True,True
2916500,Itapicuru,BA,Sim,100.0,Sim,4.17,0.0,1.44,True,n.d.,False,True,True,3,18084426.299999997,2156409.38,2215.0,True,True
2916609,Itapitanga,BA,Sim,110.0,Sim,,,4.14,True,C,True,False,True,2,10344370.04,6817930.760000001,2299.0,True,True
2916708,Itaquara,BA,,,Sim,,,,False,C,True,False,True,5,9953450.860000001,901653.84,827.0,True,True
2916807,Itarantim,BA,Não,38.0,Não,,16.61,0.57,True,n.d.,False,True,True,5,7520432.279999999,1291817.6,545.0,True,True
2916856,Itatim,BA,Não,0.0,Não,,0.0,0.0,True,B,False,False,False,0,0.0,0.0,0.0,False,False
2916906,Itiruçu,BA,Não,0.0,Não,77.82,0.0,0.0,True,C,True,False,True,2,128681.76,191134.36000000002,0.0,True,True
2917003,Itiúba,BA,Não,0.0,Sim,29.89,8.79,0.0,True,B,False,False,False,1,113158.85,128129.06,10.0,True,True
2917102,Itororó,BA,Não,5529.0,Sim,75.09,0.0,70.68,True,C,True,False,True,8,54231450.08,3070159.16,6565.0,True,True
2917201,Ituaçu,BA,,,Não,,,,False,C,True,False,True,3,653443.52,128136.19,659.0,True,True
2917300,Ituberá,BA,Sim,200.0,Sim,4.95,0.0,2.22,True,n.d.,False,True,True,1,89004.88,0.0,27.0,True,True
2917334,Iuiú,BA,,,Não,,,,False,C,True,False,True,1,1607062.64,0.0,0.0,True,True
2917359,Jaborandi,BA,Não,0.0,Não,9.34,0.0,0.0,True,A,False,False,False,0,0.0,0.0,0.0,False,False
2917409,Jacaraci,BA,,,Não,,,,False,A,False,False,False,0,0.0,0.0,0.0,False,False
2917508,Jacobina,BA,Sim,2759.0,Sim,43.27,0.0,7.32,True,B,False,False,False,4,16378429.059999999,2113848.11,6007.0,True,True
2917607,Jaguaquara,BA,Sim,2000.0,Sim,,,11.32,True,C,True,False,True,4,3057672.27,4368664.63,1167.0,True,True
2917706,Jaguarari,BA,Não,0.0,Sim,,,0.0,True,n.d.,False,True,True,1,340000.0,10448.4,19.0,True,True
2917805,Jaguaripe,BA,Não,0.0,Não,3.95,25.47,0.0,True,C,True,False,True,0,0.0,0.0,0.0,False,False
2917904,Jandaíra,BA,Não,0.0,Sim,11.43,3.3,0.0,True,C,True,False,True,0,0.0,0.0,0.0,False,False
2918001,Jequié,BA,Sim,2500.0,Sim,1.5,28.68,3.51,True,B+,False,False,False,5,137710828.81,11220289.100000001,17949.0,True,True
2918100,Jeremoabo,BA,Não,250.0,Não,,,2.49,True,B,False,False,False,1,197601.5,153141.17,1200.0,True,True
2918209,Jiquiriçá,BA,Sim,500.0,Sim,19.23,0.0,16.47,True,A,False,False,False,2,20951884.68,4607066.63,2271.0,True,True
2918308,Jitaúna,BA,,,Sim,,,,False,B+,False,False,False,2,5035526.390000001,428567.05,2130.0,True,True
2918357,João Dourado,BA,Não,0.0,Sim,2.78,0.0,0.0,True,C,True,False,True,0,0.0,0.0,0.0,False,False
2918407,Juazeiro,BA,Não,0.0,Sim,3.45,141.92,0.0,True,B,False,False,False,3,40000.0,535702.77,54.0,True,True
2918456,Jucuruçu,BA,,,Sim,,,,False,n.e.,False,True,True,2,31148265.509999998,12666366.67,2362.0,True,True
2918506,Jussara,BA,,,Não,,,,False,n.d.,False,True,True,1,1158179.32,0.0,0.0,True,True
2918555,Jussari,BA,Não,32.0,Não,53.71,0.0,1.44,True,B,False,False,False,2,3631420.6399999997,35735.19,656.0,True,True
2918605,Jussiape,BA,,,Não,,,,False,D,True,False,True,1,1930226.4,0.0,100.0,True,True
2918704,Lafaiete Coutinho,BA,Não,2.0,Não,,,0.14,True,B,False,False,False,3,2052747.0599999998,45945.25,100.0,True,True
2918753,Lagoa Real,BA,,,Não,,,,False,C,True,False,True,2,1243923.68,126537.06,80.0,True,True
2918803,Laje,BA,,,Sim,,,,False,C,True,False,True,1,9742067.52,150128.72,1764.0,True,True
2918902,Lajedão,BA,Não,0.0,Não,,,0.0,True,B,False,False,False,1,112596.54,27881.05,0.0,True,True
2919009,Lajedinho,BA,Não,0.0,Sim,7.5,13.62,0.0,True,A+,False,False,False,0,0.0,0.0,0.0,False,False
2919058,Lajedo do Tabocal,BA,Não,0.0,Não,4.0,172.79,0.0,True,C,True,False,True,2,0.0,106150.88,0.0,True,True
2919108,Lamarão,BA,Não,0.0,Não,,0.0,0.0,True,C,True,False,True,0,0.0,0.0,0.0,False,False
2919157,Lapão,BA,,,Sim,,,,False,C,True,False,True,1,3063016.47,65046.22,4.0,True,True
2919207,Lauro de Freitas,BA,Não,10000.0,Sim,57.64,11.1,9.87,True,B,False,False,False,1,4902000.0,410000.0,1365.0,True,True
2919306,Lençóis,BA,Sim,800.0,Não,,,16.47,True,C,True,False,True,2,5868913.359999999,21796.68,182.0,True,True
2919405,Licínio de Almeida,BA,Não,0.0,Não,,,0.0,True,B,False,False,False,1,439444.96,72470.66,10.0,True,True
2919504,Livramento de Nossa Senhora,BA,Não,0.0,Não,1.33,119.64,0.0,True,B,False,False,False,1,1930226.4,0.0,100.0,True,True
2919553,Luís Eduardo Magalhães,BA,Sim,100.0,Não,4.3,0.22,0.22,True,C,True,False,True,1,1300323.72,0.0,93.0,True,True
2919603,Macajuba,BA,Não,0.0,Não,,0.0,0.0,True,C,True,False,True,0,0.0,0.0,0.0,False,False
2919702,Macarani,BA,Não,18.0,Sim,,10.89,0.29,True,C,True,False,True,2,9581352.02,443315.6,602.0,True,True
2919801,Macaúbas,BA,Não,0.0,Não,,,0.0,True,C,True,False,True,2,14180000.0,20766.26,2619.0,True,True
2919900,Macururé,BA,,,Não,,,,False,C,True,False,True,0,0.0,0.0,0.0,False,False
2919926,Madre de Deus,BA,Não,0.0,Não,97.63,50.44,0.0,True,C,True,False,True,0,0.0,0.0,0.0,False,False
2919959,Maetinga,BA,Não,0.0,Não,,,0.0,True,C,True,False,True,1,336931.81,0.0,0.0,True,True
2920007,Maiquinique,BA,Sim,0.0,Não,,,0.0,True,C,True,False,True,4,10822206.46,381937.05,1614.0,True,True
2920106,Mairi,BA,Não,0.0,Não,1.5,0.0,0.0,True,B,False,False,False,0,0.0,0.0,0.0,False,False
2920205,Malhada,BA,Não,0.0,Sim,,0.0,0.0,True,A,False,False,False,1,3063016.47,306301.65,20.0,True,True
2920304,Malhada de Pedras,BA,,,Não,,,,False,n.d.,False,True,True,0,0.0,0.0,0.0,False,False
2920403,Manoel Vitorino,BA,Não,100.0,Não,,31.72,2.52,True,B,False,False,False,2,1930226.4,0.0,200.0,True,True
2920452,Mansidão,BA,Não,0.0,Não,,0.0,0.0,True,C,True,False,True,2,0.0,0.0,0.0,True,False
2920502,Maracás,BA,Não,200.0,Não,1.06,5.21,1.93,True,B,False,False,False,3,0.0,0.0,36.0,True,False
2920601,Maragogipe,BA,Sim,496.0,Sim,52.71,12.17,4.62,True,C,True,False,True,1,2577066.71,51778.31,2120.0,True,True
2920700,Maraú,BA,,,Não,,,,False,C,True,False,True,1,0.0,21446.96,2.0,True,True
2920809,Marcionílio Souza,BA,Não,0.0,Não,2.22,0.0,0.0,True,C,True,False,True,2,3537252.58,490082.63,816.0,True,True
2920908,Mascote,BA,Não,0.0,Sim,9.52,141.72,0.0,True,C,True,False,True,4,3135747.4899999998,372514.28,1065.0,True,True
2921005,Mata de São João,BA,Sim,5.0,Não,8.32,0.0,0.02,True,A+,False,False,False,0,0.0,0.0,0.0,False,False
2921054,Matina,BA,Não,0.0,Não,,,0.0,True,C,True,False,True,1,5517230.45,1265370.64,228.0,True,True
2921104,Medeiros Neto,BA,Sim,1070.0,Sim,37.5,83.02,12.35,True,B,False,False,False,6,9470212.44,9519251.08,5489.0,True,True
2921203,Miguel Calmon,BA,,,Não,,,,False,A,False,False,False,1,37228.21,102944.44,11.0,True,True
2921302,Milagres,BA,Não,0.0,Não,,,0.0,True,C,True,False,True,5,19060247.17,69080.66,511.0,True,True
2921401,Mirangaba,BA,Não,12.0,Sim,26.25,0.0,0.31,True,C,True,False,True,0,0.0,0.0,0.0,False,False
2921450,Mirante,BA,Não,0.0,Não,,,0.0,True,C,True,False,True,3,4004096.35,123170.17,390.0,True,True
2921500,Monte Santo,BA,Não,0.0,Não,,0.0,0.0,True,C,True,False,True,1,3458026.32,1136208.65,0.0,True,True
2921609,Morpará,BA,Não,160.0,Sim,,0.0,6.01,True,C,True,False,True,1,321704.4,214469.6,0.0,True,True
2921708,Morro do Chapéu,BA,Não,20.0,Não,50.0,445.27,0.16,True,A,False,False,False,0,0.0,0.0,0.0,False,False
2921807,Mortugaba,BA,Não,0.0,Não,6.32,0.0,0.0,True,A,False,False,False,1,514508.31,25131.55,0.0,True,True
2921906,Mucugê,BA,Não,200.0,Não,60.61,0.0,7.36,True,C,True,False,True,3,1447669.8,2144.7,1.0,True,True
2922003,Mucuri,BA,Não,0.0,Sim,4.78,0.0,0.0,True,n.d.,False,True,True,1,2603054.22,1283888.8,33.0,True,True
2922052,Mulungu do Morro,BA,Não,0.0,Não,,,0.0,True,C,True,False,True,0,0.0,0.0,0.0,False,False
2922102,Mundo Novo,BA,,,Sim,,,,False,C,True,False,True,1,2588648.07,53617.4,355.0,True,True
2922201,Muniz Ferreira,BA,Não,20.0,Não,,0.0,1.03,True,C,True,False,True,0,0.0,0.0,0.0,False,False
2922250,Muquém de São Francisco,BA,Não,0.0,Sim,33.33,69.43,0.0,True,C,True,False,True,3,8683651.68,2552513.72,3600.0,True,True
2922300,Muritiba,BA,Não,0.0,Não,6.36,20.91,0.0,True,n.d.,False,True,True,0,0.0,0.0,0.0,False,False
2922409,Mutuípe,BA,,,Sim,,,,False,C,True,False,True,3,15994360.69,680146.7100000001,1069.0,True,True
2922508,Nazaré,BA,Sim,200.0,Sim,,16.6,1.88,True,n.d.,False,True,True,1,0.0,0.0,58.0,True,False
2922607,Nilo Peçanha,BA,Não,100.0,Sim,37.31,17.85,3.54,True,C,True,False,True,1,1930226.4,0.0,70.0,True,True
2922656,Nordestina,BA,Não,50.0,Sim,,0.0,1.95,True,A,False,False,False,0,0.0,0.0,0.0,False,False
2922706,Nova Canaã,BA,,,Sim,,,,False,n.d.,False,True,True,2,5882256.48,3952030.08,70.0,True,True
2922730,Nova Fátima,BA,,,Não,,,,False,C,True,False,True,0,0.0,0.0,0.0,False,False
2922755,Nova Ibiá,BA,Não,0.0,Não,,0.0,0.0,True,C,True,False,True,1,214469.6,107234.8,0.0,True,True
2922805,Nova Itarana,BA,Não,0.0,Sim,2.81,29.63,0.0,True,C,True,False,True,2,27848520.53,7140317.7,3620.0,True,True
2922854,Nova Redenção,BA,,,Não,,,,False,C,True,False,True,0,0.0,0.0,0.0,False,False
2922904,Nova Soure,BA,,,Não,,,,False,C,True,False,True,1,239936.29,107205.58,15.0,True,True
2923001,Nova Viçosa,BA,Sim,4000.0,Sim,,0.0,19.91,True,C,True,False,True,2,5553774.72,279893.26,2737.0,True,True
2923035,Novo Horizonte,BA,Não,0.0,Não,,,0.0,True,C,True,False,True,1,182299.16,134043.5,0.0,True,True
2923050,Novo Triunfo,BA,Não,0.0,Não,,,0.0,True,C,True,False,True,0,0.0,0.0,0.0,False,False
2923100,Olindina,BA,Não,50.0,Sim,,,0.85,True,C,True,False,True,1,142940.77,134772.72,2505.0,True,True
2923209,Oliveira dos Brejinhos,BA,Não,0.0,Não,,,0.0,True,C,True,False,True,0,0.0,0.0,0.0,False,False
2923308,Ouriçangas,BA,Não,0.0,Não,4.05,38.32,0.0,True,C,True,False,True,0,0.0,0.0,0.0,False,False
2923357,Ourolândia,BA,Não,0.0,Não,,,0.0,True,C,True,False,True,0,0.0,0.0,0.0,False,False
2923407,Palmas de Monte Alto,BA,Não,0.0,Não,4.0,0.0,0.0,True,B,False,False,False,1,0.0,268087.0,0.0,True,True
2923506,Palmeiras,BA,Não,0.0,Não,,0.0,0.0,True,A,False,False,False,1,0.0,0.0,0.0,True,False
2923605,Paramirim,BA,,,Não,,,,False,C,True,False,True,0,0.0,0.0,0.0,False,False
2923704,Paratinga,BA,Não,0.0,Sim,27.45,0.0,0.0,True,C,True,False,True,1,6702174.99,0.0,1350.0,True,True
2923803,Paripiranga,BA,Não,0.0,Sim,,,0.0,True,B,False,False,False,0,0.0,0.0,0.0,False,False
2923902,Pau Brasil,BA,Sim,800.0,Sim,46.67,0.0,24.34,True,C,True,False,True,5,11184726.4,100000.0,3356.0,True,True
2924009,Paulo Afonso,BA,Não,0.0,Não,19.69,0.0,0.0,True,C,True,False,True,1,12002315.35,602882.19,182.0,True,True
2924058,Pé de Serra,BA,Não,0.0,Não,,0.0,0.0,True,C,True,False,True,0,0.0,0.0,0.0,False,False
2924108,Pedrão,BA,Não,0.0,Não,50.0,0.0,0.0,True,B,False,False,False,0,0.0,0.0,0.0,False,False
2924207,Pedro Alexandre,BA,Não,0.0,Não,,,0.0,True,D,True,False,True,1,4080471.06,948487.22,123.0,True,True
2924306,Piatã,BA,Não,0.0,Não,20.8,0.0,0.0,True,n.d.,False,True,True,0,0.0,0.0,0.0,False,False
2924405,Pilão Arcado,BA,,,Não,,,,False,C,True,False,True,1,1434318.72,339218.86,782.0,True,True
2924504,Pindaí,BA,Não,0.0,Não,3.97,0.0,0.0,True,C,True,False,True,0,0.0,0.0,0.0,False,False
2924603,Pindobaçu,BA,,,Não,,,,False,C,True,False,True,0,0.0,0.0,0.0,False,False
2924652,Pintadas,BA,Não,0.0,Não,12.36,8.32,0.0,True,C,True,False,True,0,0.0,0.0,0.0,False,False
2924678,Piraí do Norte,BA,Não,50.0,Não,46.05,0.0,2.6,True,n.d.,False,True,True,1,1930226.4,0.0,100.0,True,True
2924702,Piripá,BA,Não,0.0,Não,,2.91,0.0,True,B,False,False,False,3,209335.35,161843.98,0.0,True,True
2924801,Piritiba,BA,Não,0.0,Não,,,0.0,True,C,True,False,True,0,0.0,0.0,0.0,False,False
2924900,Planaltino,BA,Não,0.0,Não,,2.56,0.0,True,C,True,False,True,2,1735709.33,202159.09,0.0,True,True
2925006,Planalto,BA,Não,0.0,Não,,,0.0,True,B,False,False,False,3,8335662.1,13502.130000000001,190.0,True,True
2925105,Poções,BA,Sim,500.0,Não,1.02,0.0,2.85,True,B,False,False,False,2,29431562.71,735623.03,144.0,True,True
2925204,Pojuca,BA,Não,20.0,Não,83.44,11.71,0.13,True,B+,False,False,False,0,0.0,0.0,0.0,False,False
2925253,Ponto Novo,BA,Não,0.0,Não,,,0.0,True,C,True,False,True,0,0.0,0.0,0.0,False,False
2925303,Porto Seguro,BA,Não,300.0,Sim,,,0.38,True,B,False,False,False,3,70786862.06,7161106.2299999995,3607.0,True,True
2925402,Potiraguá,BA,Não,0.0,Não,,0.0,0.0,True,C,True,False,True,1,1930226.4,0.0,100.0,True,True
2925501,Prado,BA,Não,0.0,Sim,11.54,0.0,0.0,True,C,True,False,True,2,69086628.86,8744524.05,6978.0,True,True
2925600,Presidente Dutra,BA,Não,0.0,Não,,,0.0,True,C,True,False,True,0,0.0,0.0,0.0,False,False
2925709,Presidente Jânio Quadros,BA,Não,0.0,Não,,0.0,0.0,True,C,True,False,True,1,1930226.4,0.0,125.0,True,True
2925758,Presidente Tancredo Neves,BA,Não,10.0,Sim,38.9,0.0,0.13,True,n.d.,False,True,True,2,7731629.07,0.0,370.0,True,True
2925808,Queimadas,BA,,,Não,,,,False,C,True,False,True,1,1670000.0,120000.0,48.0,True,True
2925907,Quijingue,BA,Não,0.0,Não,,0.0,0.0,True,B,False,False,False,1,30410871.46,12237.51,32.0,True,True
2925931,Quixabeira,BA,Não,0.0,Não,2.22,1579.4,0.0,True,C,True,False,True,0,0.0,0.0,0.0,False,False
2925956,Rafael Jambeiro,BA,,,Sim,,,,False,B,False,False,False,1,12707323.78,6219618.39,1000.0,True,True
2926004,Remanso,BA,Não,0.0,Sim,,,0.0,True,B,False,False,False,0,0.0,0.0,0.0,False,False
2926103,Retirolândia,BA,,,Não,,,,False,C,True,False,True,0,0.0,0.0,0.0,False,False
2926202,Riachão das Neves,BA,Sim,50.0,Não,1.67,324.33,0.95,True,C,True,False,True,0,0.0,0.0,0.0,False,False
2926301,Riachão do Jacuípe,BA,,,Sim,,,,False,B,False,False,False,1,2850000.0,125000.0,400.0,True,True
2926400,Riacho de Santana,BA,Não,0.0,Não,6.25,0.0,0.0,True,C,True,False,True,1,2144696.0,2144696.0,120.0,True,True
2926509,Ribeira do Amparo,BA,Não,5.0,Não,,,0.17,True,C,True,False,True,1,5191300.0,50000.0,713.0,True,True
2926608,Ribeira do Pombal,BA,Não,0.0,Sim,6.58,2.24,0.0,True,C,True,False,True,6,5220518.0600000005,1514245.4300000002,101.0,True,True
2926657,Ribeirão do Largo,BA,Não,10.0,Sim,,12.0,0.44,True,C,True,False,True,2,4380639.57,40840.22,186.0,True,True
2926707,Rio de Contas,BA,,,Não,,,,False,C,True,False,True,1,857878.4,0.0,150.0,True,True
2926806,Rio do Antônio,BA,,,Não,,,,False,n.e.,False,True,True,1,1236417.24,1236417.24,0.0,True,True
2926905,Rio do Pires,BA,Não,0.0,Não,25.0,0.0,0.0,True,B,False,False,False,0,0.0,0.0,0.0,False,False
2927002,Rio Real,BA,Não,0.0,Não,,,0.0,True,C,True,False,True,2,4096400.41,3796400.41,197.0,True,True
2927101,Rodelas,BA,Não,30.0,Não,,,0.85,True,C,True,False,True,0,0.0,0.0,0.0,False,False
2927200,Ruy Barbosa,BA,Não,0.0,Sim,,,0.0,True,C,True,False,True,1,6834824.43,388726.15,341.0,True,True
2927309,Salinas da Margarida,BA,Não,0.0,Não,10.0,13.56,0.0,True,B,False,False,False,0,0.0,0.0,0.0,False,False
2927408,Salvador,BA,Não,1521.0,Sim,52.35,9.02,0.12,True,A+,False,False,False,2,1930226.4,132135.01,0.0,True,True
2927507,Santa Bárbara,BA,Não,0.0,Não,,,0.0,True,B,False,False,False,0,0.0,0.0,0.0,False,False
2927606,Santa Brígida,BA,Não,699.0,Não,2.78,0.0,25.43,True,A,False,False,False,1,3151433.5,16796.13,46.0,True,True
2927705,Santa Cruz Cabrália,BA,,,Sim,,,,False,C,True,False,True,5,11711007.31,790444.99,5492.0,True,True
2927804,Santa Cruz da Vitória,BA,Não,0.0,Não,,,0.0,True,n.d.,False,True,True,1,1232127.85,530812.26,300.0,True,True
2927903,Santa Inês,BA,Não,0.0,Sim,19.23,0.0,0.0,True,B,False,False,False,2,25922970.52,1815285.7000000002,2463.0,True,True
2928000,Santaluz,BA,Não,0.0,Não,17.83,4.65,0.0,True,C,True,False,True,2,1294685.05,632720.02,72.0,True,True
2928059,Santa Luzia,BA,Sim,10.0,Sim,,,0.26,True,C,True,False,True,4,3562938.15,969106.95,1914.0,True,True
2928109,Santa Maria da Vitória,BA,Sim,20.0,Sim,5.83,328.3,0.17,True,C,True,False,True,4,29220805.229999997,35326256.18,1115.0,True,True
2928208,Santana,BA,,,Não,,,,False,C,True,False,True,3,1369727.04,876704.4,17.0,True,True
2928307,Santanópolis,BA,Não,0.0,Não,,,0.0,True,B,False,False,False,2,2037461.2,38604.53,201.0,True,True
2928406,Santa Rita de Cássia,BA,Não,0.0,Sim,11.11,0.0,0.0,True,C,True,False,True,0,0.0,0.0,0.0,False,False
2928505,Santa Teresinha,BA,Não,0.0,Não,5.0,0.0,0.0,True,B,False,False,False,0,0.0,0.0,0.0,False,False
2928604,Santo Amaro,BA,Sim,993.0,Sim,1.26,0.0,4.35,True,C,True,False,True,1,10800000.0,0.0,721.0,True,True
2928703,Santo Antônio de Jesus,BA,Não,0.0,Não,46.88,0.0,0.0,True,C,True,False,True,0,0.0,0.0,0.0,False,False
2928802,Santo Estêvão,BA,Não,0.0,Não,5.0,0.0,0.0,True,B,False,False,False,0,0.0,0.0,0.0,False,False
2928901,São Desidério,BA,Não,0.0,Não,23.08,133.43,0.0,True,B,False,False,False,0,0.0,0.0,0.0,False,False
2928950,São Domingos,BA,Não,0.0,Não,4.23,0.0,0.0,True,n.d.,False,True,True,1,20000.0,15000.0,13.0,True,True
2929008,São Félix,BA,Não,0.0,Sim,,0.0,0.0,True,C,True,False,True,2,4794146.8,844371.54,192.0,True,True
2929057,São Félix do Coribe,BA,Não,30.0,Sim,,,0.56,True,C,True,False,True,1,9114957.98,214469.6,119.0,True,True
2929107,São Felipe,BA,Não,0.0,Não,32.0,46.26,0.0,True,B,False,False,False,0,0.0,0.0,0.0,False,False
2929206,São Francisco do Conde,BA,Sim,0.0,Não,93.79,299.04,0.0,True,C,True,False,True,0,0.0,0.0,0.0,False,False
2929255,São Gabriel,BA,Não,0.0,Não,,,0.0,True,B,False,False,False,1,2251930.8,375321.8,55.0,True,True
2929305,São Gonçalo dos Campos,BA,Não,0.0,Não,4.0,0.0,0.0,True,B,False,False,False,0,0.0,0.0,0.0,False,False
2929354,São José da Vitória,BA,,,Não,,,,False,C,True,False,True,0,0.0,0.0,0.0,False,False
2929370,São José do Jacuípe,BA,,,Não,,,,False,C,True,False,True,0,0.0,0.0,0.0,False,False
2929404,São Miguel das Matas,BA,,,Não,,,,False,B,False,False,False,3,1055807.97,0.0,963.0,True,True
2929503,São Sebastião do Passé,BA,Não,50.0,Sim,49.02,28.28,0.29,True,B,False,False,False,0,0.0,0.0,0.0,False,False
2929602,Sapeaçu,BA,,,Não,,,,False,B,False,False,False,1,1930226.4,0.0,100.0,True,True
2929701,Sátiro Dias,BA,Não,0.0,Não,43.48,0.0,0.0,True,C,True,False,True,0,0.0,0.0,0.0,False,False
2929750,Saubara,BA,,,Não,,,,False,n.d.,False,True,True,1,2025415.42,118560.9,208.0,True,True
2929800,Saúde,BA,Não,0.0,Sim,,,0.0,True,C,True,False,True,0,0.0,0.0,0.0,False,False
2929909,Seabra,BA,Não,0.0,Não,,,0.0,True,C,True,False,True,0,0.0,0.0,0.0,False,False
2930006,Sebastião Laranjeiras,BA,Não,0.0,Não,,0.0,0.0,True,B,False,False,False,0,0.0,0.0,0.0,False,False
2930105,Senhor do Bonfim,BA,Sim,100.0,Sim,,0.0,0.33,True,C,True,False,True,0,0.0,0.0,0.0,False,False
2930154,Serra do Ramalho,BA,,,Sim,,,,False,C,True,False,True,2,4227121.33,875651.55,14.0,True,True
2930204,Sento Sé,BA,Não,0.0,Não,6.59,11.34,0.0,True,C,True,False,True,0,0.0,0.0,0.0,False,False
2930303,Serra Dourada,BA,Não,0.0,Não,,,0.0,True,C,True,False,True,1,24664.0,121177.47,50.0,True,True
2930402,Serra Preta,BA,Não,0.0,Sim,,0.0,0.0,True,C,True,False,True,0,0.0,0.0,0.0,False,False
2930501,Serrinha,BA,Não,0.0,Sim,29.19,0.0,0.0,True,B,False,False,False,0,0.0,0.0,0.0,False,False
2930600,Serrolândia,BA,Sim,50.0,Não,,,0.92,True,C,True,False,True,0,0.0,0.0,0.0,False,False
2930709,Simões Filho,BA,,,Sim,,,,False,B+,False,False,False,1,6454002.58,680491.05,187.0,True,True
2930758,Sítio do Mato,BA,,,Não,,,,False,C,True,False,True,2,0.0,0.0,647.0,True,False
2930766,Sítio do Quinto,BA,,,Não,,,,False,C,True,False,True,0,0.0,0.0,0.0,False,False
2930774,Sobradinho,BA,Sim,1000.0,Não,60.0,4.11,10.41,True,C,True,False,True,1,1800000.0,600000.0,100.0,True,True
2930808,Souto Soares,BA,,,Não,,,,False,n.d.,False,True,True,0,0.0,0.0,0.0,False,False
2930907,Tabocas do Brejo Velho,BA,Não,30.0,Não,,0.0,1.51,True,C,True,False,True,1,1930226.4,0.0,100.0,True,True
2931004,Tanhaçu,BA,Não,0.0,Sim,2.0,2.6,0.0,True,B,False,False,False,3,5182708.1,3844319.21,200.0,True,True
2931053,Tanque Novo,BA,Não,0.0,Não,,,0.0,True,D,True,False,True,1,7747580.78,232789.25,95.0,True,True
2931103,Tanquinho,BA,Não,0.0,Não,54.26,10.95,0.0,True,C,True,False,True,0,0.0,0.0,0.0,False,False
2931202,Taperoá,BA,Não,800.0,Sim,31.18,45.98,19.13,True,C,True,False,True,1,1930226.4,321704.4,0.0,True,True
2931301,Tapiramutá,BA,Não,12.0,Não,,,0.25,True,C,True,False,True,0,0.0,0.0,0.0,False,False
2931350,Teixeira de Freitas,BA,Não,441.0,Sim,9.96,67.17,0.67,True,C,True,False,True,1,7860310.83,66807.28,140.0,True,True
2931400,Teodoro Sampaio,BA,Não,15.0,Não,59.8,0.0,0.46,True,n.d.,False,True,True,1,1347727.25,234831.26,133.0,True,True
2931509,Teofilândia,BA,,,Não,,,,False,B,False,False,False,0,0.0,0.0,0.0,False,False
2931608,Teolândia,BA,,,Sim,,,,False,n.d.,False,True,True,2,25682734.55,825707.96,1880.0,True,True
2931707,Terra Nova,BA,Não,0.0,Não,2.98,0.0,0.0,True,C,True,False,True,0,0.0,0.0,0.0,False,False
2931806,Tremedal,BA,Não,0.0,Não,8.12,0.0,0.0,True,B,False,False,False,2,1549478.11,801063.55,98.0,True,True
2931905,Tucano,BA,,,Não,,,,False,C,True,False,True,0,0.0,0.0,0.0,False,False
2932002,Uauá,BA,,,Não,,,,False,C,True,False,True,0,0.0,0.0,0.0,False,False
2932101,Ubaíra,BA,Sim,483.0,Sim,,,9.95,True,C,True,False,True,4,14509782.979999999,11533180.469999999,23.0,True,True
2932200,Ubaitaba,BA,Não,0.0,Sim,,0.0,0.0,True,D,True,False,True,2,34677381.49,1805505.92,7584.0,True,True
2932309,Ubatã,BA,Não,80.0,Sim,,,1.16,True,B,False,False,False,3,2980226.4,521704.4,228.0,True,True
2932408,Uibaí,BA,Não,0.0,Não,,,0.0,True,n.d.,False,True,True,0,0.0,0.0,0.0,False,False
2932457,Umburanas,BA,,,Não,,,,False,n.d.,False,True,True,0,0.0,0.0,0.0,False,False
2932507,Una,BA,Sim,100.0,Não,9.09,0.0,1.38,True,C,True,False,True,0,0.0,0.0,0.0,False,False
2932606,Urandi,BA,Não,0.0,Não,31.78,0.0,0.0,True,C,True,False,True,1,3052806.41,328840.09,45.0,True,True
2932705,Uruçuca,BA,,,Sim,,,,False,C,True,False,True,4,20325248.07,395323.0,4400.0,True,True
2932804,Utinga,BA,Não,0.0,Não,,0.0,0.0,True,C,True,False,True,0,0.0,0.0,0.0,False,False
2932903,Valença,BA,Não,3000.0,Sim,49.99,0.23,8.76,True,D,True,False,True,5,75582486.32,55962350.66,11010.0,True,True
2933000,Valente,BA,Não,40.0,Não,,,0.48,True,C,True,False,True,0,0.0,0.0,0.0,False,False
2933059,Várzea da Roça,BA,Não,0.0,Não,33.33,0.0,0.0,True,C,True,False,True,0,0.0,0.0,0.0,False,False
2933109,Várzea do Poço,BA,Não,0.0,Não,,0.0,0.0,True,C,True,False,True,0,0.0,0.0,0.0,False,False
2933158,Várzea Nova,BA,,,Não,,,,False,n.d.,False,True,True,0,0.0,0.0,0.0,False,False
2933174,Varzedo,BA,Não,0.0,Não,,0.0,0.0,True,B,False,False,False,0,0.0,0.0,0.0,False,False
2933208,Vera Cruz,BA,,,Não,,,,False,A,False,False,False,0,0.0,0.0,0.0,False,False
2933257,Vereda,BA,Não,30.0,Sim,38.46,0.0,1.92,True,C,True,False,True,3,60434710.57,10653758.47,1217.0,True,True
2933307,Vitória da Conquista,BA,Sim,34.0,Sim,13.35,100.29,0.02,True,B,False,False,False,2,21684350.17,18179189.35,5111.0,True,True
2933406,Wagner,BA,Não,0.0,Não,,,0.0,True,B,False,False,False,1,6760000.0,71000.0,904.0,True,True
2933455,Wanderley,BA,Não,50.0,Sim,11.11,21.6,1.58,True,C,True,False,True,3,43060980.230000004,4485668.5200000005,3731.0,True,True
2933505,Wenceslau Guimarães,BA,,,Sim,,,,False,A,False,False,False,3,25160449.990000002,315270.31,2805.0,True,True
2933604,Xique-Xique,BA,,,Sim,,,,False,B,False,False,False,2,2492362.4299999997,1294661.22,0.0,True,True
3100104,Abadia dos Dourados,MG,Sim,30.0,Sim,81.82,0.0,1.21,True,B,False,False,False,0,0.0,0.0,0.0,False,False
3100203,Abaeté,MG,Não,13.0,Não,20.37,547.67,0.12,True,C,True,False,True,2,10153899.59,27567.15,205.0,True,True
3100302,Abre Campo,MG,Não,262.0,Sim,69.98,0.0,6.22,True,A,False,False,False,4,6419244.23,37258.130000000005,233.0,True,True
3100401,Acaiaca,MG,Sim,144.0,Sim,100.0,9.26,9.74,True,A,False,False,False,4,3528711.7600000002,421343.8,359.0,True,True
3100500,Açucena,MG,Não,200.0,Sim,2.0,21.99,8.34,True,B,False,False,False,5,26231639.42,1267701.95,100.0,True,True
3100609,Água Boa,MG,,,Sim,,,,False,n.e.,False,True,True,9,15144050.14,387079.8,138.0,True,True
3100708,Água Comprida,MG,Não,0.0,Não,4.58,0.0,0.0,True,A,False,False,False,0,0.0,0.0,0.0,False,False
3100807,Aguanil,MG,Não,5.0,Não,,,0.23,True,A,False,False,False,0,0.0,0.0,0.0,False,False
3100906,Águas Formosas,MG,Sim,240.0,Sim,,0.0,3.63,True,n.d.,False,True,True,3,5160021.6,62868.18,2237.0,True,True
3101003,Águas Vermelhas,MG,,,Não,,,,False,B+,False,False,False,3,9985782.32,3366797.31,598.0,True,True
3101102,Aimorés,MG,Sim,850.0,Sim,54.24,0.0,8.0,True,B,False,False,False,2,2090042.39,292977.98,2234.0,True,True
3101201,Aiuruoca,MG,Não,83.0,Não,4.88,0.0,4.33,True,C,True,False,True,0,0.0,0.0,0.0,False,False
3101300,Alagoa,MG,Sim,30.0,Não,76.47,6.77,3.77,True,B,False,False,False,1,1061845.71,0.0,1.0,True,True
3101409,Albertina,MG,Não,0.0,Não,32.75,0.0,0.0,True,C,True,False,True,0,0.0,0.0,0.0,False,False
3101508,Além Paraíba,MG,,,Sim,,,,False,C,True,False,True,3,1881363.37,18433.120000000003,29.0,True,True
3101607,Alfenas,MG,Não,0.0,Sim,5.04,0.0,0.0,True,C,True,False,True,6,12425417.81,1178221.94,261.0,True,True
3101631,Alfredo Vasconcelos,MG,Não,0.0,Não,68.75,3.07,0.0,True,A+,False,False,False,2,63348.47,0.0,8.0,True,True
3101706,Almenara,MG,Sim,3000.0,Sim,0.68,3.36,18.86,True,C,True,False,True,5,6514881.09,9172865.8,872.0,True,True
3101805,Alpercata,MG,Sim,107.0,Sim,94.16,83.32,3.31,True,B,False,False,False,1,2685244.44,234831.26,301.0,True,True
3101904,Alpinópolis,MG,Não,0.0,Sim,18.56,34.94,0.0,True,C,True,False,True,0,0.0,0.0,0.0,False,False
3102001,Alterosa,MG,Não,0.0,Não,66.67,0.0,0.0,True,B,False,False,False,0,0.0,0.0,0.0,False,False
3102050,Alto Caparaó,MG,Sim,30.0,Sim,33.33,0.0,1.25,True,n.d.,False,True,True,0,0.0,0.0,0.0,False,False
3102100,Alto Rio Doce,MG,Sim,297.0,Não,47.82,0.0,9.58,True,A,False,False,False,3,7981430.599999999,1140335.26,126.0,True,True
3102209,Alvarenga,MG,Não,45.0,Não,47.67,120.26,3.71,True,C,True,False,True,1,77745.23,0.0,0.0,True,True
3102308,Alvinópolis,MG,Não,60.0,Sim,17.02,0.0,1.08,True,n.d.,False,True,True,7,21240281.61,33083.68,1070.0,True,True
3102407,Alvorada de Minas,MG,Sim,5.0,Não,4.55,0.0,0.56,True,B+,False,False,False,3,5751951.88,191704.41,7.0,True,True
3102506,Amparo do Serra,MG,Não,0.0,Sim,35.29,0.0,0.0,True,A,False,False,False,4,6343374.16,176805.1,40.0,True,True
3102605,Andradas,MG,Sim,100.0,Não,54.93,0.0,0.65,True,B,False,False,False,0,0.0,0.0,0.0,False,False
3102704,Cachoeira de Pajeú,MG,,,Não,,,,False,C,True,False,True,3,8740514.75,250460.83,357.0,True,True
3102803,Andrelândia,MG,Sim,20.0,Não,30.0,0.0,0.35,True,A,False,False,False,0,0.0,0.0,0.0,False,False
3102852,Angelândia,MG,Sim,20.0,Não,9.39,9.68,0.97,True,C,True,False,True,4,3404021.23,473370.98,129.0,True,True
3102902,Antônio Carlos,MG,Sim,400.0,Não,3.33,0.0,9.47,True,B,False,False,False,1,571192.11,42232.32,43.0,True,True
3103009,Antônio Dias,MG,Sim,46.0,Sim,6.03,217.82,1.87,True,A,False,False,False,4,4598225.68,236975.30000000002,232.0,True,True
3103108,Antônio Prado de Minas,MG,Sim,8.0,Não,83.14,0.0,1.36,True,n.d.,False,True,True,0,0.0,0.0,0.0,False,False
3103207,Araçaí,MG,Não,0.0,Não,85.71,0.0,0.0,True,n.d.,False,True,True,0,0.0,0.0,0.0,False,False
3103306,Aracitaba,MG,Sim,70.0,Não,,,6.73,True,C,True,False,True,0,0.0,0.0,0.0,False,False
3103405,Araçuaí,MG,Sim,5.0,Não,36.36,0.0,0.04,True,C,True,False,True,4,975836.68,0.0,64.0,True,True
3103504,Araguari,MG,Não,0.0,Não,28.15,0.0,0.0,True,n.d.,False,True,True,3,5655703.02,1100000.0,3.0,True,True
3103603,Arantina,MG,Não,700.0,Não,50.0,18.19,44.19,True,C,True,False,True,1,58069.44,0.0,10.0,True,True
3103702,Araponga,MG,Não,0.0,Não,90.83,91.25,0.0,True,n.d.,False,True,True,1,704751.82,73906.56,4.0,True,True
3103751,Araporã,MG,Não,33.0,Não,,,0.99,True,C,True,False,True,0,0.0,0.0,0.0,False,False
3103801,Arapuá,MG,,,Não,,,,False,A,False,False,False,2,1735709.34,784132.21,4.0,True,True
3103900,Araújos,MG,Não,0.0,Sim,30.04,2.75,0.0,True,B,False,False,False,1,588813.87,0.0,3.0,True,True
3104007,Araxá,MG,Sim,350.0,Não,68.59,0.0,0.71,True,C,True,False,True,5,5352946.41,34592.17,65.0,True,True
3104106,Arceburgo,MG,Não,20.0,Não,60.15,0.0,0.53,True,B,False,False,False,0,0.0,0.0,0.0,False,False
3104205,Arcos,MG,,,Não,,,,False,C,True,False,True,0,0.0,0.0,0.0,False,False
3104304,Areado,MG,Não,0.0,Não,92.31,40.03,0.0,True,C,True,False,True,0,0.0,0.0,0.0,False,False
3104403,Argirita,MG,Sim,30.0,Não,42.86,122.59,2.55,True,A,False,False,False,2,1528986.08,8051.69,17.0,True,True
3104452,Aricanduva,MG,Não,0.0,Não,37.43,0.0,0.0,True,C,True,False,True,3,326534.81999999995,67393.57,0.0,True,True
3104502,Arinos,MG,Sim,20.0,Sim,,,0.35,True,C,True,False,True,4,13001582.35,112367.74,142.0,True,True
3104601,Astolfo Dutra,MG,,,Sim,,,,False,C,True,False,True,2,8948105.43,61116.16,434.0,True,True
3104700,Ataléia,MG,Não,360.0,Sim,59.26,0.0,8.97,True,C,True,False,True,8,5331790.47,1093883.79,285.0,True,True
3104809,Augusto de Lima,MG,Não,0.0,Não,2.38,0.0,0.0,True,C,True,False,True,2,3212265.3200000003,148201.13,1479.0,True,True
3104908,Baependi,MG,Sim,50.0,Não,81.28,3.36,0.68,True,B,False,False,False,2,402751.66,0.0,5.0,True,True
3105004,Baldim,MG,Sim,0.0,Não,8.41,34.61,0.0,True,C,True,False,True,1,1761438.67,0.0,4.0,True,True
3105103,Bambuí,MG,Não,0.0,Não,23.38,0.0,0.0,True,C,True,False,True,0,0.0,0.0,0.0,False,False
3105202,Bandeira,MG,Não,150.0,Não,52.26,64.82,12.3,True,B,False,False,False,4,4356008.28,58143.7,41.0,True,True
3105301,Bandeira do Sul,MG,Não,80.0,Não,83.33,2.64,2.97,True,n.d.,False,True,True,1,0.0,0.0,8.0,True,False
3105400,Barão de Cocais,MG,Sim,500.0,Sim,29.03,126.73,3.75,True,A,False,False,False,1,14609863.63,25525.14,309.0,True,True
3105509,Barão de Monte Alto,MG,Sim,500.0,Não,47.62,89.53,23.05,True,B,False,False,False,4,1175332.34,20063.05,237.0,True,True
3105608,Barbacena,MG,Sim,600.0,Sim,30.11,0.0,1.12,True,C,True,False,True,17,17781577.1,210798.49000000002,453.0,True,True
3105707,Barra Longa,MG,Não,500.0,Sim,,,26.88,True,n.d.,False,True,True,3,5386706.98,623018.73,400.0,True,True
3105905,Barroso,MG,Sim,1000.0,Não,92.02,0.0,11.52,True,A+,False,False,False,1,0.0,0.0,42.0,True,False
3106002,Bela Vista de Minas,MG,Sim,250.0,Não,13.33,1217.79,6.16,True,B,False,False,False,2,10370756.729999999,245041.32,92.0,True,True
3106101,Belmiro Braga,MG,Sim,20.0,Não,70.59,0.0,1.79,True,B,False,False,False,1,513881.29,0.0,2.0,True,True
3106200,Belo Horizonte,MG,Sim,12991.0,Sim,20.69,203.35,1.22,True,B+,False,False,False,3,7720143.16,216481.03000000003,283.0,True,True
3106309,Belo Oriente,MG,Sim,130.0,Sim,70.1,17.68,1.5,True,C,True,False,True,2,52981844.58,524562.67,115.0,True,True
3106408,Belo Vale,MG,Sim,196.0,Sim,87.9,1445.55,7.84,True,A,False,False,False,1,0.0,398192.14,2361.0,True,True
3106507,Berilo,MG,Sim,74.0,Não,,,3.01,True,C,True,False,True,3,1999706.03,54391.880000000005,21.0,True,True
3106606,Bertópolis,MG,Sim,15.0,Não,6.32,5.58,1.13,True,C,True,False,True,2,3956936.5700000003,175978.1,163.0,True,True
3106655,Berizal,MG,Não,0.0,Não,,,0.0,True,C,True,False,True,3,1693425.52,0.0,52.0,True,True
3106705,Betim,MG,Sim,3000.0,Sim,10.29,0.62,1.65,True,A,False,False,False,1,1718072.84,104655.47,9402.0,True,True
3106804,Bias Fortes,MG,Sim,30.0,Não,80.0,0.0,3.36,True,A,False,False,False,0,0.0,0.0,0.0,False,False
3106903,Bicas,MG,Não,0.0,Não,57.34,0.0,0.0,True,B,False,False,False,0,0.0,0.0,0.0,False,False
3107000,Biquinhas,MG,,,Não,,,,False,C,True,False,True,1,714703.84,0.0,0.0,True,True
3107109,Boa Esperança,MG,Sim,100.0,Sim,1.54,108.8,0.64,True,B,False,False,False,0,0.0,0.0,0.0,False,False
3107208,Bocaina de Minas,MG,Não,90.0,Não,48.65,14.76,3.99,True,C,True,False,True,0,0.0,0.0,0.0,False,False
3107307,Bocaiúva,MG,Sim,20.0,Não,5.31,4.13,0.1,True,A,False,False,False,2,816862.84,0.0,0.0,True,True
3107406,Bom Despacho,MG,Sim,22.0,Não,5.11,0.98,0.09,True,B,False,False,False,3,11527133.51,9435122.53,52.0,True,True
3107505,Bom Jardim de Minas,MG,Sim,340.0,Não,,,8.89,True,B,False,False,False,0,0.0,0.0,0.0,False,False
3107604,Bom Jesus da Penha,MG,Sim,20.0,Não,21.82,216.34,1.12,True,B,False,False,False,0,0.0,0.0,0.0,False,False
3107703,Bom Jesus do Amparo,MG,Não,80.0,Não,2.0,34.68,4.06,True,A+,False,False,False,0,0.0,0.0,0.0,False,False
3107802,Bom Jesus do Galho,MG,,,Sim,,,,False,B,False,False,False,4,7536173.96,367792.66000000003,394.0,True,True
3107901,Bom Repouso,MG,Não,0.0,Não,,0.0,0.0,True,C,True,False,True,0,0.0,0.0,0.0,False,False
3108008,Bom Sucesso,MG,Não,0.0,Não,,,0.0,True,C,True,False,True,0,0.0,0.0,0.0,False,False
3108107,Bonfim,MG,Não,0.0,Sim,80.0,3.48,0.0,True,B+,False,False,False,1,5139894.78,0.0,48.0,True,True
3108206,Bonfinópolis de Minas,MG,Não,15.0,Não,47.82,0.0,0.72,True,A,False,False,False,1,1112895.98,16907.85,78.0,True,True
3108255,Bonito de Minas,MG,Não,0.0,Não,,,0.0,True,n.d.,False,True,True,3,1166804.3900000001,13000.0,62.0,True,True
3108305,Borda da Mata,MG,Sim,100.0,Não,10.73,7.17,1.47,True,B+,False,False,False,0,0.0,0.0,0.0,False,False
3108404,Botelhos,MG,Não,0.0,Não,,,0.0,True,n.d.,False,True,True,0,0.0,0.0,0.0,False,False
3108503,Botumirim,MG,Não,0.0,Não,,,0.0,True,C,True,False,True,1,1212300.0,4500.0,8.0,True,True
3108552,Brasilândia de Minas,MG,Sim,35.0,Não,1.85,0.0,0.56,True,n.d.,False,True,True,1,0.0,2360819.94,4.0,True,True
3108602,Brasília de Minas,MG,Sim,1811.0,Sim,66.81,18.2,17.32,True,A+,False,False,False,2,1325060.24,834750.9,42.0,True,True
3108701,Brás Pires,MG,Não,0.0,Não,,0.0,0.0,True,A,False,False,False,0,0.0,0.0,0.0,False,False
3108800,Braúnas,MG,,,Não,,,,False,A,False,False,False,1,83303.25,60392.22,0.0,True,True
3108909,Brazópolis,MG,Sim,100.0,Não,9.09,0.0,2.05,True,A+,False,False,False,3,473373.44999999995,52442.369999999995,14.0,True,True
3109006,Brumadinho,MG,Sim,1500.0,Sim,56.25,0.0,7.83,True,A,False,False,False,2,95974515.95,7393856.28,1165.0,True,True
3109105,Bueno Brandão,MG,Sim,0.0,Não,66.35,0.0,0.0,True,A,False,False,False,1,48056.45,0.0,0.0,True,True
3109204,Buenópolis,MG,Não,0.0,Não,2.94,0.0,0.0,True,C,True,False,True,4,589845.02,0.0,0.0,True,True
3109253,Bugre,MG,Não,200.0,Não,68.48,0.0,22.27,True,B,False,False,False,4,892805.79,706436.6599999999,18.0,True,True
3109303,Buritis,MG,Não,0.0,Não,45.05,26.28,0.0,True,B+,False,False,False,2,2552513.72,0.0,23.0,True,True
3109402,Buritizeiro,MG,Não,0.0,Sim,3.22,0.0,0.0,True,C,True,False,True,1,0.0,0.0,2.0,True,False
3109451,Cabeceira Grande,MG,,,Não,,,,False,C,True,False,True,0,0.0,0.0,0.0,False,False
3109501,Cabo Verde,MG,Não,142.0,Não,66.67,0.0,3.8,True,B,False,False,False,1,0.0,0.0,0.0,True,False
3109600,Cachoeira da Prata,MG,Sim,0.0,Sim,64.38,155.56,0.0,True,C,True,False,True,11,471680.74,310858.37,24.0,True,True
3109709,Cachoeira de Minas,MG,Não,0.0,Não,17.0,3.28,0.0,True,A+,False,False,False,0,0.0,0.0,0.0,False,False
3109808,Cachoeira Dourada,MG,,,Não,,,,False,n.d.,False,True,True,0,0.0,0.0,0.0,False,False
3109907,Caetanópolis,MG,Não,4.0,Não,3.33,3.31,0.08,True,B,False,False,False,0,0.0,0.0,0.0,False,False
3110004,Caeté,MG,Sim,20.0,Sim,20.0,0.0,0.12,True,C,True,False,True,1,1695924.49,0.0,0.0,True,True
3110103,Caiana,MG,Sim,29.0,Sim,7.78,0.0,2.04,True,C,True,False,True,1,11230000.0,485000.0,388.0,True,True
3110202,Cajuri,MG,Não,14.0,Sim,53.05,94.63,1.32,True,B,False,False,False,3,74533.41,0.0,0.0,True,True
3110301,Caldas,MG,Sim,3.0,Não,11.9,22.96,0.05,True,C,True,False,True,3,296596.97,66411.5,27.0,True,True
3110400,Camacho,MG,Não,0.0,Não,27.03,93.11,0.0,True,B,False,False,False,0,0.0,0.0,0.0,False,False
3110509,Camanducaia,MG,Sim,150.0,Sim,26.46,5.05,1.45,True,A,False,False,False,2,3418791.31,72111.69,230.0,True,True
3110608,Cambuí,MG,Não,500.0,Não,5.8,0.0,3.93,True,A,False,False,False,4,1377715.6800000002,21230.440000000002,16.0,True,True
3110707,Cambuquira,MG,Sim,2.0,Não,92.3,0.0,0.04,True,C,True,False,True,2,2397642.43,760181.74,60.0,True,True
3110806,Campanário,MG,,,Não,,,,False,B,False,False,False,4,486461.89,235646.56,2.0,True,True
3110905,Campanha,MG,Sim,30.0,Não,35.4,0.0,0.46,True,A,False,False,False,3,215490.41,6862.75,15.0,True,True
3111002,Campestre,MG,Não,150.0,Não,83.78,0.0,2.22,True,B,False,False,False,2,76575.41,1531.51,38.0,True,True
3111101,Campina Verde,MG,Não,0.0,Não,38.46,0.0,0.0,True,n.d.,False,True,True,0,0.0,0.0,0.0,False,False
3111150,Campo Azul,MG,,,Sim,,,,False,B,False,False,False,3,200000.0,86392.88,1.0,True,True
3111200,Campo Belo,MG,Não,50.0,Sim,22.18,0.25,0.21,True,B,False,False,False,3,587849.02,0.0,17.0,True,True
3111309,Campo do Meio,MG,Não,0.0,Não,60.98,4.8,0.0,True,C,True,False,True,0,0.0,0.0,0.0,False,False
3111408,Campo Florido,MG,Não,0.0,Não,17.46,0.0,0.0,True,C,True,False,True,3,0.0,0.0,0.0,True,False
3111507,Campos Altos,MG,Não,3.0,Não,40.54,0.0,0.06,True,A,False,False,False,1,267000.0,3200.0,2.0,True,True
3111606,Campos Gerais,MG,Não,0.0,Não,92.49,1.43,0.0,True,C,True,False,True,1,19760.15,0.0,0.0,True,True
3111705,Canaã,MG,Sim,75.0,Sim,0.97,0.0,6.76,True,C,True,False,True,1,204201.1,0.0,16.0,True,True
3111804,Canápolis,MG,Não,0.0,Não,33.33,59.32,0.0,True,n.d.,False,True,True,1,0.0,0.0,0.0,True,False
3111903,Cana Verde,MG,Não,0.0,Sim,90.91,0.0,0.0,True,B,False,False,False,2,525835.83,20030.18,18.0,True,True
3112000,Candeias,MG,Não,25.0,Sim,,14.53,0.41,True,C,True,False,True,3,6588095.17,139788.99,0.0,True,True
3112059,Cantagalo,MG,Sim,300.0,Sim,27.27,0.0,23.92,True,C,True,False,True,0,0.0,0.0,0.0,False,False
3112109,Caparaó,MG,Sim,52.0,Sim,28.17,0.0,4.26,True,C,True,False,True,2,3141954.79,83839.1,132.0,True,True
3112208,Capela Nova,MG,Não,11.0,Não,35.09,13.52,0.82,True,C,True,False,True,0,0.0,0.0,0.0,False,False
3112307,Capelinha,MG,Sim,415.0,Sim,3.13,63.98,2.72,True,B+,False,False,False,4,11432319.370000001,1193744.98,346.0,True,True
3112406,Capetinga,MG,,,Não,,,,False,C,True,False,True,2,249256.19,51903.72,22.0,True,True
3112505,Capim Branco,MG,Não,0.0,Não,0.18,0.0,0.0,True,A+,False,False,False,1,21441.12,0.0,0.0,True,True
3112604,Capinópolis,MG,Não,40.0,Não,,,0.62,True,C,True,False,True,4,28200105.42,45695.33,4.0,True,True
3112653,Capitão Andrade,MG,Não,2.0,Não,34.04,192.09,0.1,True,A,False,False,False,1,605000.0,8900.0,0.0,True,True
3112703,Capitão Enéas,MG,Não,0.0,Sim,,,0.0,True,A,False,False,False,2,3807349.1199999996,51050.27,12.0,True,True
3112802,Capitólio,MG,Sim,150.0,Sim,24.18,1.54,3.04,True,B,False,False,False,9,1504970.68,660704.0800000001,204.0,True,True
3112901,Caputira,MG,Não,700.0,Sim,22.22,0.0,32.44,True,C,True,False,True,1,0.0,0.0,0.0,True,False
3113008,Caraí,MG,Sim,800.0,Sim,4.25,0.0,15.89,True,C,True,False,True,3,3651872.77,102561.76000000001,203.0,True,True
3113107,Caranaíba,MG,Não,10.0,Não,54.88,0.0,1.47,True,B+,False,False,False,3,5149685.39,341000.0,72.0,True,True
3113206,Carandaí,MG,Sim,50.0,Sim,2.88,7.69,0.6,True,B,False,False,False,3,2404467.93,0.0,20.0,True,True
3113305,Carangola,MG,Sim,6000.0,Sim,81.97,26.18,43.52,True,C,True,False,True,2,16970153.71,838459.48,5503.0,True,True
3113404,Caratinga,MG,,,Sim,,,,False,A,False,False,False,3,14135462.46,3136911.5100000002,1334.0,True,True
3113503,Carbonita,MG,Não,5.0,Sim,23.62,0.0,0.11,True,C,True,False,True,2,747026.01,241937.22999999998,1.0,True,True
3113602,Careaçu,MG,Não,24.0,Sim,4.89,0.0,1.01,True,A,False,False,False,0,0.0,0.0,0.0,False,False
3113701,Carlos Chagas,MG,Sim,629.0,Sim,16.38,0.0,9.75,True,C,True,False,True,7,11386076.04,268686.19,381.0,True,True
3113800,Carmésia,MG,Sim,0.0,Não,4.6,0.0,0.0,True,n.d.,False,True,True,1,205882.55,7918.56,16.0,True,True
3113909,Carmo da Cachoeira,MG,Não,40.0,Não,54.05,4.39,0.97,True,A+,False,False,False,0,0.0,0.0,0.0,False,False
3114006,Carmo da Mata,MG,Não,62.0,Não,6.52,18.22,1.26,True,A,False,False,False,3,972384.2999999999,0.0,106.0,True,True
3114105,Carmo de Minas,MG,Sim,20.0,Sim,90.0,22.21,0.42,True,A,False,False,False,2,1061087.01,1453769.42,6.0,True,True
3114204,Carmo do Cajuru,MG,Sim,120.0,Não,12.9,3.73,1.07,True,B,False,False,False,2,102100.55,111416.2,21.0,True,True
3114303,Carmo do Paranaíba,MG,Não,0.0,Não,60.0,5.24,0.0,True,C,True,False,True,0,0.0,0.0,0.0,False,False
3114402,Carmo do Rio Claro,MG,Sim,6.0,Não,74.17,0.0,0.07,True,A,False,False,False,1,0.0,0.0,16.0,True,False
3114501,Carmópolis de Minas,MG,Não,111.0,Não,26.67,6.36,1.5,True,C,True,False,True,1,1066492.75,0.0,16.0,True,True
3114550,Carneirinho,MG,Não,0.0,Não,13.33,13.42,0.0,True,A,False,False,False,0,0.0,0.0,0.0,False,False
3114600,Carrancas,MG,Não,0.0,Não,,,0.0,True,A,False,False,False,0,0.0,0.0,0.0,False,False
3114709,Carvalhópolis,MG,Não,0.0,Não,25.0,0.0,0.0,True,C,True,False,True,2,929250.51,38200.0,0.0,True,True
3114808,Carvalhos,MG,Não,100.0,Sim,72.73,31.0,6.06,True,B,False,False,False,0,0.0,0.0,0.0,False,False
3114907,Casa Grande,MG,Não,0.0,Não,,,0.0,True,B,False,False,False,0,0.0,0.0,0.0,False,False
3115003,Cascalho Rico,MG,Não,0.0,Não,65.52,5.29,0.0,True,n.d.,False,True,True,0,0.0,0.0,0.0,False,False
3115102,Cássia,MG,Não,0.0,Não,9.3,0.0,0.0,True,C,True,False,True,1,899086.84,7170.96,13.0,True,True
3115201,Conceição da Barra de Minas,MG,Não,0.0,Não,,41.43,0.0,True,A+,False,False,False,2,0.0,0.0,0.0,True,False
3115300,Cataguases,MG,Sim,255.0,Sim,16.65,0.0,0.81,True,C,True,False,True,7,24632026.89,7587774.76,3104.0,True,True
3115359,Catas Altas,MG,Não,5.0,Não,42.86,0.0,0.21,True,B,False,False,False,0,0.0,0.0,0.0,False,False
3115409,Catas Altas da Noruega,MG,Não,40.0,Não,48.91,0.0,4.91,True,C,True,False,True,0,0.0,0.0,0.0,False,False
3115458,Catuji,MG,Não,70.0,Não,6.9,6.07,3.98,True,C,True,False,True,4,1678278.5699999998,96200.87,237.0,True,True
3115474,Catuti,MG,,,Não,,,,False,C,True,False,True,1,0.0,0.0,179.0,True,False
3115508,Caxambu,MG,Não,50.0,Não,0.09,0.0,0.46,True,C,True,False,True,7,2334968.36,217891.40000000002,108.0,True,True
3115607,Cedro do Abaeté,MG,Não,0.0,Não,66.36,0.0,0.0,True,A,False,False,False,1,5250.0,0.0,0.0,True,True
3115706,Central de Minas,MG,,,Não,,,,False,B,False,False,False,0,0.0,0.0,0.0,False,False
3115805,Centralina,MG,Não,0.0,Não,36.36,0.0,0.0,True,C,True,False,True,0,0.0,0.0,0.0,False,False
3115904,Chácara,MG,Sim,50.0,Sim,88.24,271.28,2.59,True,C,True,False,True,1,418215.72,18229.92,12.0,True,True
3116001,Chalé,MG,Sim,120.0,Sim,59.11,23.11,6.13,True,B,False,False,False,1,2654614.27,510502.74,66.0,True,True
3116100,Chapada do Norte,MG,,,Sim,,,,False,C,True,False,True,3,3331359.54,115667.67,20.0,True,True
3116159,Chapada Gaúcha,MG,Não,0.0,Não,,0.0,0.0,True,C,True,False,True,2,0.0,140000.0,0.0,True,True
3116209,Chiador,MG,Sim,379.0,Não,35.71,0.0,30.96,True,C,True,False,True,1,0.0,0.0,0.0,True,False
3116308,Cipotânea,MG,Sim,20.0,Sim,71.43,1.66,1.05,True,C,True,False,True,4,9240099.67,511644.55,116.0,True,True
3116407,Claraval,MG,Sim,0.0,Não,84.62,4.68,0.0,True,C,True,False,True,0,0.0,0.0,0.0,False,False
3116506,Claro dos Poções,MG,,,Sim,,,,False,C,True,False,True,2,1816804.3900000001,1031880.15,40.0,True,True
3116605,Cláudio,MG,Sim,4.0,Não,36.33,6.67,0.03,True,A,False,False,False,2,653443.52,0.0,62.0,True,True
3116704,Coimbra,MG,Não,25.0,Sim,82.38,9.76,0.83,True,B,False,False,False,0,0.0,0.0,0.0,False,False
3116803,Coluna,MG,Sim,20.0,Não,57.14,73.71,0.98,True,C,True,False,True,5,988768.85,72531.58,5.0,True,True
3116902,Comendador Gomes,MG,Não,0.0,Não,95.0,1.68,0.0,True,n.e.,False,True,True,1,17205.0,17205.0,0.0,True,True
3117009,Comercinho,MG,Não,0.0,Não,13.02,0.0,0.0,True,C,True,False,True,5,2285673.13,167877.62,145.0,True,True
3117108,Conceição da Aparecida,MG,Não,0.0,Não,91.8,0.0,0.0,True,A,False,False,False,1,949535.1,0.0,1.0,True,True
3117207,Conceição das Pedras,MG,Não,0.0,Não,39.9,0.0,0.0,True,A+,False,False,False,0,0.0,0.0,0.0,False,False
3117306,Conceição das Alagoas,MG,Não,0.0,Não,32.0,0.0,0.0,True,A,False,False,False,0,0.0,0.0,0.0,False,False
3117405,Conceição de Ipanema,MG,Não,0.0,Não,47.06,356.21,0.0,True,B,False,False,False,3,4638285.78,26546.14,20.0,True,True
3117504,Conceição do Mato Dentro,MG,Não,17.0,Sim,45.23,471.83,0.17,True,A,False,False,False,2,12142612.42,375442.86,9.0,True,True
3117603,Conceição do Pará,MG,Sim,12.0,Não,39.52,0.0,0.75,True,C,True,False,True,3,13353626.64,91890.49,1041.0,True,True
3117702,Conceição do Rio Verde,MG,Não,0.0,Não,100.0,0.0,0.0,True,A+,False,False,False,1,714703.84,0.0,56.0,True,True
3117801,Conceição dos Ouros,MG,Sim,215.0,Sim,50.48,0.0,5.1,True,B,False,False,False,0,0.0,0.0,0.0,False,False
3117836,Cônego Marinho,MG,Não,0.0,Não,,,0.0,True,C,True,False,True,3,177440.0,369000.0,40.0,True,True
3117876,Confins,MG,Não,0.0,Não,,0.0,0.0,True,n.d.,False,True,True,0,0.0,0.0,0.0,False,False
3117900,Congonhal,MG,Sim,21.0,Não,,,0.48,True,A,False,False,False,2,665532.68,1976.02,91.0,True,True
3118007,Congonhas,MG,Sim,801.0,Sim,70.45,57.61,3.54,True,A,False,False,False,2,61362429.88,2201287.83,6321.0,True,True
3118106,Congonhas do Norte,MG,,,Não,,,,False,A,False,False,False,0,0.0,0.0,0.0,False,False
3118205,Conquista,MG,Não,0.0,Não,,,0.0,True,A,False,False,False,1,0.0,0.0,0.0,True,False
3118304,Conselheiro Lafaiete,MG,Sim,780.0,Sim,39.47,11.25,1.33,True,C,True,False,True,0,0.0,0.0,0.0,False,False
3118403,Conselheiro Pena,MG,Sim,129.0,Sim,18.75,2.9,1.37,True,A,False,False,False,9,7922259.92,538028.93,3214.0,True,True
3118502,Consolação,MG,Sim,6.0,Não,9.43,0.0,1.04,True,B+,False,False,False,1,350000.0,20000.0,0.0,True,True
3118601,Contagem,MG,Sim,2525.0,Sim,6.36,127.89,0.91,True,A+,False,False,False,9,2067536.11,0.0,1560.0,True,True
3118700,Coqueiral,MG,Não,0.0,Não,19.05,25.65,0.0,True,A+,False,False,False,0,0.0,0.0,0.0,False,False
3118809,Coração de Jesus,MG,Não,0.0,Não,1.74,0.0,0.0,True,n.d.,False,True,True,3,0.0,0.0,76.0,True,False
3118908,Cordisburgo,MG,Não,0.0,Não,7.24,0.0,0.0,True,A,False,False,False,0,0.0,0.0,0.0,False,False
3119005,Cordislândia,MG,Não,0.0,Não,22.44,0.0,0.0,True,C,True,False,True,0,0.0,0.0,0.0,False,False
3119104,Corinto,MG,Não,200.0,Não,0.49,13.75,1.98,True,C,True,False,True,2,7720905.59,123320.02,60.0,True,True
3119203,Coroaci,MG,Sim,204.0,Sim,36.36,0.0,8.14,True,n.d.,False,True,True,2,94176.17,0.0,19.0,True,True
3119302,Coromandel,MG,Não,5.0,Não,92.59,240.86,0.04,True,n.e.,False,True,True,1,122520.66,14294076.84,240.0,True,True
3119401,Coronel Fabriciano,MG,Sim,2199.0,Sim,19.17,72.32,4.96,True,A,False,False,False,3,37880071.02,2233734.7,2696.0,True,True
3119500,Coronel Murta,MG,Sim,143.0,Não,4.73,0.0,4.83,True,n.d.,False,True,True,1,1517237.3,20999.92,52.0,True,True
3119609,Coronel Pacheco,MG,Sim,5.0,Não,76.47,0.0,0.48,True,C,True,False,True,0,0.0,0.0,0.0,False,False
3119708,Coronel Xavier Chaves,MG,Não,20.0,Não,58.82,0.0,1.87,True,A+,False,False,False,0,0.0,0.0,0.0,False,False
3119807,Córrego Danta,MG,Não,0.0,Não,1.11,0.0,0.0,True,n.d.,False,True,True,2,2991546.08,0.0,3.0,True,True
3119906,Córrego do Bom Jesus,MG,Sim,15.0,Não,55.56,103.65,1.02,True,B,False,False,False,2,0.0,50000.0,2.0,True,True
3119955,Córrego Fundo,MG,Não,0.0,Não,2.55,0.0,0.0,True,B+,False,False,False,0,0.0,0.0,0.0,False,False
3120003,Córrego Novo,MG,Não,150.0,Não,80.39,0.0,16.01,True,n.d.,False,True,True,1,2168615.66,474767.55,69.0,True,True
3120102,Couto de Magalhães de Minas,MG,Sim,1.0,Não,12.58,9.65,0.05,True,C,True,False,True,1,0.0,0.0,9.0,True,False
3120151,Crisólita,MG,Não,0.0,Sim,18.52,0.0,0.0,True,C,True,False,True,4,1893852.1099999999,461945.47000000003,147.0,True,True
3120201,Cristais,MG,Não,0.0,Não,83.33,0.0,0.0,True,A+,False,False,False,0,0.0,0.0,0.0,False,False
3120300,Cristália,MG,Não,12.0,Sim,36.13,0.0,0.68,True,C,True,False,True,2,12102956.81,198527.33000000002,296.0,True,True
3120409,Cristiano Otoni,MG,,,Não,,,,False,C,True,False,True,0,0.0,0.0,0.0,False,False
3120508,Cristina,MG,Não,30.0,Não,6.35,8.66,0.94,True,C,True,False,True,5,2499531.49,116334.97,11.0,True,True
3120607,Crucilândia,MG,Não,0.0,Não,41.67,0.0,0.0,True,C,True,False,True,4,2675188.67,254063.93,55.0,True,True
3120706,Cruzeiro da Fortaleza,MG,Não,0.0,Não,14.07,0.0,0.0,True,B,False,False,False,0,0.0,0.0,0.0,False,False
3120805,Cruzília,MG,,,Não,,,,False,n.d.,False,True,True,0,0.0,0.0,0.0,False,False
3120839,Cuparaque,MG,Sim,200.0,Não,14.29,232.81,10.02,True,B,False,False,False,3,3131120.4,101116.16,90.0,True,True
3120870,Curral de Dentro,MG,Não,0.0,Não,,,0.0,True,C,True,False,True,5,26236182.67,1208892.91,214.0,True,True
3120904,Curvelo,MG,Sim,20.0,Não,1.49,4.85,0.06,True,A,False,False,False,0,0.0,0.0,0.0,False,False
3121001,Datas,MG,Não,0.0,Não,,,0.0,True,C,True,False,True,0,0.0,0.0,0.0,False,False
3121100,Delfim Moreira,MG,Sim,100.0,Não,90.0,0.0,5.79,True,C,True,False,True,3,3991730.16,250118.1,52.0,True,True
3121209,Delfinópolis,MG,Não,0.0,Não,40.57,0.0,0.0,True,A,False,False,False,0,0.0,0.0,0.0,False,False
3121258,Delta,MG,Sim,1500.0,Não,11.88,4.72,35.65,True,C,True,False,True,2,846741.54,0.0,10.0,True,True
3121308,Descoberto,MG,Sim,72.0,Sim,95.24,68.42,3.23,True,C,True,False,True,1,550000.0,13200.0,6.0,True,True
3121407,Desterro de Entre Rios,MG,Sim,14.0,Não,78.26,66.53,0.52,True,A,False,False,False,3,361614.41000000003,103120.78,0.0,True,True
3121506,Desterro do Melo,MG,Não,0.0,Não,8.42,0.0,0.0,True,C,True,False,True,3,44460.34,4940.04,1.0,True,True
3121605,Diamantina,MG,Não,60.0,Não,30.55,26.18,0.26,True,B,False,False,False,5,17012819.669999998,3252990.81,165.0,True,True
3121704,Diogo de Vasconcelos,MG,Não,15.0,Sim,35.0,0.0,2.05,True,A,False,False,False,4,2646901.24,63513.88,22.0,True,True
3121803,Dionísio,MG,Não,205.0,Sim,1.79,20.64,7.05,True,B,False,False,False,5,6288449.890000001,162295.45,82.0,True,True
3121902,Divinésia,MG,Não,0.0,Não,0.99,31.14,0.0,True,B,False,False,False,2,996498.95,27000.920000000002,9.0,True,True
3122009,Divino,MG,Sim,150.0,Sim,30.69,3.73,2.29,True,A,False,False,False,2,2162094.62,339308.19,189.0,True,True
3122108,Divino das Laranjeiras,MG,Não,0.0,Não,43.48,0.0,0.0,True,C,True,False,True,2,1606611.65,166588.85,58.0,True,True
3122207,Divinolândia de Minas,MG,Não,0.0,Sim,,,0.0,True,B,False,False,False,1,459452.47,10918.53,1.0,True,True
3122306,Divinópolis,MG,Sim,3096.0,Sim,2.19,15.78,2.85,True,A,False,False,False,5,58184363.14,1198110.15,1989.0,True,True
3122355,Divisa Alegre,MG,Não,0.0,Não,,0.0,0.0,True,C,True,False,True,1,0.0,3477.15,1.0,True,True
3122405,Divisa Nova,MG,Não,0.0,Não,97.25,0.0,0.0,True,B+,False,False,False,0,0.0,0.0,0.0,False,False
3122454,Divisópolis,MG,Não,0.0,Não,,,0.0,True,C,True,False,True,3,515461.95999999996,707848.1000000001,26.0,True,True
3122470,Dom Bosco,MG,Não,0.0,Não,37.6,11.76,0.0,True,B,False,False,False,0,0.0,0.0,0.0,False,False
3122504,Dom Cavati,MG,Sim,300.0,Sim,80.0,0.0,12.46,True,B,False,False,False,2,990836.7,38902.61,79.0,True,True
3122603,Dom Joaquim,MG,Sim,21.0,Não,6.66,186.76,1.12,True,A,False,False,False,1,153150.82,15315.08,12.0,True,True
3122702,Dom Silvério,MG,Não,380.0,Sim,2.17,21.62,18.6,True,A+,False,False,False,5,9733101.74,436051.07,810.0,True,True
3122801,Dom Viçoso,MG,Não,0.0,Não,42.51,15.1,0.0,True,A,False,False,False,1,10210.05,0.0,8.0,True,True
3122900,Dona Eusébia,MG,Sim,123.0,Sim,38.12,0.0,4.99,True,B,False,False,False,7,1831473.93,6505.33,536.0,True,True
3123007,Dores de Campos,MG,Sim,756.0,Não,,,17.48,True,B,False,False,False,0,0.0,0.0,0.0,False,False
3123106,Dores de Guanhães,MG,Sim,412.0,Sim,50.0,9.55,43.78,True,C,True,False,True,2,60796997.3,15507966.65,435.0,True,True
3123205,Dores do Indaiá,MG,Não,0.0,Não,0.83,0.0,0.0,True,A,False,False,False,1,9949698.49,0.0,45.0,True,True
3123304,Dores do Turvo,MG,Não,4.0,Não,,,0.26,True,B,False,False,False,1,263951.99,45399.74,13.0,True,True
3123403,Doresópolis,MG,Não,5.0,Não,46.92,201.81,0.72,True,C,True,False,True,0,0.0,0.0,0.0,False,False
3123502,Douradoquara,MG,Não,0.0,Não,62.5,13.73,0.0,True,C,True,False,True,0,0.0,0.0,0.0,False,False
3123528,Durandé,MG,Não,15.0,Não,57.29,31.95,0.84,True,C,True,False,True,2,1855836.75,40630.16,148.0,True,True
3123601,Elói Mendes,MG,Sim,99.0,Sim,70.18,28.9,0.9,True,A,False,False,False,0,0.0,0.0,0.0,False,False
3123700,Engenheiro Caldas,MG,Não,0.0,Sim,,2.79,0.0,True,n.d.,False,True,True,3,1078651.27,217714.79,168.0,True,True
3123809,Engenheiro Navarro,MG,Não,0.0,Não,9.62,0.0,0.0,True,C,True,False,True,5,1545223.46,1000.0,5.0,True,True
3123858,Entre Folhas,MG,Sim,50.0,Sim,95.51,158.28,2.48,True,B,False,False,False,4,2042231.8199999998,1030760.57,120.0,True,True
3123908,Entre Rios de Minas,MG,Sim,40.0,Sim,21.82,0.0,0.63,True,B+,False,False,False,3,8446463.77,3196984.95,52.0,True,True
3124005,Ervália,MG,Não,56.0,Sim,58.71,4.58,0.92,True,B,False,False,False,1,0.0,10723.48,0.0,True,True
3124104,Esmeraldas,MG,Não,0.0,Sim,2.62,0.0,0.0,True,C,True,False,True,2,10477234.2,0.0,310.0,True,True
3124203,Espera Feliz,MG,Sim,800.0,Sim,,,9.81,True,B,False,False,False,3,26770649.16,1083490.61,787.0,True,True
3124302,Espinosa,MG,Não,400.0,Não,,0.0,4.59,True,B+,False,False,False,2,4860604.62,15000.0,1040.0,True,True
3124401,Espírito Santo do Dourado,MG,Sim,0.0,Não,47.96,0.0,0.0,True,B+,False,False,False,1,306301.65,10210.05,7.0,True,True
3124500,Estiva,MG,Não,0.0,Não,99.5,0.0,0.0,True,A+,False,False,False,0,0.0,0.0,0.0,False,False
3124609,Estrela Dalva,MG,Não,0.0,Não,,,0.0,True,B,False,False,False,1,1419646.45,10558.08,150.0,True,True
3124708,Estrela do Indaiá,MG,Não,0.0,Não,50.0,0.0,0.0,True,n.d.,False,True,True,2,5013136.96,0.0,0.0,True,True
3124807,Estrela do Sul,MG,Sim,236.0,Não,,0.0,7.52,True,C,True,False,True,0,0.0,0.0,0.0,False,False
3124906,Eugenópolis,MG,Sim,205.0,Sim,80.56,6.2,4.55,True,C,True,False,True,6,501876.02,2060.0,188.0,True,True
3125002,Ewbank da Câmara,MG,Sim,300.0,Sim,3.1,0.0,16.4,True,C,True,False,True,1,1517695.03,108134.41,125.0,True,True
3125101,Extrema,MG,Não,20.0,Não,66.55,0.0,0.09,True,A,False,False,False,1,0.0,0.0,0.0,True,False
3125200,Fama,MG,Não,3.0,Não,67.32,0.0,0.24,True,A+,False,False,False,1,876320.62,3124.14,7.0,True,True
3125309,Faria Lemos,MG,Sim,25.0,Não,88.24,0.0,2.0,True,C,True,False,True,3,2564841.56,250170.44,203.0,True,True
3125408,Felício dos Santos,MG,Não,60.0,Não,46.67,3.59,4.1,True,C,True,False,True,3,1421889.0599999998,481704.27999999997,2.0,True,True
3125507,São Gonçalo do Rio Preto,MG,Sim,2.0,Não,46.67,11.51,0.16,True,C,True,False,True,1,2386126.01,35897.47,15.0,True,True
3125606,Felisburgo,MG,Não,0.0,Não,4.98,0.0,0.0,True,C,True,False,True,3,45945.25,0.0,47.0,True,True
3125705,Felixlândia,MG,Não,0.0,Não,1.48,0.0,0.0,True,n.d.,False,True,True,1,5207127.99,0.0,30.0,True,True
3125804,Fernandes Tourinho,MG,Não,200.0,Sim,58.48,0.0,18.78,True,A,False,False,False,0,0.0,0.0,0.0,False,False
3125903,Ferros,MG,Não,519.0,Sim,0.79,0.0,20.0,True,n.d.,False,True,True,4,7286282.7700000005,208405.16,103.0,True,True
3125952,Fervedouro,MG,Sim,50.0,Não,35.42,0.0,1.94,True,A,False,False,False,3,1530465.3199999998,106650.39,125.0,True,True
3126000,Florestal,MG,Sim,120.0,Sim,47.62,0.0,2.8,True,A,False,False,False,1,755893.35,18238.76,111.0,True,True
3126109,Formiga,MG,Sim,400.0,Sim,2.66,37.36,1.2,True,C,True,False,True,3,20758137.799999997,4682413.5,23.0,True,True
3126208,Formoso,MG,Não,0.0,Não,,0.0,0.0,True,C,True,False,True,1,51050.27,0.0,1.0,True,True
3126307,Fortaleza de Minas,MG,Não,9.0,Não,27.28,98.99,0.6,True,A,False,False,False,0,0.0,0.0,0.0,False,False
3126406,Fortuna de Minas,MG,Não,0.0,Não,,,0.0,True,A,False,False,False,1,0.0,120478.65,0.0,True,True
3126505,Francisco Badaró,MG,Sim,154.0,Não,49.2,0.0,7.92,True,C,True,False,True,4,10997293.41,76482.22,129.0,True,True
3126604,Francisco Dumont,MG,Não,0.0,Não,12.5,0.0,0.0,True,C,True,False,True,1,592183.18,510502.74,3.0,True,True
3126703,Francisco Sá,MG,Não,0.0,Sim,1.28,0.0,0.0,True,B+,False,False,False,1,200000.0,2988.06,12.0,True,True
3126752,Franciscópolis,MG,Sim,120.0,Sim,45.73,0.0,9.92,True,C,True,False,True,4,2546380.55,366505.39,53.0,True,True
3126802,Frei Gaspar,MG,Não,0.0,Sim,,,0.0,True,C,True,False,True,4,883204.19,83872.93,28.0,True,True
3126901,Frei Inocêncio,MG,Sim,66.0,Sim,85.88,0.0,2.09,True,n.d.,False,True,True,4,862812.87,363985.74,530.0,True,True
3126950,Frei Lagonegro,MG,Não,0.0,Não,50.0,5.06,0.0,True,C,True,False,True,0,0.0,0.0,0.0,False,False
3127008,Fronteira,MG,Não,0.0,Não,4.61,0.0,0.0,True,n.e.,False,True,True,0,0.0,0.0,0.0,False,False
3127057,Fronteira dos Vales,MG,,,Não,,,,False,C,True,False,True,1,9543897.18,0.0,103.0,True,True
3127073,Fruta de Leite,MG,Não,0.0,Não,,105.52,0.0,True,C,True,False,True,1,4471691.15,45875.05,20.0,True,True
3127107,Frutal,MG,Sim,20.0,Não,70.0,81.37,0.07,True,C,True,False,True,5,902273.5800000001,42978.32,0.0,True,True
3127206,Funilândia,MG,Sim,10.0,Não,,,0.44,True,C,True,False,True,0,0.0,0.0,0.0,False,False
3127305,Galiléia,MG,Não,200.0,Sim,,29.11,6.95,True,B,False,False,False,9,16951183.07,213691.33,317.0,True,True
3127339,Gameleiras,MG,,,Não,,,,False,B+,False,False,False,2,0.0,128171.23,0.0,True,True
3127354,Glaucilândia,MG,Não,0.0,Não,31.2,9.2,0.0,True,C,True,False,True,5,2573942.76,227509.53,1.0,True,True
3127370,Goiabeira,MG,Sim,500.0,Sim,66.4,0.0,35.82,True,n.d.,False,True,True,3,4372813.35,530483.13,373.0,True,True
3127388,Goianá,MG,Sim,500.0,Não,33.33,11387.48,26.27,True,C,True,False,True,0,0.0,0.0,0.0,False,False
3127404,Gonçalves,MG,Sim,180.0,Não,20.46,14.39,17.77,True,A+,False,False,False,2,1790195.42,203211.16,11.0,True,True
3127503,Gonzaga,MG,Sim,107.0,Não,77.9,0.0,7.21,True,B,False,False,False,3,471704.54000000004,21645.32,49.0,True,True
3127602,Gouveia,MG,Não,0.0,Não,81.25,0.0,0.0,True,A+,False,False,False,1,177841.35,5730.44,0.0,True,True
3127701,Governador Valadares,MG,Sim,11000.0,Sim,8.59,0.0,8.78,True,C,True,False,True,3,15131979.94,17893648.72,28122.0,True,True
3127800,Grão Mogol,MG,Não,0.0,Não,32.14,22.86,0.0,True,B,False,False,False,6,3445304.04,1701940.9899999998,12.0,True,True
3127909,Grupiara,MG,Não,0.0,Não,88.89,62.88,0.0,True,C,True,False,True,0,0.0,0.0,0.0,False,False
3128006,Guanhães,MG,Não,0.0,Não,20.43,0.0,0.0,True,C,True,False,True,3,900721.8300000001,114782.87,47.0,True,True
3128105,Guapé,MG,Não,0.0,Não,90.0,0.0,0.0,True,A,False,False,False,0,0.0,0.0,0.0,False,False
3128204,Guaraciaba,MG,Sim,160.0,Sim,71.43,0.0,8.17,True,A+,False,False,False,1,1104727.94,15315.08,105.0,True,True
3128253,Guaraciama,MG,Não,0.0,Não,10.0,0.0,0.0,True,B,False,False,False,0,0.0,0.0,0.0,False,False
3128303,Guaranésia,MG,Não,20.0,Não,60.0,0.0,0.25,True,n.d.,False,True,True,4,1622268.33,481458.65,15.0,True,True
3128402,Guarani,MG,Sim,500.0,Sim,16.13,0.0,16.46,True,B,False,False,False,4,2071889.1600000001,75064.36,44.0,True,True
3128501,Guarará,MG,Sim,0.0,Não,81.82,0.0,0.0,True,C,True,False,True,0,0.0,0.0,0.0,False,False
3128600,Guarda-Mor,MG,Não,0.0,Não,,,0.0,True,A,False,False,False,0,0.0,0.0,0.0,False,False
3128709,Guaxupé,MG,Sim,75.0,Não,94.47,2.4,0.33,True,A,False,False,False,2,3265826.9,6279.04,23.0,True,True
3128808,Guidoval,MG,Sim,320.0,Sim,70.0,0.0,11.16,True,n.e.,False,True,True,2,1640288.98,35697.03,110.0,True,True
3128907,Guimarânia,MG,Não,2.0,Não,20.21,4.13,0.07,True,C,True,False,True,2,980165.27,969955.21,4.0,True,True
3129004,Guiricema,MG,Sim,148.0,Sim,86.67,0.0,5.96,True,C,True,False,True,7,1664618.79,355185.83999999997,102.0,True,True
3129103,Gurinhatã,MG,Não,0.0,Não,27.78,0.0,0.0,True,B,False,False,False,0,0.0,0.0,0.0,False,False
3129202,Heliodora,MG,Sim,6.0,Não,33.33,0.0,0.26,True,n.d.,False,True,True,3,25014.63,0.0,9.0,True,True
3129301,Iapu,MG,Não,0.0,Sim,5.45,6.52,0.0,True,C,True,False,True,3,740405.0800000001,67815.69,61.0,True,True
3129400,Ibertioga,MG,Não,0.0,Não,,639.06,0.0,True,C,True,False,True,0,0.0,0.0,0.0,False,False
3129509,Ibiá,MG,Não,33.0,Não,20.0,7.55,0.36,True,A,False,False,False,1,0.0,511229.42,12.0,True,True
3129608,Ibiaí,MG,,,Não,,,,False,C,True,False,True,4,830047.45,97107.48000000001,111.0,True,True
3129657,Ibiracatu,MG,Não,0.0,Não,,335.35,0.0,True,C,True,False,True,1,0.0,0.0,0.0,True,False
3129707,Ibiraci,MG,Não,0.0,Não,15.56,0.0,0.0,True,C,True,False,True,0,0.0,0.0,0.0,False,False
3129806,Ibirité,MG,Sim,183.0,Sim,52.41,57.23,0.26,True,B,False,False,False,3,56622726.34,1077261.06,1182.0,True,True
3129905,Ibitiúra de Minas,MG,Sim,12.0,Não,41.98,31.58,0.99,True,B+,False,False,False,0,0.0,0.0,0.0,False,False
3130002,Ibituruna,MG,Sim,100.0,Não,25.0,0.0,8.39,True,B,False,False,False,0,0.0,0.0,0.0,False,False
3130051,Icaraí de Minas,MG,,,Não,,,,False,C,True,False,True,2,2959252.02,178566.90000000002,115.0,True,True
3130101,Igarapé,MG,Sim,138.0,Não,12.31,0.0,0.62,True,n.d.,False,True,True,1,10873525.31,775964.17,378.0,True,True
3130200,Igaratinga,MG,Sim,20.0,Não,18.75,2.02,0.45,True,C,True,False,True,1,714703.84,0.0,25.0,True,True
3130309,Iguatama,MG,Não,0.0,Não,22.67,0.34,0.0,True,B,False,False,False,4,2436804.39,234947.69999999998,7.0,True,True
3130408,Ijaci,MG,Não,1.0,Não,66.63,0.0,0.03,True,C,True,False,True,1,0.0,0.0,0.0,True,False
3130507,Ilicínea,MG,Não,0.0,Não,12.82,7.64,0.0,True,C,True,False,True,3,3552213.03,71116.16,0.0,True,True
3130556,Imbé de Minas,MG,Não,0.0,Não,59.24,48.03,0.0,True,C,True,False,True,1,714703.84,51050.27,30.0,True,True
3130606,Inconfidentes,MG,Não,313.0,Sim,9.08,0.0,14.28,True,C,True,False,True,2,5026338.8,54886.17,125.0,True,True
3130655,Indaiabira,MG,Não,0.0,Não,,,0.0,True,C,True,False,True,1,4525308.55,2359165.6,228.0,True,True
3130705,Indianópolis,MG,Não,0.0,Não,12.75,4.4,0.0,True,C,True,False,True,0,0.0,0.0,0.0,False,False
3130804,Ingaí,MG,Não,0.0,Não,71.43,0.0,0.0,True,C,True,False,True,0,0.0,0.0,0.0,False,False
3130903,Inhapim,MG,,,Sim,,,,False,A,False,False,False,2,5065109.99,1096417.5,75.0,True,True
3131000,Inhaúma,MG,,,Não,,,,False,C,True,False,True,3,0.0,0.0,8.0,True,False
3131109,Inimutaba,MG,Não,10.0,Não,,,0.31,True,n.d.,False,True,True,1,612603.29,0.0,0.0,True,True
3131158,Ipaba,MG,Não,100.0,Não,67.71,0.0,1.4,True,C,True,False,True,1,726465.83,0.0,0.0,True,True
3131208,Ipanema,MG,Sim,50.0,Sim,19.05,255.04,0.6,True,B,False,False,False,4,7354952.199999999,507009.12999999995,239.0,True,True
3131307,Ipatinga,MG,Não,600.0,Sim,57.15,2.11,0.6,True,C,True,False,True,5,423741254.21,104116547.26,442.0,True,True
3131406,Ipiaçu,MG,Não,0.0,Não,,0.0,0.0,True,C,True,False,True,0,0.0,0.0,0.0,False,False
3131505,Ipuiúna,MG,,,Não,,,,False,B+,False,False,False,1,0.0,43392.73,42.0,True,True
3131604,Iraí de Minas,MG,Não,0.0,Não,11.73,0.0,0.0,True,A,False,False,False,1,401207.03,15837.12,0.0,True,True
3131703,Itabira,MG,Não,0.0,Sim,36.87,47.6,0.0,True,A,False,False,False,3,15630422.030000001,49000.0,385.0,True,True
3131802,Itabirinha,MG,Não,500.0,Sim,72.0,2.34,12.47,True,n.d.,False,True,True,14,6280191.32,2325599.92,420.0,True,True
3131901,Itabirito,MG,Sim,2668.0,Sim,10.08,125.19,10.85,True,C,True,False,True,1,358372926.59,102100548.89,2000.0,True,True
3132008,Itacambira,MG,Não,0.0,Não,1.04,0.0,0.0,True,B+,False,False,False,0,0.0,0.0,0.0,False,False
3132107,Itacarambi,MG,,,Sim,,,,False,C,True,False,True,3,578993.65,217435.38,295.0,True,True
3132206,Itaguara,MG,Sim,25.0,Não,26.48,7.38,0.43,True,n.d.,False,True,True,2,7757247.76,7533297.76,13.0,True,True
3132305,Itaipé,MG,Não,0.0,Não,16.67,0.0,0.0,True,C,True,False,True,3,879325.36,178009.77,48.0,True,True
3132404,Itajubá,MG,Sim,9000.0,Sim,49.9,41.57,23.74,True,A,False,False,False,8,8083603.08,805347.19,116.0,True,True
3132503,Itamarandiba,MG,Sim,200.0,Sim,18.16,25.41,1.6,True,A+,False,False,False,1,386045.28,79201.69,0.0,True,True
3132602,Itamarati de Minas,MG,Sim,120.0,Não,80.0,0.0,7.59,True,B,False,False,False,1,0.0,0.0,0.0,True,False
3132701,Itambacuri,MG,Não,0.0,Sim,12.5,0.0,0.0,True,C,True,False,True,4,4363273.13,336887.95,438.0,True,True
3132800,Itambé do Mato Dentro,MG,Não,0.0,Não,,24.43,0.0,True,A,False,False,False,0,0.0,0.0,0.0,False,False
3132909,Itamogi,MG,Não,0.0,Não,50.0,0.0,0.0,True,C,True,False,True,0,0.0,0.0,0.0,False,False
3133006,Itamonte,MG,Sim,2000.0,Sim,64.66,10.03,35.99,True,B,False,False,False,0,0.0,0.0,0.0,False,False
3133105,Itanhandu,MG,Sim,835.0,Não,67.03,8.32,14.59,True,C,True,False,True,0,0.0,0.0,0.0,False,False
3133204,Itanhomi,MG,Sim,150.0,Sim,7.44,4.74,3.33,True,B,False,False,False,1,2572933.83,306301.65,24.0,True,True
3133303,Itaobim,MG,Não,0.0,Não,6.41,0.0,0.0,True,C,True,False,True,2,11024417.23,2174168.3499999996,160.0,True,True
3133402,Itapagipe,MG,Não,0.0,Não,5.66,9.94,0.0,True,n.e.,False,True,True,0,0.0,0.0,0.0,False,False
3133501,Itapecerica,MG,Não,12.0,Sim,42.48,5.47,0.12,True,C,True,False,True,8,118262.22,8446.46,0.0,True,True
3133600,Itapeva,MG,Não,0.0,Não,18.18,0.0,0.0,True,A,False,False,False,0,0.0,0.0,0.0,False,False
3133709,Itatiaiuçu,MG,Não,0.0,Não,,,0.0,True,C,True,False,True,1,5687000.57,255251.37,22.0,True,True
3133758,Itaú de Minas,MG,Não,0.0,Não,51.13,0.0,0.0,True,n.d.,False,True,True,0,0.0,0.0,0.0,False,False
3133808,Itaúna,MG,Sim,11000.0,Não,15.0,18.41,25.64,True,B,False,False,False,4,26457505.14,0.0,1749.0,True,True
3133907,Itaverava,MG,Sim,10.0,Não,100.0,0.0,0.64,True,C,True,False,True,1,1276256.86,153150.82,16.0,True,True
3134004,Itinga,MG,,,Não,,,,False,C,True,False,True,1,10841438.26,0.0,50.0,True,True
3134103,Itueta,MG,Sim,17.0,Sim,76.92,2.61,0.91,True,C,True,False,True,1,1206357.18,49400.38,0.0,True,True
3134202,Ituiutaba,MG,Não,398.0,Não,16.09,0.0,0.82,True,B+,False,False,False,0,0.0,0.0,0.0,False,False
3134301,Itumirim,MG,Não,0.0,Não,18.52,0.0,0.0,True,A,False,False,False,1,19760.15,0.0,0.0,True,True
3134400,Iturama,MG,Não,354.0,Não,65.74,0.0,2.0,True,C,True,False,True,1,301000.0,1000.0,5.0,True,True
3134509,Itutinga,MG,Sim,7.0,Não,19.71,6.8,0.35,True,A+,False,False,False,2,15953.09,0.0,5.0,True,True
3134608,Jaboticatubas,MG,Sim,832.0,Sim,,,6.84,True,B,False,False,False,1,0.0,0.0,3.0,True,False
3134707,Jacinto,MG,,,Não,,,,False,C,True,False,True,3,1873551.37,82629.91,613.0,True,True
3134806,Jacuí,MG,,,Não,,,,False,A,False,False,False,0,0.0,0.0,0.0,False,False
3134905,Jacutinga,MG,Sim,10.0,Não,58.33,0.0,0.09,True,C,True,False,True,0,0.0,0.0,0.0,False,False
3135001,Jaguaraçu,MG,Não,50.0,Sim,25.56,0.0,3.96,True,A,False,False,False,5,8377414.529999999,687641.2,283.0,True,True
3135050,Jaíba,MG,Não,0.0,Sim,29.45,44.48,0.0,True,C,True,False,True,2,3190235.29,321704.4,480.0,True,True
3135076,Jampruca,MG,,,Sim,,,,False,C,True,False,True,4,5816622.49,263374.19,487.0,True,True
3135100,Janaúba,MG,Sim,0.0,Sim,4.65,28.37,0.0,True,C,True,False,True,2,6898701.52,0.0,68.0,True,True
3135209,Januária,MG,,,Sim,,,,False,A+,False,False,False,2,11077909.55,20737.64,342.0,True,True
3135308,Japaraíba,MG,Não,0.0,Não,37.04,0.0,0.0,True,A,False,False,False,0,0.0,0.0,0.0,False,False
3135357,Japonvar,MG,Não,0.0,Não,,,0.0,True,C,True,False,True,1,0.0,0.0,6.0,True,False
3135407,Jeceaba,MG,Sim,515.0,Sim,6.7,0.0,24.77,True,B,False,False,False,1,12463107.7,78067.81,480.0,True,True
3135456,Jenipapo de Minas,MG,Não,0.0,Não,6.82,0.0,0.0,True,C,True,False,True,1,255251.37,255251.37,1.0,True,True
3135506,Jequeri,MG,Não,0.0,Não,50.0,0.0,0.0,True,C,True,False,True,4,7577475.550000001,114290.52,120.0,True,True
3135605,Jequitaí,MG,Não,0.0,Sim,,0.0,0.0,True,B,False,False,False,2,10723.48,75064.36,12.0,True,True
3135704,Jequitibá,MG,Sim,280.0,Não,3.89,0.0,14.64,True,n.d.,False,True,True,2,0.0,3569.54,306.0,True,True
3135803,Jequitinhonha,MG,Sim,100.0,Não,42.11,0.0,1.24,True,C,True,False,True,5,21787465.4,1315128.52,196.0,True,True
3135902,Jesuânia,MG,Não,0.0,Não,81.78,0.0,0.0,True,C,True,False,True,0,0.0,0.0,0.0,False,False
3136009,Joaíma,MG,,,Sim,,,,False,C,True,False,True,2,1772492.24,51768.66,142.0,True,True
3136108,Joanésia,MG,Sim,55.0,Não,53.33,0.0,5.08,True,C,True,False,True,1,7505845.94,398192.14,304.0,True,True
3136207,João Monlevade,MG,Sim,545.0,Sim,70.9,0.0,1.58,True,n.d.,False,True,True,4,29672781.3,3217525.1399999997,1571.0,True,True
3136306,João Pinheiro,MG,Não,20.0,Não,2.35,0.0,0.11,True,n.d.,False,True,True,3,2558573.94,2714.21,75.0,True,True
3136405,Joaquim Felício,MG,Não,10.0,Não,,,0.7,True,n.d.,False,True,True,1,732060.94,3675.62,0.0,True,True
3136504,Jordânia,MG,Não,100.0,Não,7.69,2.5,3.08,True,C,True,False,True,3,1721998.54,151138.38,72.0,True,True
3136520,José Gonçalves de Minas,MG,Não,200.0,Não,6.0,91.38,26.21,True,C,True,False,True,2,1946459.67,20000.0,6.0,True,True
3136553,José Raydan,MG,Não,0.0,Não,,,0.0,True,B,False,False,False,0,0.0,0.0,0.0,False,False
3136579,Josenópolis,MG,Não,6.0,Não,8.05,0.0,0.45,True,C,True,False,True,1,4045164.13,91198.91,56.0,True,True
3136603,Nova União,MG,Não,20.0,Sim,11.11,0.0,0.99,True,A+,False,False,False,2,1021884.1,57176.31,6.0,True,True
3136652,Juatuba,MG,Sim,16.0,Sim,,,0.1,True,B,False,False,False,2,18076049.87,328166.57,1085.0,True,True
3136702,Juiz de Fora,MG,Sim,11064.0,Sim,14.65,71.5,4.02,True,B,False,False,False,49,12140244.48,12314506.190000001,534.0,True,True
3136801,Juramento,MG,Não,33.0,Não,4.67,0.0,2.45,True,n.d.,False,True,True,5,650311.37,88785.81,102.0,True,True
3136900,Juruaia,MG,Sim,10.0,Não,57.59,11.43,0.34,True,B,False,False,False,0,0.0,0.0,0.0,False,False
3136959,Juvenília,MG,Sim,120.0,Não,,0.0,5.63,True,n.d.,False,True,True,2,1143643.04,1769081.96,166.0,True,True
3137007,Ladainha,MG,Não,100.0,Sim,14.29,0.0,4.53,True,C,True,False,True,5,9963393.56,19555145.77,206.0,True,True
3137106,Lagamar,MG,Não,0.0,Não,,0.0,0.0,True,C,True,False,True,1,1123106.04,459452.47,0.0,True,True
3137205,Lagoa da Prata,MG,Não,10.0,Não,1.24,0.0,0.05,True,A,False,False,False,2,0.0,0.0,70.0,True,False
3137304,Lagoa dos Patos,MG,Não,0.0,Não,,,0.0,True,B,False,False,False,2,129976.0,84735.16,72.0,True,True
3137403,Lagoa Dourada,MG,,,Sim,,,,False,A,False,False,False,1,0.0,0.0,0.0,True,False
3137502,Lagoa Formosa,MG,Não,0.0,Não,,64.05,0.0,True,A,False,False,False,1,1543760.3,82701.44,39.0,True,True
3137536,Lagoa Grande,MG,Não,0.0,Sim,,,0.0,True,B,False,False,False,0,0.0,0.0,0.0,False,False
3137601,Lagoa Santa,MG,Sim,16.0,Não,40.71,87.98,0.04,True,A,False,False,False,1,1328639.17,77552.31,59.0,True,True
3137700,Lajinha,MG,Sim,250.0,Sim,,,3.83,True,A,False,False,False,0,0.0,0.0,0.0,False,False
3137809,Lambari,MG,Sim,70.0,Sim,,0.0,0.82,True,B,False,False,False,1,380090.87,64404.29,24.0,True,True
3137908,Lamim,MG,Sim,20.0,Não,12.09,0.0,2.33,True,C,True,False,True,1,810000.0,40000.0,18.0,True,True
3138005,Laranjal,MG,Não,25.0,Não,86.38,1069.75,0.97,True,B,False,False,False,3,1822708.56,157372.2,34.0,True,True
3138104,Lassance,MG,Não,0.0,Não,2.37,0.0,0.0,True,C,True,False,True,2,720420.11,12102.16,3.0,True,True
3138203,Lavras,MG,Sim,376.0,Sim,52.84,17.65,0.8,True,B,False,False,False,12,9562831.26,116000.0,46.0,True,True
3138302,Leandro Ferreira,MG,Sim,12.0,Não,22.13,0.0,0.86,True,A+,False,False,False,5,452852.87,0.0,151.0,True,True
3138351,Leme do Prado,MG,Não,0.0,Não,6.9,13.67,0.0,True,B+,False,False,False,3,1241778.03,46087.41,4.0,True,True
3138401,Leopoldina,MG,Não,13.0,Não,93.17,20.05,0.06,True,B,False,False,False,1,955862.68,17514.84,40.0,True,True
3138500,Liberdade,MG,,,Não,,,,False,C,True,False,True,1,0.0,0.0,1.0,True,False
3138609,Lima Duarte,MG,Sim,50.0,Sim,44.44,0.0,0.59,True,A,False,False,False,4,1895092.23,593974.45,9003.0,True,True
3138625,Limeira do Oeste,MG,Não,0.0,Não,5.43,3.42,0.0,True,C,True,False,True,0,0.0,0.0,0.0,False,False
3138658,Lontra,MG,,,Não,,,,False,C,True,False,True,2,209335.35,75360.73,0.0,True,True
3138674,Luisburgo,MG,Sim,80.0,Sim,35.71,0.0,7.19,True,B,False,False,False,2,5225416.0,78223.93,200.0,True,True
3138682,Luislândia,MG,Não,0.0,Não,,,0.0,True,C,True,False,True,2,2707752.74,0.0,0.0,True,True
3138708,Luminárias,MG,Não,0.0,Não,,,0.0,True,C,True,False,True,2,19760.15,0.0,0.0,True,True
3138807,Luz,MG,Sim,147.0,Não,1.0,0.0,1.7,True,n.d.,False,True,True,1,5207127.99,0.0,20.0,True,True
3138906,Machacalis,MG,Não,2000.0,Sim,58.33,57.25,72.15,True,C,True,False,True,4,10366500.6,1129424.28,3129.0,True,True
3139003,Machado,MG,Sim,3478.0,Sim,63.3,123.32,24.42,True,C,True,False,True,5,435196.92,24617.7,81.0,True,True
3139102,Madre de Deus de Minas,MG,Sim,15.0,Não,83.33,0.0,0.65,True,A+,False,False,False,0,0.0,0.0,0.0,False,False
3139201,Malacacheta,MG,,,Sim,,,,False,C,True,False,True,8,15153609.13,456377.81,431.0,True,True
3139250,Mamonas,MG,Não,0.0,Não,,,0.0,True,C,True,False,True,4,1179316.72,107550.95000000001,4.0,True,True
3139300,Manga,MG,Não,0.0,Sim,2.76,38.78,0.0,True,n.d.,False,True,True,3,8130969.54,858512.0,267.0,True,True
3139409,Manhuaçu,MG,Não,13000.0,Sim,59.74,0.0,37.13,True,A,False,False,False,11,10965364.34,715019.67,4050.0,True,True
3139508,Manhumirim,MG,Sim,386.0,Sim,64.18,0.0,4.77,True,C,True,False,True,1,904304.56,296091.59,56.0,True,True
3139607,Mantena,MG,Sim,400.0,Sim,95.24,0.0,3.56,True,B,False,False,False,3,9828741.45,1047661.9600000001,286.0,True,True
3139706,Maravilhas,MG,Não,0.0,Não,62.22,8.71,0.0,True,A,False,False,False,2,3604149.37,367561.98,72.0,True,True
3139805,Mar de Espanha,MG,Não,0.0,Não,59.39,32.75,0.0,True,A,False,False,False,0,0.0,0.0,0.0,False,False
3139904,Maria da Fé,MG,Sim,100.0,Sim,40.0,0.0,2.57,True,A+,False,False,False,4,1039699.6199999999,178732.02,36.0,True,True
3140001,Mariana,MG,Sim,1230.0,Sim,69.66,5.91,4.49,True,A+,False,False,False,6,760145.6,61816.67,387.0,True,True
3140100,Marilac,MG,Não,0.0,Não,65.0,0.0,0.0,True,C,True,False,True,0,0.0,0.0,0.0,False,False
3140159,Mário Campos,MG,Sim,122.0,Não,12.11,0.0,1.71,True,A+,False,False,False,1,306301.65,0.0,458.0,True,True
3140209,Maripá de Minas,MG,Não,20.0,Não,70.0,0.0,1.48,True,A,False,False,False,2,1647504.7,66020.3,25.0,True,True
3140308,Marliéria,MG,Sim,30.0,Não,89.43,0.0,1.63,True,n.d.,False,True,True,6,3826567.74,83446.47,13.0,True,True
3140407,Marmelópolis,MG,Não,0.0,Não,57.69,0.0,0.0,True,C,True,False,True,0,0.0,0.0,0.0,False,False
3140506,Martinho Campos,MG,Não,20.0,Não,11.11,0.0,0.28,True,A+,False,False,False,2,0.0,2639.52,0.0,True,True
3140530,Martins Soares,MG,,,Não,,,,False,A,False,False,False,3,2639668.6,148201.13,70.0,True,True
3140555,Mata Verde,MG,Não,0.0,Não,,0.0,0.0,True,C,True,False,True,3,2153059.34,191877.12,18.0,True,True
3140605,Materlândia,MG,Sim,20.0,Sim,50.0,28.15,2.17,True,C,True,False,True,2,1583711.96,3427755.0700000003,35.0,True,True
3140704,Mateus Leme,MG,,,Sim,,,,False,C,True,False,True,4,10582029.26,1547284.69,771.0,True,True
3140803,Matias Barbosa,MG,Sim,110.0,Sim,65.25,0.0,1.71,True,B,False,False,False,0,0.0,0.0,0.0,False,False
3140852,Matias Cardoso,MG,Sim,250.0,Sim,,,10.51,True,C,True,False,True,2,357351.92,0.0,0.0,True,True
3140902,Matipó,MG,,,Sim,,,,False,C,True,False,True,3,4579037.99,157170.44,1520.0,True,True
3141009,Mato Verde,MG,Sim,2400.0,Não,4.44,0.0,49.04,True,C,True,False,True,1,0.0,0.0,31.0,True,False
3141108,Matozinhos,MG,Sim,25.0,Sim,12.43,0.0,0.15,True,A,False,False,False,3,1174711.62,16411.14,132.0,True,True
3141207,Matutina,MG,Não,60.0,Não,,,3.85,True,A,False,False,False,2,439032.36,61260.32,20.0,True,True
3141306,Medeiros,MG,Não,0.0,Não,50.0,0.0,0.0,True,A,False,False,False,0,0.0,0.0,0.0,False,False
3141405,Medina,MG,Não,0.0,Não,13.8,0.0,0.0,True,A+,False,False,False,3,4220581.51,26796.83,130.0,True,True
3141504,Mendes Pimentel,MG,Sim,500.0,Não,98.43,35.4,27.62,True,C,True,False,True,2,4334374.95,690725.9400000001,36.0,True,True
3141603,Mercês,MG,Sim,100.0,Não,90.0,0.0,2.39,True,C,True,False,True,4,5524622.24,42972.92999999999,7.0,True,True
3141702,Mesquita,MG,Não,200.0,Sim,90.0,29.49,9.82,True,n.d.,False,True,True,2,3593398.0700000003,28653.18,44.0,True,True
3141801,Minas Novas,MG,Não,0.0,Não,74.54,0.0,0.0,True,A+,False,False,False,0,0.0,0.0,0.0,False,False
3141900,Minduri,MG,Sim,20.0,Não,55.56,10.23,1.22,True,C,True,False,True,1,0.0,0.0,0.0,True,False
3142007,Mirabela,MG,Sim,50.0,Não,1.21,16.53,0.93,True,B+,False,False,False,2,7100000.0,218908.94,10.0,True,True
3142106,Miradouro,MG,Não,30.0,Sim,,,0.9,True,C,True,False,True,2,4173447.0300000003,0.0,128.0,True,True
3142205,Miraí,MG,Não,270.0,Sim,77.78,0.0,4.92,True,A,False,False,False,3,2549831.42,387052.14,290.0,True,True
3142254,Miravânia,MG,Sim,200.0,Não,,0.0,22.45,True,C,True,False,True,0,0.0,0.0,0.0,False,False
3142304,Moeda,MG,Não,0.0,Sim,,,0.0,True,B+,False,False,False,1,0.0,210837.63,60.0,True,True
3142403,Moema,MG,Não,0.0,Não,29.9,0.0,0.0,True,A,False,False,False,1,245041.32,0.0,7.0,True,True
3142502,Monjolos,MG,Não,18.0,Não,23.14,23.32,2.1,True,n.d.,False,True,True,0,0.0,0.0,0.0,False,False
3142601,Monsenhor Paulo,MG,Não,0.0,Não,73.89,32.78,0.0,True,B,False,False,False,0,0.0,0.0,0.0,False,False
3142700,Montalvânia,MG,Não,12.0,Não,33.33,3.84,0.27,True,A,False,False,False,2,224621.21,293069.49,80.0,True,True
3142809,Monte Alegre de Minas,MG,Não,0.0,Não,94.07,0.0,0.0,True,A,False,False,False,1,2658524.47,145701.5,0.0,True,True
3142908,Monte Azul,MG,Sim,500.0,Não,6.06,73.91,7.24,True,C,True,False,True,3,2012000.0,14755.79,42.0,True,True
3143005,Monte Belo,MG,Sim,0.0,Não,,0.0,0.0,True,A,False,False,False,0,0.0,0.0,0.0,False,False
3143104,Monte Carmelo,MG,Não,0.0,Não,7.91,22.44,0.0,True,A,False,False,False,0,0.0,0.0,0.0,False,False
3143153,Monte Formoso,MG,Sim,20.0,Não,29.63,0.0,2.33,True,C,True,False,True,1,456820.25,1565609.04,285.0,True,True
3143203,Monte Santo de Minas,MG,Sim,15.0,Não,29.7,0.0,0.16,True,C,True,False,True,3,429572.33,19330.49,45.0,True,True
3143302,Montes Claros,MG,Não,100.0,Sim,10.98,24.12,0.06,True,A,False,False,False,1,13996400.95,0.0,32.0,True,True
3143401,Monte Sião,MG,Sim,900.0,Não,52.17,0.0,8.88,True,B,False,False,False,3,5529070.86,108325.9,3.0,True,True
3143450,Montezuma,MG,Não,0.0,Não,,,0.0,True,n.d.,False,True,True,2,1093794.96,104553.93,98.0,True,True
3143500,Morada Nova de Minas,MG,Não,45.0,Não,10.0,2.11,1.12,True,C,True,False,True,1,1021005.49,0.0,0.0,True,True
3143609,Morro da Garça,MG,Não,0.0,Não,,,0.0,True,B,False,False,False,0,0.0,0.0,0.0,False,False
3143708,Morro do Pilar,MG,Sim,51.0,Sim,5.88,0.0,3.33,True,A,False,False,False,1,103450.86,5897.91,0.0,True,True
3143807,Munhoz,MG,Sim,3.0,Sim,,12.68,0.14,True,A+,False,False,False,5,654150.9199999999,200000.0,28.0,True,True
3143906,Muriaé,MG,Sim,9300.0,Sim,23.78,3.67,18.87,True,B,False,False,False,4,69276463.72999999,759271.86,6653.0,True,True
3144003,Mutum,MG,Sim,250.0,Sim,69.44,16.81,3.2,True,C,True,False,True,3,6722854.52,610108.16,124.0,True,True
3144102,Muzambinho,MG,Não,10.0,Não,,0.0,0.12,True,B,False,False,False,1,755544.06,0.0,30.0,True,True
3144201,Nacip Raydan,MG,Não,0.0,Não,40.7,0.0,0.0,True,B,False,False,False,0,0.0,0.0,0.0,False,False
3144300,Nanuque,MG,Sim,0.0,Sim,0.53,0.0,0.0,True,B,False,False,False,3,501819.18999999994,29640.23,39.0,True,True
3144359,Naque,MG,Sim,20.0,Sim,53.45,244.52,0.77,True,B,False,False,False,2,562092.11,74868.29,92.0,True,True
3144375,Natalândia,MG,Não,0.0,Não,75.0,4.8,0.0,True,A,False,False,False,0,0.0,0.0,0.0,False,False
3144409,Natércia,MG,Não,0.0,Não,,0.0,0.0,True,C,True,False,True,1,31674.24,2639.52,0.0,True,True
3144508,Nazareno,MG,Sim,80.0,Não,45.33,17.38,2.23,True,A+,False,False,False,3,102100.55,0.0,10.0,True,True
3144607,Nepomuceno,MG,Sim,10.0,Não,,0.0,0.1,True,C,True,False,True,3,856921.92,432989.95,28.0,True,True
3144656,Ninheira,MG,,,Não,,,,False,n.d.,False,True,True,1,935087.45,0.0,106.0,True,True
3144672,Nova Belém,MG,Não,10.0,Sim,25.0,0.0,1.24,True,n.d.,False,True,True,3,826523.65,0.0,74.0,True,True
3144706,Nova Era,MG,Sim,2500.0,Sim,53.83,48.83,36.09,True,A,False,False,False,2,3368807.61,496015.56,847.0,True,True
3144805,Nova Lima,MG,Sim,5600.0,Sim,1.03,511.04,11.04,True,C,True,False,True,1,81527288.29,26107110.35,2555.0,True,True
3144904,Nova Módica,MG,Sim,55.0,Não,83.33,0.0,4.1,True,n.d.,False,True,True,1,0.0,0.0,0.0,True,False
3145000,Nova Ponte,MG,Não,0.0,Não,53.86,1.07,0.0,True,A,False,False,False,0,0.0,0.0,0.0,False,False
3145059,Nova Porteirinha,MG,Sim,17.0,Não,3.26,0.0,0.99,True,B+,False,False,False,5,2288149.99,168394.27,83.0,True,True
3145109,Nova Resende,MG,Não,0.0,Não,30.77,0.0,0.0,True,n.d.,False,True,True,0,0.0,0.0,0.0,False,False
3145208,Nova Serrana,MG,Sim,1100.0,Não,12.85,45.2,2.47,True,B,False,False,False,2,32542371.64,20800.0,312.0,True,True
3145307,Novo Cruzeiro,MG,Não,424.0,Sim,5.19,427.92,7.23,True,C,True,False,True,6,14696355.129999999,1193807.58,240.0,True,True
3145356,Novo Oriente de Minas,MG,Não,0.0,Não,25.0,0.0,0.0,True,C,True,False,True,7,3633091.66,1464633.6500000001,112.0,True,True
3145372,Novorizonte,MG,Não,0.0,Não,,,0.0,True,C,True,False,True,2,10520624.03,0.0,39.0,True,True
3145406,Olaria,MG,Não,2.0,Não,33.9,0.0,0.29,True,B,False,False,False,0,0.0,0.0,0.0,False,False
3145455,Olhos-d Água,MG,,,Não,,,,False,C,True,False,True,2,0.0,0.0,0.0,True,False
3145505,Olímpio Noronha,MG,Sim,0.0,Não,90.0,0.0,0.0,True,A,False,False,False,1,0.0,0.0,0.0,True,False
3145604,Oliveira,MG,Sim,10.0,Sim,66.67,24.16,0.06,True,B,False,False,False,2,2002736.83,73210.51000000001,44.0,True,True
3145703,Oliveira Fortes,MG,,,Não,,,,False,C,True,False,True,0,0.0,0.0,0.0,False,False
3145802,Onça de Pitangui,MG,Não,0.0,Não,98.04,0.0,0.0,True,A,False,False,False,1,4441373.88,0.0,78.0,True,True
3145851,Oratórios,MG,Não,6.0,Não,70.59,0.0,0.39,True,A,False,False,False,3,183780.99,0.0,8.0,True,True
3145877,Orizânia,MG,Não,300.0,Sim,27.78,65.08,20.41,True,C,True,False,True,1,3969034.17,10336.0,950.0,True,True
3145901,Ouro Branco,MG,Não,0.0,Não,86.72,43.8,0.0,True,C,True,False,True,2,1454932.82,21390.06,26.0,True,True
3146008,Ouro Fino,MG,Sim,380.0,Não,79.92,11.42,2.87,True,A+,False,False,False,1,0.0,0.0,0.0,True,False
3146107,Ouro Preto,MG,Não,150.0,Sim,55.19,0.0,0.43,True,C,True,False,True,5,372837819.66999996,16300746.31,2851.0,True,True
3146206,Ouro Verde de Minas,MG,Sim,30.0,Sim,9.36,0.36,1.78,True,C,True,False,True,12,5490974.48,1229455.04,242.0,True,True
3146255,Padre Carvalho,MG,,,Não,,,,False,C,True,False,True,4,5852443.9799999995,60552.11,5.0,True,True
3146305,Padre Paraíso,MG,Sim,80.0,Sim,13.04,0.31,1.5,True,C,True,False,True,5,5654413.37,428477.78,263.0,True,True
3146404,Paineiras,MG,Não,0.0,Não,,,0.0,True,C,True,False,True,0,0.0,0.0,0.0,False,False
3146503,Pains,MG,Sim,9.0,Não,18.35,6.81,0.25,True,n.d.,False,True,True,0,0.0,0.0,0.0,False,False
3146552,Pai Pedro,MG,Não,0.0,Não,,,0.0,True,A+,False,False,False,2,2380612.56,2428868.22,190.0,True,True
3146602,Paiva,MG,,,Não,,,,False,C,True,False,True,0,0.0,0.0,0.0,False,False
3146701,Palma,MG,Sim,60.0,Não,,0.0,2.4,True,C,True,False,True,2,122520.66,40840.22,30.0,True,True
3146750,Palmópolis,MG,,,Sim,,,,False,C,True,False,True,2,15034247.89,962715.12,1045.0,True,True
3146909,Papagaios,MG,Não,0.0,Não,18.84,48.18,0.0,True,B,False,False,False,1,510502.74,0.0,116.0,True,True
3147006,Paracatu,MG,Sim,100.0,Não,36.84,0.0,0.27,True,B,False,False,False,3,9997083.15,322255.04000000004,127.0,True,True
3147105,Pará de Minas,MG,Não,40.0,Não,0.21,16.87,0.1,True,C,True,False,True,13,35261893.15,15412.92,337.0,True,True
3147204,Paraguaçu,MG,Não,7.0,Não,94.0,2.12,0.08,True,n.d.,False,True,True,0,0.0,0.0,0.0,False,False
3147303,Paraisópolis,MG,Não,100.0,Sim,2.63,0.0,1.1,True,A,False,False,False,2,965113.2,227318.47,56.0,True,True
3147402,Paraopeba,MG,Não,3.0,Não,18.75,0.0,0.03,True,A,False,False,False,1,25000.0,8000.0,0.0,True,True
3147501,Passabém,MG,Não,10.0,Não,8.7,52.74,1.71,True,A+,False,False,False,0,0.0,0.0,0.0,False,False
3147600,Passa Quatro,MG,Sim,1500.0,Não,,0.0,23.0,True,C,True,False,True,1,506787.83,0.0,0.0,True,True
3147709,Passa Tempo,MG,Não,10.0,Não,16.26,0.0,0.25,True,C,True,False,True,1,217686.64,131898.8,0.0,True,True
3147808,Passa-Vinte,MG,Sim,32.0,Sim,99.84,35.67,3.22,True,C,True,False,True,0,0.0,0.0,0.0,False,False
3147907,Passos,MG,Não,606.0,Não,39.55,9.84,1.19,True,n.d.,False,True,True,1,5015000.0,620000.0,7.0,True,True
3147956,Patis,MG,Não,0.0,Não,,0.0,0.0,True,B,False,False,False,0,0.0,0.0,0.0,False,False
3148004,Patos de Minas,MG,Sim,400.0,Sim,17.74,32.92,0.53,True,C,True,False,True,3,3658423.74,21094484.439999998,1078.0,True,True
3148103,Patrocínio,MG,,,Não,,,,False,n.e.,False,True,True,2,0.0,0.0,0.0,True,False
3148202,Patrocínio do Muriaé,MG,Sim,157.0,Sim,33.22,0.0,6.21,True,C,True,False,True,4,1794467.0299999998,145018.45,2274.0,True,True
3148301,Paula Cândido,MG,Não,0.0,Não,81.08,128.91,0.0,True,n.d.,False,True,True,4,2385055.6,246500.0,3.0,True,True
3148400,Paulistas,MG,Não,0.0,Não,33.33,0.0,0.0,True,C,True,False,True,0,0.0,0.0,0.0,False,False
3148509,Pavão,MG,Não,600.0,Sim,,,25.2,True,C,True,False,True,5,7058414.67,635147.45,1114.0,True,True
3148608,Peçanha,MG,Sim,0.0,Não,55.17,17.69,0.0,True,B,False,False,False,2,221673.54,246653.57,0.0,True,True
3148707,Pedra Azul,MG,Sim,0.0,Não,14.12,0.0,0.0,True,C,True,False,True,5,1654360.0699999998,110419.9,350.0,True,True
3148756,Pedra Bonita,MG,Sim,15.0,Sim,68.38,198.87,1.63,True,A,False,False,False,5,2176183.39,251182.75,34.0,True,True
3148806,Pedra do Anta,MG,Não,0.0,Não,66.67,0.0,0.0,True,C,True,False,True,1,684890.48,0.0,15.0,True,True
3148905,Pedra do Indaiá,MG,Não,15.0,Não,4.88,204.3,1.24,True,B,False,False,False,0,0.0,0.0,0.0,False,False
3149002,Pedra Dourada,MG,Não,10.0,Não,,14.06,1.01,True,C,True,False,True,1,197601.5,0.0,0.0,True,True
3149101,Pedralva,MG,Não,22.0,Não,59.98,82.91,0.82,True,B+,False,False,False,1,256139.01,6334.85,25.0,True,True
3149150,Pedras de Maria da Cruz,MG,Sim,40.0,Sim,5.24,0.0,1.2,True,B,False,False,False,1,0.0,0.0,680.0,True,False
3149200,Pedrinópolis,MG,Não,12.0,Não,12.58,0.0,0.75,True,B,False,False,False,0,0.0,0.0,0.0,False,False
3149309,Pedro Leopoldo,MG,Sim,47.0,Sim,38.89,0.0,0.17,True,C,True,False,True,1,1184366614.71,438.83,0.0,True,True
3149408,Pedro Teixeira,MG,Sim,35.0,Não,19.74,0.0,4.59,True,A,False,False,False,0,0.0,0.0,0.0,False,False
3149507,Pequeri,MG,Sim,25.0,Não,26.83,0.0,1.52,True,A,False,False,False,4,2978621.84,25151.84,72.0,True,True
3149606,Pequi,MG,Não,0.0,Não,60.0,0.0,0.0,True,A,False,False,False,2,1123106.04,7147.04,86.0,True,True
3149705,Perdigão,MG,Sim,3.0,Sim,10.0,0.0,0.05,True,C,True,False,True,2,1878650.1,61260.33,44.0,True,True
3149804,Perdizes,MG,Não,0.0,Não,17.39,0.0,0.0,True,A,False,False,False,0,0.0,0.0,0.0,False,False
3149903,Perdões,MG,Sim,600.0,Sim,14.69,0.7,6.68,True,B,False,False,False,1,506787.83,0.0,8.0,True,True
3149952,Periquito,MG,Sim,10.0,Sim,79.52,20.46,0.44,True,B,False,False,False,2,714703.84,306301.65,53.0,True,True
3150000,Pescador,MG,Sim,50.0,Sim,76.47,33.75,3.51,True,C,True,False,True,3,1232995.63,40840.22,222.0,True,True
3150109,Piau,MG,Não,0.0,Sim,1.0,0.0,0.0,True,n.d.,False,True,True,0,0.0,0.0,0.0,False,False
3150158,Piedade de Caratinga,MG,Não,300.0,Não,45.27,0.0,10.62,True,C,True,False,True,1,357351.92,0.0,0.0,True,True
3150208,Piedade de Ponte Nova,MG,Não,2.0,Não,61.54,0.0,0.15,True,A,False,False,False,1,3369318.11,0.0,58.0,True,True
3150307,Piedade do Rio Grande,MG,Não,0.0,Não,12.5,528.82,0.0,True,A+,False,False,False,1,0.0,0.0,0.0,True,False
3150406,Piedade dos Gerais,MG,Não,0.0,Não,90.19,8.44,0.0,True,B,False,False,False,3,10859052.71,303261.7,4.0,True,True
3150505,Pimenta,MG,Não,10.0,Não,23.53,0.66,0.25,True,A,False,False,False,0,0.0,0.0,0.0,False,False
3150539,Pingo-d Água,MG,Não,0.0,Sim,30.64,887.95,0.0,True,B,False,False,False,0,0.0,0.0,0.0,False,False
3150570,Pintópolis,MG,Não,0.0,Não,14.29,9.04,0.0,True,n.d.,False,True,True,2,2977362.9699999997,148904.12,472.0,True,True
3150604,Piracema,MG,Não,10.0,Não,10.0,10.91,0.44,True,n.d.,False,True,True,3,1211035.3599999999,612836.08,0.0,True,True
3150703,Pirajuba,MG,Não,0.0,Não,,,0.0,True,C,True,False,True,0,0.0,0.0,0.0,False,False
3150802,Piranga,MG,Sim,75.0,Sim,84.85,7.6,2.11,True,A,False,False,False,2,15372294.6,1109917.3499999999,244.0,True,True
3150901,Piranguçu,MG,Não,5.0,Não,71.43,0.0,0.47,True,C,True,False,True,2,131080.82,39520.3,0.0,True,True
3151008,Piranguinho,MG,Não,100.0,Não,87.5,0.0,3.35,True,A,False,False,False,1,4084021.96,0.0,0.0,True,True
3151107,Pirapetinga,MG,Sim,644.0,Sim,79.26,0.0,13.31,True,C,True,False,True,1,1497859.93,52006.96,2.0,True,True
3151206,Pirapora,MG,Sim,800.0,Sim,9.53,41.9,3.38,True,C,True,False,True,4,2472427.63,119790.79999999999,642.0,True,True
3151305,Piraúba,MG,Sim,14.0,Sim,23.36,13.23,0.29,True,n.d.,False,True,True,0,0.0,0.0,0.0,False,False
3151404,Pitangui,MG,Sim,0.0,Não,4.55,0.0,0.0,True,A,False,False,False,2,12211788.44,63348.48,433.0,True,True
3151503,Piumhi,MG,Não,0.0,Não,59.22,11.05,0.0,True,A,False,False,False,0,0.0,0.0,0.0,False,False
3151602,Planura,MG,Não,0.0,Não,10.63,0.0,0.0,True,n.d.,False,True,True,0,0.0,0.0,0.0,False,False
3151701,Poço Fundo,MG,Não,100.0,Sim,88.89,798.32,2.0,True,C,True,False,True,3,4715220.66,216483.02000000002,65.0,True,True
3151800,Poços de Caldas,MG,Sim,1500.0,Não,72.96,27.97,1.84,True,C,True,False,True,0,0.0,0.0,0.0,False,False
3151909,Pocrane,MG,Sim,255.0,Sim,72.87,0.0,8.26,True,C,True,False,True,4,10031378.93,439032.36,7000.0,True,True
3152006,Pompéu,MG,,,Não,,,,False,A,False,False,False,5,11106698.0,156594.92,153.0,True,True
3152105,Ponte Nova,MG,Sim,2051.0,Sim,68.18,28.85,8.43,True,C,True,False,True,2,3896822.33,3668161.17,3289.0,True,True
3152131,Ponto Chique,MG,Não,0.0,Não,,,0.0,True,B+,False,False,False,2,1429407.68,225407.78,11.0,True,True
3152170,Ponto dos Volantes,MG,Não,0.0,Não,,,0.0,True,A,False,False,False,1,3217043.99,0.0,34.0,True,True
3152204,Porteirinha,MG,Sim,180.0,Não,0.91,160.86,1.73,True,C,True,False,True,3,14503401.0,382404.33999999997,666.0,True,True
3152303,Porto Firme,MG,,,Sim,,,,False,C,True,False,True,3,2513511.95,108663.29999999999,396.0,True,True
3152402,Poté,MG,Sim,60.0,Não,5.95,0.0,1.33,True,C,True,False,True,3,4605524.17,2500.0,46.0,True,True
3152501,Pouso Alegre,MG,Não,0.0,Sim,90.74,0.68,0.0,True,A+,False,False,False,5,2774399.0300000003,2122037.2,757.0,True,True
3152600,Pouso Alto,MG,Não,100.0,Sim,48.08,0.0,5.24,True,A,False,False,False,1,245321.29,245355.76,34.0,True,True
3152709,Prados,MG,Não,0.0,Não,50.1,0.0,0.0,True,A,False,False,False,0,0.0,0.0,0.0,False,False
3152808,Prata,MG,Não,0.0,Não,,,0.0,True,A,False,False,False,3,1550.0,15000.0,0.0,True,True
3152907,Pratápolis,MG,Sim,28.0,Não,58.56,9.77,0.72,True,C,True,False,True,1,780000.0,3250.0,0.0,True,True
3153004,Pratinha,MG,Não,0.0,Não,,,0.0,True,B,False,False,False,0,0.0,0.0,0.0,False,False
3153103,Presidente Bernardes,MG,Sim,55.0,Sim,35.71,0.0,5.17,True,A,False,False,False,6,8089680.359999999,388133.02,75.0,True,True
3153202,Presidente Juscelino,MG,Não,21.0,Não,36.59,0.0,2.0,True,A,False,False,False,2,961888.0,76749.42,270.0,True,True
3153301,Presidente Kubitschek,MG,Não,0.0,Não,86.96,0.0,0.0,True,A,False,False,False,0,0.0,0.0,0.0,False,False
3153400,Presidente Olegário,MG,Não,2.0,Sim,91.46,0.0,0.02,True,C,True,False,True,5,2441428.86,1889879.43,0.0,True,True
3153509,Alto Jequitibá,MG,Sim,143.0,Sim,57.78,0.0,5.34,True,B,False,False,False,1,1619245.48,19302.26,265.0,True,True
3153608,Prudente de Morais,MG,Não,0.0,Não,,,0.0,True,C,True,False,True,0,0.0,0.0,0.0,False,False
3153707,Quartel Geral,MG,Não,0.0,Não,15.87,0.0,0.0,True,C,True,False,True,0,0.0,0.0,0.0,False,False
3153806,Queluzito,MG,Não,0.0,Não,16.67,61.79,0.0,True,B,False,False,False,0,0.0,0.0,0.0,False,False
3153905,Raposos,MG,Não,0.0,Sim,99.8,0.0,0.0,True,n.d.,False,True,True,6,12703403.94,2292337.75,12410.0,True,True
3154002,Raul Soares,MG,Sim,50.0,Sim,40.0,52.26,0.62,True,B,False,False,False,3,6577815.1,2844975.54,231.0,True,True
3154101,Recreio,MG,Sim,520.0,Não,33.75,0.0,11.78,True,C,True,False,True,3,1174137.87,49648.11,53.0,True,True
3154150,Reduto,MG,Sim,0.0,Sim,,,0.0,True,A,False,False,False,4,4791783.71,79754.81,540.0,True,True
3154200,Resende Costa,MG,Sim,0.0,Não,57.89,59.34,0.0,True,A,False,False,False,1,167588.57,83123.93,37.0,True,True
3154309,Resplendor,MG,Sim,120.0,Sim,,0.0,1.76,True,C,True,False,True,3,2718931.58,0.0,107.0,True,True
3154408,Ressaquinha,MG,Sim,130.0,Não,76.62,6.13,7.93,True,A,False,False,False,4,1201611.08,40000.0,32.0,True,True
3154457,Riachinho,MG,Não,0.0,Não,,0.0,0.0,True,C,True,False,True,1,4825565.99,93294.28,150.0,True,True
3154507,Riacho dos Machados,MG,Não,0.0,Não,,0.0,0.0,True,C,True,False,True,5,11221202.48,231541.0,3.0,True,True
3154606,Ribeirão das Neves,MG,Sim,150.0,Sim,1.01,0.38,0.11,True,C,True,False,True,1,2552513.72,0.0,204.0,True,True
3154705,Ribeirão Vermelho,MG,Não,0.0,Sim,50.0,25.74,0.0,True,C,True,False,True,1,0.0,0.0,0.0,True,False
3154804,Rio Acima,MG,,,Sim,,,,False,B,False,False,False,2,21822195.349999998,17651008.55,3118.0,True,True
3154903,Rio Casca,MG,Sim,395.0,Sim,96.15,1.91,7.36,True,A,False,False,False,3,10987734.68,676944.17,480.0,True,True
3155009,Rio Doce,MG,Sim,15.0,Não,75.0,0.0,1.73,True,A,False,False,False,4,8521261.940000001,708104.24,27.0,True,True
3155108,Rio do Prado,MG,Não,60.0,Não,13.97,0.0,3.58,True,C,True,False,True,3,2111453.21,900772.32,181.0,True,True
3155207,Rio Espera,MG,,,Sim,,,,False,B,False,False,False,1,1147000.0,320000.0,4.0,True,True
3155306,Rio Manso,MG,Não,10.0,Não,37.5,0.0,0.37,True,A+,False,False,False,2,4825241.91,41096.93,54.0,True,True
3155405,Rio Novo,MG,Sim,2500.0,Não,13.32,1.27,67.49,True,B,False,False,False,2,4399821.1,80650.0,200.0,True,True
3155504,Rio Paranaíba,MG,Não,0.0,Não,50.0,25.72,0.0,True,A,False,False,False,0,0.0,0.0,0.0,False,False
3155603,Rio Pardo de Minas,MG,Sim,15.0,Sim,36.36,64.65,0.26,True,B+,False,False,False,2,8838818.78,448983.00999999995,81.0,True,True
3155702,Rio Piracicaba,MG,Sim,2350.0,Sim,33.88,0.0,40.93,True,B,False,False,False,6,8905618.28,6021769.38,7924.0,True,True
3155801,Rio Pomba,MG,,,Não,,,,False,A,False,False,False,3,1182504.93,2111.62,31.0,True,True
3155900,Rio Preto,MG,Sim,300.0,Sim,32.52,26.47,11.86,True,C,True,False,True,3,902766.86,280459.38,37.0,True,True
3156007,Rio Vermelho,MG,Sim,300.0,Não,,0.0,9.41,True,C,True,False,True,2,633484.78,633.48,0.0,True,True
3156106,Ritápolis,MG,Não,0.0,Não,,,0.0,True,A+,False,False,False,1,15837.12,15837.12,0.0,True,True
3156205,Rochedo de Minas,MG,Sim,15.0,Não,,12.24,1.4,True,C,True,False,True,1,266762.03,189193.56,2.0,True,True
3156304,Rodeiro,MG,Não,0.0,Não,94.34,0.0,0.0,True,A,False,False,False,0,0.0,0.0,0.0,False,False
3156403,Romaria,MG,,,Não,,,,False,B,False,False,False,0,0.0,0.0,0.0,False,False
3156452,Rosário da Limeira,MG,Sim,12.0,Não,24.22,0.0,0.83,True,n.e.,False,True,True,4,2796290.1,615279.04,90.0,True,True
3156502,Rubelita,MG,Sim,50.0,Sim,2.22,0.0,2.62,True,C,True,False,True,4,7068551.789999999,10000.0,225.0,True,True
3156601,Rubim,MG,Sim,7.0,Não,3.03,11.7,0.2,True,B,False,False,False,3,1445102.6700000002,36357.15,109.0,True,True
3156700,Sabará,MG,Sim,16886.0,Sim,40.0,45.41,29.7,True,C,True,False,True,2,13145753.76,1307908.03,2639.0,True,True
3156809,Sabinópolis,MG,Não,60.0,Sim,80.0,19.26,1.28,True,C,True,False,True,0,0.0,0.0,0.0,False,False
3156908,Sacramento,MG,Sim,20.0,Não,45.98,7.19,0.17,True,B,False,False,False,1,256000.0,3200.0,25.0,True,True
3157005,Salinas,MG,Sim,1000.0,Sim,0.74,0.0,5.84,True,B,False,False,False,7,21315246.33,41631.73,1998.0,True,True
3157104,Salto da Divisa,MG,Não,45.0,Não,,0.0,2.06,True,C,True,False,True,3,1704246.3599999999,210680.96000000002,171.0,True,True
3157203,Santa Bárbara,MG,Sim,210.0,Sim,35.61,67.26,1.65,True,A,False,False,False,1,2042010.98,219516.18,711.0,True,True
3157252,Santa Bárbara do Leste,MG,Não,39.0,Sim,96.67,19.27,1.84,True,B,False,False,False,0,0.0,0.0,0.0,False,False
3157278,Santa Bárbara do Monte Verde,MG,Sim,120.0,Não,7.14,0.0,8.57,True,C,True,False,True,0,0.0,0.0,0.0,False,False
3157302,Santa Bárbara do Tugúrio,MG,Sim,72.0,Não,81.43,0.0,5.91,True,B,False,False,False,3,6095365.59,7507017.100000001,752.0,True,True
3157336,Santa Cruz de Minas,MG,Sim,200.0,Não,37.04,0.0,5.75,True,A+,False,False,False,1,0.0,0.0,24.0,True,False
3157377,Santa Cruz de Salinas,MG,Não,0.0,Sim,,0.0,0.0,True,C,True,False,True,1,1300428.61,0.0,2.0,True,True
3157401,Santa Cruz do Escalvado,MG,Não,5.0,Não,5.56,0.0,0.54,True,A,False,False,False,2,5247785.17,182131.09,16.0,True,True
3157500,Santa Efigênia de Minas,MG,Não,30.0,Sim,41.18,0.0,2.01,True,C,True,False,True,5,6530969.329999999,1152726.49,221.0,True,True
3157609,Santa Fé de Minas,MG,Não,0.0,Não,1.9,0.0,0.0,True,C,True,False,True,1,0.0,6399.41,52.0,True,True
3157658,Santa Helena de Minas,MG,Sim,50.0,Não,,,2.9,True,C,True,False,True,5,1591606.38,1132995.52,41.0,True,True
3157708,Santa Juliana,MG,Não,0.0,Não,17.77,1.93,0.0,True,B,False,False,False,0,0.0,0.0,0.0,False,False
3157807,Santa Luzia,MG,,,Sim,,,,False,B,False,False,False,4,85692109.01,441922.59,7986.0,True,True
3157906,Santa Margarida,MG,Não,100.0,Sim,,0.0,2.59,True,A,False,False,False,2,5302522.2299999995,235916.56,357.0,True,True
3158003,Santa Maria de Itabira,MG,Não,380.0,Sim,2.0,14.51,12.48,True,C,True,False,True,3,8702585.19,467923.98000000004,836.0,True,True
3158102,Santa Maria do Salto,MG,Não,40.0,Não,,0.0,2.28,True,C,True,False,True,6,8932063.030000001,937887.81,353.0,True,True
3158201,Santa Maria do Suaçuí,MG,Sim,10.0,Não,1.67,0.0,0.2,True,C,True,False,True,3,5959434.89,1121741.1,1189.0,True,True
3158300,Santana da Vargem,MG,Sim,40.0,Não,82.83,17.97,1.53,True,A,False,False,False,0,0.0,0.0,0.0,False,False
3158409,Santana de Cataguases,MG,Não,0.0,Não,87.5,0.0,0.0,True,C,True,False,True,0,0.0,0.0,0.0,False,False
3158508,Santana de Pirapama,MG,Não,0.0,Não,,0.0,0.0,True,A,False,False,False,1,408402.2,0.0,11.0,True,True
3158607,Santana do Deserto,MG,Não,6.0,Não,69.31,10.11,0.45,True,B,False,False,False,3,0.0,8064.06,28.0,True,True
3158706,Santana do Garambéu,MG,Não,0.0,Não,19.17,0.0,0.0,True,C,True,False,True,0,0.0,0.0,0.0,False,False
3158805,Santana do Jacaré,MG,Não,0.0,Sim,67.43,59.72,0.0,True,C,True,False,True,3,57541.53,9502.27,11.0,True,True
3158904,Santana do Manhuaçu,MG,Sim,330.0,Sim,53.59,245.88,16.34,True,B,False,False,False,2,5876907.59,45945.25,35.0,True,True
3158953,Santana do Paraíso,MG,Sim,320.0,Sim,68.92,118.58,1.53,True,A,False,False,False,6,46090009.31,10870000.0,904.0,True,True
3159001,Santana do Riacho,MG,,,Não,,,,False,C,True,False,True,1,0.0,257293.38,0.0,True,True
3159100,Santana dos Montes,MG,Não,0.0,Sim,,,0.0,True,C,True,False,True,1,0.0,0.0,0.0,True,False
3159209,Santa Rita de Caldas,MG,Não,5.0,Não,96.0,0.0,0.16,True,C,True,False,True,2,575756.38,47044.520000000004,13.0,True,True
3159308,Santa Rita de Jacutinga,MG,Sim,522.0,Não,44.18,0.0,20.52,True,B,False,False,False,0,0.0,0.0,0.0,False,False
3159357,Santa Rita de Minas,MG,Sim,0.0,Não,0.26,0.0,0.0,True,n.d.,False,True,True,0,0.0,0.0,0.0,False,False
3159407,Santa Rita de Ibitipoca,MG,Não,0.0,Não,86.36,0.0,0.0,True,A,False,False,False,0,0.0,0.0,0.0,False,False
3159506,Santa Rita do Itueto,MG,Não,30.0,Não,21.92,0.0,1.98,True,C,True,False,True,2,1860637.24,0.0,10.0,True,True
3159605,Santa Rita do Sapucaí,MG,Sim,3000.0,Sim,48.44,0.0,18.22,True,A,False,False,False,0,0.0,0.0,0.0,False,False
3159704,Santa Rosa da Serra,MG,Não,0.0,Não,46.88,0.0,0.0,True,n.d.,False,True,True,2,1079246.95,778006.18,36.0,True,True
3159803,Santa Vitória,MG,Sim,12.0,Não,31.55,62.21,0.12,True,C,True,False,True,0,0.0,0.0,0.0,False,False
3159902,Santo Antônio do Amparo,MG,Não,20.0,Não,36.36,0.0,0.29,True,n.d.,False,True,True,1,444880.41,52790.4,0.0,True,True
3160009,Santo Antônio do Aventureiro,MG,Não,25.0,Não,61.54,0.0,1.56,True,C,True,False,True,2,3376706.4400000004,62428.94,697.0,True,True
3160108,Santo Antônio do Grama,MG,Não,200.0,Não,74.89,0.0,12.29,True,A,False,False,False,2,306301.65,5105.03,34.0,True,True
3160207,Santo Antônio do Itambé,MG,Sim,2.0,Sim,25.88,37.17,0.29,True,A+,False,False,False,9,662329.71,443935.36,23.0,True,True
3160306,Santo Antônio do Jacinto,MG,Não,0.0,Não,82.64,300.48,0.0,True,B,False,False,False,4,3891076.13,1113771.3,144.0,True,True
3160405,Santo Antônio do Monte,MG,Não,0.0,Não,1.86,0.0,0.0,True,B,False,False,False,1,878064.72,449242.42,5.0,True,True
3160454,Santo Antônio do Retiro,MG,Não,0.0,Não,,0.0,0.0,True,C,True,False,True,2,3645949.84,0.0,10.0,True,True
3160504,Santo Antônio do Rio Abaixo,MG,Sim,52.0,Não,84.69,522.54,8.23,True,A,False,False,False,0,0.0,0.0,0.0,False,False
3160603,Santo Hipólito,MG,Não,0.0,Não,,,0.0,True,C,True,False,True,1,249314.09,0.0,2.0,True,True
3160702,Santos Dumont,MG,Não,60.0,Sim,14.29,4.94,0.31,True,C,True,False,True,2,8399121.34,240724.22,235.0,True,True
3160801,São Bento Abade,MG,Não,1.0,Não,51.06,0.0,0.06,True,A+,False,False,False,0,0.0,0.0,0.0,False,False
3160900,São Brás do Suaçuí,MG,Não,0.0,Não,0.5,0.0,0.0,True,A,False,False,False,0,0.0,0.0,0.0,False,False
3160959,São Domingos das Dores,MG,Não,0.0,Não,68.73,0.0,0.0,True,C,True,False,True,1,459452.47,51050.27,29.0,True,True
3161007,São Domingos do Prata,MG,Sim,100.0,Não,23.53,27.05,1.59,True,n.d.,False,True,True,9,8120648.7,972707.12,102.0,True,True
3161056,São Félix de Minas,MG,Sim,30.0,Não,48.28,0.0,2.49,True,B,False,False,False,3,8364314.38,96511.32,16.0,True,True
3161106,São Francisco,MG,Sim,642.0,Sim,2.49,24.33,4.14,True,C,True,False,True,5,923072.52,1061075.77,1283.0,True,True
3161205,São Francisco de Paula,MG,Sim,20.0,Não,41.67,0.0,0.8,True,B,False,False,False,2,778490.3,778490.3,26.0,True,True
3161304,São Francisco de Sales,MG,Não,0.0,Não,,,0.0,True,B,False,False,False,0,0.0,0.0,0.0,False,False
3161403,São Francisco do Glória,MG,Sim,15.0,Não,,,0.94,True,n.d.,False,True,True,0,0.0,0.0,0.0,False,False
3161502,São Geraldo,MG,Não,0.0,Não,83.64,0.98,0.0,True,A,False,False,False,1,353695.67,8446.46,0.0,True,True
3161601,São Geraldo da Piedade,MG,Não,50.0,Não,35.29,3.35,6.66,True,B,False,False,False,2,5465542.55,292625.69,32.0,True,True
3161650,São Geraldo do Baixio,MG,Sim,450.0,Não,62.5,0.0,33.61,True,B,False,False,False,2,7375000.76,52724.17,24.0,True,True
3161700,São Gonçalo do Abaeté,MG,Não,0.0,Não,11.14,0.0,0.0,True,B,False,False,False,7,1809701.67,1249378.93,2.0,True,True
3161809,São Gonçalo do Pará,MG,Não,163.0,Não,43.85,7.79,2.89,True,C,True,False,True,2,362440.01,50000.0,30.0,True,True
3161908,São Gonçalo do Rio Abaixo,MG,Não,255.0,Sim,37.37,2409.24,6.1,True,A,False,False,False,1,13446216.91,102100.55,179.0,True,True
3162005,São Gonçalo do Sapucaí,MG,Não,0.0,Não,,0.0,0.0,True,B,False,False,False,3,2181953.06,783754.12,200.0,True,True
3162104,São Gotardo,MG,Não,72.0,Não,12.0,2.23,0.43,True,A,False,False,False,4,13376912.030000001,12527737.35,118.0,True,True
3162203,São João Batista do Glória,MG,Não,0.0,Não,8.54,0.0,0.0,True,B,False,False,False,0,0.0,0.0,0.0,False,False
3162252,São João da Lagoa,MG,Sim,60.0,Não,,,3.41,True,C,True,False,True,1,469662.52,59218.32,0.0,True,True
3162302,São João da Mata,MG,Sim,0.0,Não,4.29,0.0,0.0,True,B+,False,False,False,0,0.0,0.0,0.0,False,False
3162401,São João da Ponte,MG,,,Não,,,,False,C,True,False,True,2,1503466.92,203890.49,48.0,True,True
3162450,São João das Missões,MG,,,Não,,,,False,A,False,False,False,4,0.0,28359.08,0.0,True,True
3162500,São João del Rei,MG,Sim,500.0,Sim,0.0,10.38,1.11,True,B,False,False,False,0,0.0,0.0,0.0,False,False
3162559,São João do Manhuaçu,MG,,,Não,,,,False,C,True,False,True,0,0.0,0.0,0.0,False,False
3162575,São João do Manteninha,MG,Não,100.0,Sim,46.3,0.0,3.84,True,A,False,False,False,2,2920984.8600000003,516392.66,142.0,True,True
3162609,São João do Oriente,MG,Não,320.0,Sim,59.38,0.0,10.02,True,B,False,False,False,4,25000.0,52091.09,9.0,True,True
3162658,São João do Pacuí,MG,,,Não,,,,False,C,True,False,True,2,641502.3200000001,62287.18,0.0,True,True
3162708,São João do Paraíso,MG,Sim,100.0,Não,,,1.6,True,C,True,False,True,3,10725166.43,20000.0,85.0,True,True
3162807,São João Evangelista,MG,Não,30.0,Sim,41.67,15.22,0.5,True,B,False,False,False,0,0.0,0.0,0.0,False,False
3162906,São João Nepomuceno,MG,Não,0.0,Sim,85.22,0.0,0.0,True,n.d.,False,True,True,0,0.0,0.0,0.0,False,False
3162922,São Joaquim de Bicas,MG,Sim,80.0,Não,12.44,2618.23,0.52,True,B,False,False,False,1,49008263.47,9750602.42,699.0,True,True
3162948,São José da Barra,MG,Não,0.0,Não,,12.02,0.0,True,A,False,False,False,0,0.0,0.0,0.0,False,False
3162955,São José da Lapa,MG,Sim,15.0,Não,19.42,0.0,0.13,True,C,True,False,True,2,929387.03,12186.07,32.0,True,True
3163003,São José da Safira,MG,Não,0.0,Não,55.54,0.0,0.0,True,n.d.,False,True,True,2,705702.36,22724.17,5.0,True,True
3163102,São José da Varginha,MG,,,Não,,,,False,C,True,False,True,1,0.0,10210.05,0.0,True,True
3163201,São José do Alegre,MG,Não,0.0,Não,6.29,166.26,0.0,True,A+,False,False,False,0,0.0,0.0,0.0,False,False
3163300,São José do Divino,MG,Não,30.0,Não,21.87,0.0,2.06,True,B,False,False,False,4,1425073.22,72550.55,69.0,True,True
3163409,São José do Goiabal,MG,Não,0.0,Não,,,0.0,True,A,False,False,False,1,527903.99,33680.27,0.0,True,True
3163508,São José do Jacuri,MG,Sim,15.0,Não,57.14,22.48,1.36,True,B,False,False,False,1,2625794.42,63876.38,3.0,True,True
3163607,São José do Mantimento,MG,Sim,25.0,Não,38.46,0.0,3.0,True,C,True,False,True,1,255251.37,37266.7,36.0,True,True
3163706,São Lourenço,MG,Sim,1000.0,Não,54.62,8.52,4.35,True,B,False,False,False,4,510502.74,0.0,0.0,True,True
3163805,São Miguel do Anta,MG,Sim,129.0,Não,88.73,0.0,7.5,True,C,True,False,True,0,0.0,0.0,0.0,False,False
3163904,São Pedro da União,MG,Não,0.0,Não,80.0,0.0,0.0,True,A,False,False,False,0,0.0,0.0,0.0,False,False
3164001,São Pedro dos Ferros,MG,Não,15.0,Sim,76.47,0.0,0.52,True,C,True,False,True,3,2528563.92,1507004.1,687.0,True,True
3164100,São Pedro do Suaçuí,MG,Sim,167.0,Sim,0.6,16.62,12.63,True,C,True,False,True,3,1969054.75,54398.41,24.0,True,True
3164209,São Romão,MG,,,Sim,,,,False,C,True,False,True,2,607000.0,639087.1799999999,319.0,True,True
3164308,São Roque de Minas,MG,Sim,4.0,Não,,,0.14,True,C,True,False,True,3,13085256.95,6708467.44,32.0,True,True
3164407,São Sebastião da Bela Vista,MG,Não,20.0,Sim,75.0,0.0,0.77,True,C,True,False,True,2,401207.03,105580.8,98.0,True,True
3164431,São Sebastião da Vargem Alegre,MG,Sim,0.0,Não,87.5,24.79,0.0,True,B,False,False,False,1,453997.43,0.0,0.0,True,True
3164472,São Sebastião do Anta,MG,Não,600.0,Não,80.0,0.0,24.76,True,C,True,False,True,1,1031215.54,51050.27,37.0,True,True
3164506,São Sebastião do Maranhão,MG,Não,0.0,Não,31.65,0.0,0.0,True,A,False,False,False,0,0.0,0.0,0.0,False,False
3164605,São Sebastião do Oeste,MG,Não,0.0,Não,11.82,0.0,0.0,True,C,True,False,True,0,0.0,0.0,0.0,False,False
3164704,São Sebastião do Paraíso,MG,Sim,400.0,Não,21.74,19.01,1.3,True,B,False,False,False,0,0.0,0.0,0.0,False,False
3164803,São Sebastião do Rio Preto,MG,Não,0.0,Não,,0.0,0.0,True,A+,False,False,False,1,0.0,0.0,4.0,True,False
3164902,São Sebastião do Rio Verde,MG,Não,10.0,Não,85.98,0.0,1.12,True,C,True,False,True,0,0.0,0.0,0.0,False,False
3165008,São Tiago,MG,Sim,0.0,Não,54.55,0.0,0.0,True,B,False,False,False,2,1605414.79,52790.4,0.0,True,True
3165107,São Tomás de Aquino,MG,Não,0.0,Não,15.0,107.37,0.0,True,B,False,False,False,0,0.0,0.0,0.0,False,False
3165206,São Thomé das Letras,MG,Sim,7.0,Não,92.31,0.0,0.28,True,A,False,False,False,3,581750.2000000001,0.0,12.0,True,True
3165305,São Vicente de Minas,MG,,,Não,,,,False,A+,False,False,False,1,0.0,0.0,0.0,True,False
3165404,Sapucaí-Mirim,MG,,,Sim,,,,False,A,False,False,False,2,31400.3,10210.05,2.0,True,True
3165503,Sardoá,MG,Não,10.0,Sim,4.4,20.46,0.85,True,C,True,False,True,2,3703495.94,74997.62,45.0,True,True
3165537,Sarzedo,MG,Sim,166.0,Sim,19.82,35.96,1.04,True,C,True,False,True,1,6126032.93,0.0,187.0,True,True
3165552,Setubinha,MG,,,Não,,,,False,C,True,False,True,4,2226874.23,201088.32,34.0,True,True
3165560,Sem-Peixe,MG,,,Não,,,,False,B,False,False,False,3,15484290.87,297321.49,356.0,True,True
3165578,Senador Amaral,MG,Não,24.0,Não,6.47,7.5,1.37,True,A+,False,False,False,2,49571.73,15315.08,1.0,True,True
3165602,Senador Cortes,MG,Sim,0.0,Não,28.95,0.0,0.0,True,A,False,False,False,0,0.0,0.0,0.0,False,False
3165701,Senador Firmino,MG,Não,142.0,Sim,75.86,0.0,4.26,True,A,False,False,False,1,150000.0,6000.0,0.0,True,True
3165800,Senador José Bento,MG,,,Não,,,,False,B,False,False,False,0,0.0,0.0,0.0,False,False
3165909,Senador Modestino Gonçalves,MG,Não,0.0,Não,,,0.0,True,C,True,False,True,3,2305793.71,243090.5,117.0,True,True
3166006,Senhora de Oliveira,MG,Sim,10.0,Sim,33.33,0.0,0.52,True,C,True,False,True,1,204.2,275671.48,19.0,True,True
3166105,Senhora do Porto,MG,Não,0.0,Não,5.0,0.0,0.0,True,C,True,False,True,1,791855.98,0.0,9.0,True,True
3166204,Senhora dos Remédios,MG,Não,30.0,Não,84.29,0.0,1.13,True,B,False,False,False,5,18948850.85,302364.76999999996,38.0,True,True
3166303,Sericita,MG,Não,35.0,Não,75.17,0.0,1.88,True,A,False,False,False,1,731341.33,123320.02,52.0,True,True
3166402,Seritinga,MG,Não,15.0,Sim,71.13,0.0,1.84,True,A,False,False,False,0,0.0,0.0,0.0,False,False
3166501,Serra Azul de Minas,MG,Sim,20.0,Não,55.56,100.35,2.08,True,C,True,False,True,2,105580.8,0.0,0.0,True,True
3166600,Serra da Saudade,MG,Não,0.0,Não,,,0.0,True,C,True,False,True,0,0.0,0.0,0.0,False,False
3166709,Serra dos Aimorés,MG,Não,230.0,Não,11.69,0.0,7.85,True,C,True,False,True,1,30630.16,0.0,12.0,True,True
3166808,Serra do Salitre,MG,Não,0.0,Não,28.75,8.63,0.0,True,A,False,False,False,0,0.0,0.0,0.0,False,False
3166907,Serrania,MG,Não,0.0,Não,70.0,0.0,0.0,True,C,True,False,True,0,0.0,0.0,0.0,False,False
3166956,Serranópolis de Minas,MG,Não,0.0,Não,,,0.0,True,C,True,False,True,6,4218931.23,112596.54,10.0,True,True
3167004,Serranos,MG,Não,10.0,Sim,40.0,0.0,1.1,True,C,True,False,True,0,0.0,0.0,0.0,False,False
3167103,Serro,MG,Não,15.0,Sim,12.5,0.0,0.21,True,C,True,False,True,2,22924822.1,570790.78,39.0,True,True
3167202,Sete Lagoas,MG,Sim,150.0,Sim,2.15,4.47,0.15,True,C,True,False,True,8,3462575.51,469662.52,135.0,True,True
3167301,Silveirânia,MG,,,Não,,,,False,B,False,False,False,1,0.0,0.0,2.0,True,False
3167400,Silvianópolis,MG,Sim,36.0,Não,10.73,0.0,1.67,True,A+,False,False,False,1,221719.67,21116.16,2.0,True,True
3167509,Simão Pereira,MG,Não,200.0,Não,66.67,0.0,18.37,True,A,False,False,False,0,0.0,0.0,0.0,False,False
3167608,Simonésia,MG,Sim,20.0,Sim,10.0,30.55,0.42,True,A,False,False,False,1,408402.2,0.0,6.0,True,True
3167707,Sobrália,MG,Não,7.0,Não,40.0,0.0,0.35,True,A,False,False,False,2,1290620.88,288705.15,86.0,True,True
3167806,Soledade de Minas,MG,Sim,58.0,Não,92.86,0.0,2.82,True,A,False,False,False,4,1332108.46,232464.39,153.0,True,True
3167905,Tabuleiro,MG,,,Não,,,,False,A,False,False,False,1,234917.27,7991.41,16.0,True,True
3168002,Taiobeiras,MG,Não,0.0,Não,1.52,0.0,0.0,True,A,False,False,False,1,3024021.35,0.0,149.0,True,True
3168051,Taparuba,MG,Sim,350.0,Sim,25.0,0.0,25.98,True,C,True,False,True,2,5105027.4399999995,79638.42,210.0,True,True
3168101,Tapira,MG,Não,0.0,Não,,,0.0,True,A,False,False,False,1,0.0,0.0,1.0,True,False
3168200,Tapiraí,MG,Não,0.0,Não,,,0.0,True,C,True,False,True,2,0.0,168465.91,90.0,True,True
3168309,Taquaraçu de Minas,MG,Não,0.0,Não,20.0,0.0,0.0,True,n.d.,False,True,True,2,7244770.14,3920463.5999999996,5.0,True,True
3168408,Tarumirim,MG,Não,50.0,Não,45.56,0.0,1.04,True,n.d.,False,True,True,2,4033186.45,861328.14,16.0,True,True
3168507,Teixeiras,MG,Sim,200.0,Sim,46.0,10.57,4.52,True,B,False,False,False,1,482935.6,510.5,20.0,True,True
3168606,Teófilo Otoni,MG,Não,5000.0,Sim,22.22,8.24,9.33,True,C,True,False,True,10,14286655.370000001,2346285.14,1401.0,True,True
3168705,Timóteo,MG,,,Sim,,,,False,C,True,False,True,13,23951579.89,3463637.1399999997,1275.0,True,True
3168804,Tiradentes,MG,,,Não,,,,False,C,True,False,True,0,0.0,0.0,0.0,False,False
3168903,Tiros,MG,Não,0.0,Não,37.5,0.0,0.0,True,A,False,False,False,1,399420.92,2030990.24,15.0,True,True
3169000,Tocantins,MG,Não,50.0,Sim,96.49,17.77,0.76,True,C,True,False,True,1,544796.91,79185.6,48.0,True,True
3169059,Tocos do Moji,MG,Sim,35.0,Não,11.97,0.0,3.34,True,A+,False,False,False,1,2593353.94,88827.48,8.0,True,True
3169109,Toledo,MG,Não,0.0,Não,94.74,4.4,0.0,True,A+,False,False,False,0,0.0,0.0,0.0,False,False
3169208,Tombos,MG,Não,80.0,Sim,,0.0,2.09,True,B,False,False,False,2,1534421.11,25647.8,226.0,True,True
3169307,Três Corações,MG,Sim,1500.0,Sim,77.63,0.0,4.87,True,C,True,False,True,6,1159655.67,52926.479999999996,274.0,True,True
3169356,Três Marias,MG,Não,0.0,Sim,4.94,0.0,0.0,True,n.d.,False,True,True,0,0.0,0.0,0.0,False,False
3169406,Três Pontas,MG,Não,164.0,Não,53.98,0.0,0.73,True,C,True,False,True,0,0.0,0.0,0.0,False,False
3169505,Tumiritinga,MG,Não,300.0,Sim,45.14,0.0,13.0,True,n.d.,False,True,True,4,2325647.84,385082.14,320.0,True,True
3169604,Tupaciguara,MG,,,Não,,,,False,n.d.,False,True,True,0,0.0,0.0,0.0,False,False
3169703,Turmalina,MG,Não,0.0,Não,9.02,23.63,0.0,True,C,True,False,True,4,10688118.58,444445.6,58.0,True,True
3169802,Turvolândia,MG,,,Não,,,,False,C,True,False,True,0,0.0,0.0,0.0,False,False
3169901,Ubá,MG,Sim,10000.0,Sim,25.81,9.72,21.2,True,B,False,False,False,2,36997698.19,731658.68,84.0,True,True
3170008,Ubaí,MG,Não,0.0,Não,,0.0,0.0,True,n.d.,False,True,True,2,549811.46,29540.66,146.0,True,True
3170057,Ubaporanga,MG,Sim,250.0,Sim,62.89,0.0,7.95,True,C,True,False,True,2,3604149.37,183780.97999999998,36.0,True,True
3170107,Uberaba,MG,Sim,160.0,Não,64.54,11.98,0.1,True,B,False,False,False,2,205275710.61,258214.48,100.0,True,True
3170206,Uberlândia,MG,Sim,30.0,Sim,43.77,0.01,0.01,True,C,True,False,True,1,0.0,0.0,0.0,True,False
3170305,Umburatiba,MG,,,Não,,,,False,C,True,False,True,3,4856849.53,703035.78,290.0,True,True
3170404,Unaí,MG,Não,200.0,Sim,18.69,3.23,0.58,True,A,False,False,False,4,7468098.5,2926005.49,25.0,True,True
3170438,União de Minas,MG,Não,0.0,Sim,17.65,0.0,0.0,True,n.d.,False,True,True,1,209306.13,0.0,0.0,True,True
3170479,Uruana de Minas,MG,,,Não,,,,False,C,True,False,True,2,3699600.6,85787.84,50.0,True,True
3170503,Urucânia,MG,Não,0.0,Sim,6.23,0.0,0.0,True,A,False,False,False,4,12682733.700000001,139587.6,59.0,True,True
3170529,Urucuia,MG,Sim,30.0,Não,,0.0,1.07,True,C,True,False,True,4,3216443.04,20420.11,22.0,True,True
3170578,Vargem Alegre,MG,Sim,300.0,Sim,63.83,0.0,11.69,True,B,False,False,False,2,1907005.38,700561.73,1216.0,True,True
3170602,Vargem Bonita,MG,Sim,20.0,Não,83.33,2.5,1.9,True,A,False,False,False,1,1050000.0,0.0,8.0,True,True
3170651,Vargem Grande do Rio Pardo,MG,Não,0.0,Não,,,0.0,True,C,True,False,True,1,321704.4,420359.58,0.0,True,True
3170701,Varginha,MG,Não,0.0,Não,55.88,0.0,0.0,True,A,False,False,False,1,300000.0,80000.0,65.0,True,True
3170750,Varjão de Minas,MG,Não,0.0,Não,87.65,0.0,0.0,True,C,True,False,True,0,0.0,0.0,0.0,False,False
3170800,Várzea da Palma,MG,Não,405.0,Sim,12.5,0.0,2.78,True,B+,False,False,False,2,1482011.28,44460.34,200.0,True,True
3170909,Varzelândia,MG,,,Não,,,,False,C,True,False,True,0,0.0,0.0,0.0,False,False
3171006,Vazante,MG,Sim,50.0,Não,17.05,0.0,0.6,True,A,False,False,False,4,118560.9,8798.41,0.0,True,True
3171030,Verdelândia,MG,Não,10.0,Não,,,0.45,True,C,True,False,True,2,2888630.0100000002,0.0,40.0,True,True
3171071,Veredinha,MG,Não,5.0,Não,11.83,41.81,0.21,True,C,True,False,True,2,3213297.61,0.0,0.0,True,True
3171105,Veríssimo,MG,Não,1.0,Não,2.45,0.0,0.07,True,A,False,False,False,1,474243.61,39999.29,0.0,True,True
3171154,Vermelho Novo,MG,Não,0.0,Não,58.33,16.23,0.0,True,A,False,False,False,0,0.0,0.0,0.0,False,False
3171204,Vespasiano,MG,,,Sim,,,,False,C,True,False,True,3,13787241.39,148926.96000000002,1374.0,True,True
3171303,Viçosa,MG,Não,6.0,Sim,,,0.02,True,A,False,False,False,5,10617450.540000001,5469004.659999999,119.0,True,True
3171402,Vieiras,MG,Sim,10.0,Não,,0.0,0.88,True,C,True,False,True,1,1291571.94,0.0,1.0,True,True
3171501,Mathias Lobato,MG,,,Não,,,,False,C,True,False,True,1,694283.73,9801.65,0.0,True,True
3171600,Virgem da Lapa,MG,Não,0.0,Não,3.85,0.0,0.0,True,B,False,False,False,1,207284.87,36744.0,35.0,True,True
3171709,Virgínia,MG,Sim,36.0,Não,90.0,0.0,1.36,True,B,False,False,False,2,350714.69,0.0,0.0,True,True
3171808,Virginópolis,MG,,,Não,,,,False,C,True,False,True,0,0.0,0.0,0.0,False,False
3171907,Virgolândia,MG,Não,107.0,Sim,77.06,167.66,6.55,True,n.d.,False,True,True,4,1803714.35,14981.300000000001,36.0,True,True
3172004,Visconde do Rio Branco,MG,Sim,3000.0,Sim,90.7,831.12,18.2,True,n.d.,False,True,True,4,2765571.73,131079.94,63.0,True,True
3172103,Volta Grande,MG,Não,50.0,Não,37.33,61.13,2.54,True,B,False,False,False,0,0.0,0.0,0.0,False,False
3172202,Wenceslau Braz,MG,Não,0.0,Não,,,0.0,True,C,True,False,True,6,335421.97,72255.9,1.0,True,True
3200102,Afonso Cláudio,ES,Sim,926.0,Sim,84.39,0.0,10.89,True,A+,False,False,False,3,122520.66,1327307.14,23.0,True,True
3200136,Águia Branca,ES,Sim,265.0,Não,90.06,0.0,15.13,True,B+,False,False,False,0,0.0,0.0,0.0,False,False
3200169,Água Doce do Norte,ES,Não,0.0,Sim,,0.0,0.0,True,B+,False,False,False,1,0.0,0.0,0.0,True,False
3200201,Alegre,ES,Sim,4200.0,Sim,74.63,8.26,33.52,True,B,False,False,False,7,48961480.260000005,9318796.93,3071.0,True,True
3200300,Alfredo Chaves,ES,Sim,1300.0,Sim,46.15,0.0,32.19,True,C,True,False,True,4,6273847.75,296402.26,160.0,True,True
3200359,Alto Rio Novo,ES,Sim,20.0,Não,47.62,0.0,0.88,True,A+,False,False,False,0,0.0,0.0,0.0,False,False
3200409,Anchieta,ES,Não,0.0,Sim,1.23,0.0,0.0,True,B+,False,False,False,1,0.0,0.0,0.0,True,False
3200508,Apiacá,ES,Sim,1200.0,Sim,,,41.37,True,B+,False,False,False,4,56959714.4,7275178.140000001,4680.0,True,True
3200607,Aracruz,ES,Sim,450.0,Sim,72.88,434.0,1.15,True,A+,False,False,False,7,60832017.53,740228.98,238.0,True,True
3200706,Atílio Vivácqua,ES,Sim,200.0,Sim,90.71,0.0,5.77,True,C,True,False,True,1,5928045.12,0.0,16.0,True,True
3200805,Baixo Guandu,ES,Sim,735.0,Sim,9.71,0.0,5.89,True,A+,False,False,False,10,0.0,0.0,47.0,True,False
3200904,Barra de São Francisco,ES,Sim,18.0,Sim,16.05,0.0,0.12,True,C,True,False,True,16,5814255.35,348823.01,100.0,True,True
3201001,Boa Esperança,ES,Sim,0.0,Não,14.13,0.0,0.0,True,B,False,False,False,1,29640.23,14820.11,21.0,True,True
3201100,Bom Jesus do Norte,ES,Não,1200.0,Sim,,19.68,24.63,True,B+,False,False,False,13,112099075.41,2007778.73,8123.0,True,True
3201159,Brejetuba,ES,Não,200.0,Sim,,0.0,9.15,True,A+,False,False,False,0,0.0,0.0,0.0,False,False
3201209,Cachoeiro de Itapemirim,ES,Sim,1204.0,Sim,10.36,10.75,1.44,True,B,False,False,False,12,0.0,0.0,631.0,True,False
3201308,Cariacica,ES,Sim,1118.0,Sim,44.4,86.31,0.7,True,A+,False,False,False,1,52509930.18,1118830.46,299.0,True,True
3201407,Castelo,ES,Sim,2110.0,Sim,0.67,0.0,15.56,True,A+,False,False,False,2,1758302.65,59442.94,1587.0,True,True
3201506,Colatina,ES,Sim,4256.0,Sim,36.36,150.36,8.06,True,A+,False,False,False,6,248574.84,98655.24,204.0,True,True
3201605,Conceição da Barra,ES,Não,250.0,Sim,,,2.05,True,B+,False,False,False,1,0.0,0.0,0.0,True,False
3201704,Conceição do Castelo,ES,Sim,30.0,Sim,75.18,33.02,0.88,True,A+,False,False,False,1,255000.0,0.0,4.0,True,True
3201803,Divino de São Lourenço,ES,Sim,90.0,Sim,69.57,0.0,7.57,True,C,True,False,True,0,0.0,0.0,0.0,False,False
3201902,Domingos Martins,ES,Sim,100.0,Sim,22.5,0.0,1.2,True,A,False,False,False,1,9880.08,0.0,2.0,True,True
3202009,Dores do Rio Preto,ES,,,Sim,,,,False,A+,False,False,False,2,72862.48,0.0,24.0,True,True
3202108,Ecoporanga,ES,Sim,3000.0,Sim,12.33,3.29,35.98,True,A+,False,False,False,0,0.0,0.0,0.0,False,False
3202207,Fundão,ES,,,Sim,,,,False,B,False,False,False,10,2503105.77,0.0,868.0,True,True
3202256,Governador Lindenberg,ES,Sim,740.0,Sim,33.13,0.0,29.94,True,B+,False,False,False,1,2500000.0,2050.0,36.0,True,True
3202306,Guaçuí,ES,,,Sim,,,,False,B+,False,False,False,17,3413585.5,1327518.44,1159.0,True,True
3202405,Guarapari,ES,Sim,420.0,Sim,7.46,0.0,0.49,True,C,True,False,True,0,0.0,0.0,0.0,False,False
3202454,Ibatiba,ES,Sim,1984.0,Sim,8.05,42.19,24.9,True,A,False,False,False,2,2035764.86,42204.81,1304.0,True,True
3202504,Ibiraçu,ES,Sim,1130.0,Sim,66.67,0.0,26.75,True,A,False,False,False,3,5912292.64,15806.18,10.0,True,True
3202553,Ibitirama,ES,Sim,700.0,Sim,60.71,64.51,29.97,True,C,True,False,True,7,280957.49,24963.18,19.0,True,True
3202603,Iconha,ES,Sim,1000.0,Sim,10.21,269.91,26.34,True,B+,False,False,False,8,1036798.53,231021.39,4.0,True,True
3202652,Irupi,ES,Sim,474.0,Sim,85.56,0.0,16.42,True,C,True,False,True,7,2466422.05,988.01,171.0,True,True
3202702,Itaguaçu,ES,Sim,1500.0,Sim,27.78,120.98,36.99,True,B+,False,False,False,8,1314807.0499999998,83325.06000000001,64.0,True,True
3202801,Itapemirim,ES,Sim,1000.0,Sim,34.88,0.0,6.45,True,B+,False,False,False,10,0.0,0.0,1.0,True,False
3202900,Itarana,ES,Sim,400.0,Sim,85.0,217.09,15.13,True,A+,False,False,False,4,4880090.33,302934.16000000003,337.0,True,True
3203007,Iúna,ES,Sim,320.0,Sim,1.89,20.43,3.62,True,C,True,False,True,0,0.0,0.0,0.0,False,False
3203056,Jaguaré,ES,Sim,0.0,Sim,7.97,22.4,0.0,True,B+,False,False,False,1,11231060.38,0.0,25.0,True,True
3203106,Jerônimo Monteiro,ES,Sim,452.0,Sim,71.32,1.32,9.94,True,C,True,False,True,3,2364133.25,1368672.14,1268.0,True,True
3203130,João Neiva,ES,Sim,2000.0,Sim,53.34,0.0,38.83,True,A,False,False,False,4,6225070.47,204201.1,71.0,True,True
3203163,Laranja da Terra,ES,Sim,35.0,Sim,68.4,0.0,1.79,True,A,False,False,False,2,0.0,0.0,0.0,True,False
3203205,Linhares,ES,Sim,200.0,Sim,12.75,72.85,0.28,True,B+,False,False,False,16,37605621.73,0.0,2889.0,True,True
3203304,Mantenópolis,ES,Sim,25.0,Sim,28.49,0.0,0.5,True,B+,False,False,False,2,245099.76,2144.7,2.0,True,True
3203320,Marataízes,ES,Sim,18.0,Sim,35.01,76.39,0.08,True,C,True,False,True,0,0.0,0.0,0.0,False,False
3203346,Marechal Floriano,ES,Sim,736.0,Sim,60.87,0.0,14.88,True,C,True,False,True,9,13910384.72,10219433.77,59.0,True,True
3203353,Marilândia,ES,Não,0.0,Sim,,,0.0,True,A+,False,False,False,2,1559075.38,7481.93,182.0,True,True
3203403,Mimoso do Sul,ES,Sim,3850.0,Sim,24.0,0.0,49.01,True,C,True,False,True,16,82849892.2,5405114.43,11106.0,True,True
3203502,Montanha,ES,Não,112.0,Não,,,1.56,True,B+,False,False,False,0,0.0,0.0,0.0,False,False
3203601,Mucurici,ES,Não,0.0,Não,85.71,0.0,0.0,True,A,False,False,False,0,0.0,0.0,0.0,False,False
3203700,Muniz Freire,ES,Sim,200.0,Sim,64.52,0.0,4.1,True,C,True,False,True,11,40311046.1,1708216.54,583.0,True,True
3203809,Muqui,ES,Sim,25.0,Sim,14.98,0.0,0.55,True,B+,False,False,False,4,2901616.15,9691347.77,42.0,True,True
3203908,Nova Venécia,ES,Sim,140.0,Sim,79.25,0.0,0.79,True,B+,False,False,False,3,6090297.74,40145.2,212.0,True,True
3204005,Pancas,ES,Sim,442.0,Sim,12.4,0.0,9.29,True,B,False,False,False,1,0.0,0.0,0.0,True,False
3204054,Pedro Canário,ES,Não,0.0,Sim,60.39,220.6,0.0,True,B+,False,False,False,3,8614223.31,0.0,65.0,True,True
3204104,Pinheiros,ES,Não,70.0,Não,16.67,1.27,0.82,True,A+,False,False,False,1,536174.0,0.0,550.0,True,True
3204203,Piúma,ES,Sim,2673.0,Sim,30.49,0.0,16.02,True,B+,False,False,False,0,0.0,0.0,0.0,False,False
3204252,Ponto Belo,ES,Não,0.0,Não,24.89,0.0,0.0,True,B+,False,False,False,1,204201.1,0.0,0.0,True,True
3204302,Presidente Kennedy,ES,Sim,0.0,Sim,34.78,414.04,0.0,True,C,True,False,True,0,0.0,0.0,0.0,False,False
3204351,Rio Bananal,ES,Sim,360.0,Sim,3.23,0.0,8.38,True,A+,False,False,False,1,9339511.0,0.0,217.0,True,True
3204401,Rio Novo do Sul,ES,Sim,200.0,Sim,23.14,0.0,6.21,True,A,False,False,False,2,2936795.23,494003.76,35.0,True,True
3204500,Santa Leopoldina,ES,Sim,258.0,Sim,20.92,0.0,14.49,True,A+,False,False,False,5,7105589.88,59920.11,1208.0,True,True
3204559,Santa Maria de Jetibá,ES,Sim,157.0,Sim,48.27,70.82,1.82,True,A,False,False,False,2,0.0,0.0,20.0,True,False
3204609,Santa Teresa,ES,,,Sim,,,,False,A+,False,False,False,1,0.0,0.0,47.0,True,False
3204658,São Domingos do Norte,ES,Sim,50.0,Sim,21.74,36.12,2.61,True,A,False,False,False,4,2703888.2399999998,24638.55,76.0,True,True
3204708,São Gabriel da Palha,ES,Sim,2329.0,Sim,92.89,0.07,18.79,True,B,False,False,False,1,169486.91,0.0,440.0,True,True
3204807,São José do Calçado,ES,Não,750.0,Sim,,0.0,14.96,True,C,True,False,True,5,19148182.79,709713.8300000001,1094.0,True,True
3204906,São Mateus,ES,,,Sim,,,,False,A+,False,False,False,11,164092173.6,91890.5,1614.0,True,True
3204955,São Roque do Canaã,ES,Sim,55.0,Sim,42.87,314.14,1.84,True,B+,False,False,False,2,20000.0,0.0,16.0,True,True
3205002,Serra,ES,Sim,7221.0,Sim,31.2,64.19,2.97,True,A+,False,False,False,2,697026.2,0.0,1033.0,True,True
3205010,Sooretama,ES,Sim,300.0,Sim,21.96,0.0,3.07,True,B+,False,False,False,8,380835.05,15396.76,152.0,True,True
3205036,Vargem Alta,ES,Sim,1050.0,Sim,70.36,0.0,19.28,True,A+,False,False,False,8,59410539.17,1696273.89,586.0,True,True
3205069,Venda Nova do Imigrante,ES,,,Sim,,,,False,A+,False,False,False,5,800950.75,226300.0,92.0,True,True
3205101,Viana,ES,Sim,1600.0,Sim,7.05,174.42,5.12,True,A+,False,False,False,4,34278695.910000004,102100.55,2662.0,True,True
3205150,Vila Pavão,ES,Sim,15.0,Sim,16.67,0.0,0.72,True,A,False,False,False,1,2270588.58,0.0,348.0,True,True
3205176,Vila Valério,ES,,,Sim,,,,False,B+,False,False,False,1,5196917.94,0.0,4.0,True,True
3205200,Vila Velha,ES,Sim,84930.0,Sim,87.07,98.04,37.96,True,A+,False,False,False,2,0.0,0.0,16.0,True,False
3205309,Vitória,ES,Não,0.0,Sim,80.0,130.92,0.0,True,A+,False,False,False,7,0.0,0.0,65.0,True,False
3300100,Angra dos Reis,RJ,Sim,10000.0,Sim,68.29,342.72,10.42,True,C,True,False,True,6,77315555.77000001,29361908.75,40848.0,True,True
3300159,Aperibé,RJ,Sim,626.0,Sim,43.98,0.0,12.39,True,C,True,False,True,5,1783794.94,19942.9,722.0,True,True
3300209,Araruama,RJ,Não,34.0,Sim,2.22,51.31,0.04,True,A,False,False,False,0,0.0,0.0,0.0,False,False
3300225,Areal,RJ,Não,650.0,Sim,10.0,0.0,11.8,True,n.d.,False,True,True,0,0.0,0.0,0.0,False,False
3300233,Armação dos Búzios,RJ,Não,0.0,Não,28.82,230.61,0.0,True,n.d.,False,True,True,0,0.0,0.0,0.0,False,False
3300258,Arraial do Cabo,RJ,Não,0.0,Não,45.45,0.0,0.0,True,n.e.,False,True,True,12,0.0,0.0,0.0,True,False
3300308,Barra do Piraí,RJ,Sim,9210.0,Sim,0.0,0.0,20.99,True,C,True,False,True,16,66660503.05,6746830.680000001,3932.0,True,True
3300407,Barra Mansa,RJ,Sim,1144.0,Sim,31.7,0.0,1.45,True,C,True,False,True,2,13178739.879999999,156138.16,7993.0,True,True
3300456,Belford Roxo,RJ,Sim,25500.0,Sim,52.15,13.4,11.98,True,n.e.,False,True,True,2,28737609.3,709177.31,1027.0,True,True
3300506,Bom Jardim,RJ,Sim,450.0,Sim,55.94,16.77,3.9,True,C,True,False,True,0,0.0,0.0,0.0,False,False
3300605,Bom Jesus do Itabapoana,RJ,Sim,1550.0,Sim,,,9.66,True,C,True,False,True,12,19766962.66,4747110.87,3869.0,True,True
3300704,Cabo Frio,RJ,Não,3000.0,Não,32.79,0.0,1.87,True,B,False,False,False,0,0.0,0.0,0.0,False,False
3300803,Cachoeiras de Macacu,RJ,Não,65.0,Sim,20.59,31.69,0.24,True,C,True,False,True,4,27765049.4,428337.04000000004,1212.0,True,True
3300902,Cambuci,RJ,,,Sim,,,,False,C,True,False,True,6,1976387.01,106906.62,1303.0,True,True
3300936,Carapebus,RJ,Sim,94.0,Sim,94.21,0.0,1.62,True,C,True,False,True,3,31189692.15,5213922.62,1624.0,True,True
3300951,Comendador Levy Gasparian,RJ,Sim,1200.0,Sim,34.43,0.0,31.91,True,n.d.,False,True,True,4,0.0,0.0,0.0,True,False
3301009,Campos dos Goytacazes,RJ,Sim,63000.0,Sim,9.37,32.59,27.21,True,C,True,False,True,8,26239841.06,0.0,1142.0,True,True
3301108,Cantagalo,RJ,Sim,120.0,Sim,73.26,0.88,1.45,True,A,False,False,False,4,1910572.45,0.0,104.0,True,True
3301157,Cardoso Moreira,RJ,Sim,2000.0,Sim,10.0,0.0,41.69,True,C,True,False,True,5,637949.81,5105.03,510.0,True,True
3301207,Carmo,RJ,Sim,301.0,Não,62.68,78.99,4.01,True,n.e.,False,True,True,4,546402.28,0.0,329.0,True,True
3301306,Casimiro de Abreu,RJ,Sim,350.0,Sim,81.42,100.12,1.44,True,C,True,False,True,1,0.0,0.0,35.0,True,False
3301405,Conceição de Macabu,RJ,Não,0.0,Sim,,0.0,0.0,True,C,True,False,True,2,2518026.34,446324.23,468.0,True,True
3301504,Cordeiro,RJ,Sim,82.0,Sim,,,0.85,True,C,True,False,True,2,32546984.599999998,2346662.73,42.0,True,True
3301603,Duas Barras,RJ,Não,600.0,Não,65.13,0.0,14.84,True,C,True,False,True,0,0.0,0.0,0.0,False,False
3301702,Duque de Caxias,RJ,Sim,31070.0,Sim,48.37,76.56,8.27,True,C,True,False,True,6,21962522.9,2692000.26,1971.0,True,True
3301801,Engenheiro Paulo de Frontin,RJ,,,Sim,,,,False,C,True,False,True,8,70106735.4,241573.73,551.0,True,True
3301850,Guapimirim,RJ,Sim,600.0,Sim,71.43,0.0,2.33,True,C,True,False,True,8,122410.32,2786.18,190.0,True,True
3301876,Iguaba Grande,RJ,Sim,600.0,Não,47.02,0.0,2.73,True,A,False,False,False,0,0.0,0.0,0.0,False,False
3301900,Itaboraí,RJ,Sim,1000.0,Sim,34.44,1.89,0.86,True,C,True,False,True,0,0.0,0.0,0.0,False,False
3302007,Itaguaí,RJ,Sim,0.0,Sim,88.54,163.11,0.0,True,n.e.,False,True,True,0,0.0,0.0,0.0,False,False
3302056,Italva,RJ,Não,490.0,Sim,36.1,0.0,9.18,True,C,True,False,True,8,11841818.01,155548.13,449.0,True,True
3302106,Itaocara,RJ,Não,2000.0,Sim,42.86,0.0,20.07,True,C,True,False,True,9,820877.3,13803.99,1247.0,True,True
3302205,Itaperuna,RJ,Sim,3447.0,Sim,36.92,0.0,7.06,True,C,True,False,True,12,17837231.970000003,206716.47,2731.0,True,True
3302254,Itatiaia,RJ,Sim,1000.0,Não,8.0,43.15,6.4,True,A,False,False,False,0,0.0,0.0,0.0,False,False
3302270,Japeri,RJ,Sim,150.0,Sim,0.08,0.0,0.35,True,C,True,False,True,4,294130199.28,313186.82,1475.0,True,True
3302304,Laje do Muriaé,RJ,Sim,454.0,Sim,20.0,0.0,15.37,True,n.d.,False,True,True,6,6893441.0,1652736.74,1539.0,True,True
3302403,Macaé,RJ,Sim,280.0,Sim,82.76,0.0,0.22,True,A,False,False,False,3,15240265.11,592183.18,254.0,True,True
3302452,Macuco,RJ,Sim,40.0,Sim,0.73,0.0,1.91,True,n.d.,False,True,True,5,7634984.43,2183926.88,58.0,True,True
3302502,Magé,RJ,Sim,203.0,Sim,15.36,70.87,0.18,True,n.e.,False,True,True,25,2608705.87,117387.64,898.0,True,True
3302601,Mangaratiba,RJ,Sim,11106.0,Sim,80.0,0.0,26.4,True,C,True,False,True,1,9265357.97,107459.35,85.0,True,True
3302700,Maricá,RJ,Sim,336.0,Sim,15.9,358.68,0.3,True,A+,False,False,False,2,0.0,0.0,0.0,True,False
3302809,Mendes,RJ,Sim,27.0,Sim,,,0.3,True,n.e.,False,True,True,5,3214552.8200000003,155793.5,921.0,True,True
3302858,Mesquita,RJ,Sim,180.0,Sim,71.22,0.0,0.25,True,n.e.,False,True,True,3,53844125.69,611548.74,2768.0,True,True
3302908,Miguel Pereira,RJ,Sim,1300.0,Sim,64.0,577.18,9.54,True,C,True,False,True,3,2666910.01,248815.53,54.0,True,True
3303005,Miracema,RJ,Não,406.0,Sim,39.76,0.0,3.52,True,n.e.,False,True,True,5,16974995.74,8197287.05,1594.0,True,True
3303104,Natividade,RJ,Não,2000.0,Sim,18.51,11.45,29.18,True,C,True,False,True,2,10723.48,373268.1,1404.0,True,True
3303203,Nilópolis,RJ,Não,4200.0,Sim,99.0,0.0,6.63,True,A,False,False,False,2,2996697.19,1163892.77,104.0,True,True
3303302,Niterói,RJ,Sim,8458.0,Sim,90.38,55.86,3.45,True,A,False,False,False,0,0.0,0.0,0.0,False,False
3303401,Nova Friburgo,RJ,Sim,5000.0,Sim,64.29,0.0,5.39,True,C,True,False,True,9,20412.12,20420.11,49.0,True,True
3303500,Nova Iguaçu,RJ,Sim,18682.0,Sim,81.63,90.78,5.03,True,C,True,False,True,8,58770898.519999996,10742164.46,12140.0,True,True
3303609,Paracambi,RJ,Sim,300.0,Sim,40.0,0.0,1.56,True,n.e.,False,True,True,6,40707081.42,6720186.02,3156.0,True,True
3303708,Paraíba do Sul,RJ,Sim,8561.0,Sim,45.45,0.0,46.47,True,C,True,False,True,3,3706249.92,413489.66,1016.0,True,True
3303807,Paraty,RJ,Sim,6500.0,Sim,9.95,146.87,30.07,True,C,True,False,True,3,40024052.260000005,9527999.120000001,754.0,True,True
3303856,Paty do Alferes,RJ,Sim,645.0,Sim,12.78,0.0,5.56,True,B,False,False,False,0,0.0,0.0,0.0,False,False
3303906,Petrópolis,RJ,Sim,16977.0,Sim,80.0,38.28,12.03,True,A,False,False,False,7,1085251609.95,53138747.24,15352.0,True,True
3303955,Pinheiral,RJ,Sim,50.0,Não,13.33,5.97,0.48,True,C,True,False,True,0,0.0,0.0,0.0,False,False
3304003,Piraí,RJ,Não,312.0,Sim,36.02,72.47,2.72,True,B,False,False,False,3,24075391.43,170094.58000000002,288.0,True,True
3304102,Porciúncula,RJ,Sim,3200.0,Sim,73.8,37.41,46.74,True,C,True,False,True,2,764934.7899999999,176158.05,4013.0,True,True
3304110,Porto Real,RJ,Não,0.0,Não,,,0.0,True,A,False,False,False,0,0.0,0.0,0.0,False,False
3304128,Quatis,RJ,Não,60.0,Não,50.21,0.0,0.99,True,n.e.,False,True,True,0,0.0,0.0,0.0,False,False
3304144,Queimados,RJ,Sim,2000.0,Sim,65.57,12.48,3.1,True,B,False,False,False,3,26472972.42,1412168.15,7325.0,True,True
3304151,Quissamã,RJ,Sim,366.0,Não,31.37,243.58,3.99,True,C,True,False,True,0,0.0,0.0,0.0,False,False
3304201,Resende,RJ,Sim,500.0,Sim,26.95,38.99,0.82,True,A,False,False,False,0,0.0,0.0,0.0,False,False
3304300,Rio Bonito,RJ,Sim,302.0,Sim,95.25,4.83,1.27,True,C,True,False,True,3,111403.51,0.0,589.0,True,True
3304409,Rio Claro,RJ,Não,223.0,Sim,71.4,13.72,2.91,True,C,True,False,True,10,182254996.23999998,4392918.09,1792.0,True,True
3304508,Rio das Flores,RJ,Sim,19.0,Não,66.67,0.0,0.57,True,C,True,False,True,1,0.0,0.0,2.0,True,False
3304524,Rio das Ostras,RJ,Sim,7000.0,Não,53.58,4.13,7.6,True,A,False,False,False,2,9495.35,306301.65,103.0,True,True
3304557,Rio de Janeiro,RJ,Sim,131536.0,Sim,50.42,34.77,4.19,True,B+,False,False,False,9,84891469.12,760370.59,3896.0,True,True
3304607,Santa Maria Madalena,RJ,Sim,260.0,Sim,66.67,0.0,6.45,True,C,True,False,True,7,49041341.93,289567.37,32.0,True,True
3304706,Santo Antônio de Pádua,RJ,Não,3200.0,Sim,40.0,11.99,16.65,True,C,True,False,True,11,26050154.229999997,35836.39,13887.0,True,True
3304755,São Francisco de Itabapoana,RJ,Não,0.0,Sim,,,0.0,True,n.e.,False,True,True,4,1493294.31,353175.58999999997,496.0,True,True
3304805,São Fidélis,RJ,Sim,5000.0,Sim,45.45,0.15,29.82,True,C,True,False,True,4,207481.58,81147.82,178.0,True,True
3304904,São Gonçalo,RJ,Sim,175838.0,Sim,5.6,39.73,40.0,True,C,True,False,True,4,27405589.64,3075978.7,624.0,True,True
3305000,São João da Barra,RJ,Sim,500.0,Sim,11.74,0.0,1.93,True,A,False,False,False,2,45151943.66,4896683.32,217.0,True,True
3305109,São João de Meriti,RJ,Não,21812.0,Sim,89.76,0.0,11.67,True,C,True,False,True,1,41930327.78,3617915.58,19570.0,True,True
3305133,São José de Ubá,RJ,Sim,26.0,Não,82.72,0.0,1.53,True,C,True,False,True,5,1810476.52,73524.08,41.0,True,True
3305158,São José do Vale do Rio Preto,RJ,Sim,169.0,Sim,42.37,22.91,2.77,True,B,False,False,False,1,7697489.07,7033.45,32.0,True,True
3305208,São Pedro da Aldeia,RJ,Sim,100.0,Não,33.33,40.97,0.17,True,C,True,False,True,2,239821.76,0.0,27.0,True,True
3305307,São Sebastião do Alto,RJ,Não,0.0,Não,53.57,0.0,0.0,True,C,True,False,True,3,110090259.78999999,3063016.47,35.0,True,True
3305406,Sapucaia,RJ,Não,350.0,Sim,65.0,0.0,4.71,True,A+,False,False,False,5,0.0,0.0,1.0,True,False
3305505,Saquarema,RJ,Não,0.0,Sim,1.61,1368.97,0.0,True,n.d.,False,True,True,4,0.0,0.0,274.0,True,False
3305554,Seropédica,RJ,Não,50.0,Sim,32.99,7.66,0.12,True,n.e.,False,True,True,1,0.0,0.0,9.0,True,False
3305604,Silva Jardim,RJ,Não,0.0,Sim,,,0.0,True,B,False,False,False,6,0.0,0.0,0.0,True,False
3305703,Sumidouro,RJ,Sim,200.0,Sim,75.0,7.88,6.45,True,n.d.,False,True,True,0,0.0,0.0,0.0,False,False
3305752,Tanguá,RJ,Sim,2730.0,Sim,28.34,0.0,19.9,True,C,True,False,True,1,0.0,0.0,0.0,True,False
3305802,Teresópolis,RJ,Sim,5000.0,Sim,26.74,0.0,6.05,True,C,True,False,True,3,6817251.89,15215060.9,680.0,True,True
3305901,Trajano de Moraes,RJ,Sim,20.0,Sim,7.69,15.51,0.56,True,C,True,False,True,2,19460592.459999997,0.0,33.0,True,True
3306008,Três Rios,RJ,Não,0.0,Sim,1.13,6.99,0.0,True,n.e.,False,True,True,1,0.0,970474.94,432.0,True,True
3306107,Valença,RJ,Sim,500.0,Sim,0.05,0.0,1.5,True,A,False,False,False,3,764404.98,580694.38,48.0,True,True
3306156,Varre-Sai,RJ,Sim,50.0,Sim,39.47,14.69,1.62,True,n.d.,False,True,True,3,80290.45999999999,0.0,0.0,True,True
3306206,Vassouras,RJ,Sim,21.0,Não,23.53,0.0,0.13,True,C,True,False,True,19,0.0,0.0,104.0,True,False
3306305,Volta Redonda,RJ,Não,0.0,Sim,55.3,15.34,0.0,True,n.e.,False,True,True,1,0.0,0.0,0.0,True,False
3500105,Adamantina,SP,Sim,100.0,Não,39.51,29.02,0.63,True,C,True,False,True,1,527903.99,0.0,69.0,True,True
3500204,Adolfo,SP,Não,0.0,Não,9.68,0.0,0.0,True,C,True,False,True,0,0.0,0.0,0.0,False,False
3500303,Aguaí,SP,Sim,0.0,Não,42.83,17.39,0.0,True,A,False,False,False,0,0.0,0.0,0.0,False,False
3500402,Águas da Prata,SP,,,Sim,,,,False,C,True,False,True,0,0.0,0.0,0.0,False,False
3500501,Águas de Lindóia,SP,Sim,300.0,Sim,90.07,37.48,3.38,True,A,False,False,False,0,0.0,0.0,0.0,False,False
3500550,Águas de Santa Bárbara,SP,Sim,150.0,Não,7.27,0.0,3.9,True,C,True,False,True,0,0.0,0.0,0.0,False,False
3500600,Águas de São Pedro,SP,Não,0.0,Não,5.67,37.99,0.0,True,C,True,False,True,0,0.0,0.0,0.0,False,False
3500709,Agudos,SP,Não,0.0,Não,80.0,0.0,0.0,True,n.d.,False,True,True,2,2164993.01,2164993.01,10.0,True,True
3500758,Alambari,SP,Não,0.0,Não,18.75,4.26,0.0,True,C,True,False,True,0,0.0,0.0,0.0,False,False
3500808,Alfredo Marcondes,SP,Não,5.0,Não,13.27,0.0,0.24,True,C,True,False,True,0,0.0,0.0,0.0,False,False
3500907,Altair,SP,Não,0.0,Não,4.03,0.0,0.0,True,C,True,False,True,0,0.0,0.0,0.0,False,False
3501004,Altinópolis,SP,Não,0.0,Não,39.22,0.0,0.0,True,A,False,False,False,0,0.0,0.0,0.0,False,False
3501103,Alto Alegre,SP,Não,0.0,Não,9.69,151.07,0.0,True,C,True,False,True,0,0.0,0.0,0.0,False,False
3501152,Alumínio,SP,Sim,30.0,Não,21.11,214.75,0.41,True,B,False,False,False,0,0.0,0.0,0.0,False,False
3501202,Álvares Florence,SP,Não,0.0,Não,17.05,0.0,0.0,True,C,True,False,True,0,0.0,0.0,0.0,False,False
3501301,Álvares Machado,SP,Não,0.0,Não,20.33,20.66,0.0,True,A,False,False,False,0,0.0,0.0,0.0,False,False
3501400,Álvaro de Carvalho,SP,Não,0.0,Não,74.07,0.0,0.0,True,C,True,False,True,0,0.0,0.0,0.0,False,False
3501509,Alvinlândia,SP,Não,0.0,Não,66.67,0.0,0.0,True,C,True,False,True,0,0.0,0.0,0.0,False,False
3501608,Americana,SP,Sim,12.0,Não,7.94,18.5,0.01,True,B,False,False,False,0,0.0,0.0,0.0,False,False
3501707,Américo Brasiliense,SP,Não,200.0,Não,19.72,0.9,1.54,True,C,True,False,True,1,1056822.68,1071822.68,0.0,True,True
3501806,Américo de Campos,SP,Não,0.0,Não,10.38,35.0,0.0,True,C,True,False,True,0,0.0,0.0,0.0,False,False
3501905,Amparo,SP,Sim,300.0,Sim,3.7,0.0,1.08,True,C,True,False,True,0,0.0,0.0,0.0,False,False
3502002,Analândia,SP,Não,0.0,Não,50.0,0.0,0.0,True,C,True,False,True,1,1021005.49,86172.86,0.0,True,True
3502101,Andradina,SP,Não,0.0,Não,,,0.0,True,C,True,False,True,0,0.0,0.0,0.0,False,False
3502200,Angatuba,SP,Não,0.0,Não,5.13,64.29,0.0,True,C,True,False,True,0,0.0,0.0,0.0,False,False
3502309,Anhembi,SP,Não,0.0,Não,,,0.0,True,C,True,False,True,0,0.0,0.0,0.0,False,False
3502408,Anhumas,SP,Não,0.0,Não,56.3,0.0,0.0,True,A,False,False,False,0,0.0,0.0,0.0,False,False
3502507,Aparecida,SP,Sim,788.0,Sim,79.87,0.0,5.98,True,C,True,False,True,1,187865.01,23483.13,0.0,True,True
3502606,Aparecida D Oeste,SP,Não,0.0,Não,9.09,0.0,0.0,True,C,True,False,True,0,0.0,0.0,0.0,False,False
3502705,Apiaí,SP,Sim,269.0,Sim,76.92,2.3,3.07,True,C,True,False,True,0,0.0,0.0,0.0,False,False
3502754,Araçariguama,SP,Sim,225.0,Sim,15.73,0.0,2.61,True,C,True,False,True,0,0.0,0.0,0.0,False,False
3502804,Araçatuba,SP,Não,1000.0,Sim,2.92,5.92,1.05,True,C,True,False,True,0,0.0,0.0,0.0,False,False
3502903,Araçoiaba da Serra,SP,Sim,50.0,Não,14.49,68.9,0.3,True,C,True,False,True,0,0.0,0.0,0.0,False,False
3503000,Aramina,SP,Não,0.0,Não,31.55,1.05,0.0,True,C,True,False,True,0,0.0,0.0,0.0,False,False
3503109,Arandu,SP,Não,0.0,Não,13.66,0.0,0.0,True,B,False,False,False,0,0.0,0.0,0.0,False,False
3503158,Arapeí,SP,Sim,25.0,Não,66.67,2.76,2.5,True,n.d.,False,True,True,0,0.0,0.0,0.0,False,False
3503208,Araraquara,SP,Sim,10.0,Sim,32.46,0.0,0.01,True,C,True,False,True,1,107542508.14,0.0,7.0,True,True
3503307,Araras,SP,Sim,150.0,Não,30.91,0.0,0.26,True,C,True,False,True,0,0.0,0.0,0.0,False,False
3503356,Arco-Íris,SP,Não,0.0,Não,31.86,35.63,0.0,True,A+,False,False,False,0,0.0,0.0,0.0,False,False
3503406,Arealva,SP,Não,0.0,Não,5.85,0.0,0.0,True,C,True,False,True,0,0.0,0.0,0.0,False,False
3503505,Areias,SP,Sim,5.0,Sim,,,0.35,True,C,True,False,True,0,0.0,0.0,0.0,False,False
3503604,Areiópolis,SP,Sim,5.0,Não,44.44,0.0,0.13,True,C,True,False,True,0,0.0,0.0,0.0,False,False
3503703,Ariranha,SP,Não,0.0,Não,23.06,0.0,0.0,True,C,True,False,True,0,0.0,0.0,0.0,False,False
3503802,Artur Nogueira,SP,Sim,0.0,Não,,,0.0,True,B,False,False,False,1,0.0,0.0,20.0,True,False
3503901,Arujá,SP,Não,0.0,Sim,66.08,0.0,0.0,True,C,True,False,True,0,0.0,0.0,0.0,False,False
3503950,Aspásia,SP,Não,0.0,Não,22.22,0.0,0.0,True,A,False,False,False,0,0.0,0.0,0.0,False,False
3504008,Assis,SP,Sim,30.0,Sim,17.74,0.0,0.07,True,A,False,False,False,1,4006000.0,3944000.0,25.0,True,True
3504107,Atibaia,SP,Não,2000.0,Sim,9.67,2.43,2.89,True,A,False,False,False,0,0.0,0.0,0.0,False,False
3504206,Auriflama,SP,,,Não,,,,False,A+,False,False,False,0,0.0,0.0,0.0,False,False
3504305,Avaí,SP,Não,0.0,Não,26.67,0.0,0.0,True,C,True,False,True,0,0.0,0.0,0.0,False,False
3504404,Avanhandava,SP,Não,0.0,Não,69.98,0.0,0.0,True,C,True,False,True,0,0.0,0.0,0.0,False,False
3504503,Avaré,SP,Sim,50.0,Sim,0.75,0.13,0.12,True,C,True,False,True,2,1025805.12,43486.6,49.0,True,True
3504602,Bady Bassitt,SP,,,Não,,,,False,C,True,False,True,0,0.0,0.0,0.0,False,False
3504701,Balbinos,SP,Não,0.0,Não,9.09,0.0,0.0,True,B+,False,False,False,0,0.0,0.0,0.0,False,False
3504800,Bálsamo,SP,Não,0.0,Não,58.82,0.0,0.0,True,C,True,False,True,0,0.0,0.0,0.0,False,False
3504909,Bananal,SP,Sim,50.0,Sim,50.0,0.0,1.17,True,n.d.,False,True,True,0,0.0,0.0,0.0,False,False
3505005,Barão de Antonina,SP,Não,0.0,Não,28.71,0.0,0.0,True,C,True,False,True,0,0.0,0.0,0.0,False,False
3505104,Barbosa,SP,Não,0.0,Não,9.32,0.0,0.0,True,C,True,False,True,0,0.0,0.0,0.0,False,False
3505203,Bariri,SP,Não,0.0,Não,97.85,0.0,0.0,True,C,True,False,True,0,0.0,0.0,0.0,False,False
3505302,Barra Bonita,SP,Sim,100.0,Não,97.94,0.0,0.67,True,C,True,False,True,0,0.0,0.0,0.0,False,False
3505351,Barra do Chapéu,SP,Sim,20.0,Não,,0.0,2.13,True,B,False,False,False,0,0.0,0.0,0.0,False,False
3505401,Barra do Turvo,SP,Sim,0.0,Sim,82.69,43.16,0.0,True,A,False,False,False,0,0.0,0.0,0.0,False,False
3505500,Barretos,SP,Sim,0.0,Sim,58.2,0.0,0.0,True,C,True,False,True,2,53261090.589999996,1003481.77,32.0,True,True
3505609,Barrinha,SP,Não,70.0,Não,21.09,0.0,0.54,True,C,True,False,True,1,7000000.0,30000.0,8.0,True,True
3505708,Barueri,SP,Sim,1290.0,Sim,58.87,0.3,1.0,True,A+,False,False,False,0,0.0,0.0,0.0,False,False
3505807,Bastos,SP,,,Não,,,,False,B+,False,False,False,0,0.0,0.0,0.0,False,False
3505906,Batatais,SP,Não,0.0,Não,56.96,0.0,0.0,True,C,True,False,True,0,0.0,0.0,0.0,False,False
3506003,Bauru,SP,Sim,2595.0,Sim,16.62,36.46,1.49,True,C,True,False,True,0,0.0,0.0,0.0,False,False
3506102,Bebedouro,SP,Sim,800.0,Sim,46.32,0.0,2.47,True,C,True,False,True,0,0.0,0.0,0.0,False,False
3506201,Bento de Abreu,SP,Não,0.0,Não,10.3,0.0,0.0,True,C,True,False,True,0,0.0,0.0,0.0,False,False
3506300,Bernardino de Campos,SP,Sim,0.0,Não,15.38,0.0,0.0,True,C,True,False,True,0,0.0,0.0,0.0,False,False
3506359,Bertioga,SP,Sim,246.0,Sim,36.53,434.77,0.4,True,A+,False,False,False,1,633484.78,52790.4,0.0,True,True
3506409,Bilac,SP,Não,0.0,Não,83.67,41.09,0.0,True,C,True,False,True,0,0.0,0.0,0.0,False,False
3506508,Birigui,SP,Não,0.0,Não,2.15,1.81,0.0,True,C,True,False,True,0,0.0,0.0,0.0,False,False
3506607,Biritiba-Mirim,SP,Sim,0.0,Sim,42.29,0.0,0.0,True,A,False,False,False,0,0.0,0.0,0.0,False,False
3506706,Boa Esperança do Sul,SP,Não,0.0,Não,,,0.0,True,C,True,False,True,0,0.0,0.0,0.0,False,False
3506805,Bocaina,SP,Não,0.0,Não,8.89,0.0,0.0,True,C,True,False,True,0,0.0,0.0,0.0,False,False
3506904,Bofete,SP,,,Não,,,,False,B,False,False,False,0,0.0,0.0,0.0,False,False
3507001,Boituva,SP,Não,0.0,Não,35.8,0.0,0.0,True,C,True,False,True,1,4412835.61,285068.15,330.0,True,True
3507100,Bom Jesus dos Perdões,SP,Não,200.0,Não,58.71,0.0,2.05,True,A,False,False,False,0,0.0,0.0,0.0,False,False
3507159,Bom Sucesso de Itararé,SP,Não,0.0,Não,66.67,0.0,0.0,True,A,False,False,False,0,0.0,0.0,0.0,False,False
3507209,Borá,SP,Não,0.0,Não,,,0.0,True,A,False,False,False,0,0.0,0.0,0.0,False,False
3507308,Boracéia,SP,Não,0.0,Não,30.61,0.0,0.0,True,C,True,False,True,0,0.0,0.0,0.0,False,False
3507407,Borborema,SP,Não,0.0,Não,94.75,0.0,0.0,True,B+,False,False,False,0,0.0,0.0,0.0,False,False
3507456,Borebi,SP,Não,0.0,Não,0.06,0.0,0.0,True,A,False,False,False,0,0.0,0.0,0.0,False,False
3507506,Botucatu,SP,Sim,90.0,Sim,31.69,0.0,0.13,True,A,False,False,False,0,0.0,0.0,0.0,False,False
3507605,Bragança Paulista,SP,Sim,513.0,Sim,32.49,130.78,0.69,True,A,False,False,False,0,0.0,0.0,0.0,False,False
3507704,Braúna,SP,Não,0.0,Não,11.99,0.0,0.0,True,n.e.,False,True,True,0,0.0,0.0,0.0,False,False
3507753,Brejo Alegre,SP,Não,0.0,Não,7.59,0.0,0.0,True,C,True,False,True,0,0.0,0.0,0.0,False,False
3507803,Brodowski,SP,Não,0.0,Não,17.64,0.0,0.0,True,C,True,False,True,0,0.0,0.0,0.0,False,False
3507902,Brotas,SP,Não,0.0,Não,45.5,45.69,0.0,True,C,True,False,True,3,1267506.88,757504.62,13.0,True,True
3508009,Buri,SP,Não,39.0,Não,,4.67,0.54,True,C,True,False,True,0,0.0,0.0,0.0,False,False
3508108,Buritama,SP,Sim,40.0,Não,13.73,6.13,0.42,True,B,False,False,False,0,0.0,0.0,0.0,False,False
3508207,Buritizal,SP,Não,0.0,Não,95.24,0.0,0.0,True,C,True,False,True,0,0.0,0.0,0.0,False,False
3508306,Cabrália Paulista,SP,,,Não,,,,False,B,False,False,False,1,8168.04,8168.04,0.0,True,True
3508405,Cabreúva,SP,Sim,10.0,Sim,39.49,0.0,0.06,True,A,False,False,False,0,0.0,0.0,0.0,False,False
3508504,Caçapava,SP,Sim,847.0,Não,36.68,69.59,2.12,True,C,True,False,True,2,15383178.62,19988636.759999998,4.0,True,True
3508603,Cachoeira Paulista,SP,Sim,482.0,Sim,23.45,0.0,3.48,True,C,True,False,True,1,536350.45,536350.45,0.0,True,True
3508702,Caconde,SP,Sim,50.0,Não,84.48,0.0,0.8,True,C,True,False,True,1,0.0,0.0,0.0,True,False
3508801,Cafelândia,SP,Sim,0.0,Sim,38.95,12.86,0.0,True,C,True,False,True,0,0.0,0.0,0.0,False,False
3508900,Caiabu,SP,Não,0.0,Não,11.5,0.0,0.0,True,A+,False,False,False,1,0.0,0.0,0.0,True,False
3509007,Caieiras,SP,Não,20.0,Sim,6.72,0.0,0.05,True,A,False,False,False,3,29853386.959999997,1080781.58,417.0,True,True
3509106,Caiuá,SP,Não,0.0,Não,,,0.0,True,C,True,False,True,1,0.0,62281.33,0.0,True,True
3509205,Cajamar,SP,Sim,233.0,Sim,62.5,91.21,0.58,True,B,False,False,False,1,0.0,0.0,320.0,True,False
3509254,Cajati,SP,Sim,818.0,Sim,70.0,59.22,8.51,True,A,False,False,False,0,0.0,0.0,0.0,False,False
3509304,Cajobi,SP,Não,0.0,Não,7.14,0.0,0.0,True,B+,False,False,False,0,0.0,0.0,0.0,False,False
3509403,Cajuru,SP,Não,30.0,Não,73.6,1.11,0.3,True,C,True,False,True,0,0.0,0.0,0.0,False,False
3509452,Campina do Monte Alegre,SP,Não,191.0,Não,11.54,0.0,6.26,True,C,True,False,True,0,0.0,0.0,0.0,False,False
3509502,Campinas,SP,Sim,300.0,Sim,98.57,13.06,0.06,True,C,True,False,True,1,78976516.17,713693.67,300.0,True,True
3509601,Campo Limpo Paulista,SP,Não,300.0,Sim,32.96,66.22,0.96,True,C,True,False,True,1,5615530.19,5432590.2,81.0,True,True
3509700,Campos do Jordão,SP,Sim,800.0,Sim,,,3.18,True,A,False,False,False,0,0.0,0.0,0.0,False,False
3509809,Campos Novos Paulista,SP,Não,8.0,Não,17.65,0.0,0.44,True,C,True,False,True,0,0.0,0.0,0.0,False,False
3509908,Cananéia,SP,Sim,50.0,Sim,11.81,0.0,0.8,True,C,True,False,True,0,0.0,0.0,0.0,False,False
3509957,Canas,SP,Sim,7.0,Não,18.22,10.92,0.41,True,B,False,False,False,0,0.0,0.0,0.0,False,False
3510005,Cândido Mota,SP,Não,0.0,Não,15.33,0.0,0.0,True,C,True,False,True,0,0.0,0.0,0.0,False,False
3510104,Cândido Rodrigues,SP,Não,0.0,Não,34.48,0.0,0.0,True,C,True,False,True,0,0.0,0.0,0.0,False,False
3510153,Canitar,SP,,,Não,,,,False,C,True,False,True,0,0.0,0.0,0.0,False,False
3510203,Capão Bonito,SP,Não,20.0,Não,3.24,0.0,0.12,True,A+,False,False,False,0,0.0,0.0,0.0,False,False
3510302,Capela do Alto,SP,Sim,32.0,Não,40.18,396.74,0.38,True,B,False,False,False,0,0.0,0.0,0.0,False,False
3510401,Capivari,SP,Sim,1325.0,Sim,67.27,0.0,6.61,True,B,False,False,False,4,39135122.660000004,24755347.680000003,6288.0,True,True
3510500,Caraguatatuba,SP,Não,0.0,Sim,8.98,0.0,0.0,True,A,False,False,False,1,1900454.35,105580.8,0.0,True,True
3510609,Carapicuíba,SP,Sim,1893.0,Sim,96.58,8.73,1.22,True,A,False,False,False,0,0.0,0.0,0.0,False,False
3510708,Cardoso,SP,Não,0.0,Não,,0.0,0.0,True,C,True,False,True,0,0.0,0.0,0.0,False,False
3510807,Casa Branca,SP,Não,0.0,Não,,0.0,0.0,True,C,True,False,True,0,0.0,0.0,0.0,False,False
3510906,Cássia dos Coqueiros,SP,Não,0.0,Não,57.14,0.0,0.0,True,A,False,False,False,1,0.0,0.0,0.0,True,False
3511003,Castilho,SP,Não,0.0,Sim,16.73,0.0,0.0,True,C,True,False,True,0,0.0,0.0,0.0,False,False
3511102,Catanduva,SP,Não,36.0,Não,7.0,20.62,0.07,True,C,True,False,True,0,0.0,0.0,0.0,False,False
3511201,Catiguá,SP,Sim,20.0,Não,33.9,238.09,0.67,True,C,True,False,True,1,1282622.79,0.0,37.0,True,True
3511300,Cedral,SP,Não,0.0,Não,53.03,0.0,0.0,True,C,True,False,True,0,0.0,0.0,0.0,False,False
3511409,Cerqueira César,SP,Não,0.0,Não,41.67,0.53,0.0,True,C,True,False,True,0,0.0,0.0,0.0,False,False
3511508,Cerquilho,SP,Sim,0.0,Não,17.53,7.85,0.0,True,C,True,False,True,0,0.0,0.0,0.0,False,False
3511607,Cesário Lange,SP,Sim,10.0,Não,9.25,57.85,0.15,True,B+,False,False,False,0,0.0,0.0,0.0,False,False
3511706,Charqueada,SP,Não,0.0,Não,,,0.0,True,A,False,False,False,1,158371.2,0.0,5.0,True,True
3511904,Clementina,SP,Não,0.0,Não,69.0,0.0,0.0,True,A+,False,False,False,0,0.0,0.0,0.0,False,False
3512001,Colina,SP,Não,0.0,Não,10.0,0.0,0.0,True,C,True,False,True,0,0.0,0.0,0.0,False,False
3512100,Colômbia,SP,Não,0.0,Não,14.29,0.0,0.0,True,C,True,False,True,0,0.0,0.0,0.0,False,False
3512209,Conchal,SP,Não,20.0,Sim,30.0,0.0,0.18,True,B,False,False,False,0,0.0,0.0,0.0,False,False
3512308,Conchas,SP,Não,0.0,Não,3.8,0.0,0.0,True,n.d.,False,True,True,0,0.0,0.0,0.0,False,False
3512407,Cordeirópolis,SP,Não,0.0,Não,41.38,0.0,0.0,True,C,True,False,True,0,0.0,0.0,0.0,False,False
3512506,Coroados,SP,Não,0.0,Não,7.37,0.0,0.0,True,C,True,False,True,0,0.0,0.0,0.0,False,False
3512605,Coronel Macedo,SP,Não,0.0,Não,16.47,12.67,0.0,True,A,False,False,False,0,0.0,0.0,0.0,False,False
3512704,Corumbataí,SP,Não,0.0,Não,,,0.0,True,C,True,False,True,0,0.0,0.0,0.0,False,False
3512803,Cosmópolis,SP,Sim,20.0,Não,14.22,22.55,0.08,True,C,True,False,True,1,4856716.67,0.0,0.0,True,True
3512902,Cosmorama,SP,Não,0.0,Não,40.27,0.0,0.0,True,C,True,False,True,0,0.0,0.0,0.0,False,False
3513009,Cotia,SP,Sim,250.0,Sim,15.0,0.71,0.21,True,C,True,False,True,0,0.0,0.0,0.0,False,False
3513108,Cravinhos,SP,Sim,30.0,Não,30.3,0.0,0.23,True,C,True,False,True,0,0.0,0.0,0.0,False,False
3513207,Cristais Paulista,SP,Não,0.0,Não,34.09,0.25,0.0,True,C,True,False,True,0,0.0,0.0,0.0,False,False
3513306,Cruzália,SP,Não,0.0,Não,12.2,0.0,0.0,True,A,False,False,False,0,0.0,0.0,0.0,False,False
3513405,Cruzeiro,SP,Sim,671.0,Sim,11.85,0.0,2.19,True,C,True,False,True,0,0.0,0.0,0.0,False,False
3513504,Cubatão,SP,Sim,925.0,Sim,55.93,0.0,1.95,True,A+,False,False,False,0,0.0,0.0,0.0,False,False
3513603,Cunha,SP,Sim,75.0,Sim,3.3,6.7,0.96,True,C,True,False,True,2,11478060.770000001,11351363.81,10.0,True,True
3513702,Descalvado,SP,Não,0.0,Não,42.18,0.0,0.0,True,C,True,False,True,0,0.0,0.0,0.0,False,False
3513801,Diadema,SP,Sim,300.0,Sim,59.81,7.35,0.18,True,C,True,False,True,3,885000.0,985000.0,0.0,True,True
3513850,Dirce Reis,SP,Não,0.0,Não,64.43,0.0,0.0,True,A+,False,False,False,0,0.0,0.0,0.0,False,False
3513900,Divinolândia,SP,Sim,5.0,Sim,40.11,0.0,0.13,True,C,True,False,True,0,0.0,0.0,0.0,False,False
3514007,Dobrada,SP,Não,0.0,Não,,,0.0,True,C,True,False,True,0,0.0,0.0,0.0,False,False
3514106,Dois Córregos,SP,Não,12.0,Não,10.48,23.14,0.1,True,A,False,False,False,1,3639884.57,3634779.54,150.0,True,True
3514205,Dolcinópolis,SP,Não,0.0,Não,75.13,0.0,0.0,True,B+,False,False,False,0,0.0,0.0,0.0,False,False
3514304,Dourado,SP,Não,70.0,Não,25.0,0.0,1.83,True,C,True,False,True,0,0.0,0.0,0.0,False,False
3514403,Dracena,SP,Sim,0.0,Sim,25.19,1.57,0.0,True,C,True,False,True,0,0.0,0.0,0.0,False,False
3514502,Duartina,SP,Não,0.0,Não,34.01,0.0,0.0,True,B,False,False,False,0,0.0,0.0,0.0,False,False
3514601,Dumont,SP,Não,0.0,Não,84.61,0.0,0.0,True,C,True,False,True,1,0.0,2450000.0,0.0,True,True
3514700,Echaporã,SP,Não,0.0,Não,2.83,0.0,0.0,True,C,True,False,True,0,0.0,0.0,0.0,False,False
3514809,Eldorado,SP,Sim,1500.0,Sim,,0.0,42.82,True,B,False,False,False,0,0.0,0.0,0.0,False,False
3514908,Elias Fausto,SP,Sim,10.0,Não,10.43,0.0,0.15,True,A,False,False,False,0,0.0,0.0,0.0,False,False
3514924,Elisiário,SP,Não,0.0,Não,7.0,0.0,0.0,True,B+,False,False,False,0,0.0,0.0,0.0,False,False
3514957,Embaúba,SP,Não,0.0,Não,90.0,0.0,0.0,True,C,True,False,True,0,0.0,0.0,0.0,False,False
3515004,Embu das Artes,SP,Não,500.0,Sim,60.11,0.0,0.48,True,C,True,False,True,6,141049862.78,39581037.910000004,2614.0,True,True
3515103,Embu-Guaçu,SP,Sim,120.0,Sim,21.42,0.0,0.44,True,C,True,False,True,1,3274503.58,5497520.5,268.0,True,True
3515129,Emilianópolis,SP,Não,0.0,Não,68.03,221.16,0.0,True,n.d.,False,True,True,0,0.0,0.0,0.0,False,False
3515152,Engenheiro Coelho,SP,Não,0.0,Não,23.63,0.0,0.0,True,C,True,False,True,0,0.0,0.0,0.0,False,False
3515186,Espírito Santo do Pinhal,SP,Sim,0.0,Sim,17.36,9.34,0.0,True,C,True,False,True,0,0.0,0.0,0.0,False,False
3515194,Espírito Santo do Turvo,SP,Não,0.0,Não,62.42,19.36,0.0,True,A,False,False,False,0,0.0,0.0,0.0,False,False
3515202,Estrela D Oeste,SP,Não,0.0,Não,,,0.0,True,A,False,False,False,0,0.0,0.0,0.0,False,False
3515301,Estrela do Norte,SP,Não,0.0,Não,37.5,0.0,0.0,True,C,True,False,True,0,0.0,0.0,0.0,False,False
3515350,Euclides da Cunha Paulista,SP,,,Não,,,,False,C,True,False,True,2,1585314.08,547719.4400000001,40.0,True,True
3515400,Fartura,SP,Sim,31.0,Não,82.33,0.0,0.48,True,A,False,False,False,0,0.0,0.0,0.0,False,False
3515509,Fernandópolis,SP,Sim,8.0,Não,8.03,14.1,0.02,True,C,True,False,True,0,0.0,0.0,0.0,False,False
3515608,Fernando Prestes,SP,Sim,5.0,Sim,68.35,12.91,0.19,True,C,True,False,True,1,158371.2,84464.64,7.0,True,True
3515657,Fernão,SP,Não,0.0,Não,36.45,0.0,0.0,True,C,True,False,True,0,0.0,0.0,0.0,False,False
3515707,Ferraz de Vasconcelos,SP,Sim,10675.0,Sim,,,14.96,True,A,False,False,False,2,28683091.67,12552785.0,92.0,True,True
3515806,Flora Rica,SP,Não,0.0,Não,12.42,0.0,0.0,True,C,True,False,True,1,4084021.96,148045.8,0.0,True,True
3515905,Floreal,SP,Não,0.0,Não,10.64,0.0,0.0,True,A,False,False,False,0,0.0,0.0,0.0,False,False
3516002,Flórida Paulista,SP,Não,0.0,Não,75.0,0.0,0.0,True,B+,False,False,False,0,0.0,0.0,0.0,False,False
3516101,Florínia,SP,Não,0.0,Não,7.87,0.0,0.0,True,C,True,False,True,0,0.0,0.0,0.0,False,False
3516200,Franca,SP,Sim,15.0,Sim,66.75,8.31,0.01,True,C,True,False,True,0,0.0,0.0,0.0,False,False
3516309,Francisco Morato,SP,Sim,889.0,Sim,50.25,15.9,1.36,True,B+,False,False,False,4,45260392.07,1353999.96,1980.0,True,True
3516408,Franco da Rocha,SP,Sim,424.0,Sim,20.91,25.74,0.74,True,C,True,False,True,3,20545717.53,22493131.7,608.0,True,True
3516507,Gabriel Monteiro,SP,Não,0.0,Não,89.78,0.0,0.0,True,B+,False,False,False,0,0.0,0.0,0.0,False,False
3516606,Gália,SP,Não,0.0,Não,29.81,0.0,0.0,True,C,True,False,True,0,0.0,0.0,0.0,False,False
3516705,Garça,SP,Não,0.0,Não,12.82,0.0,0.0,True,A+,False,False,False,0,0.0,0.0,0.0,False,False
3516804,Gastão Vidigal,SP,Não,0.0,Não,10.98,0.0,0.0,True,B,False,False,False,0,0.0,0.0,0.0,False,False
3516853,Gavião Peixoto,SP,Não,0.0,Não,96.43,0.0,0.0,True,C,True,False,True,0,0.0,0.0,0.0,False,False
3516903,General Salgado,SP,Sim,10.0,Não,,,0.22,True,C,True,False,True,0,0.0,0.0,0.0,False,False
3517000,Getulina,SP,Sim,80.0,Não,,,2.11,True,C,True,False,True,3,9449117.86,8926213.879999999,1.0,True,True
3517109,Glicério,SP,Não,0.0,Não,8.23,0.0,0.0,True,A,False,False,False,0,0.0,0.0,0.0,False,False
3517208,Guaiçara,SP,Não,0.0,Não,37.5,0.0,0.0,True,C,True,False,True,0,0.0,0.0,0.0,False,False
3517307,Guaimbê,SP,Não,0.0,Não,87.1,0.0,0.0,True,C,True,False,True,0,0.0,0.0,0.0,False,False
3517406,Guaíra,SP,Não,1500.0,Não,40.0,0.0,8.87,True,C,True,False,True,0,0.0,0.0,0.0,False,False
3517505,Guapiaçu,SP,,,Não,,,,False,C,True,False,True,0,0.0,0.0,0.0,False,False
3517604,Guapiara,SP,Sim,6.0,Não,20.83,28.65,0.18,True,C,True,False,True,0,0.0,0.0,0.0,False,False
3517703,Guará,SP,Não,0.0,Não,8.33,0.0,0.0,True,C,True,False,True,0,0.0,0.0,0.0,False,False
3517802,Guaraçaí,SP,Não,0.0,Não,,25.33,0.0,True,C,True,False,True,0,0.0,0.0,0.0,False,False
3517901,Guaraci,SP,Não,0.0,Não,19.7,21.7,0.0,True,C,True,False,True,0,0.0,0.0,0.0,False,False
3518008,Guarani D Oeste,SP,Não,0.0,Não,41.67,0.0,0.0,True,A,False,False,False,0,0.0,0.0,0.0,False,False
3518107,Guarantã,SP,Sim,9.0,Não,90.0,59.14,0.36,True,C,True,False,True,0,0.0,0.0,0.0,False,False
3518206,Guararapes,SP,Não,0.0,Não,5.28,0.0,0.0,True,C,True,False,True,0,0.0,0.0,0.0,False,False
3518305,Guararema,SP,Sim,626.0,Sim,17.14,19.39,4.85,True,n.d.,False,True,True,1,0.0,0.0,0.0,True,False
3518404,Guaratinguetá,SP,Sim,500.0,Sim,77.89,0.0,0.99,True,B,False,False,False,1,5039940.77,4317088.54,207.0,True,True
3518503,Guareí,SP,Sim,500.0,Não,34.88,6.04,13.16,True,n.d.,False,True,True,0,0.0,0.0,0.0,False,False
3518602,Guariba,SP,Sim,8.0,Sim,53.15,21.76,0.05,True,C,True,False,True,5,24911150.49,145836.92,77.0,True,True
3518701,Guarujá,SP,Sim,5500.0,Sim,14.47,0.0,3.39,True,C,True,False,True,1,1900454.35,105580.8,0.0,True,True
3518800,Guarulhos,SP,Sim,13877.0,Sim,22.86,4.33,2.59,True,C,True,False,True,0,0.0,0.0,0.0,False,False
3518859,Guatapará,SP,Sim,0.0,Não,20.83,8.19,0.0,True,C,True,False,True,0,0.0,0.0,0.0,False,False
3518909,Guzolândia,SP,,,Não,,,,False,A+,False,False,False,0,0.0,0.0,0.0,False,False
3519006,Herculândia,SP,Não,0.0,Não,13.56,0.0,0.0,True,C,True,False,True,0,0.0,0.0,0.0,False,False
3519055,Holambra,SP,Sim,25.0,Sim,37.54,23.13,0.5,True,C,True,False,True,0,0.0,0.0,0.0,False,False
3519071,Hortolândia,SP,Sim,53.0,Sim,36.37,13.25,0.05,True,B+,False,False,False,0,0.0,0.0,0.0,False,False
3519105,Iacanga,SP,Não,0.0,Não,31.44,48.34,0.0,True,C,True,False,True,0,0.0,0.0,0.0,False,False
3519204,Iacri,SP,Não,0.0,Não,27.27,0.0,0.0,True,A+,False,False,False,0,0.0,0.0,0.0,False,False
3519253,Iaras,SP,Não,5.0,Não,25.0,0.0,0.37,True,A,False,False,False,0,0.0,0.0,0.0,False,False
3519303,Ibaté,SP,Sim,50.0,Não,70.0,0.0,0.39,True,C,True,False,True,0,0.0,0.0,0.0,False,False
3519402,Ibirá,SP,Sim,15.0,Sim,3.57,2.13,0.28,True,C,True,False,True,0,0.0,0.0,0.0,False,False
3519501,Ibirarema,SP,Não,0.0,Não,13.84,0.0,0.0,True,C,True,False,True,0,0.0,0.0,0.0,False,False
3519600,Ibitinga,SP,Sim,10.0,Não,50.23,7.96,0.04,True,A,False,False,False,0,0.0,0.0,0.0,False,False
3519709,Ibiúna,SP,Não,0.0,Não,45.45,0.0,0.0,True,C,True,False,True,12,0.0,0.0,59.0,True,False
3519808,Icém,SP,Não,100.0,Não,48.43,0.0,3.27,True,B+,False,False,False,0,0.0,0.0,0.0,False,False
3519907,Iepê,SP,Não,10.0,Não,14.49,0.0,0.3,True,C,True,False,True,1,2750000.0,2750000.0,0.0,True,True
3520004,Igaraçu do Tietê,SP,Não,0.0,Não,10.9,0.47,0.0,True,B,False,False,False,0,0.0,0.0,0.0,False,False
3520103,Igarapava,SP,Não,15.0,Não,58.87,0.0,0.13,True,C,True,False,True,1,21116159.42,0.0,240.0,True,True
3520202,Igaratá,SP,Não,0.0,Não,45.0,0.0,0.0,True,A,False,False,False,0,0.0,0.0,0.0,False,False
3520301,Iguape,SP,Sim,400.0,Sim,8.1,66.99,2.84,True,C,True,False,True,0,0.0,0.0,0.0,False,False
3520400,Ilhabela,SP,Sim,25.0,Sim,6.43,258.6,0.13,True,A+,False,False,False,2,633484.78,52790.4,0.0,True,True
3520426,Ilha Comprida,SP,,,Sim,,,,False,C,True,False,True,0,0.0,0.0,0.0,False,False
3520442,Ilha Solteira,SP,Não,10.0,Não,56.8,0.0,0.09,True,A,False,False,False,0,0.0,0.0,0.0,False,False
3520509,Indaiatuba,SP,Não,0.0,Não,50.02,12.16,0.0,True,A,False,False,False,0,0.0,0.0,0.0,False,False
3520608,Indiana,SP,Não,0.0,Não,17.39,0.0,0.0,True,C,True,False,True,1,158371.2,0.06,0.0,True,True
3520707,Indiaporã,SP,Não,0.0,Não,33.22,2.36,0.0,True,C,True,False,True,0,0.0,0.0,0.0,False,False
3520806,Inúbia Paulista,SP,Sim,0.0,Não,24.47,0.0,0.0,True,A+,False,False,False,0,0.0,0.0,0.0,False,False
3520905,Ipaussu,SP,Sim,17.0,Não,19.18,0.0,0.29,True,B+,False,False,False,0,0.0,0.0,0.0,False,False
3521002,Iperó,SP,Sim,14.0,Não,4.47,0.0,0.11,True,C,True,False,True,0,0.0,0.0,0.0,False,False
3521101,Ipeúna,SP,Não,0.0,Não,20.0,0.0,0.0,True,A+,False,False,False,0,0.0,0.0,0.0,False,False
3521150,Ipiguá,SP,Não,0.0,Não,68.97,0.0,0.0,True,A,False,False,False,0,0.0,0.0,0.0,False,False
3521200,Iporanga,SP,Sim,200.0,Não,71.99,26.12,18.59,True,C,True,False,True,1,4940037.6,0.0,30.0,True,True
3521309,Ipuã,SP,,,Não,,,,False,C,True,False,True,0,0.0,0.0,0.0,False,False
3521408,Iracemápolis,SP,Sim,0.0,Não,34.48,0.0,0.0,True,C,True,False,True,0,0.0,0.0,0.0,False,False
3521507,Irapuã,SP,Não,0.0,Não,66.67,0.0,0.0,True,C,True,False,True,0,0.0,0.0,0.0,False,False
3521606,Irapuru,SP,Sim,5.0,Não,22.53,0.0,0.2,True,B+,False,False,False,0,0.0,0.0,0.0,False,False
3521705,Itaberá,SP,Não,0.0,Sim,10.0,39.09,0.0,True,B+,False,False,False,2,240233.63,87856.6,0.0,True,True
3521804,Itaí,SP,Sim,135.0,Não,2.81,0.0,1.32,True,B,False,False,False,0,0.0,0.0,0.0,False,False
3521903,Itajobi,SP,Não,19.0,Não,13.0,2.15,0.28,True,B+,False,False,False,0,0.0,0.0,0.0,False,False
3522000,Itaju,SP,Não,0.0,Não,25.4,0.0,0.0,True,C,True,False,True,0,0.0,0.0,0.0,False,False
3522109,Itanhaém,SP,Sim,2241.0,Sim,5.31,22.58,2.4,True,C,True,False,True,0,0.0,0.0,0.0,False,False
3522158,Itaóca,SP,Sim,138.0,Sim,38.63,74.93,17.38,True,n.d.,False,True,True,0,0.0,0.0,0.0,False,False
3522208,Itapecerica da Serra,SP,Sim,10000.0,Sim,23.53,18.12,15.8,True,B,False,False,False,3,10568210.53,3643150.0,402.0,True,True
3522307,Itapetininga,SP,Não,0.0,Sim,39.2,11.38,0.0,True,C,True,False,True,0,0.0,0.0,0.0,False,False
3522406,Itapeva,SP,,,Não,,,,False,C,True,False,True,3,0.0,0.0,0.0,True,False
3522505,Itapevi,SP,Sim,3000.0,Sim,49.75,152.15,3.23,True,B,False,False,False,0,0.0,0.0,0.0,False,False
3522604,Itapira,SP,Sim,0.0,Não,91.12,6.67,0.0,True,C,True,False,True,0,0.0,0.0,0.0,False,False
3522653,Itapirapuã Paulista,SP,Sim,0.0,Sim,78.95,0.0,0.0,True,A,False,False,False,0,0.0,0.0,0.0,False,False
3522703,Itápolis,SP,Sim,15.0,Não,14.09,0.0,0.09,True,C,True,False,True,0,0.0,0.0,0.0,False,False
3522802,Itaporanga,SP,Não,0.0,Não,36.47,34.82,0.0,True,C,True,False,True,1,3167423.91,3182994.09,0.0,True,True
3522901,Itapuí,SP,Sim,0.0,Não,5.99,0.0,0.0,True,C,True,False,True,0,0.0,0.0,0.0,False,False
3523008,Itapura,SP,Não,0.0,Não,,,0.0,True,C,True,False,True,0,0.0,0.0,0.0,False,False
3523107,Itaquaquecetuba,SP,Sim,2500.0,Sim,10.11,0.0,1.75,True,C,True,False,True,2,23517659.05,9734473.22,2014.0,True,True
3523206,Itararé,SP,Não,100.0,Sim,1.36,4.19,0.53,True,A,False,False,False,0,0.0,0.0,0.0,False,False
3523305,Itariri,SP,Não,0.0,Sim,1.0,0.0,0.0,True,C,True,False,True,0,0.0,0.0,0.0,False,False
3523404,Itatiba,SP,Sim,152.0,Sim,14.59,69.3,0.3,True,C,True,False,True,0,0.0,0.0,0.0,False,False
3523503,Itatinga,SP,,,Não,,,,False,A,False,False,False,0,0.0,0.0,0.0,False,False
3523602,Itirapina,SP,Sim,53.0,Não,17.02,0.0,0.65,True,C,True,False,True,1,0.0,53110.5,8.0,True,True
3523701,Itirapuã,SP,Não,0.0,Não,32.65,0.0,0.0,True,C,True,False,True,0,0.0,0.0,0.0,False,False
3523800,Itobi,SP,Não,0.0,Não,4.0,0.0,0.0,True,A+,False,False,False,0,0.0,0.0,0.0,False,False
3523909,Itu,SP,Sim,50.0,Sim,12.06,0.0,0.07,True,B,False,False,False,0,0.0,0.0,0.0,False,False
3524006,Itupeva,SP,Sim,1118.0,Sim,0.09,136.46,3.87,True,C,True,False,True,0,0.0,0.0,0.0,False,False
3524105,Ituverava,SP,Não,17.0,Não,45.0,0.0,0.1,True,C,True,False,True,0,0.0,0.0,0.0,False,False
3524204,Jaborandi,SP,Sim,16.0,Não,28.15,80.68,0.61,True,B+,False,False,False,0,0.0,0.0,0.0,False,False
3524303,Jaboticabal,SP,Sim,20.0,Não,34.38,0.0,0.06,True,C,True,False,True,0,0.0,0.0,0.0,False,False
3524402,Jacareí,SP,Sim,1197.0,Sim,15.86,330.3,1.18,True,C,True,False,True,0,0.0,0.0,0.0,False,False
3524501,Jaci,SP,Não,0.0,Não,90.18,0.0,0.0,True,C,True,False,True,0,0.0,0.0,0.0,False,False
3524600,Jacupiranga,SP,Não,50.0,Sim,,2.81,0.93,True,C,True,False,True,1,14965898.46,1226227.59,9.0,True,True
3524709,Jaguariúna,SP,Sim,100.0,Não,3.43,0.0,0.42,True,A+,False,False,False,0,0.0,0.0,0.0,False,False
3524808,Jales,SP,Não,0.0,Não,27.3,5.57,0.0,True,C,True,False,True,1,63348.48,0.0,15.0,True,True
3524907,Jambeiro,SP,Sim,87.0,Não,63.64,49.97,3.54,True,C,True,False,True,1,22230.17,2605.38,11.0,True,True
3525003,Jandira,SP,Sim,950.0,Sim,92.31,0.0,1.95,True,n.d.,False,True,True,0,0.0,0.0,0.0,False,False
3525102,Jardinópolis,SP,Não,0.0,Não,95.83,0.0,0.0,True,n.d.,False,True,True,0,0.0,0.0,0.0,False,False
3525201,Jarinu,SP,Não,1.0,Não,7.27,18.79,0.01,True,A+,False,False,False,0,0.0,0.0,0.0,False,False
3525300,Jaú,SP,Sim,784.0,Sim,49.28,0.0,1.34,True,A,False,False,False,1,32998897.4,4369903.49,2151.0,True,True
3525409,Jeriquara,SP,Não,30.0,Não,70.06,0.0,2.07,True,C,True,False,True,0,0.0,0.0,0.0,False,False
3525508,Joanópolis,SP,Não,20.0,Sim,58.14,0.0,0.42,True,C,True,False,True,0,0.0,0.0,0.0,False,False
3525607,João Ramalho,SP,Não,0.0,Não,91.51,37.6,0.0,True,A,False,False,False,2,3695327.9,3695327.9,0.0,True,True
3525706,José Bonifácio,SP,Sim,20.0,Não,2.84,0.0,0.13,True,C,True,False,True,1,8235302.17,8235302.17,0.0,True,True
3525805,Júlio Mesquita,SP,Não,0.0,Não,,0.0,0.0,True,C,True,False,True,0,0.0,0.0,0.0,False,False
3525854,Jumirim,SP,Não,0.0,Não,,,0.0,True,A+,False,False,False,0,0.0,0.0,0.0,False,False
3525904,Jundiaí,SP,Sim,60.0,Sim,26.22,8.62,0.03,True,A+,False,False,False,0,0.0,0.0,0.0,False,False
3526001,Junqueirópolis,SP,Não,0.0,Não,99.0,0.0,0.0,True,C,True,False,True,0,0.0,0.0,0.0,False,False
3526100,Juquiá,SP,Sim,1510.0,Sim,6.89,0.0,24.14,True,A+,False,False,False,0,0.0,0.0,0.0,False,False
3526209,Juquitiba,SP,Não,300.0,Não,11.11,0.0,3.07,True,C,True,False,True,0,0.0,0.0,0.0,False,False
3526308,Lagoinha,SP,Não,0.0,Não,68.03,0.0,0.0,True,A,False,False,False,0,0.0,0.0,0.0,False,False
3526407,Laranjal Paulista,SP,Não,200.0,Não,66.67,0.0,1.82,True,C,True,False,True,0,0.0,0.0,0.0,False,False
3526506,Lavínia,SP,Não,30.0,Não,22.95,2.22,1.6,True,n.d.,False,True,True,0,0.0,0.0,0.0,False,False
3526605,Lavrinhas,SP,Sim,50.0,Não,25.0,3.68,1.76,True,C,True,False,True,0,0.0,0.0,0.0,False,False
3526704,Leme,SP,Não,20.0,Não,24.42,13.6,0.05,True,B,False,False,False,0,0.0,0.0,0.0,False,False
3526803,Lençóis Paulista,SP,Sim,671.0,Sim,78.44,0.3,2.48,True,B,False,False,False,0,0.0,0.0,0.0,False,False
3526902,Limeira,SP,Sim,20.0,Sim,22.26,33.43,0.02,True,C,True,False,True,2,21242856.38,0.0,10.0,True,True
3527009,Lindóia,SP,Sim,0.0,Sim,,0.0,0.0,True,B+,False,False,False,0,0.0,0.0,0.0,False,False
3527108,Lins,SP,Sim,25.0,Sim,36.0,218.05,0.07,True,C,True,False,True,1,35620118.47,35620118.47,8.0,True,True
3527207,Lorena,SP,Não,431.0,Sim,34.24,21.8,1.23,True,C,True,False,True,0,0.0,0.0,0.0,False,False
3527256,Lourdes,SP,,,Não,,,,False,C,True,False,True,0,0.0,0.0,0.0,False,False
3527306,Louveira,SP,Sim,600.0,Sim,36.2,2.89,3.11,True,C,True,False,True,0,0.0,0.0,0.0,False,False
3527405,Lucélia,SP,Não,30.0,Não,43.1,2.37,0.4,True,C,True,False,True,0,0.0,0.0,0.0,False,False
3527504,Lucianópolis,SP,Não,0.0,Não,97.01,0.0,0.0,True,C,True,False,True,0,0.0,0.0,0.0,False,False
3527603,Luís Antônio,SP,Não,0.0,Não,4.95,0.0,0.0,True,C,True,False,True,0,0.0,0.0,0.0,False,False
3527702,Luiziânia,SP,Não,0.0,Não,27.48,10.34,0.0,True,C,True,False,True,0,0.0,0.0,0.0,False,False
3527801,Lupércio,SP,Não,0.0,Não,18.33,0.0,0.0,True,C,True,False,True,0,0.0,0.0,0.0,False,False
3527900,Lutécia,SP,Não,0.0,Não,14.59,34.12,0.0,True,A,False,False,False,0,0.0,0.0,0.0,False,False
3528007,Macatuba,SP,Não,18.0,Não,17.05,66.79,0.28,True,C,True,False,True,0,0.0,0.0,0.0,False,False
3528106,Macaubal,SP,Não,0.0,Não,80.21,0.0,0.0,True,C,True,False,True,0,0.0,0.0,0.0,False,False
3528205,Macedônia,SP,Não,0.0,Não,15.0,0.0,0.0,True,C,True,False,True,0,0.0,0.0,0.0,False,False
3528304,Magda,SP,Não,0.0,Não,,,0.0,True,B+,False,False,False,0,0.0,0.0,0.0,False,False
3528403,Mairinque,SP,,,Não,,,,False,C,True,False,True,0,0.0,0.0,0.0,False,False
3528502,Mairiporã,SP,Sim,4.0,Sim,22.99,152.98,0.01,True,C,True,False,True,3,130171853.75,765754.12,4827.0,True,True
3528601,Manduri,SP,Não,0.0,Não,19.38,9.62,0.0,True,A,False,False,False,0,0.0,0.0,0.0,False,False
3528700,Marabá Paulista,SP,Não,0.0,Não,5.4,4.81,0.0,True,C,True,False,True,0,0.0,0.0,0.0,False,False
3528809,Maracaí,SP,Não,8.0,Não,,0.0,0.15,True,C,True,False,True,3,3473457.88,701565.1699999999,173.0,True,True
3528858,Marapoama,SP,Não,0.0,Não,10.43,0.0,0.0,True,C,True,False,True,0,0.0,0.0,0.0,False,False
3528908,Mariápolis,SP,Não,0.0,Não,17.21,0.0,0.0,True,C,True,False,True,0,0.0,0.0,0.0,False,False
3529005,Marília,SP,Sim,2000.0,Sim,52.94,1.72,1.82,True,C,True,False,True,1,150000.0,0.0,0.0,True,True
3529104,Marinópolis,SP,Não,0.0,Não,77.78,0.0,0.0,True,C,True,False,True,0,0.0,0.0,0.0,False,False
3529203,Martinópolis,SP,Sim,56.0,Não,4.4,0.0,0.55,True,C,True,False,True,1,11136621.39,703621.39,5.0,True,True
3529302,Matão,SP,Sim,10.0,Não,55.07,2.59,0.03,True,C,True,False,True,0,0.0,0.0,0.0,False,False
3529401,Mauá,SP,Sim,100.0,Sim,9.15,0.0,0.06,True,B+,False,False,False,1,26630370.66,3557323.03,210.0,True,True
3529500,Mendonça,SP,Não,0.0,Não,32.0,13.25,0.0,True,C,True,False,True,0,0.0,0.0,0.0,False,False
3529609,Meridiano,SP,Não,0.0,Não,13.04,0.0,0.0,True,A,False,False,False,0,0.0,0.0,0.0,False,False
3529658,Mesópolis,SP,Não,0.0,Não,44.29,55.71,0.0,True,A,False,False,False,0,0.0,0.0,0.0,False,False
3529708,Miguelópolis,SP,Não,20.0,Não,25.0,0.0,0.22,True,C,True,False,True,0,0.0,0.0,0.0,False,False
3529807,Mineiros do Tietê,SP,Não,0.0,Não,9.13,0.0,0.0,True,C,True,False,True,0,0.0,0.0,0.0,False,False
3529906,Miracatu,SP,,,Sim,,,,False,A+,False,False,False,0,0.0,0.0,0.0,False,False
3530003,Mira Estrela,SP,Não,0.0,Não,12.78,0.0,0.0,True,B,False,False,False,0,0.0,0.0,0.0,False,False
3530102,Mirandópolis,SP,Não,0.0,Não,4.95,0.0,0.0,True,C,True,False,True,1,1372550.36,1383108.44,0.0,True,True
3530201,Mirante do Paranapanema,SP,Não,0.0,Não,,,0.0,True,B,False,False,False,0,0.0,0.0,0.0,False,False
3530300,Mirassol,SP,Não,0.0,Não,10.21,11.96,0.0,True,A,False,False,False,1,0.0,0.0,0.0,True,False
3530409,Mirassolândia,SP,Não,0.0,Não,35.17,0.0,0.0,True,B,False,False,False,0,0.0,0.0,0.0,False,False
3530508,Mococa,SP,,,Não,,,,False,C,True,False,True,0,0.0,0.0,0.0,False,False
3530607,Mogi das Cruzes,SP,Sim,1800.0,Sim,9.1,0.0,0.99,True,A,False,False,False,1,10693919.38,7325317.55,2380.0,True,True
3530706,Mogi Guaçu,SP,Sim,100.0,Não,85.5,16.11,0.15,True,C,True,False,True,0,0.0,0.0,0.0,False,False
3530805,Mogi Mirim,SP,Sim,683.0,Sim,89.76,25.44,1.74,True,A+,False,False,False,0,0.0,0.0,0.0,False,False
3530904,Mombuca,SP,Sim,35.0,Não,20.57,0.0,2.6,True,A+,False,False,False,2,7948414.5600000005,7916252.890000001,60.0,True,True
3531001,Monções,SP,,,Não,,,,False,C,True,False,True,0,0.0,0.0,0.0,False,False
3531100,Mongaguá,SP,,,Sim,,,,False,B+,False,False,False,1,6865664.26,612564.66,318.0,True,True
3531209,Monte Alegre do Sul,SP,Sim,2.0,Não,99.98,0.0,0.06,True,C,True,False,True,0,0.0,0.0,0.0,False,False
3531308,Monte Alto,SP,Sim,50.0,Não,55.75,6.38,0.24,True,C,True,False,True,0,0.0,0.0,0.0,False,False
3531407,Monte Aprazível,SP,Não,0.0,Não,44.44,0.0,0.0,True,C,True,False,True,0,0.0,0.0,0.0,False,False
3531506,Monte Azul Paulista,SP,Não,0.0,Não,3.57,0.0,0.0,True,n.d.,False,True,True,0,0.0,0.0,0.0,False,False
3531605,Monte Castelo,SP,Não,0.0,Não,,0.0,0.0,True,C,True,False,True,0,0.0,0.0,0.0,False,False
3531704,Monteiro Lobato,SP,Sim,252.0,Não,2.63,63.07,25.48,True,C,True,False,True,2,16649356.34,8070501.49,802.0,True,True
3531803,Monte Mor,SP,Sim,80.0,Sim,4.86,0.5,0.29,True,C,True,False,True,4,34586733.33,6375258.180000001,2160.0,True,True
3531902,Morro Agudo,SP,Não,0.0,Não,50.0,0.0,0.0,True,C,True,False,True,2,1214179.17,1005776.07,3.0,True,True
3532009,Morungaba,SP,Não,20.0,Não,86.96,0.0,0.41,True,C,True,False,True,1,807693.1,71435.97,0.0,True,True
3532058,Motuca,SP,Não,0.0,Não,25.0,0.0,0.0,True,C,True,False,True,0,0.0,0.0,0.0,False,False
3532108,Murutinga do Sul,SP,Não,0.0,Não,21.38,0.0,0.0,True,C,True,False,True,0,0.0,0.0,0.0,False,False
3532157,Nantes,SP,Não,0.0,Não,40.0,0.0,0.0,True,A,False,False,False,0,0.0,0.0,0.0,False,False
3532207,Narandiba,SP,Não,0.0,Não,24.56,0.0,0.0,True,A,False,False,False,0,0.0,0.0,0.0,False,False
3532306,Natividade da Serra,SP,Não,0.0,Não,82.76,0.0,0.0,True,A,False,False,False,1,17946821.63,281198.62,10.0,True,True
3532405,Nazaré Paulista,SP,Não,0.0,Não,,,0.0,True,A,False,False,False,0,0.0,0.0,0.0,False,False
3532504,Neves Paulista,SP,Não,0.0,Não,12.0,13.46,0.0,True,B,False,False,False,0,0.0,0.0,0.0,False,False
3532603,Nhandeara,SP,Não,0.0,Não,70.0,0.0,0.0,True,C,True,False,True,0,0.0,0.0,0.0,False,False
3532702,Nipoã,SP,Não,0.0,Não,31.68,79.06,0.0,True,n.e.,False,True,True,0,0.0,0.0,0.0,False,False
3532801,Nova Aliança,SP,Não,0.0,Não,70.0,0.0,0.0,True,C,True,False,True,0,0.0,0.0,0.0,False,False
3532827,Nova Campina,SP,Não,0.0,Não,19.42,24.54,0.0,True,A,False,False,False,0,0.0,0.0,0.0,False,False
3532843,Nova Canaã Paulista,SP,Não,0.0,Não,16.39,59.15,0.0,True,B,False,False,False,0,0.0,0.0,0.0,False,False
3532868,Nova Castilho,SP,Não,0.0,Não,83.06,140.31,0.0,True,B,False,False,False,0,0.0,0.0,0.0,False,False
3532900,Nova Europa,SP,Não,0.0,Não,17.86,20.3,0.0,True,C,True,False,True,0,0.0,0.0,0.0,False,False
3533007,Nova Granada,SP,Não,0.0,Não,79.55,11.02,0.0,True,C,True,False,True,0,0.0,0.0,0.0,False,False
3533106,Nova Guataporanga,SP,Não,0.0,Não,9.6,44.38,0.0,True,A,False,False,False,0,0.0,0.0,0.0,False,False
3533205,Nova Independência,SP,Não,0.0,Não,15.27,271.7,0.0,True,B,False,False,False,0,0.0,0.0,0.0,False,False
3533254,Novais,SP,Não,0.0,Não,,,0.0,True,C,True,False,True,0,0.0,0.0,0.0,False,False
3533304,Nova Luzitânia,SP,Não,0.0,Não,27.27,0.0,0.0,True,C,True,False,True,0,0.0,0.0,0.0,False,False
3533403,Nova Odessa,SP,Não,0.0,Não,,12.55,0.0,True,C,True,False,True,0,0.0,0.0,0.0,False,False
3533502,Novo Horizonte,SP,Não,300.0,Não,47.19,0.0,1.62,True,C,True,False,True,1,34580.26,4940.04,0.0,True,True
3533601,Nuporanga,SP,Não,0.0,Não,85.71,0.0,0.0,True,C,True,False,True,0,0.0,0.0,0.0,False,False
3533700,Ocauçu,SP,Não,12.0,Não,60.0,17.97,0.7,True,C,True,False,True,0,0.0,0.0,0.0,False,False
3533809,Óleo,SP,Não,0.0,Não,14.44,0.0,0.0,True,C,True,False,True,0,0.0,0.0,0.0,False,False
3533908,Olímpia,SP,Sim,10.0,Não,37.24,94.83,0.04,True,A+,False,False,False,0,0.0,0.0,0.0,False,False
3534005,Onda Verde,SP,Não,0.0,Não,,,0.0,True,C,True,False,True,0,0.0,0.0,0.0,False,False
3534104,Oriente,SP,Não,0.0,Não,9.51,18.75,0.0,True,C,True,False,True,0,0.0,0.0,0.0,False,False
3534203,Orindiúva,SP,Não,0.0,Não,31.58,0.0,0.0,True,B,False,False,False,0,0.0,0.0,0.0,False,False
3534302,Orlândia,SP,Não,0.0,Não,65.82,10.34,0.0,True,C,True,False,True,0,0.0,0.0,0.0,False,False
3534401,Osasco,SP,Sim,1027.0,Sim,6.89,19.21,0.34,True,B+,False,False,False,5,0.0,0.0,130.0,True,False
3534500,Oscar Bressane,SP,Não,0.0,Não,20.44,0.0,0.0,True,C,True,False,True,0,0.0,0.0,0.0,False,False
3534609,Osvaldo Cruz,SP,Não,0.0,Não,24.94,0.0,0.0,True,C,True,False,True,5,13079330.1,42613.2,30.0,True,True
3534708,Ourinhos,SP,Sim,50.0,Não,82.32,0.0,0.11,True,C,True,False,True,0,0.0,0.0,0.0,False,False
3534757,Ouroeste,SP,Não,0.0,Não,22.78,0.0,0.0,True,C,True,False,True,0,0.0,0.0,0.0,False,False
3534807,Ouro Verde,SP,Não,0.0,Não,16.89,0.0,0.0,True,C,True,False,True,1,16248977.13,16242160.33,2.0,True,True
3534906,Pacaembu,SP,Sim,30.0,Sim,21.19,68.29,0.72,True,B,False,False,False,3,1844100.12,1836324.51,78.0,True,True
3535002,Palestina,SP,Não,0.0,Não,68.27,0.0,0.0,True,C,True,False,True,0,0.0,0.0,0.0,False,False
3535101,Palmares Paulista,SP,Sim,5.0,Não,100.0,0.0,0.13,True,C,True,False,True,0,0.0,0.0,0.0,False,False
3535200,Palmeira D Oeste,SP,Não,0.0,Não,80.0,134.95,0.0,True,C,True,False,True,0,0.0,0.0,0.0,False,False
3535309,Palmital,SP,Não,0.0,Não,,0.0,0.0,True,A,False,False,False,0,0.0,0.0,0.0,False,False
3535408,Panorama,SP,Não,0.0,Não,20.0,0.0,0.0,True,C,True,False,True,1,5304733.19,5304733.19,0.0,True,True
3535507,Paraguaçu Paulista,SP,Não,0.0,Não,17.0,14.75,0.0,True,C,True,False,True,0,0.0,0.0,0.0,False,False
3535606,Paraibuna,SP,Sim,200.0,Sim,87.5,36.39,3.21,True,A,False,False,False,3,12318595.469999999,8686602.62,14.0,True,True
3535705,Paraíso,SP,Não,0.0,Não,17.86,0.0,0.0,True,B,False,False,False,0,0.0,0.0,0.0,False,False
3535804,Paranapanema,SP,Não,0.0,Não,,,0.0,True,C,True,False,True,0,0.0,0.0,0.0,False,False
3535903,Paranapuã,SP,Não,0.0,Não,7.96,0.0,0.0,True,C,True,False,True,0,0.0,0.0,0.0,False,False
3536000,Parapuã,SP,Não,25.0,Não,15.0,0.0,0.55,True,C,True,False,True,0,0.0,0.0,0.0,False,False
3536109,Pardinho,SP,Não,30.0,Não,5.6,0.0,0.8,True,n.d.,False,True,True,1,1425340.76,1773757.39,0.0,True,True
3536208,Pariquera-Açu,SP,Sim,1020.0,Sim,94.9,34.42,15.79,True,A,False,False,False,1,12300000.0,6270000.0,1166.0,True,True
3536257,Parisi,SP,Não,0.0,Não,45.44,0.0,0.0,True,B,False,False,False,0,0.0,0.0,0.0,False,False
3536307,Patrocínio Paulista,SP,Não,35.0,Não,86.67,0.0,0.6,True,C,True,False,True,0,0.0,0.0,0.0,False,False
3536406,Paulicéia,SP,Não,0.0,Não,80.0,0.0,0.0,True,C,True,False,True,0,0.0,0.0,0.0,False,False
3536505,Paulínia,SP,Sim,30.0,Não,56.45,224.49,0.07,True,A+,False,False,False,0,0.0,0.0,0.0,False,False
3536570,Paulistânia,SP,Não,0.0,Não,65.33,49.47,0.0,True,A+,False,False,False,0,0.0,0.0,0.0,False,False
3536604,Paulo de Faria,SP,Não,50.0,Não,8.33,0.0,1.54,True,C,True,False,True,0,0.0,0.0,0.0,False,False
3536703,Pederneiras,SP,Sim,188.0,Sim,20.37,0.0,1.03,True,C,True,False,True,1,113668.89,12868.18,4.0,True,True
3536802,Pedra Bela,SP,Sim,12.0,Sim,61.54,0.0,1.22,True,C,True,False,True,0,0.0,0.0,0.0,False,False
3536901,Pedranópolis,SP,Não,0.0,Não,4.55,0.0,0.0,True,C,True,False,True,0,0.0,0.0,0.0,False,False
3537008,Pedregulho,SP,Não,0.0,Não,97.01,27.14,0.0,True,C,True,False,True,0,0.0,0.0,0.0,False,False
3537107,Pedreira,SP,Sim,1000.0,Sim,87.92,18.35,5.62,True,C,True,False,True,0,0.0,0.0,0.0,False,False
3537156,Pedrinhas Paulista,SP,Não,0.0,Não,72.73,0.0,0.0,True,C,True,False,True,0,0.0,0.0,0.0,False,False
3537206,Pedro de Toledo,SP,,,Sim,,,,False,C,True,False,True,0,0.0,0.0,0.0,False,False
3537305,Penápolis,SP,Não,0.0,Não,,0.0,0.0,True,n.d.,False,True,True,0,0.0,0.0,0.0,False,False
3537404,Pereira Barreto,SP,Não,0.0,Não,17.13,77.41,0.0,True,C,True,False,True,0,0.0,0.0,0.0,False,False
3537503,Pereiras,SP,Sim,30.0,Não,23.08,0.0,0.91,True,C,True,False,True,0,0.0,0.0,0.0,False,False
3537602,Peruíbe,SP,Sim,5000.0,Sim,4.71,0.0,9.51,True,C,True,False,True,2,25135785.59,24754085.19,2104.0,True,True
3537701,Piacatu,SP,Não,7.0,Não,15.37,2.08,0.3,True,A+,False,False,False,0,0.0,0.0,0.0,False,False
3537800,Piedade,SP,Não,0.0,Sim,34.29,10.92,0.0,True,C,True,False,True,2,4212673.8,2438916.41,27.0,True,True
3537909,Pilar do Sul,SP,Sim,75.0,Sim,43.08,6.18,0.7,True,A+,False,False,False,0,0.0,0.0,0.0,False,False
3538006,Pindamonhangaba,SP,Sim,300.0,Não,8.46,0.0,0.44,True,C,True,False,True,0,0.0,0.0,0.0,False,False
3538105,Pindorama,SP,Não,30.0,Não,36.28,0.0,0.49,True,A,False,False,False,0,0.0,0.0,0.0,False,False
3538204,Pinhalzinho,SP,Sim,11.0,Sim,42.11,0.0,0.19,True,C,True,False,True,0,0.0,0.0,0.0,False,False
3538303,Piquerobi,SP,Não,0.0,Não,24.2,31.18,0.0,True,A+,False,False,False,1,850000.0,20000.0,3.0,True,True
3538501,Piquete,SP,Sim,1200.0,Sim,57.14,0.0,22.68,True,C,True,False,True,0,0.0,0.0,0.0,False,False
3538600,Piracaia,SP,Não,100.0,Não,81.67,0.0,0.89,True,C,True,False,True,1,1911012.43,411765.11,430.0,True,True
3538709,Piracicaba,SP,Sim,5000.0,Sim,62.53,38.09,2.59,True,A,False,False,False,0,0.0,0.0,0.0,False,False
3538808,Piraju,SP,Não,0.0,Não,40.0,133.41,0.0,True,C,True,False,True,0,0.0,0.0,0.0,False,False
3538907,Pirajuí,SP,Não,50.0,Não,51.04,91.32,0.57,True,B,False,False,False,0,0.0,0.0,0.0,False,False
3539004,Pirangi,SP,Não,0.0,Não,27.76,0.0,0.0,True,C,True,False,True,0,0.0,0.0,0.0,False,False
3539103,Pirapora do Bom Jesus,SP,Sim,250.0,Não,49.22,0.0,3.34,True,B,False,False,False,1,4800000.0,150000.0,24.0,True,True
3539202,Pirapozinho,SP,Não,0.0,Não,1.18,0.0,0.0,True,C,True,False,True,0,0.0,0.0,0.0,False,False
3539301,Pirassununga,SP,Sim,0.0,Sim,33.72,0.0,0.0,True,C,True,False,True,1,12469262.52,0.0,0.0,True,True
3539400,Piratininga,SP,Sim,0.0,Não,6.94,0.0,0.0,True,B+,False,False,False,0,0.0,0.0,0.0,False,False
3539509,Pitangueiras,SP,Não,0.0,Não,14.99,0.0,0.0,True,B,False,False,False,0,0.0,0.0,0.0,False,False
3539608,Planalto,SP,Não,0.0,Não,38.89,0.0,0.0,True,A,False,False,False,0,0.0,0.0,0.0,False,False
3539707,Platina,SP,Não,0.0,Não,26.23,0.0,0.0,True,A,False,False,False,0,0.0,0.0,0.0,False,False
3539806,Poá,SP,Sim,714.0,Sim,18.37,58.58,1.74,True,C,True,False,True,2,988000.0,3025000.0,140.0,True,True
3539905,Poloni,SP,Não,0.0,Não,6.74,0.0,0.0,True,C,True,False,True,0,0.0,0.0,0.0,False,False
3540002,Pompéia,SP,Não,0.0,Não,58.33,29.18,0.0,True,C,True,False,True,0,0.0,0.0,0.0,False,False
3540101,Pongaí,SP,Sim,14.0,Não,20.0,0.0,0.92,True,A,False,False,False,0,0.0,0.0,0.0,False,False
3540200,Pontal,SP,Não,0.0,Não,13.25,0.0,0.0,True,D,True,False,True,0,0.0,0.0,0.0,False,False
3540259,Pontalinda,SP,Não,0.0,Não,22.83,0.0,0.0,True,C,True,False,True,0,0.0,0.0,0.0,False,False
3540309,Pontes Gestal,SP,Não,0.0,Não,,0.0,0.0,True,C,True,False,True,0,0.0,0.0,0.0,False,False
3540408,Populina,SP,Não,0.0,Não,80.65,0.0,0.0,True,B,False,False,False,0,0.0,0.0,0.0,False,False
3540507,Porangaba,SP,Não,80.0,Não,4.81,34.72,1.94,True,A+,False,False,False,0,0.0,0.0,0.0,False,False
3540606,Porto Feliz,SP,Sim,50.0,Não,13.22,0.0,0.24,True,A,False,False,False,0,0.0,0.0,0.0,False,False
3540705,Porto Ferreira,SP,Sim,450.0,Sim,84.1,8.01,2.01,True,A,False,False,False,5,14400548.41,14378029.1,182.0,True,True
3540754,Potim,SP,Sim,49.0,Não,100.0,0.23,0.77,True,A,False,False,False,0,0.0,0.0,0.0,False,False
3540804,Potirendaba,SP,Não,0.0,Não,85.71,0.0,0.0,True,C,True,False,True,1,7820079.52,7894180.08,15.0,True,True
3540853,Pracinha,SP,Não,0.0,Não,20.0,0.0,0.0,True,C,True,False,True,0,0.0,0.0,0.0,False,False
3540903,Pradópolis,SP,Não,0.0,Não,,,0.0,True,C,True,False,True,0,0.0,0.0,0.0,False,False
3541000,Praia Grande,SP,Não,0.0,Sim,75.63,0.0,0.0,True,A,False,False,False,0,0.0,0.0,0.0,False,False
3541059,Pratânia,SP,Não,0.0,Sim,,,0.0,True,B+,False,False,False,0,0.0,0.0,0.0,False,False
3541109,Presidente Alves,SP,Não,0.0,Não,37.04,0.0,0.0,True,A,False,False,False,0,0.0,0.0,0.0,False,False
3541208,Presidente Bernardes,SP,Não,0.0,Não,12.5,104.77,0.0,True,B,False,False,False,0,0.0,0.0,0.0,False,False
3541307,Presidente Epitácio,SP,Sim,180.0,Não,7.23,13.11,0.99,True,C,True,False,True,1,1750000.0,2070000.0,95.0,True,True
3541406,Presidente Prudente,SP,Sim,32.0,Sim,58.1,21.47,0.03,True,B+,False,False,False,1,3512000.0,3202000.0,5.0,True,True
3541505,Presidente Venceslau,SP,Não,0.0,Não,50.0,30.96,0.0,True,C,True,False,True,1,673863.62,694283.73,0.0,True,True
3541604,Promissão,SP,Não,0.0,Não,13.41,28.74,0.0,True,C,True,False,True,0,0.0,0.0,0.0,False,False
3541653,Quadra,SP,Não,0.0,Não,4.88,64.77,0.0,True,C,True,False,True,0,0.0,0.0,0.0,False,False
3541703,Quatá,SP,Não,0.0,Não,,,0.0,True,C,True,False,True,1,9954803.52,125522.41,0.0,True,True
3541802,Queiroz,SP,,,Não,,,,False,A+,False,False,False,0,0.0,0.0,0.0,False,False
3541901,Queluz,SP,Sim,56.0,Sim,51.85,13.49,1.6,True,n.d.,False,True,True,0,0.0,0.0,0.0,False,False
3542008,Quintana,SP,Não,0.0,Não,16.22,0.0,0.0,True,C,True,False,True,0,0.0,0.0,0.0,False,False
3542107,Rafard,SP,Sim,130.0,Sim,25.1,0.0,3.99,True,C,True,False,True,5,2560689.61,502258.26,1250.0,True,True
3542206,Rancharia,SP,Não,5.0,Não,26.32,0.0,0.04,True,C,True,False,True,0,0.0,0.0,0.0,False,False
3542305,Redenção da Serra,SP,Sim,75.0,Não,22.89,0.0,3.99,True,A,False,False,False,0,0.0,0.0,0.0,False,False
3542404,Regente Feijó,SP,Não,0.0,Não,47.96,0.0,0.0,True,C,True,False,True,0,0.0,0.0,0.0,False,False
3542503,Reginópolis,SP,Não,42.0,Não,18.2,0.0,1.68,True,C,True,False,True,0,0.0,0.0,0.0,False,False
3542602,Registro,SP,Sim,342.0,Sim,,27.84,1.46,True,A+,False,False,False,0,0.0,0.0,0.0,False,False
3542701,Restinga,SP,Não,0.0,Não,38.89,0.0,0.0,True,C,True,False,True,0,0.0,0.0,0.0,False,False
3542800,Ribeira,SP,Sim,15.0,Sim,43.75,21.17,1.65,True,C,True,False,True,2,1833484.78,4218939.13,240.0,True,True
3542909,Ribeirão Bonito,SP,Não,0.0,Não,15.45,0.0,0.0,True,C,True,False,True,0,0.0,0.0,0.0,False,False
3543006,Ribeirão Branco,SP,Sim,60.0,Sim,,0.0,1.28,True,B+,False,False,False,0,0.0,0.0,0.0,False,False
3543105,Ribeirão Corrente,SP,Não,0.0,Não,29.14,0.49,0.0,True,C,True,False,True,0,0.0,0.0,0.0,False,False
3543204,Ribeirão do Sul,SP,,,Não,,,,False,C,True,False,True,0,0.0,0.0,0.0,False,False
3543238,Ribeirão dos Índios,SP,Não,0.0,Não,7.76,0.0,0.0,True,A,False,False,False,0,0.0,0.0,0.0,False,False
3543253,Ribeirão Grande,SP,Sim,10.0,Sim,8.11,0.0,0.67,True,A,False,False,False,0,0.0,0.0,0.0,False,False
3543303,Ribeirão Pires,SP,Não,5000.0,Sim,62.5,17.11,11.08,True,C,True,False,True,1,10179298.0,4886540.94,8.0,True,True
3543402,Ribeirão Preto,SP,Sim,50.0,Sim,85.0,16.94,0.02,True,A+,False,False,False,0,0.0,0.0,0.0,False,False
3543501,Riversul,SP,Sim,120.0,Não,70.9,47.24,5.61,True,C,True,False,True,0,0.0,0.0,0.0,False,False
3543600,Rifaina,SP,Não,0.0,Não,66.67,0.0,0.0,True,A,False,False,False,0,0.0,0.0,0.0,False,False
3543709,Rincão,SP,Não,0.0,Não,25.0,0.0,0.0,True,C,True,False,True,0,0.0,0.0,0.0,False,False
3543808,Rinópolis,SP,Não,0.0,Sim,40.0,0.0,0.0,True,B+,False,False,False,0,0.0,0.0,0.0,False,False
3543907,Rio Claro,SP,Sim,480.0,Sim,3.69,1.24,0.53,True,C,True,False,True,1,65389333.6,44772439.74,41.0,True,True
3544004,Rio das Pedras,SP,Sim,8.0,Não,61.87,0.23,0.06,True,A,False,False,False,0,0.0,0.0,0.0,False,False
3544103,Rio Grande da Serra,SP,Sim,0.0,Sim,20.27,0.0,0.0,True,C,True,False,True,0,0.0,0.0,0.0,False,False
3544202,Riolândia,SP,Não,0.0,Não,60.0,13.77,0.0,True,C,True,False,True,0,0.0,0.0,0.0,False,False
3544251,Rosana,SP,Não,0.0,Não,,0.0,0.0,True,C,True,False,True,0,0.0,0.0,0.0,False,False
3544301,Roseira,SP,Não,200.0,Não,,0.1,4.81,True,C,True,False,True,0,0.0,0.0,0.0,False,False
3544400,Rubiácea,SP,Não,0.0,Não,51.32,0.0,0.0,True,C,True,False,True,0,0.0,0.0,0.0,False,False
3544509,Rubinéia,SP,Sim,18.0,Não,5.61,0.0,0.79,True,A,False,False,False,0,0.0,0.0,0.0,False,False
3544608,Sabino,SP,Não,0.0,Não,77.43,17.96,0.0,True,C,True,False,True,0,0.0,0.0,0.0,False,False
3544707,Sagres,SP,Não,0.0,Não,33.33,40.1,0.0,True,C,True,False,True,0,0.0,0.0,0.0,False,False
3544806,Sales,SP,Não,0.0,Não,50.0,0.0,0.0,True,C,True,False,True,0,0.0,0.0,0.0,False,False
3544905,Sales Oliveira,SP,Não,0.0,Não,25.91,0.0,0.0,True,C,True,False,True,0,0.0,0.0,0.0,False,False
3545001,Salesópolis,SP,Sim,140.0,Sim,68.4,575.32,2.61,True,A,False,False,False,0,0.0,0.0,0.0,False,False
3545100,Salmourão,SP,Não,0.0,Não,12.5,26.76,0.0,True,C,True,False,True,0,0.0,0.0,0.0,False,False
3545159,Saltinho,SP,Sim,7.0,Não,95.65,0.0,0.22,True,C,True,False,True,0,0.0,0.0,0.0,False,False
3545209,Salto,SP,Sim,10.0,Não,52.99,0.0,0.02,True,C,True,False,True,0,0.0,0.0,0.0,False,False
3545308,Salto de Pirapora,SP,Sim,12.0,Não,42.32,0.0,0.06,True,C,True,False,True,0,0.0,0.0,0.0,False,False
3545407,Salto Grande,SP,Não,187.0,Não,43.25,0.0,4.47,True,B,False,False,False,0,0.0,0.0,0.0,False,False
3545506,Sandovalina,SP,Não,0.0,Não,18.18,0.0,0.0,True,A,False,False,False,0,0.0,0.0,0.0,False,False
3545605,Santa Adélia,SP,Não,60.0,Não,9.25,0.0,0.98,True,C,True,False,True,0,0.0,0.0,0.0,False,False
3545704,Santa Albertina,SP,Não,13.0,Não,7.04,1.48,0.43,True,C,True,False,True,0,0.0,0.0,0.0,False,False
3545803,Santa Bárbara D Oeste,SP,Sim,215.0,Sim,15.22,0.0,0.28,True,C,True,False,True,1,8600000.0,4284000.0,815.0,True,True
3546009,Santa Branca,SP,Sim,308.0,Não,95.16,0.0,4.46,True,A,False,False,False,1,2020000.0,2269000.0,5.0,True,True
3546108,Santa Clara D Oeste,SP,Não,0.0,Não,11.28,78.68,0.0,True,C,True,False,True,0,0.0,0.0,0.0,False,False
3546207,Santa Cruz da Conceição,SP,Sim,40.0,Não,38.98,0.0,2.05,True,C,True,False,True,0,0.0,0.0,0.0,False,False
3546256,Santa Cruz da Esperança,SP,Não,0.0,Não,38.92,0.0,0.0,True,C,True,False,True,0,0.0,0.0,0.0,False,False
3546306,Santa Cruz das Palmeiras,SP,Sim,1.0,Não,50.46,0.0,0.01,True,n.d.,False,True,True,0,0.0,0.0,0.0,False,False
3546405,Santa Cruz do Rio Pardo,SP,Sim,0.0,Não,71.55,61.02,0.0,True,C,True,False,True,0,0.0,0.0,0.0,False,False
3546504,Santa Ernestina,SP,Não,5.0,Não,40.0,0.0,0.19,True,A+,False,False,False,0,0.0,0.0,0.0,False,False
3546603,Santa Fé do Sul,SP,Não,0.0,Não,18.82,3.98,0.0,True,B,False,False,False,0,0.0,0.0,0.0,False,False
3546702,Santa Gertrudes,SP,Sim,30.0,Não,23.55,37.58,0.33,True,A,False,False,False,0,0.0,0.0,0.0,False,False
3546801,Santa Isabel,SP,Sim,1100.0,Sim,36.45,0.0,5.23,True,C,True,False,True,2,11307813.67,2664397.77,300.0,True,True
3546900,Santa Lúcia,SP,Não,0.0,Não,68.97,0.0,0.0,True,C,True,False,True,0,0.0,0.0,0.0,False,False
3547007,Santa Maria da Serra,SP,Não,5.0,Não,38.61,114.67,0.19,True,C,True,False,True,2,3797364.57,3480192.91,0.0,True,True
3547106,Santa Mercedes,SP,Não,0.0,Não,4.55,0.0,0.0,True,A+,False,False,False,0,0.0,0.0,0.0,False,False
3547205,Santana da Ponte Pensa,SP,Não,0.0,Não,13.73,0.0,0.0,True,A,False,False,False,0,0.0,0.0,0.0,False,False
3547304,Santana de Parnaíba,SP,Sim,309.0,Sim,5.46,101.23,0.5,True,A,False,False,False,0,0.0,0.0,0.0,False,False
3547403,Santa Rita D Oeste,SP,Não,0.0,Não,91.67,0.0,0.0,True,C,True,False,True,0,0.0,0.0,0.0,False,False
3547502,Santa Rita do Passa Quatro,SP,Sim,0.0,Não,19.23,21.56,0.0,True,C,True,False,True,0,0.0,0.0,0.0,False,False
3547601,Santa Rosa de Viterbo,SP,Não,0.0,Não,80.0,0.0,0.0,True,C,True,False,True,0,0.0,0.0,0.0,False,False
3547650,Santa Salete,SP,Não,0.0,Não,22.4,1.14,0.0,True,A,False,False,False,0,0.0,0.0,0.0,False,False
3547700,Santo Anastácio,SP,Não,0.0,Não,94.96,0.0,0.0,True,C,True,False,True,0,0.0,0.0,0.0,False,False
3547809,Santo André,SP,Sim,7.0,Sim,42.97,13.88,0.0,True,C,True,False,True,0,0.0,0.0,0.0,False,False
3547908,Santo Antônio da Alegria,SP,Não,0.0,Não,23.28,0.0,0.0,True,C,True,False,True,0,0.0,0.0,0.0,False,False
3548005,Santo Antônio de Posse,SP,Sim,0.0,Não,65.85,31.53,0.0,True,C,True,False,True,0,0.0,0.0,0.0,False,False
3548054,Santo Antônio do Aracanguá,SP,Não,0.0,Não,3.67,0.0,0.0,True,C,True,False,True,0,0.0,0.0,0.0,False,False
3548104,Santo Antônio do Jardim,SP,Não,18.0,Não,63.75,0.0,0.98,True,C,True,False,True,0,0.0,0.0,0.0,False,False
3548203,Santo Antônio do Pinhal,SP,Sim,150.0,Não,44.44,0.0,7.15,True,B,False,False,False,0,0.0,0.0,0.0,False,False
3548302,Santo Expedito,SP,Não,0.0,Não,34.29,0.0,0.0,True,C,True,False,True,0,0.0,0.0,0.0,False,False
3548401,Santópolis do Aguapeí,SP,Não,0.0,Não,72.16,248.13,0.0,True,C,True,False,True,0,0.0,0.0,0.0,False,False
3548500,Santos,SP,Sim,4000.0,Sim,46.97,340.61,1.87,True,B,False,False,False,0,0.0,0.0,0.0,False,False
3548609,São Bento do Sapucaí,SP,Sim,50.0,Sim,70.0,0.0,1.43,True,A,False,False,False,3,10182439.9,2427202.79,18.0,True,True
3548708,São Bernardo do Campo,SP,Sim,40536.0,Sim,36.73,23.29,11.81,True,B+,False,False,False,0,0.0,0.0,0.0,False,False
3548807,São Caetano do Sul,SP,Sim,2200.0,Sim,42.17,0.0,3.0,True,C,True,False,True,0,0.0,0.0,0.0,False,False
3548906,São Carlos,SP,Sim,850.0,Sim,9.94,0.0,0.68,True,C,True,False,True,1,3828187.78,2869176.9,81.0,True,True
3549003,São Francisco,SP,Não,0.0,Não,42.22,222.85,0.0,True,C,True,False,True,0,0.0,0.0,0.0,False,False
3549102,São João da Boa Vista,SP,Sim,115.0,Sim,76.07,10.73,0.28,True,C,True,False,True,4,3655812.35,148625.44,28.0,True,True
3549201,São João das Duas Pontes,SP,Não,0.0,Não,86.96,0.0,0.0,True,B+,False,False,False,0,0.0,0.0,0.0,False,False
3549250,São João de Iracema,SP,Não,0.0,Não,,0.0,0.0,True,C,True,False,True,0,0.0,0.0,0.0,False,False
3549300,São João do Pau d Alho,SP,Não,0.0,Não,2.96,0.0,0.0,True,C,True,False,True,0,0.0,0.0,0.0,False,False
3549409,São Joaquim da Barra,SP,Não,0.0,Não,,,0.0,True,A+,False,False,False,0,0.0,0.0,0.0,False,False
3549508,São José da Bela Vista,SP,Não,0.0,Não,90.0,0.0,0.0,True,C,True,False,True,0,0.0,0.0,0.0,False,False
3549607,São José do Barreiro,SP,Sim,10.0,Não,14.77,0.0,0.63,True,A,False,False,False,0,0.0,0.0,0.0,False,False
3549706,São José do Rio Pardo,SP,Sim,300.0,Sim,45.14,45.1,1.42,True,C,True,False,True,1,4353522.07,271008.27,5.0,True,True
3549805,São José do Rio Preto,SP,Não,0.0,Sim,31.84,0.0,0.0,True,A+,False,False,False,0,0.0,0.0,0.0,False,False
3549904,São José dos Campos,SP,Sim,632.0,Sim,42.09,12.05,0.22,True,C,True,False,True,0,0.0,0.0,0.0,False,False
3549953,São Lourenço da Serra,SP,Não,35.0,Sim,44.07,0.0,0.77,True,C,True,False,True,0,0.0,0.0,0.0,False,False
3550001,São Luís do Paraitinga,SP,Sim,50.0,Sim,,,1.39,True,C,True,False,True,1,1209955.93,134894.25,354.0,True,True
3550100,São Manuel,SP,Sim,150.0,Não,23.93,0.0,0.92,True,B+,False,False,False,0,0.0,0.0,0.0,False,False
3550209,São Miguel Arcanjo,SP,Não,0.0,Não,19.82,0.0,0.0,True,A,False,False,False,1,0.0,0.0,0.0,True,False
3550308,São Paulo,SP,Sim,51254.0,Sim,20.01,125.58,0.99,True,B,False,False,False,0,0.0,0.0,0.0,False,False
3550407,São Pedro,SP,,,Sim,,,,False,A+,False,False,False,0,0.0,0.0,0.0,False,False
3550506,São Pedro do Turvo,SP,Não,0.0,Não,21.2,6.45,0.0,True,C,True,False,True,0,0.0,0.0,0.0,False,False
3550605,São Roque,SP,Sim,54.0,Sim,80.08,16.81,0.16,True,C,True,False,True,0,0.0,0.0,0.0,False,False
3550704,São Sebastião,SP,Sim,3038.0,Sim,76.92,0.0,5.65,True,C,True,False,True,2,208289796.5,31727029.529999997,5362.0,True,True
3550803,São Sebastião da Grama,SP,,,Não,,,,False,n.d.,False,True,True,0,0.0,0.0,0.0,False,False
3550902,São Simão,SP,Sim,20.0,Não,49.5,0.0,0.34,True,B+,False,False,False,0,0.0,0.0,0.0,False,False
3551009,São Vicente,SP,Sim,2750.0,Sim,15.36,14.79,1.81,True,C,True,False,True,0,0.0,0.0,0.0,False,False
3551108,Sarapuí,SP,Sim,10.0,Não,11.11,45.34,0.24,True,C,True,False,True,0,0.0,0.0,0.0,False,False
3551207,Sarutaiá,SP,Sim,0.0,Não,67.92,0.0,0.0,True,n.e.,False,True,True,0,0.0,0.0,0.0,False,False
3551306,Sebastianópolis do Sul,SP,Não,0.0,Não,,,0.0,True,B,False,False,False,0,0.0,0.0,0.0,False,False
3551405,Serra Azul,SP,Não,0.0,Não,57.14,0.0,0.0,True,C,True,False,True,0,0.0,0.0,0.0,False,False
3551504,Serrana,SP,Sim,300.0,Não,90.91,0.0,1.72,True,C,True,False,True,0,0.0,0.0,0.0,False,False
3551603,Serra Negra,SP,Sim,150.0,Não,92.29,11.79,1.04,True,B,False,False,False,0,0.0,0.0,0.0,False,False
3551702,Sertãozinho,SP,Sim,180.0,Sim,30.85,2.07,0.33,True,A+,False,False,False,0,0.0,0.0,0.0,False,False
3551801,Sete Barras,SP,Não,0.0,Sim,,,0.0,True,C,True,False,True,1,1576351.56,107234.8,516.0,True,True
3551900,Severínia,SP,Não,0.0,Não,36.54,0.0,0.0,True,B,False,False,False,1,350000.0,350000.0,0.0,True,True
3552007,Silveiras,SP,Sim,5.0,Não,13.24,0.0,0.28,True,C,True,False,True,0,0.0,0.0,0.0,False,False
3552106,Socorro,SP,Sim,250.0,Sim,44.87,0.0,1.87,True,C,True,False,True,2,29779523.209999997,2430012.47,456.0,True,True
3552205,Sorocaba,SP,Sim,1821.0,Sim,11.83,0.0,0.57,True,C,True,False,True,3,28327355.91,25251568.05,2317.0,True,True
3552304,Sud Mennucci,SP,Não,0.0,Não,5.57,11.79,0.0,True,C,True,False,True,0,0.0,0.0,0.0,False,False
3552403,Sumaré,SP,Sim,841.0,Sim,39.49,0.0,0.73,True,C,True,False,True,1,0.0,0.0,1704.0,True,False
3552502,Suzano,SP,Sim,13029.0,Sim,6.14,0.0,10.41,True,B,False,False,False,0,0.0,0.0,0.0,False,False
3552551,Suzanápolis,SP,Não,0.0,Não,19.74,,0.0,True,A,False,False,False,0,0.0,0.0,0.0,False,False
3552601,Tabapuã,SP,Não,0.0,Não,79.69,0.0,0.0,True,C,True,False,True,1,1583711.96,0.0,0.0,True,True
3552700,Tabatinga,SP,Não,0.0,Não,21.53,0.0,0.0,True,C,True,False,True,0,0.0,0.0,0.0,False,False
3552809,Taboão da Serra,SP,Sim,1500.0,Sim,35.71,2.81,1.3,True,C,True,False,True,1,27000000.0,9300000.0,600.0,True,True
3552908,Taciba,SP,Não,12.0,Não,27.39,0.0,0.48,True,A,False,False,False,0,0.0,0.0,0.0,False,False
3553005,Taguaí,SP,Não,0.0,Não,49.99,0.0,0.0,True,C,True,False,True,0,0.0,0.0,0.0,False,False
3553104,Taiaçu,SP,Sim,0.0,Não,8.75,53.08,0.0,True,n.d.,False,True,True,0,0.0,0.0,0.0,False,False
3553203,Taiúva,SP,Não,0.0,Não,71.43,0.0,0.0,True,C,True,False,True,0,0.0,0.0,0.0,False,False
3553302,Tambaú,SP,Não,20.0,Sim,71.43,0.0,0.24,True,B,False,False,False,0,0.0,0.0,0.0,False,False
3553401,Tanabi,SP,Sim,10.0,Não,84.6,85.31,0.09,True,n.e.,False,True,True,3,271004.06,11856.09,2.0,True,True
3553500,Tapiraí,SP,Sim,100.0,Sim,78.95,2.51,3.35,True,n.d.,False,True,True,0,0.0,0.0,0.0,False,False
3553609,Tapiratiba,SP,Não,0.0,Não,47.62,16.85,0.0,True,C,True,False,True,0,0.0,0.0,0.0,False,False
3553658,Taquaral,SP,Não,0.0,Não,90.63,0.0,0.0,True,A,False,False,False,0,0.0,0.0,0.0,False,False
3553708,Taquaritinga,SP,Não,1000.0,Sim,87.25,0.0,4.41,True,C,True,False,True,0,0.0,0.0,0.0,False,False
3553807,Taquarituba,SP,Não,0.0,Não,14.29,14.39,0.0,True,C,True,False,True,0,0.0,0.0,0.0,False,False
3553856,Taquarivaí,SP,Sim,0.0,Não,32.95,156.92,0.0,True,n.d.,False,True,True,0,0.0,0.0,0.0,False,False
3553906,Tarabai,SP,Sim,0.0,Não,8.57,212.48,0.0,True,C,True,False,True,0,0.0,0.0,0.0,False,False
3553955,Tarumã,SP,Não,0.0,Não,80.78,8.84,0.0,True,A+,False,False,False,0,0.0,0.0,0.0,False,False
3554003,Tatuí,SP,Não,169.0,Sim,58.33,1.2,0.31,True,C,True,False,True,2,12513957.23,717949.42,105.0,True,True
3554102,Taubaté,SP,Sim,264.0,Não,38.83,0.0,0.2,True,C,True,False,True,1,22348810.46,5994348.7,57.0,True,True
3554201,Tejupá,SP,Sim,20.0,Não,,,1.31,True,C,True,False,True,0,0.0,0.0,0.0,False,False
3554300,Teodoro Sampaio,SP,Não,0.0,Não,26.32,0.0,0.0,True,A,False,False,False,0,0.0,0.0,0.0,False,False
3554409,Terra Roxa,SP,Não,14.0,Não,32.13,0.0,0.4,True,n.e.,False,True,True,1,420000.0,0.0,19.0,True,True
3554508,Tietê,SP,Não,0.0,Não,26.61,4.1,0.0,True,C,True,False,True,0,0.0,0.0,0.0,False,False
3554607,Timburi,SP,Não,0.0,Não,,,0.0,True,C,True,False,True,0,0.0,0.0,0.0,False,False
3554656,Torre de Pedra,SP,Não,0.0,Não,28.59,59.85,0.0,True,C,True,False,True,0,0.0,0.0,0.0,False,False
3554706,Torrinha,SP,Não,0.0,Não,40.0,1.83,0.0,True,C,True,False,True,1,1225206.59,918904.94,7.0,True,True
3554755,Trabiju,SP,Não,0.0,Não,100.0,15.74,0.0,True,A,False,False,False,0,0.0,0.0,0.0,False,False
3554805,Tremembé,SP,Sim,0.0,Sim,58.25,11.36,0.0,True,A,False,False,False,0,0.0,0.0,0.0,False,False
3554904,Três Fronteiras,SP,Não,0.0,Não,31.09,0.0,0.0,True,B,False,False,False,0,0.0,0.0,0.0,False,False
3554953,Tuiuti,SP,Não,0.0,Não,5.23,0.0,0.0,True,n.d.,False,True,True,5,2209915.19,1949021.52,254.0,True,True
3555000,Tupã,SP,Sim,10.0,Não,38.81,0.0,0.04,True,C,True,False,True,0,0.0,0.0,0.0,False,False
3555109,Tupi Paulista,SP,Não,0.0,Não,,,0.0,True,C,True,False,True,0,0.0,0.0,0.0,False,False
3555208,Turiúba,SP,Não,0.0,Não,11.92,0.0,0.0,True,A,False,False,False,0,0.0,0.0,0.0,False,False
3555307,Turmalina,SP,Não,0.0,Não,11.5,0.0,0.0,True,C,True,False,True,1,1700000.0,0.0,0.0,True,True
3555356,Ubarana,SP,Não,20.0,Não,26.45,0.0,0.84,True,B+,False,False,False,0,0.0,0.0,0.0,False,False
3555406,Ubatuba,SP,Não,0.0,Sim,12.72,0.0,0.0,True,B,False,False,False,4,33350171.53,9407226.74,623.0,True,True
3555505,Ubirajara,SP,Não,0.0,Não,12.35,7.43,0.0,True,C,True,False,True,0,0.0,0.0,0.0,False,False
3555604,Uchoa,SP,Não,0.0,Não,25.0,0.0,0.0,True,C,True,False,True,0,0.0,0.0,0.0,False,False
3555703,União Paulista,SP,Não,0.0,Não,33.48,0.0,0.0,True,C,True,False,True,0,0.0,0.0,0.0,False,False
3555802,Urânia,SP,Não,0.0,Não,49.02,0.0,0.0,True,C,True,False,True,0,0.0,0.0,0.0,False,False
3555901,Uru,SP,Não,0.0,Não,22.73,0.0,0.0,True,B,False,False,False,1,1067443.89,1067443.89,0.0,True,True
3556008,Urupês,SP,Não,0.0,Não,60.0,0.0,0.0,True,C,True,False,True,0,0.0,0.0,0.0,False,False
3556107,Valentim Gentil,SP,Não,0.0,Não,53.41,0.0,0.0,True,C,True,False,True,0,0.0,0.0,0.0,False,False
3556206,Valinhos,SP,Sim,39.0,Sim,52.65,14.59,0.07,True,A+,False,False,False,11,0.0,0.0,104.0,True,False
3556305,Valparaíso,SP,Sim,0.0,Não,7.64,0.0,0.0,True,C,True,False,True,0,0.0,0.0,0.0,False,False
3556354,Vargem,SP,Não,0.0,Não,,0.0,0.0,True,C,True,False,True,0,0.0,0.0,0.0,False,False
3556404,Vargem Grande do Sul,SP,Sim,50.0,Sim,17.3,92.05,0.3,True,B,False,False,False,0,0.0,0.0,0.0,False,False
3556453,Vargem Grande Paulista,SP,Não,55.0,Não,,15.08,0.26,True,C,True,False,True,0,0.0,0.0,0.0,False,False
3556503,Várzea Paulista,SP,Não,500.0,Sim,43.48,0.0,1.09,True,B,False,False,False,3,24299116.150000002,8841471.32,315.0,True,True
3556602,Vera Cruz,SP,Não,0.0,Não,13.44,0.0,0.0,True,A,False,False,False,0,0.0,0.0,0.0,False,False
3556701,Vinhedo,SP,Sim,36.0,Não,26.98,78.37,0.11,True,C,True,False,True,2,0.0,0.0,4.0,True,False
3556800,Viradouro,SP,Não,0.0,Não,52.78,7.93,0.0,True,C,True,False,True,0,0.0,0.0,0.0,False,False
3556909,Vista Alegre do Alto,SP,Não,0.0,Não,62.33,4.82,0.0,True,A+,False,False,False,0,0.0,0.0,0.0,False,False
3556958,Vitória Brasil,SP,Não,0.0,Não,20.09,0.0,0.0,True,A+,False,False,False,0,0.0,0.0,0.0,False,False
3557006,Votorantim,SP,Sim,0.0,Sim,44.52,0.0,0.0,True,C,True,False,True,0,0.0,0.0,0.0,False,False
3557105,Votuporanga,SP,Não,85.0,Não,58.07,0.0,0.19,True,A+,False,False,False,0,0.0,0.0,0.0,False,False
3557154,Zacarias,SP,Não,0.0,Não,2.81,0.0,0.0,True,A+,False,False,False,0,0.0,0.0,0.0,False,False
3557204,Chavantes,SP,,,Não,,,,False,C,True,False,True,0,0.0,0.0,0.0,False,False
3557303,Estiva Gerbi,SP,Não,0.0,Não,50.0,0.0,0.0,True,n.d.,False,True,True,0,0.0,0.0,0.0,False,False
4100103,Abatiá,PR,Não,0.0,Não,,,0.0,True,A,False,False,False,0,0.0,0.0,0.0,False,False
4100202,Adrianópolis,PR,Não,256.0,Não,1.32,0.0,24.17,True,n.d.,False,True,True,0,0.0,0.0,0.0,False,False
4100301,Agudos do Sul,PR,Não,0.0,Não,34.26,0.0,0.0,True,n.d.,False,True,True,0,0.0,0.0,0.0,False,False
4100400,Almirante Tamandaré,PR,Não,10000.0,Sim,18.18,12.07,21.77,True,n.d.,False,True,True,0,0.0,0.0,0.0,False,False
4100459,Altamira do Paraná,PR,Não,0.0,Sim,100.0,5.21,0.0,True,A,False,False,False,1,105580.8,21116.16,100.0,True,True
4100509,Altônia,PR,Não,0.0,Não,50.0,0.0,0.0,True,n.d.,False,True,True,1,1112690.08,150000.0,0.0,True,True
4100608,Alto Paraná,PR,Não,0.0,Não,7.39,0.0,0.0,True,B,False,False,False,2,3282125.35,3162205.58,22.0,True,True
4100707,Alto Piquiri,PR,Não,0.0,Sim,,0.0,0.0,True,B,False,False,False,1,264463.3,75569.23,0.0,True,True
4100806,Alvorada do Sul,PR,Não,0.0,Não,,0.0,0.0,True,n.d.,False,True,True,0,0.0,0.0,0.0,False,False
4100905,Amaporã,PR,Não,0.0,Não,22.87,16.38,0.0,True,A,False,False,False,0,0.0,0.0,0.0,False,False
4101002,Ampére,PR,Não,50.0,Não,33.32,0.06,0.75,True,C,True,False,True,2,923765.47,0.0,161.0,True,True
4101051,Anahy,PR,Não,0.0,Não,87.35,0.0,0.0,True,C,True,False,True,0,0.0,0.0,0.0,False,False
4101101,Andirá,PR,Não,0.0,Não,20.01,76.83,0.0,True,A,False,False,False,0,0.0,0.0,0.0,False,False
4101150,Ângulo,PR,Não,0.0,Não,90.03,0.0,0.0,True,A,False,False,False,0,0.0,0.0,0.0,False,False
4101200,Antonina,PR,Sim,515.0,Sim,32.36,0.0,6.12,True,C,True,False,True,1,1622000.0,333171.0,0.0,True,True
4101309,Antônio Olinto,PR,Não,0.0,Não,96.77,0.0,0.0,True,A,False,False,False,0,0.0,0.0,0.0,False,False
4101408,Apucarana,PR,Sim,30.0,Sim,86.72,3.89,0.05,True,A,False,False,False,0,0.0,0.0,0.0,False,False
4101507,Arapongas,PR,Não,0.0,Não,86.82,13.65,0.0,True,B,False,False,False,0,0.0,0.0,0.0,False,False
4101606,Arapoti,PR,Não,51.0,Não,70.6,0.0,0.53,True,B,False,False,False,0,0.0,0.0,0.0,False,False
4101655,Arapuã,PR,Não,0.0,Não,,0.0,0.0,True,B,False,False,False,0,0.0,0.0,0.0,False,False
4101705,Araruna,PR,Não,0.0,Não,,,0.0,True,C,True,False,True,2,696695.51,378721.28,15.0,True,True
4101804,Araucária,PR,Sim,2791.0,Sim,29.79,20.68,4.58,True,A,False,False,False,3,0.0,0.0,7.0,True,False
4101853,Ariranha do Ivaí,PR,Não,0.0,Não,21.87,0.0,0.0,True,B,False,False,False,1,22171.97,0.0,0.0,True,True
4101903,Assaí,PR,Não,30.0,Não,87.5,0.0,0.5,True,A,False,False,False,1,346500.0,160000.0,1.0,True,True
4102000,Assis Chateaubriand,PR,Não,0.0,Não,76.44,0.0,0.0,True,A+,False,False,False,0,0.0,0.0,0.0,False,False
4102109,Astorga,PR,Não,0.0,Não,44.44,6.2,0.0,True,B,False,False,False,0,0.0,0.0,0.0,False,False
4102208,Atalaia,PR,Não,0.0,Não,49.35,0.0,0.0,True,A,False,False,False,0,0.0,0.0,0.0,False,False
4102307,Balsa Nova,PR,Não,234.0,Não,24.06,0.0,7.06,True,A,False,False,False,0,0.0,0.0,0.0,False,False
4102406,Bandeirantes,PR,Não,625.0,Sim,,,4.83,True,C,True,False,True,2,11060804.51,2770496.97,854.0,True,True
4102505,Barbosa Ferraz,PR,Sim,41.0,Não,45.79,6.92,0.94,True,A,False,False,False,0,0.0,0.0,0.0,False,False
4102604,Barracão,PR,Não,0.0,Sim,74.57,0.0,0.0,True,B,False,False,False,2,730939.9099999999,728439.9099999999,0.0,True,True
4102703,Barra do Jacaré,PR,Não,0.0,Não,37.5,0.0,0.0,True,A,False,False,False,0,0.0,0.0,0.0,False,False
4102752,Bela Vista da Caroba,PR,Não,0.0,Não,76.92,103.71,0.0,True,A,False,False,False,0,0.0,0.0,0.0,False,False
4102802,Bela Vista do Paraíso,PR,Não,0.0,Não,90.52,0.0,0.0,True,A,False,False,False,0,0.0,0.0,0.0,False,False
4102901,Bituruna,PR,Sim,145.0,Sim,82.17,24.26,3.38,True,n.d.,False,True,True,3,895008.56,269125.58999999997,32.0,True,True
4103008,Boa Esperança,PR,Não,0.0,Não,24.44,0.0,0.0,True,n.d.,False,True,True,0,0.0,0.0,0.0,False,False
4103024,Boa Esperança do Iguaçu,PR,Não,22.0,Não,46.15,0.0,4.54,True,A,False,False,False,2,7917246.74,90672.79,173.0,True,True
4103040,Boa Ventura de São Roque,PR,Sim,20.0,Não,60.58,101.99,2.36,True,A,False,False,False,0,0.0,0.0,0.0,False,False
4103057,Boa Vista da Aparecida,PR,Sim,20.0,Não,75.0,0.0,0.65,True,C,True,False,True,1,4206904.05,4205419.51,0.0,True,True
4103107,Bocaiúva do Sul,PR,Não,30.0,Não,60.0,0.0,0.78,True,A,False,False,False,0,0.0,0.0,0.0,False,False
4103156,Bom Jesus do Sul,PR,Sim,40.0,Não,,,5.71,True,A,False,False,False,1,73879.96,0.0,0.0,True,True
4103206,Bom Sucesso,PR,Não,0.0,Não,81.12,0.84,0.0,True,n.d.,False,True,True,0,0.0,0.0,0.0,False,False
4103222,Bom Sucesso do Sul,PR,Sim,12.0,Não,66.87,0.0,1.65,True,A+,False,False,False,2,1167191.84,1146075.68,54.0,True,True
4103305,Borrazópolis,PR,Não,0.0,Sim,,0.0,0.0,True,A,False,False,False,0,0.0,0.0,0.0,False,False
4103354,Braganey,PR,Não,0.0,Não,,,0.0,True,A,False,False,False,0,0.0,0.0,0.0,False,False
4103370,Brasilândia do Sul,PR,,,Não,,,,False,B,False,False,False,1,213000.0,213000.0,0.0,True,True
4103404,Cafeara,PR,Não,0.0,Não,43.72,0.0,0.0,True,A,False,False,False,0,0.0,0.0,0.0,False,False
4103453,Cafelândia,PR,Não,0.0,Não,96.6,16.74,0.0,True,B,False,False,False,0,0.0,0.0,0.0,False,False
4103479,Cafezal do Sul,PR,Não,0.0,Não,68.18,0.0,0.0,True,C,True,False,True,3,2677616.27,2529415.1399999997,0.0,True,True
4103503,Califórnia,PR,Não,0.0,Não,97.1,2.62,0.0,True,A,False,False,False,0,0.0,0.0,0.0,False,False
4103602,Cambará,PR,Não,10.0,Sim,,,0.11,True,A,False,False,False,0,0.0,0.0,0.0,False,False
4103701,Cambé,PR,Não,0.0,Não,80.65,9.22,0.0,True,B,False,False,False,0,0.0,0.0,0.0,False,False
4103800,Cambira,PR,Não,0.0,Não,,,0.0,True,B,False,False,False,0,0.0,0.0,0.0,False,False
4103909,Campina da Lagoa,PR,Sim,20.0,Não,58.14,0.15,0.32,True,A,False,False,False,0,0.0,0.0,0.0,False,False
4103958,Campina do Simão,PR,Não,0.0,Não,,224.22,0.0,True,A,False,False,False,1,947059.75,968175.91,3.0,True,True
4104006,Campina Grande do Sul,PR,Sim,100.0,Sim,80.95,405.28,0.53,True,A,False,False,False,1,319370.52,0.0,104.0,True,True
4104055,Campo Bonito,PR,Não,19.0,Não,54.99,3.36,1.74,True,A,False,False,False,0,0.0,0.0,0.0,False,False
4104105,Campo do Tenente,PR,Não,40.0,Não,73.53,0.0,2.0,True,B,False,False,False,0,0.0,0.0,0.0,False,False
4104204,Campo Largo,PR,Sim,1216.0,Sim,54.05,0.69,2.26,True,A,False,False,False,8,0.0,0.0,12.0,True,False
4104253,Campo Magro,PR,Não,400.0,Sim,,,3.66,True,n.d.,False,True,True,0,0.0,0.0,0.0,False,False
4104303,Campo Mourão,PR,Sim,10.0,Não,92.42,0.35,0.02,True,B+,False,False,False,0,0.0,0.0,0.0,False,False
4104402,Cândido de Abreu,PR,Sim,100.0,Não,33.48,0.0,3.93,True,A,False,False,False,2,1806519.9000000001,1438222.0099999998,29.0,True,True
4104428,Candói,PR,Não,28.0,Não,55.11,1.89,0.73,True,n.e.,False,True,True,1,950227.17,950227.17,0.0,True,True
4104451,Cantagalo,PR,Não,0.0,Sim,,,0.0,True,n.e.,False,True,True,2,3743685.2,3715685.2,7.0,True,True
4104501,Capanema,PR,Não,0.0,Não,63.28,309.75,0.0,True,A,False,False,False,2,3218788.63,2789038.17,31.0,True,True
4104600,Capitão Leônidas Marques,PR,Sim,240.0,Sim,16.9,0.0,4.37,True,B,False,False,False,1,300143.4,29708.32,21.0,True,True
4104659,Carambeí,PR,Não,0.0,Não,60.92,0.0,0.0,True,A,False,False,False,0,0.0,0.0,0.0,False,False
4104709,Carlópolis,PR,Sim,12.0,Não,87.93,34.26,0.2,True,n.e.,False,True,True,0,0.0,0.0,0.0,False,False
4104808,Cascavel,PR,Não,25.0,Não,85.71,0.0,0.02,True,B,False,False,False,0,0.0,0.0,0.0,False,False
4104907,Castro,PR,Sim,50.0,Não,59.62,0.0,0.2,True,A+,False,False,False,1,4735469.73,3775303.41,30.0,True,True
4105003,Catanduvas,PR,Não,18.0,Não,,0.0,0.73,True,B+,False,False,False,0,0.0,0.0,0.0,False,False
4105102,Centenário do Sul,PR,Não,0.0,Não,99.98,699.88,0.0,True,n.d.,False,True,True,0,0.0,0.0,0.0,False,False
4105201,Cerro Azul,PR,Sim,60.0,Sim,24.75,0.0,1.92,True,n.d.,False,True,True,0,0.0,0.0,0.0,False,False
4105300,Céu Azul,PR,Não,0.0,Não,,,0.0,True,A,False,False,False,0,0.0,0.0,0.0,False,False
4105409,Chopinzinho,PR,Sim,60.0,Sim,,,0.88,True,B,False,False,False,1,4113881.26,162630.86,20.0,True,True
4105508,Cianorte,PR,Não,30.0,Não,95.06,47.6,0.09,True,B,False,False,False,0,0.0,0.0,0.0,False,False
4105607,Cidade Gaúcha,PR,Não,0.0,Não,50.0,90.03,0.0,True,n.d.,False,True,True,0,0.0,0.0,0.0,False,False
4105706,Clevelândia,PR,Não,30.0,Não,76.5,0.0,0.5,True,B,False,False,False,2,6378063.96,4244960.64,0.0,True,True
4105805,Colombo,PR,Sim,879.0,Sim,35.42,0.0,0.96,True,A,False,False,False,0,0.0,0.0,0.0,False,False
4105904,Colorado,PR,Não,0.0,Não,56.99,97.76,0.0,True,B,False,False,False,1,1445189.95,173680.41,0.0,True,True
4106001,Congonhinhas,PR,Não,0.0,Não,3.57,149.4,0.0,True,C,True,False,True,0,0.0,0.0,0.0,False,False
4106100,Conselheiro Mairinck,PR,Sim,24.0,Não,82.07,0.0,2.05,True,A,False,False,False,0,0.0,0.0,0.0,False,False
4106209,Contenda,PR,Sim,18.0,Não,34.16,0.0,0.32,True,B,False,False,False,0,0.0,0.0,0.0,False,False
4106308,Corbélia,PR,Não,0.0,Não,61.65,84.37,0.0,True,C,True,False,True,0,0.0,0.0,0.0,False,False
4106407,Cornélio Procópio,PR,Não,0.0,Não,29.79,0.0,0.0,True,n.d.,False,True,True,0,0.0,0.0,0.0,False,False
4106456,Coronel Domingos Soares,PR,Sim,5.0,Não,50.0,60.64,0.53,True,n.e.,False,True,True,1,1888860.15,1888860.15,0.0,True,True
4106506,Coronel Vivida,PR,,,Não,,,,False,A,False,False,False,2,13151894.54,4341465.92,12.0,True,True
4106555,Corumbataí do Sul,PR,Não,0.0,Não,,0.0,0.0,True,C,True,False,True,0,0.0,0.0,0.0,False,False
4106571,Cruzeiro do Iguaçu,PR,Não,30.0,Não,39.06,0.0,2.21,True,C,True,False,True,2,320878.0,125092.13,27.0,True,True
4106605,Cruzeiro do Oeste,PR,Não,50.0,Não,35.21,113.35,0.5,True,C,True,False,True,5,306184.31,228899.17,5.0,True,True
4106704,Cruzeiro do Sul,PR,Não,0.0,Não,89.16,0.0,0.0,True,n.d.,False,True,True,1,243688.16,0.0,0.0,True,True
4106803,Cruz Machado,PR,Sim,700.0,Sim,8.44,0.0,25.95,True,A+,False,False,False,2,574887.44,12141.79,16.0,True,True
4106852,Cruzmaltina,PR,Não,0.0,Não,,,0.0,True,A,False,False,False,0,0.0,0.0,0.0,False,False
4106902,Curitiba,PR,Sim,258.0,Sim,67.26,47.14,0.03,True,A,False,False,False,11,0.0,0.0,199.0,True,False
4107009,Curiúva,PR,Não,0.0,Não,62.5,0.0,0.0,True,A,False,False,False,0,0.0,0.0,0.0,False,False
4107108,Diamante do Norte,PR,Não,0.0,Não,55.85,7.01,0.0,True,C,True,False,True,0,0.0,0.0,0.0,False,False
4107124,Diamante do Sul,PR,Não,20.0,Não,,0.0,2.84,True,A,False,False,False,1,1497250.0,1272250.0,0.0,True,True
4107157,Diamante D Oeste,PR,Sim,5.0,Não,54.07,0.0,0.44,True,A,False,False,False,0,0.0,0.0,0.0,False,False
4107207,Dois Vizinhos,PR,Sim,600.0,Sim,54.98,12.9,3.69,True,B,False,False,False,4,45526899.44,25512615.19,5770.0,True,True
4107256,Douradina,PR,Não,0.0,Não,92.31,13.09,0.0,True,B,False,False,False,0,0.0,0.0,0.0,False,False
4107306,Doutor Camargo,PR,Não,0.0,Não,95.45,0.0,0.0,True,C,True,False,True,0,0.0,0.0,0.0,False,False
4107405,Enéas Marques,PR,Não,0.0,Não,54.34,108.88,0.0,True,A,False,False,False,2,2939018.17,2939018.17,0.0,True,True
4107504,Engenheiro Beltrão,PR,Não,0.0,Não,,,0.0,True,C,True,False,True,1,1085216.17,1085216.17,0.0,True,True
4107520,Esperança Nova,PR,Não,0.0,Não,92.31,0.0,0.0,True,n.d.,False,True,True,0,0.0,0.0,0.0,False,False
4107538,Entre Rios do Oeste,PR,Não,0.0,Não,48.35,94.96,0.0,True,A,False,False,False,0,0.0,0.0,0.0,False,False
4107546,Espigão Alto do Iguaçu,PR,Não,0.0,Não,52.11,0.0,0.0,True,A,False,False,False,2,2290363.3600000003,2153108.3200000003,200.0,True,True
4107553,Farol,PR,Não,0.0,Não,80.43,21.3,0.0,True,A,False,False,False,0,0.0,0.0,0.0,False,False
4107603,Faxinal,PR,Não,0.0,Não,,,0.0,True,C,True,False,True,0,0.0,0.0,0.0,False,False
4107652,Fazenda Rio Grande,PR,,,Sim,,,,False,A,False,False,False,1,325325.73,65329.04,109.0,True,True
4107702,Fênix,PR,Não,0.0,Não,72.72,0.0,0.0,True,n.e.,False,True,True,0,0.0,0.0,0.0,False,False
4107736,Fernandes Pinheiro,PR,Não,0.0,Não,59.44,0.0,0.0,True,A,False,False,False,0,0.0,0.0,0.0,False,False
4107751,Figueira,PR,,,Não,,,,False,C,True,False,True,0,0.0,0.0,0.0,False,False
4107801,Floraí,PR,Não,0.0,Não,79.99,0.0,0.0,True,A,False,False,False,0,0.0,0.0,0.0,False,False
4107850,Flor da Serra do Sul,PR,Não,0.0,Não,,,0.0,True,A,False,False,False,1,123133.26,0.0,0.0,True,True
4107900,Floresta,PR,Não,0.0,Não,,0.0,0.0,True,n.d.,False,True,True,0,0.0,0.0,0.0,False,False
4108007,Florestópolis,PR,,,Não,,,,False,n.d.,False,True,True,0,0.0,0.0,0.0,False,False
4108106,Flórida,PR,Não,0.0,Não,99.29,0.0,0.0,True,A,False,False,False,0,0.0,0.0,0.0,False,False
4108205,Formosa do Oeste,PR,Não,0.0,Não,81.63,0.0,0.0,True,A,False,False,False,0,0.0,0.0,0.0,False,False
4108304,Foz do Iguaçu,PR,Sim,475.0,Sim,20.54,0.0,0.39,True,C,True,False,True,0,0.0,0.0,0.0,False,False
4108320,Francisco Alves,PR,Não,0.0,Não,3.3,990.66,0.0,True,A,False,False,False,1,1161388.77,844646.38,0.0,True,True
4108403,Francisco Beltrão,PR,Sim,1200.0,Sim,84.22,0.0,3.14,True,A,False,False,False,2,7425866.96,3656907.51,1109.0,True,True
4108452,Foz do Jordão,PR,,,Não,,,,False,A,False,False,False,0,0.0,0.0,0.0,False,False
4108502,General Carneiro,PR,Sim,100.0,Sim,,0.0,2.83,True,B,False,False,False,2,5465827.57,108680.83,271.0,True,True
4108551,Godoy Moreira,PR,Não,0.0,Não,81.45,0.0,0.0,True,A,False,False,False,0,0.0,0.0,0.0,False,False
4108601,Goioerê,PR,Sim,280.0,Não,93.58,2.07,2.4,True,n.d.,False,True,True,0,0.0,0.0,0.0,False,False
4108650,Goioxim,PR,Sim,30.0,Não,,,2.72,True,n.d.,False,True,True,2,3546331.39,381154.14,231.0,True,True
4108700,Grandes Rios,PR,Não,0.0,Não,55.56,0.0,0.0,True,A,False,False,False,0,0.0,0.0,0.0,False,False
4108809,Guaíra,PR,Sim,150.0,Não,60.87,30.09,1.18,True,B,False,False,False,0,0.0,0.0,0.0,False,False
4108908,Guairaçá,PR,Não,0.0,Não,70.31,0.0,0.0,True,n.e.,False,True,True,0,0.0,0.0,0.0,False,False
4108957,Guamiranga,PR,Não,30.0,Não,50.0,0.0,2.85,True,C,True,False,True,1,279328.78,0.0,15.0,True,True
4109005,Guapirama,PR,Não,0.0,Não,83.87,1010.2,0.0,True,A,False,False,False,0,0.0,0.0,0.0,False,False
4109104,Guaporema,PR,Não,0.0,Não,85.11,0.0,0.0,True,A,False,False,False,0,0.0,0.0,0.0,False,False
4109203,Guaraci,PR,Não,0.0,Não,84.87,0.0,0.0,True,n.d.,False,True,True,0,0.0,0.0,0.0,False,False
4109302,Guaraniaçu,PR,Não,0.0,Sim,2.86,0.0,0.0,True,A,False,False,False,0,0.0,0.0,0.0,False,False
4109401,Guarapuava,PR,Sim,740.0,Sim,62.02,12.86,1.0,True,C,True,False,True,0,0.0,0.0,0.0,False,False
4109500,Guaraqueçaba,PR,Não,200.0,Sim,30.43,289.86,11.79,True,A,False,False,False,0,0.0,0.0,0.0,False,False
4109609,Guaratuba,PR,Não,796.0,Sim,49.96,0.0,2.36,True,n.e.,False,True,True,3,27705808.930000003,23568540.12,273.0,True,True
4109658,Honório Serpa,PR,Não,0.0,Não,57.69,22.22,0.0,True,B,False,False,False,2,2362669.5700000003,1131336.95,21.0,True,True
4109708,Ibaiti,PR,Não,0.0,Não,97.04,0.0,0.0,True,A,False,False,False,0,0.0,0.0,0.0,False,False
4109757,Ibema,PR,Não,0.0,Não,,0.94,0.0,True,A,False,False,False,0,0.0,0.0,0.0,False,False
4109807,Ibiporã,PR,Não,0.0,Sim,48.35,51.98,0.0,True,A,False,False,False,0,0.0,0.0,0.0,False,False
4109906,Icaraíma,PR,Não,0.0,Não,79.54,80.82,0.0,True,B,False,False,False,0,0.0,0.0,0.0,False,False
4110003,Iguaraçu,PR,Não,0.0,Não,87.12,1.59,0.0,True,n.d.,False,True,True,0,0.0,0.0,0.0,False,False
4110052,Iguatu,PR,Não,0.0,Não,100.0,16.08,0.0,True,A,False,False,False,0,0.0,0.0,0.0,False,False
4110078,Imbaú,PR,Não,0.0,Não,77.82,8.7,0.0,True,n.e.,False,True,True,0,0.0,0.0,0.0,False,False
4110102,Imbituva,PR,Não,0.0,Sim,62.04,99.36,0.0,True,A,False,False,False,1,0.0,66581.56,70.0,True,True
4110201,Inácio Martins,PR,Não,0.0,Não,64.3,124.36,0.0,True,C,True,False,True,1,1803531.18,1803531.18,0.0,True,True
4110300,Inajá,PR,Não,0.0,Não,53.96,20.6,0.0,True,C,True,False,True,0,0.0,0.0,0.0,False,False
4110409,Indianópolis,PR,Não,0.0,Não,100.0,0.0,0.0,True,B,False,False,False,0,0.0,0.0,0.0,False,False
4110508,Ipiranga,PR,Sim,60.0,Não,73.33,171.23,2.66,True,A,False,False,False,2,15631122.46,12206526.600000001,287.0,True,True
4110607,Iporã,PR,Não,0.0,Não,73.49,0.0,0.0,True,C,True,False,True,1,298793.66,10558.08,0.0,True,True
4110656,Iracema do Oeste,PR,Não,0.0,Não,98.93,0.0,0.0,True,A,False,False,False,0,0.0,0.0,0.0,False,False
4110706,Irati,PR,Sim,500.0,Sim,56.1,5.99,2.41,True,B,False,False,False,2,5912692.2,5407443.33,89.0,True,True
4110805,Iretama,PR,Não,60.0,Sim,57.89,0.0,1.93,True,C,True,False,True,2,1229147.3900000001,1224185.1,30.0,True,True
4110904,Itaguajé,PR,Não,0.0,Não,93.9,0.0,0.0,True,C,True,False,True,0,0.0,0.0,0.0,False,False
4110953,Itaipulândia,PR,Não,0.0,Não,100.0,0.0,0.0,True,A,False,False,False,0,0.0,0.0,0.0,False,False
4111001,Itambaracá,PR,Não,0.0,Não,25.94,0.0,0.0,True,C,True,False,True,0,0.0,0.0,0.0,False,False
4111100,Itambé,PR,Não,0.0,Não,57.66,0.0,0.0,True,C,True,False,True,0,0.0,0.0,0.0,False,False
4111209,Itapejara D Oeste,PR,Não,0.0,Não,16.67,0.0,0.0,True,A,False,False,False,2,400832.33,400832.33,6.0,True,True
4111258,Itaperuçu,PR,Sim,50.0,Sim,65.0,1.83,0.49,True,B,False,False,False,0,0.0,0.0,0.0,False,False
4111308,Itaúna do Sul,PR,Não,0.0,Não,55.94,0.0,0.0,True,A,False,False,False,0,0.0,0.0,0.0,False,False
4111407,Ivaí,PR,Não,0.0,Sim,,3.0,0.0,True,B,False,False,False,2,8376256.800000001,6789368.44,16.0,True,True
4111506,Ivaiporã,PR,Não,10.0,Não,85.33,0.0,0.07,True,A,False,False,False,1,81680.44,81680.44,0.0,True,True
4111555,Ivaté,PR,,,Sim,,,,False,C,True,False,True,0,0.0,0.0,0.0,False,False
4111605,Ivatuba,PR,Não,120.0,Não,92.05,624.19,7.88,True,A,False,False,False,0,0.0,0.0,0.0,False,False
4111704,Jaboti,PR,Sim,8.0,Não,,,0.46,True,B,False,False,False,0,0.0,0.0,0.0,False,False
4111803,Jacarezinho,PR,Não,560.0,Sim,38.98,64.56,3.41,True,C,True,False,True,0,0.0,0.0,0.0,False,False
4111902,Jaguapitã,PR,Não,0.0,Sim,13.65,0.0,0.0,True,n.d.,False,True,True,0,0.0,0.0,0.0,False,False
4112009,Jaguariaíva,PR,Sim,500.0,Sim,72.59,3.1,3.67,True,C,True,False,True,0,0.0,0.0,0.0,False,False
4112108,Jandaia do Sul,PR,Não,3.0,Não,95.72,0.0,0.03,True,A,False,False,False,0,0.0,0.0,0.0,False,False
4112207,Janiópolis,PR,Não,0.0,Não,87.5,0.0,0.0,True,A,False,False,False,0,0.0,0.0,0.0,False,False
4112306,Japira,PR,Não,0.0,Não,51.28,197.11,0.0,True,A,False,False,False,0,0.0,0.0,0.0,False,False
4112405,Japurá,PR,Não,0.0,Não,80.36,0.0,0.0,True,A,False,False,False,0,0.0,0.0,0.0,False,False
4112504,Jardim Alegre,PR,Não,34.0,Não,19.23,0.0,0.9,True,A,False,False,False,0,0.0,0.0,0.0,False,False
4112603,Jardim Olinda,PR,Não,0.0,Não,15.87,0.0,0.0,True,B,False,False,False,0,0.0,0.0,0.0,False,False
4112702,Jataizinho,PR,Sim,255.0,Sim,,,5.12,True,C,True,False,True,0,0.0,0.0,0.0,False,False
4112751,Jesuítas,PR,Não,0.0,Não,47.16,0.0,0.0,True,A,False,False,False,0,0.0,0.0,0.0,False,False
4112801,Joaquim Távora,PR,Não,0.0,Não,94.8,0.0,0.0,True,A,False,False,False,0,0.0,0.0,0.0,False,False
4112900,Jundiaí do Sul,PR,Não,30.0,Não,13.84,0.0,2.93,True,A,False,False,False,1,1824394.87,0.0,32.0,True,True
4112959,Juranda,PR,Não,0.0,Não,83.62,0.0,0.0,True,B,False,False,False,1,80000.0,80000.0,0.0,True,True
4113007,Jussara,PR,Não,0.0,Não,37.5,0.0,0.0,True,B,False,False,False,0,0.0,0.0,0.0,False,False
4113106,Kaloré,PR,Não,0.0,Não,,,0.0,True,C,True,False,True,0,0.0,0.0,0.0,False,False
4113205,Lapa,PR,Sim,0.0,Não,30.0,13.55,0.0,True,C,True,False,True,1,3636804.46,3488125.58,0.0,True,True
4113254,Laranjal,PR,Não,0.0,Não,,0.0,0.0,True,A,False,False,False,1,1417950.1,90799.49,40.0,True,True
4113304,Laranjeiras do Sul,PR,Não,0.0,Sim,46.15,71.63,0.0,True,C,True,False,True,1,13695927.5,21122480.72,89.0,True,True
4113403,Leópolis,PR,Não,0.0,Não,30.0,0.0,0.0,True,A,False,False,False,0,0.0,0.0,0.0,False,False
4113429,Lidianópolis,PR,Sim,6.0,Não,81.17,0.0,0.44,True,C,True,False,True,0,0.0,0.0,0.0,False,False
4113452,Lindoeste,PR,Não,0.0,Não,92.82,0.0,0.0,True,C,True,False,True,2,6301254.49,6540395.0,0.0,True,True
4113502,Loanda,PR,Não,0.0,Não,92.4,160.33,0.0,True,C,True,False,True,0,0.0,0.0,0.0,False,False
4113601,Lobato,PR,Não,0.0,Não,85.0,0.0,0.0,True,n.d.,False,True,True,0,0.0,0.0,0.0,False,False
4113700,Londrina,PR,Sim,41.0,Sim,68.73,25.22,0.02,True,C,True,False,True,3,0.0,0.0,13.0,True,False
4113734,Luiziana,PR,Não,0.0,Não,50.13,0.0,0.0,True,n.d.,False,True,True,0,0.0,0.0,0.0,False,False
4113759,Lunardelli,PR,Não,0.0,Não,40.29,0.0,0.0,True,A,False,False,False,0,0.0,0.0,0.0,False,False
4113809,Lupionópolis,PR,Não,0.0,Não,84.95,0.0,0.0,True,n.e.,False,True,True,0,0.0,0.0,0.0,False,False
4113908,Mallet,PR,Sim,74.0,Sim,53.76,0.0,2.06,True,A,False,False,False,1,633012.2,628232.14,96.0,True,True
4114005,Mamborê,PR,,,Não,,,,False,B,False,False,False,0,0.0,0.0,0.0,False,False
4114104,Mandaguaçu,PR,Não,10.0,Não,90.46,1.13,0.07,True,A,False,False,False,0,0.0,0.0,0.0,False,False
4114203,Mandaguari,PR,Sim,244.0,Não,83.47,0.0,1.58,True,A,False,False,False,0,0.0,0.0,0.0,False,False
4114302,Mandirituba,PR,Não,0.0,Não,51.67,0.0,0.0,True,B,False,False,False,0,0.0,0.0,0.0,False,False
4114351,Manfrinópolis,PR,Não,15.0,Sim,75.76,0.0,3.95,True,B,False,False,False,2,799997.46,584318.8,0.0,True,True
4114401,Mangueirinha,PR,Não,0.0,Não,42.75,0.0,0.0,True,A,False,False,False,1,1918316.16,0.0,0.0,True,True
4114500,Manoel Ribas,PR,Não,0.0,Não,57.82,43.63,0.0,True,n.e.,False,True,True,1,1803985.35,1803985.35,0.0,True,True
4114609,Marechal Cândido Rondon,PR,Não,0.0,Não,97.0,0.0,0.0,True,A,False,False,False,0,0.0,0.0,0.0,False,False
4114708,Maria Helena,PR,Não,0.0,Sim,80.0,229.41,0.0,True,n.d.,False,True,True,0,0.0,0.0,0.0,False,False
4114807,Marialva,PR,Não,0.0,Não,88.1,0.0,0.0,True,n.d.,False,True,True,0,0.0,0.0,0.0,False,False
4114906,Marilândia do Sul,PR,Não,20.0,Não,57.14,0.0,0.68,True,n.d.,False,True,True,0,0.0,0.0,0.0,False,False
4115002,Marilena,PR,Não,0.0,Não,19.59,0.0,0.0,True,B,False,False,False,0,0.0,0.0,0.0,False,False
4115101,Mariluz,PR,Não,0.0,Não,90.19,0.0,0.0,True,A,False,False,False,0,0.0,0.0,0.0,False,False
4115200,Maringá,PR,Não,0.0,Não,62.14,0.01,0.0,True,A+,False,False,False,0,0.0,0.0,0.0,False,False
4115309,Mariópolis,PR,Não,6.0,Não,81.68,28.83,0.29,True,B,False,False,False,1,603352.98,0.0,0.0,True,True
4115358,Maripá,PR,Não,0.0,Não,,,0.0,True,A+,False,False,False,1,0.0,0.0,0.0,True,False
4115408,Marmeleiro,PR,Sim,5.0,Não,28.99,0.0,0.1,True,A,False,False,False,1,24626.65,0.0,0.0,True,True
4115457,Marquinho,PR,Não,0.0,Sim,55.0,282.63,0.0,True,C,True,False,True,4,1395415.13,1177750.94,0.0,True,True
4115507,Marumbi,PR,,,Não,,,,False,n.d.,False,True,True,0,0.0,0.0,0.0,False,False
4115606,Matelândia,PR,Não,0.0,Não,58.24,136.09,0.0,True,A,False,False,False,0,0.0,0.0,0.0,False,False
4115705,Matinhos,PR,Sim,800.0,Não,80.0,0.0,1.76,True,B,False,False,False,1,4051971.98,649584.3,314.0,True,True
4115739,Mato Rico,PR,Sim,35.0,Não,,,7.8,True,C,True,False,True,1,512066.87,207810.8,11.0,True,True
4115754,Mauá da Serra,PR,Não,0.0,Não,,,0.0,True,A,False,False,False,0,0.0,0.0,0.0,False,False
4115804,Medianeira,PR,,,Sim,,,,False,A,False,False,False,1,2787756.42,25503.57,226.0,True,True
4115853,Mercedes,PR,Não,0.0,Não,52.54,0.0,0.0,True,A+,False,False,False,0,0.0,0.0,0.0,False,False
4115903,Mirador,PR,Não,0.0,Não,18.07,0.0,0.0,True,n.e.,False,True,True,0,0.0,0.0,0.0,False,False
4116000,Miraselva,PR,Não,0.0,Não,30.32,0.0,0.0,True,n.d.,False,True,True,0,0.0,0.0,0.0,False,False
4116059,Missal,PR,Não,0.0,Não,31.21,0.0,0.0,True,A,False,False,False,0,0.0,0.0,0.0,False,False
4116109,Moreira Sales,PR,Não,0.0,Não,78.13,10.46,0.0,True,A,False,False,False,0,0.0,0.0,0.0,False,False
4116208,Morretes,PR,Sim,750.0,Sim,9.46,9.39,13.32,True,B,False,False,False,4,25654383.6,5573840.83,938.0,True,True
4116307,Munhoz de Melo,PR,Não,0.0,Não,,,0.0,True,C,True,False,True,0,0.0,0.0,0.0,False,False
4116406,Nossa Senhora das Graças,PR,Não,0.0,Não,70.07,0.0,0.0,True,C,True,False,True,0,0.0,0.0,0.0,False,False
4116505,Nova Aliança do Ivaí,PR,Não,0.0,Não,69.62,0.0,0.0,True,A,False,False,False,0,0.0,0.0,0.0,False,False
4116604,Nova América da Colina,PR,Não,0.0,Não,49.97,0.0,0.0,True,B,False,False,False,0,0.0,0.0,0.0,False,False
4116703,Nova Aurora,PR,Não,0.0,Não,89.56,12.49,0.0,True,n.d.,False,True,True,0,0.0,0.0,0.0,False,False
4116802,Nova Cantu,PR,Não,60.0,Não,100.0,17.76,2.98,True,n.d.,False,True,True,1,3271104.26,0.0,0.0,True,True
4116901,Nova Esperança,PR,Não,0.0,Não,92.43,7.9,0.0,True,n.d.,False,True,True,1,1480303.89,227377.92,79.0,True,True
4116950,Nova Esperança do Sudoeste,PR,Sim,72.0,Não,58.05,118.46,7.45,True,n.d.,False,True,True,2,1029037.8599999999,916254.78,3.0,True,True
4117008,Nova Fátima,PR,Não,0.0,Não,85.11,0.0,0.0,True,A,False,False,False,0,0.0,0.0,0.0,False,False
4117057,Nova Laranjeiras,PR,Não,200.0,Sim,50.0,133.35,13.92,True,n.d.,False,True,True,2,15947176.44,15020404.04,161.0,True,True
4117107,Nova Londrina,PR,Sim,1200.0,Não,52.08,2.49,23.92,True,C,True,False,True,0,0.0,0.0,0.0,False,False
4117206,Nova Olímpia,PR,Não,0.0,Não,70.56,36.02,0.0,True,A,False,False,False,0,0.0,0.0,0.0,False,False
4117214,Nova Santa Bárbara,PR,Não,0.0,Não,8.33,10.43,0.0,True,n.e.,False,True,True,0,0.0,0.0,0.0,False,False
4117222,Nova Santa Rosa,PR,Não,0.0,Não,63.5,0.0,0.0,True,A,False,False,False,0,0.0,0.0,0.0,False,False
4117255,Nova Prata do Iguaçu,PR,Não,150.0,Não,48.78,0.0,4.34,True,A,False,False,False,2,12376967.959999999,11493256.69,72.0,True,True
4117271,Nova Tebas,PR,Não,0.0,Não,16.63,0.0,0.0,True,A,False,False,False,1,248504.59,274688.63,8.0,True,True
4117297,Novo Itacolomi,PR,Não,0.0,Não,75.0,0.0,0.0,True,n.e.,False,True,True,0,0.0,0.0,0.0,False,False
4117305,Ortigueira,PR,,,Não,,,,False,A,False,False,False,0,0.0,0.0,0.0,False,False
4117404,Ourizona,PR,Não,0.0,Não,100.0,0.0,0.0,True,A,False,False,False,0,0.0,0.0,0.0,False,False
4117453,Ouro Verde do Oeste,PR,Não,0.0,Não,95.92,0.0,0.0,True,A,False,False,False,2,520964.2,63625.0,0.0,True,True
4117503,Paiçandu,PR,Não,0.0,Não,50.1,0.25,0.0,True,n.d.,False,True,True,0,0.0,0.0,0.0,False,False
4117602,Palmas,PR,Não,250.0,Não,35.78,6.67,1.55,True,C,True,False,True,1,1300947.37,1356796.44,0.0,True,True
4117701,Palmeira,PR,Não,100.0,Não,71.83,0.0,1.02,True,A,False,False,False,1,4391362.02,3442937.32,0.0,True,True
4117800,Palmital,PR,Não,0.0,Não,63.64,0.0,0.0,True,A,False,False,False,1,10684776.67,9164413.19,250.0,True,True
4117909,Palotina,PR,Não,10.0,Não,92.24,13.99,0.07,True,A,False,False,False,0,0.0,0.0,0.0,False,False
4118006,Paraíso do Norte,PR,Não,0.0,Não,97.3,0.0,0.0,True,A+,False,False,False,0,0.0,0.0,0.0,False,False
4118105,Paranacity,PR,Não,0.0,Não,63.29,20.24,0.0,True,n.d.,False,True,True,0,0.0,0.0,0.0,False,False
4118204,Paranaguá,PR,Sim,3000.0,Sim,59.63,0.0,5.2,True,B,False,False,False,1,5364871.47,2364871.47,100.0,True,True
4118303,Paranapoema,PR,Não,0.0,Não,,,0.0,True,A,False,False,False,0,0.0,0.0,0.0,False,False
4118402,Paranavaí,PR,Não,0.0,Sim,70.01,15.86,0.0,True,A+,False,False,False,1,18259570.17,18246570.17,0.0,True,True
4118451,Pato Bragado,PR,Não,0.0,Não,,,0.0,True,A,False,False,False,0,0.0,0.0,0.0,False,False
4118501,Pato Branco,PR,Sim,69.0,Sim,48.29,19.36,0.18,True,B,False,False,False,4,43382638.58,26019281.63,34.0,True,True
4118600,Paula Freitas,PR,Não,25.0,Sim,36.51,30.95,2.0,True,A,False,False,False,1,19004.54,0.0,72.0,True,True
4118709,Paulo Frontin,PR,,,Não,,,,False,A,False,False,False,1,26078456.88,26020387.44,68.0,True,True
4118808,Peabiru,PR,Não,0.0,Não,30.98,53.62,0.0,True,n.e.,False,True,True,0,0.0,0.0,0.0,False,False
4118857,Perobal,PR,Não,0.0,Não,99.19,13.26,0.0,True,A,False,False,False,0,0.0,0.0,0.0,False,False
4118907,Pérola,PR,Não,0.0,Não,57.69,0.0,0.0,True,C,True,False,True,1,818940.73,818940.73,0.0,True,True
4119004,Pérola D Oeste,PR,Não,0.0,Não,,73.23,0.0,True,B,False,False,False,2,467345.94,467345.94,0.0,True,True
4119103,Piên,PR,Não,0.0,Não,33.49,0.0,0.0,True,A,False,False,False,0,0.0,0.0,0.0,False,False
4119152,Pinhais,PR,Sim,2175.0,Sim,94.78,82.54,4.11,True,A,False,False,False,0,0.0,0.0,0.0,False,False
4119202,Pinhalão,PR,,,Não,,,,False,n.d.,False,True,True,0,0.0,0.0,0.0,False,False
4119251,Pinhal de São Bento,PR,Não,0.0,Não,60.0,0.0,0.0,True,A,False,False,False,0,0.0,0.0,0.0,False,False
4119301,Pinhão,PR,Não,15.0,Não,23.36,15.0,0.17,True,n.e.,False,True,True,1,0.0,880298.37,4.0,True,True
4119400,Piraí do Sul,PR,Sim,85.0,Sim,,,1.11,True,A,False,False,False,2,663305.03,244791.21000000002,416.0,True,True
4119509,Piraquara,PR,Sim,900.0,Sim,4.83,87.46,2.05,True,A,False,False,False,0,0.0,0.0,0.0,False,False
4119608,Pitanga,PR,,,Sim,,,,False,A,False,False,False,3,59316563.87,54194618.46,825.0,True,True
4119657,Pitangueiras,PR,Não,0.0,Não,67.63,40.79,0.0,True,A,False,False,False,0,0.0,0.0,0.0,False,False
4119707,Planaltina do Paraná,PR,Não,0.0,Não,62.09,0.0,0.0,True,B,False,False,False,0,0.0,0.0,0.0,False,False
4119806,Planalto,PR,Não,0.0,Não,50.0,0.0,0.0,True,B,False,False,False,2,2170207.6500000004,319612.39,3.0,True,True
4119905,Ponta Grossa,PR,Sim,244.0,Não,70.72,23.67,0.15,True,B,False,False,False,0,0.0,0.0,0.0,False,False
4119954,Pontal do Paraná,PR,Sim,328.0,Não,1.21,0.0,0.89,True,C,True,False,True,1,7583117.62,225475.14,18.0,True,True
4120002,Porecatu,PR,Não,2.0,Não,,0.0,0.04,True,B,False,False,False,0,0.0,0.0,0.0,False,False
4120101,Porto Amazonas,PR,Sim,96.0,Sim,54.74,175.98,5.88,True,B,False,False,False,1,564857.26,105580.8,384.0,True,True
4120150,Porto Barreiro,PR,Não,0.0,Não,51.64,0.0,0.0,True,A,False,False,False,1,3451253.6,3451253.6,4.0,True,True
4120200,Porto Rico,PR,Não,0.0,Não,36.0,3025.72,0.0,True,C,True,False,True,0,0.0,0.0,0.0,False,False
4120309,Porto Vitória,PR,Sim,0.0,Sim,88.24,0.0,0.0,True,n.d.,False,True,True,1,304072.7,84464.64,25.0,True,True
4120333,Prado Ferreira,PR,Não,0.0,Não,90.48,13.96,0.0,True,A,False,False,False,0,0.0,0.0,0.0,False,False
4120358,Pranchita,PR,Não,2.0,Não,46.15,,0.11,True,B,False,False,False,0,0.0,0.0,0.0,False,False
4120408,Presidente Castelo Branco,PR,Não,0.0,Não,22.44,0.0,0.0,True,A,False,False,False,0,0.0,0.0,0.0,False,False
4120507,Primeiro de Maio,PR,Não,0.0,Não,18.75,0.0,0.0,True,A,False,False,False,1,264780.0,28888.0,0.0,True,True
4120606,Prudentópolis,PR,Não,30.0,Sim,24.97,0.0,0.26,True,A,False,False,False,3,54961611.919999994,54961611.919999994,1029.0,True,True
4120655,Quarto Centenário,PR,Não,0.0,Não,89.23,56.12,0.0,True,A,False,False,False,0,0.0,0.0,0.0,False,False
4120705,Quatiguá,PR,Não,0.0,Não,91.44,15.68,0.0,True,B,False,False,False,0,0.0,0.0,0.0,False,False
4120804,Quatro Barras,PR,Não,0.0,Não,78.01,25.32,0.0,True,B,False,False,False,1,105163.57,6942.84,97.0,True,True
4120853,Quatro Pontes,PR,Não,0.0,Não,56.68,0.0,0.0,True,A,False,False,False,0,0.0,0.0,0.0,False,False
4120903,Quedas do Iguaçu,PR,Sim,214.0,Não,42.11,0.0,2.23,True,C,True,False,True,3,6024605.69,6003373.39,8.0,True,True
4121000,Querência do Norte,PR,Não,0.0,Sim,25.87,67.55,0.0,True,B,False,False,False,1,1309201.88,380090.87,120.0,True,True
4121109,Quinta do Sol,PR,Não,0.0,Não,99.56,0.0,0.0,True,C,True,False,True,0,0.0,0.0,0.0,False,False
4121208,Quitandinha,PR,Sim,120.0,Sim,73.12,24.52,4.4,True,A,False,False,False,0,0.0,0.0,0.0,False,False
4121257,Ramilândia,PR,Não,0.0,Não,62.29,622.62,0.0,True,n.d.,False,True,True,0,0.0,0.0,0.0,False,False
4121307,Rancho Alegre,PR,,,Não,,,,False,C,True,False,True,0,0.0,0.0,0.0,False,False
4121356,Rancho Alegre D Oeste,PR,Não,0.0,Não,99.94,0.0,0.0,True,A,False,False,False,0,0.0,0.0,0.0,False,False
4121406,Realeza,PR,Não,0.0,Não,19.81,0.0,0.0,True,n.d.,False,True,True,2,4579540.4799999995,299321.56,5.0,True,True
4121505,Rebouças,PR,Não,520.0,Sim,6.67,0.0,13.76,True,C,True,False,True,2,1726001.5799999998,4749951.8100000005,6.0,True,True
4121604,Renascença,PR,Não,50.0,Não,50.0,0.0,2.78,True,A,False,False,False,1,267299.24,191030.13,32.0,True,True
4121703,Reserva,PR,Não,0.0,Sim,75.56,30.88,0.0,True,A,False,False,False,0,0.0,0.0,0.0,False,False
4121752,Reserva do Iguaçu,PR,Sim,12.0,Não,59.0,37.45,0.66,True,n.e.,False,True,True,0,0.0,0.0,0.0,False,False
4121802,Ribeirão Claro,PR,Não,9.0,Não,86.32,27.19,0.19,True,C,True,False,True,0,0.0,0.0,0.0,False,False
4121901,Ribeirão do Pinhal,PR,Não,15.0,Não,,,0.28,True,n.e.,False,True,True,1,3160000.0,90000.0,5.0,True,True
4122008,Rio Azul,PR,Sim,63.0,Não,76.94,0.0,2.41,True,A,False,False,False,3,4391383.89,4117636.37,112.0,True,True
4122107,Rio Bom,PR,Não,0.0,Não,76.95,0.0,0.0,True,A,False,False,False,0,0.0,0.0,0.0,False,False
4122156,Rio Bonito do Iguaçu,PR,Não,0.0,Não,38.1,19.19,0.0,True,A,False,False,False,1,3723544.37,3723544.37,0.0,True,True
4122172,Rio Branco do Ivaí,PR,,,Não,,,,False,C,True,False,True,0,0.0,0.0,0.0,False,False
4122206,Rio Branco do Sul,PR,Sim,52.0,Sim,23.92,0.0,0.45,True,C,True,False,True,1,6886929.81,739065.58,88.0,True,True
4122305,Rio Negro,PR,Sim,878.0,Sim,68.68,4.2,8.11,True,A,False,False,False,1,3935524.21,47511.36,3425.0,True,True
4122404,Rolândia,PR,Não,15.0,Sim,56.67,13.83,0.05,True,A,False,False,False,0,0.0,0.0,0.0,False,False
4122503,Roncador,PR,Não,0.0,Não,74.68,18.92,0.0,True,A,False,False,False,3,886103.88,623963.1599999999,0.0,True,True
4122602,Rondon,PR,,,Não,,,,False,C,True,False,True,0,0.0,0.0,0.0,False,False
4122651,Rosário do Ivaí,PR,Não,0.0,Não,57.93,138.63,0.0,True,A,False,False,False,0,0.0,0.0,0.0,False,False
4122701,Sabáudia,PR,Não,0.0,Não,75.08,214.01,0.0,True,C,True,False,True,0,0.0,0.0,0.0,False,False
4122800,Salgado Filho,PR,Sim,74.0,Não,82.25,20.51,6.28,True,B,False,False,False,3,1252619.6099999999,1249243.37,30.0,True,True
4122909,Salto do Itararé,PR,Não,0.0,Não,36.36,0.0,0.0,True,A,False,False,False,0,0.0,0.0,0.0,False,False
4123006,Salto do Lontra,PR,Não,0.0,Não,,0.0,0.0,True,n.d.,False,True,True,2,959500.86,522802.26,285.0,True,True
4123105,Santa Amélia,PR,Não,0.0,Não,67.37,0.0,0.0,True,A,False,False,False,0,0.0,0.0,0.0,False,False
4123204,Santa Cecília do Pavão,PR,Não,2.0,Não,43.74,0.0,0.14,True,A,False,False,False,0,0.0,0.0,0.0,False,False
4123303,Santa Cruz de Monte Castelo,PR,Não,0.0,Não,61.64,0.0,0.0,True,n.e.,False,True,True,2,930536.04,944223.15,22.0,True,True
4123402,Santa Fé,PR,Não,0.0,Não,65.22,0.0,0.0,True,A,False,False,False,0,0.0,0.0,0.0,False,False
4123501,Santa Helena,PR,Não,0.0,Não,16.67,0.0,0.0,True,A,False,False,False,0,0.0,0.0,0.0,False,False
4123600,Santa Inês,PR,,,Não,,,,False,C,True,False,True,0,0.0,0.0,0.0,False,False
4123709,Santa Isabel do Ivaí,PR,Não,0.0,Não,94.55,69.95,0.0,True,A,False,False,False,0,0.0,0.0,0.0,False,False
4123808,Santa Izabel do Oeste,PR,Sim,87.0,Não,20.44,16.11,2.45,True,A,False,False,False,3,12482424.969999999,410940.02,1635.0,True,True
4123824,Santa Lúcia,PR,Não,0.0,Não,,0.0,0.0,True,n.d.,False,True,True,0,0.0,0.0,0.0,False,False
4123857,Santa Maria do Oeste,PR,Sim,25.0,Não,51.94,0.0,1.8,True,A,False,False,False,2,2769191.12,2609549.79,0.0,True,True
4123907,Santa Mariana,PR,Não,0.0,Não,34.7,0.0,0.0,True,n.d.,False,True,True,0,0.0,0.0,0.0,False,False
4123956,Santa Mônica,PR,Não,0.0,Não,73.81,0.0,0.0,True,C,True,False,True,0,0.0,0.0,0.0,False,False
4124004,Santana do Itararé,PR,Não,0.0,Não,,0.0,0.0,True,n.d.,False,True,True,1,0.0,0.0,0.0,True,False
4124020,Santa Tereza do Oeste,PR,Não,0.0,Não,,120.93,0.0,True,C,True,False,True,0,0.0,0.0,0.0,False,False
4124053,Santa Terezinha de Itaipu,PR,Não,0.0,Não,6.94,0.0,0.0,True,A,False,False,False,0,0.0,0.0,0.0,False,False
4124103,Santo Antônio da Platina,PR,Não,70.0,Sim,37.61,82.61,0.39,True,A,False,False,False,1,6103510.86,38536.0,5.0,True,True
4124202,Santo Antônio do Caiuá,PR,Não,0.0,Não,82.08,0.0,0.0,True,A,False,False,False,0,0.0,0.0,0.0,False,False
4124301,Santo Antônio do Paraíso,PR,Não,0.0,Não,,,0.0,True,A,False,False,False,0,0.0,0.0,0.0,False,False
4124400,Santo Antônio do Sudoeste,PR,Não,50.0,Sim,50.0,0.0,0.76,True,C,True,False,True,3,15464998.64,3252288.7,710.0,True,True
4124509,Santo Inácio,PR,,,Não,,,,False,C,True,False,True,0,0.0,0.0,0.0,False,False
4124608,São Carlos do Ivaí,PR,Não,0.0,Não,71.43,0.0,0.0,True,B,False,False,False,0,0.0,0.0,0.0,False,False
4124707,São Jerônimo da Serra,PR,Não,0.0,Não,48.0,54.01,0.0,True,A,False,False,False,0,0.0,0.0,0.0,False,False
4124806,São João,PR,Não,30.0,Não,71.43,38.37,0.77,True,n.d.,False,True,True,2,8093304.84,8045317.58,11.0,True,True
4124905,São João do Caiuá,PR,Não,0.0,Não,24.0,0.0,0.0,True,n.e.,False,True,True,0,0.0,0.0,0.0,False,False
4125001,São João do Ivaí,PR,Não,0.0,Não,51.38,0.0,0.0,True,A,False,False,False,1,337858.55,341284.65,9.0,True,True
4125100,São João do Triunfo,PR,Não,5.0,Não,66.42,0.0,0.26,True,C,True,False,True,1,3389685.23,3430695.6,15.0,True,True
4125209,São Jorge D Oeste,PR,Não,60.0,Não,76.92,0.0,2.01,True,B,False,False,False,1,123133.26,0.0,0.0,True,True
4125308,São Jorge do Ivaí,PR,Não,0.0,Não,67.57,0.0,0.0,True,n.d.,False,True,True,0,0.0,0.0,0.0,False,False
4125357,São Jorge do Patrocínio,PR,Não,0.0,Não,1.2,0.0,0.0,True,A,False,False,False,0,0.0,0.0,0.0,False,False
4125407,São José da Boa Vista,PR,Não,0.0,Sim,,,0.0,True,C,True,False,True,0,0.0,0.0,0.0,False,False
4125456,São José das Palmeiras,PR,Não,0.0,Não,,,0.0,True,B,False,False,False,0,0.0,0.0,0.0,False,False
4125506,São José dos Pinhais,PR,Sim,500.0,Sim,72.0,0.0,0.37,True,A,False,False,False,2,1637867.74,127127.73,315.0,True,True
4125555,São Manoel do Paraná,PR,Não,0.0,Não,45.45,0.0,0.0,True,B,False,False,False,0,0.0,0.0,0.0,False,False
4125605,São Mateus do Sul,PR,Sim,94.0,Sim,29.8,0.0,0.8,True,A,False,False,False,1,214962.5,294148.1,955.0,True,True
4125704,São Miguel do Iguaçu,PR,Sim,600.0,Sim,55.56,31.41,6.39,True,A,False,False,False,1,821418.6,56893.94,1035.0,True,True
4125753,São Pedro do Iguaçu,PR,Não,0.0,Não,45.3,0.0,0.0,True,A,False,False,False,0,0.0,0.0,0.0,False,False
4125803,São Pedro do Ivaí,PR,Não,0.0,Não,36.01,0.0,0.0,True,n.d.,False,True,True,0,0.0,0.0,0.0,False,False
4125902,São Pedro do Paraná,PR,Não,0.0,Não,50.0,92.6,0.0,True,A,False,False,False,0,0.0,0.0,0.0,False,False
4126009,São Sebastião da Amoreira,PR,Não,20.0,Não,40.7,0.0,0.63,True,B,False,False,False,1,1069240.0,1069395.0,0.0,True,True
4126108,São Tomé,PR,Não,0.0,Não,56.27,0.0,0.0,True,C,True,False,True,0,0.0,0.0,0.0,False,False
4126207,Sapopema,PR,Sim,314.0,Não,55.52,81.92,16.76,True,C,True,False,True,0,0.0,0.0,0.0,False,False
4126256,Sarandi,PR,Não,0.0,Não,56.52,0.09,0.0,True,A,False,False,False,0,0.0,0.0,0.0,False,False
4126272,Saudade do Iguaçu,PR,,,Não,,,,False,A+,False,False,False,0,0.0,0.0,0.0,False,False
4126306,Sengés,PR,Sim,393.0,Sim,15.83,9.26,6.29,True,A,False,False,False,0,0.0,0.0,0.0,False,False
4126355,Serranópolis do Iguaçu,PR,Não,0.0,Não,77.82,9.56,0.0,True,A,False,False,False,0,0.0,0.0,0.0,False,False
4126405,Sertaneja,PR,Não,0.0,Não,64.35,0.0,0.0,True,C,True,False,True,0,0.0,0.0,0.0,False,False
4126504,Sertanópolis,PR,Não,0.0,Não,,,0.0,True,n.e.,False,True,True,0,0.0,0.0,0.0,False,False
4126603,Siqueira Campos,PR,Não,10.0,Não,45.61,10.27,0.11,True,C,True,False,True,0,0.0,0.0,0.0,False,False
4126652,Sulina,PR,Não,80.0,Sim,79.66,638.63,10.32,True,B,False,False,False,2,1252247.85,338961.68,111.0,True,True
4126678,Tamarana,PR,Não,0.0,Não,77.92,0.0,0.0,True,C,True,False,True,0,0.0,0.0,0.0,False,False
4126702,Tamboara,PR,Não,0.0,Não,22.47,0.0,0.0,True,B,False,False,False,0,0.0,0.0,0.0,False,False
4126801,Tapejara,PR,Não,0.0,Não,87.91,0.0,0.0,True,A,False,False,False,0,0.0,0.0,0.0,False,False
4126900,Tapira,PR,Não,0.0,Não,59.36,0.0,0.0,True,B,False,False,False,0,0.0,0.0,0.0,False,False
4127007,Teixeira Soares,PR,Não,0.0,Não,76.0,0.0,0.0,True,B,False,False,False,0,0.0,0.0,0.0,False,False
4127106,Telêmaco Borba,PR,Não,0.0,Não,85.53,0.0,0.0,True,A,False,False,False,0,0.0,0.0,0.0,False,False
4127205,Terra Boa,PR,Não,0.0,Não,73.64,0.0,0.0,True,n.d.,False,True,True,0,0.0,0.0,0.0,False,False
4127304,Terra Rica,PR,Não,0.0,Não,83.67,0.0,0.0,True,A,False,False,False,0,0.0,0.0,0.0,False,False
4127403,Terra Roxa,PR,Não,0.0,Não,89.11,0.0,0.0,True,A,False,False,False,0,0.0,0.0,0.0,False,False
4127502,Tibagi,PR,Sim,15.0,Não,13.04,0.0,0.26,True,A,False,False,False,3,2747523.17,1943790.31,19.0,True,True
4127601,Tijucas do Sul,PR,Sim,40.0,Não,36.36,0.0,0.78,True,B,False,False,False,2,0.0,0.0,0.0,True,False
4127700,Toledo,PR,Sim,6.0,Não,15.9,9.12,0.01,True,A,False,False,False,0,0.0,0.0,0.0,False,False
4127809,Tomazina,PR,Sim,126.0,Sim,15.79,0.0,5.69,True,A,False,False,False,0,0.0,0.0,0.0,False,False
4127858,Três Barras do Paraná,PR,Não,22.0,Não,96.77,14.71,0.64,True,B,False,False,False,0,0.0,0.0,0.0,False,False
4127882,Tunas do Paraná,PR,Não,35.0,Não,22.22,0.0,1.83,True,A,False,False,False,1,167873.47,74962.37,91.0,True,True
4127908,Tuneiras do Oeste,PR,,,Sim,,,,False,n.d.,False,True,True,0,0.0,0.0,0.0,False,False
4127957,Tupãssi,PR,Não,0.0,Não,36.11,0.0,0.0,True,A,False,False,False,0,0.0,0.0,0.0,False,False
4127965,Turvo,PR,Não,30.0,Não,36.07,78.22,1.02,True,A,False,False,False,0,0.0,0.0,0.0,False,False
4128005,Ubiratã,PR,Sim,1256.0,Não,80.77,0.0,12.85,True,n.e.,False,True,True,0,0.0,0.0,0.0,False,False
4128104,Umuarama,PR,Não,80.0,Sim,98.59,0.0,0.15,True,B,False,False,False,0,0.0,0.0,0.0,False,False
4128203,União da Vitória,PR,Sim,4000.0,Sim,23.85,2.65,17.71,True,C,True,False,True,3,22314144.73,401114.71,8209.0,True,True
4128302,Uniflor,PR,Não,0.0,Não,50.0,0.0,0.0,True,A,False,False,False,0,0.0,0.0,0.0,False,False
4128401,Uraí,PR,Não,0.0,Não,64.12,0.0,0.0,True,C,True,False,True,0,0.0,0.0,0.0,False,False
4128500,Wenceslau Braz,PR,Não,3.0,Não,92.24,0.0,0.04,True,C,True,False,True,0,0.0,0.0,0.0,False,False
4128534,Ventania,PR,Não,0.0,Não,,0.0,0.0,True,n.d.,False,True,True,0,0.0,0.0,0.0,False,False
4128559,Vera Cruz do Oeste,PR,Não,0.0,Não,62.73,0.0,0.0,True,A,False,False,False,0,0.0,0.0,0.0,False,False
4128609,Verê,PR,Sim,12.0,Não,61.11,19.49,0.65,True,A,False,False,False,2,2128763.5300000003,1017070.58,86.0,True,True
4128625,Alto Paraíso,PR,Não,0.0,Não,89.95,930.91,0.0,True,C,True,False,True,0,0.0,0.0,0.0,False,False
4128633,Doutor Ulysses,PR,,,Não,,,,False,A,False,False,False,0,0.0,0.0,0.0,False,False
4128658,Virmond,PR,,,Não,,,,False,A,False,False,False,1,1752957.97,1622037.79,0.0,True,True
4128708,Vitorino,PR,Sim,300.0,Não,91.97,0.0,9.5,True,A,False,False,False,1,204656.75,0.0,0.0,True,True
4128807,Xambrê,PR,Não,0.0,Não,42.74,0.0,0.0,True,n.d.,False,True,True,0,0.0,0.0,0.0,False,False
4200051,Abdon Batista,SC,Não,50.0,Sim,36.36,0.0,8.12,True,A,False,False,False,6,4274545.93,422238.07,8.0,True,True
4200101,Abelardo Luz,SC,Sim,10.0,Sim,43.63,0.0,0.21,True,A,False,False,False,5,1975318.9,34978.630000000005,97.0,True,True
4200200,Agrolândia,SC,Sim,600.0,Sim,5.64,2.89,17.34,True,A,False,False,False,10,646841976.3199999,7263506.09,1405.0,True,True
4200309,Agronômica,SC,Não,151.0,Sim,44.96,154.8,9.34,True,B,False,False,False,9,9929403.0,527567.69,2218.0,True,True
4200408,Água Doce,SC,Não,13.0,Não,97.11,0.0,0.71,True,A+,False,False,False,6,1512394.26,338165.19999999995,5.0,True,True
4200507,Águas de Chapecó,SC,Sim,380.0,Sim,81.04,0.0,21.74,True,C,True,False,True,2,316511.7,0.0,150.0,True,True
4200556,Águas Frias,SC,Sim,10.0,Não,78.25,0.0,1.71,True,A,False,False,False,1,26395.2,166611.78,0.0,True,True
4200606,Águas Mornas,SC,Sim,250.0,Sim,25.81,0.0,12.13,True,n.d.,False,True,True,12,14170521.799999999,1593660.83,296.0,True,True
4200705,Alfredo Wagner,SC,Sim,236.0,Sim,,,10.12,True,C,True,False,True,9,5509134.659999999,279271.59,36.0,True,True
4200754,Alto Bela Vista,SC,Sim,15.0,Sim,80.0,0.0,3.93,True,A,False,False,False,1,130000.0,11000.0,12.0,True,True
4200804,Anchieta,SC,Não,0.0,Não,,,0.0,True,A+,False,False,False,7,3591641.2800000003,192084.62,0.0,True,True
4200903,Angelina,SC,Sim,50.0,Sim,50.0,0.0,7.18,True,A,False,False,False,5,18498785.18,7159779.97,597.0,True,True
4201000,Anita Garibaldi,SC,Sim,26.0,Sim,41.68,0.0,1.04,True,C,True,False,True,3,142534.08,105580.8,22.0,True,True
4201109,Anitápolis,SC,Sim,25.0,Sim,25.53,0.0,2.59,True,A,False,False,False,10,101916645.92,6656038.5,404.0,True,True
4201208,Antônio Carlos,SC,Não,100.0,Sim,,72.53,3.56,True,A,False,False,False,4,26331527.0,22787815.330000002,486.0,True,True
4201257,Apiúna,SC,Sim,20.0,Sim,99.1,0.0,0.93,True,A+,False,False,False,6,3331052.08,96999.94,145.0,True,True
4201273,Arabutã,SC,Sim,52.0,Não,84.86,80.92,6.13,True,A+,False,False,False,2,357351.92,0.0,0.0,True,True
4201307,Araquari,SC,Sim,37.0,Sim,62.89,,0.2,True,A+,False,False,False,12,4955318.01,172920.51,744.0,True,True
4201406,Araranguá,SC,Sim,350.0,Sim,66.93,35.83,1.11,True,A,False,False,False,11,73756327.23,12570063.040000001,1295.0,True,True
4201505,Armazém,SC,Sim,510.0,Sim,90.0,10.78,19.32,True,C,True,False,True,7,6686089.27,43208.95,824.0,True,True
4201604,Arroio Trinta,SC,Não,10.0,Não,78.95,46.71,0.85,True,A,False,False,False,2,758402.2,408402.2,0.0,True,True
4201653,Arvoredo,SC,Não,100.0,Não,12.5,0.0,24.04,True,A+,False,False,False,6,75490.27,382196.47000000003,0.0,True,True
4201703,Ascurra,SC,Sim,281.0,Sim,62.91,0.0,8.45,True,B+,False,False,False,19,11677217.66,467826.73,2294.0,True,True
4201802,Atalanta,SC,Não,102.0,Sim,21.4,27.53,14.59,True,A,False,False,False,5,2295489.49,113636.43,115.0,True,True
4201901,Aurora,SC,Sim,99.0,Sim,44.64,0.0,7.52,True,C,True,False,True,8,6671209.359999999,1326645.25,1403.0,True,True
4201950,Balneário Arroio do Silva,SC,Não,0.0,Não,41.18,0.0,0.0,True,A,False,False,False,1,22462.12,9189.05,0.0,True,True
4202008,Balneário Camboriú,SC,Sim,213.0,Sim,77.17,0.0,0.24,True,A+,False,False,False,19,12066317.620000001,1114246.18,2892.0,True,True
4202057,Balneário Barra do Sul,SC,Sim,4530.0,Sim,93.64,0.0,39.33,True,A,False,False,False,9,7405104.9,412389.5,1355.0,True,True
4202073,Balneário Gaivota,SC,Sim,618.0,Sim,11.11,0.0,5.15,True,C,True,False,True,5,3890295.29,32170.44,301.0,True,True
4202081,Bandeirante,SC,Sim,0.0,Não,,,0.0,True,B,False,False,False,1,225613.52,225613.52,0.0,True,True
4202099,Barra Bonita,SC,Sim,10.0,Não,100.0,329.57,5.52,True,A+,False,False,False,16,792793.36,14000.0,24.0,True,True
4202107,Barra Velha,SC,Sim,0.0,Sim,34.18,0.0,0.0,True,A+,False,False,False,12,702000.0,155000.0,53.0,True,True
4202131,Bela Vista do Toldo,SC,Não,27.0,Sim,33.14,0.0,4.93,True,C,True,False,True,8,1707953.05,105580.8,46.0,True,True
4202156,Belmonte,SC,Sim,12.0,Não,88.14,0.0,1.89,True,A+,False,False,False,5,0.0,0.0,0.0,True,False
4202206,Benedito Novo,SC,Sim,350.0,Sim,43.31,354.23,13.73,True,B,False,False,False,10,10539135.989999998,2666237.15,256.0,True,True
4202305,Biguaçu,SC,Sim,10000.0,Sim,94.08,13.01,31.1,True,B+,False,False,False,14,8018710.33,2987559.9699999997,570.0,True,True
4202404,Blumenau,SC,Sim,28758.0,Sim,70.1,0.0,18.03,True,C,True,False,True,7,13238380.629999999,5263852.95,15687.0,True,True
4202438,Bocaina do Sul,SC,Sim,10.0,Sim,29.69,0.0,1.41,True,C,True,False,True,23,5934549.25,1394088.21,68.0,True,True
4202453,Bombinhas,SC,Sim,500.0,Sim,56.07,0.0,1.98,True,B,False,False,False,0,0.0,0.0,0.0,False,False
4202503,Bom Jardim da Serra,SC,Sim,35.0,Sim,73.34,29.13,2.92,True,n.d.,False,True,True,6,2213814.34,2923250.88,15.0,True,True
4202537,Bom Jesus,SC,Sim,35.0,Não,,,4.76,True,C,True,False,True,5,1526718.69,44330.27,15.0,True,True
4202578,Bom Jesus do Oeste,SC,Não,0.0,Não,,,0.0,True,A,False,False,False,1,0.0,0.0,0.0,True,False
4202602,Bom Retiro,SC,Sim,420.0,Sim,47.92,0.0,14.0,True,A+,False,False,False,18,6081673.34,321752.03,3.0,True,True
4202701,Botuverá,SC,Sim,100.0,Sim,1.68,0.0,9.12,True,A+,False,False,False,10,23794772.5,4754757.32,78.0,True,True
4202800,Braço do Norte,SC,Não,530.0,Sim,,,4.65,True,A,False,False,False,7,11322416.23,12000.0,513.0,True,True
4202859,Braço do Trombudo,SC,Sim,54.0,Sim,57.97,0.0,4.96,True,A+,False,False,False,8,9306909.41,7012140.529999999,396.0,True,True
4202875,Brunópolis,SC,Não,12.0,Não,80.59,0.0,2.44,True,A,False,False,False,5,1385454.7200000002,203038.25999999998,27.0,True,True
4202909,Brusque,SC,Sim,10000.0,Sim,78.57,11.83,16.9,True,A+,False,False,False,26,37241772.21,34022660.550000004,1301.0,True,True
4203006,Caçador,SC,Sim,400.0,Sim,86.89,5.23,1.43,True,C,True,False,True,5,3074399.91,430000.0,543.0,True,True
4203105,Caibi,SC,Não,0.0,Sim,66.67,0.0,0.0,True,A+,False,False,False,5,1770405.87,49400.38,0.0,True,True
4203154,Calmon,SC,Não,0.0,Não,,0.0,0.0,True,B,False,False,False,1,53617.4,0.0,0.0,True,True
4203204,Camboriú,SC,Sim,500.0,Sim,66.67,22.78,1.14,True,A,False,False,False,13,31341271.98,2781799.69,4403.0,True,True
4203253,Capão Alto,SC,Não,0.0,Não,69.08,0.0,0.0,True,A,False,False,False,5,101952.0,94795.51999999999,4.0,True,True
4203303,Campo Alegre,SC,Sim,30.0,Não,29.63,0.0,0.83,True,B,False,False,False,12,845567.1,618402.2,174.0,True,True
4203402,Campo Belo do Sul,SC,Não,10.0,Não,54.55,0.0,0.45,True,A,False,False,False,8,232510.43,8446.46,15.0,True,True
4203501,Campo Erê,SC,Não,0.0,Sim,47.89,89.19,0.0,True,A,False,False,False,16,6001375.24,3965795.26,0.0,True,True
4203600,Campos Novos,SC,Não,0.0,Sim,83.33,19.13,0.0,True,A,False,False,False,5,4815305.75,973604.43,33.0,True,True
4203709,Canelinha,SC,Sim,1200.0,Sim,62.5,55.45,26.98,True,n.e.,False,True,True,11,20452971.8,13642912.759999998,3463.0,True,True
4203808,Canoinhas,SC,Sim,747.0,Sim,40.32,7.46,4.01,True,A+,False,False,False,18,10879756.47,140029.28,1588.0,True,True
4203907,Capinzal,SC,Não,6.0,Sim,33.33,0.0,0.06,True,A+,False,False,False,5,5373511.09,477245.62,55.0,True,True
4203956,Capivari de Baixo,SC,Não,760.0,Não,76.77,0.0,7.93,True,A,False,False,False,5,1007602.23,372458.65,77.0,True,True
4204004,Catanduvas,SC,Não,0.0,Não,3.39,65.04,0.0,True,A,False,False,False,4,882655.46,0.0,0.0,True,True
4204103,Caxambu do Sul,SC,Sim,51.0,Sim,78.95,0.0,4.23,True,A,False,False,False,0,0.0,0.0,0.0,False,False
4204152,Celso Ramos,SC,Não,0.0,Não,,0.0,0.0,True,A,False,False,False,4,45206.15,411545.67,48.0,True,True
4204178,Cerro Negro,SC,Não,0.0,Não,,103.65,0.0,True,A,False,False,False,5,250000.0,0.0,0.0,True,True
4204194,Chapadão do Lageado,SC,Não,0.0,Sim,79.8,0.0,0.0,True,C,True,False,True,6,6963218.970000001,577300.47,240.0,True,True
4204202,Chapecó,SC,Sim,40.0,Não,52.14,16.12,0.04,True,A,False,False,False,7,141549.94,45368.0,22.0,True,True
4204251,Cocal do Sul,SC,Sim,140.0,Sim,73.68,0.0,2.17,True,B+,False,False,False,8,1805386.23,565436.7899999999,13.0,True,True
4204301,Concórdia,SC,Sim,9.0,Sim,63.05,34.41,0.03,True,A+,False,False,False,8,14892157.200000001,1386677.48,49.0,True,True
4204350,Cordilheira Alta,SC,Não,0.0,Não,50.0,0.0,0.0,True,A+,False,False,False,0,0.0,0.0,0.0,False,False
4204400,Coronel Freitas,SC,Sim,820.0,Sim,80.9,0.0,27.81,True,A+,False,False,False,5,1358701.1400000001,167505.18000000002,42.0,True,True
4204459,Coronel Martins,SC,Sim,0.0,Sim,60.0,128.48,0.0,True,A+,False,False,False,3,3635290.03,559250.45,10.0,True,True
4204509,Corupá,SC,Sim,72.0,Sim,99.6,0.0,1.4,True,B,False,False,False,16,18301617.02,6308074.59,135.0,True,True
4204558,Correia Pinto,SC,Sim,600.0,Sim,,,9.78,True,n.d.,False,True,True,7,21682001.34,1321847.42,633.0,True,True
4204608,Criciúma,SC,Sim,1428.0,Sim,68.69,85.24,1.52,True,A+,False,False,False,8,2433093.86,20200.59,180.0,True,True
4204707,Cunha Porã,SC,Sim,14.0,Sim,91.72,63.94,0.43,True,B,False,False,False,5,6078619.88,243804.75,11.0,True,True
4204756,Cunhataí,SC,Não,9.0,Não,60.0,85.48,2.31,True,A,False,False,False,1,38032.45,2424.89,0.0,True,True
4204806,Curitibanos,SC,Sim,46.0,Sim,70.68,25.74,0.28,True,A,False,False,False,6,3320574.7299999995,0.0,502.0,True,True
4204905,Descanso,SC,Não,0.0,Não,94.2,0.0,0.0,True,B+,False,False,False,2,615000.0,201165.0,0.0,True,True
4205001,Dionísio Cerqueira,SC,Sim,50.0,Sim,84.62,1875.69,0.95,True,A,False,False,False,10,3311073.05,3893826.83,30.0,True,True
4205100,Dona Emma,SC,Não,0.0,Sim,29.17,0.0,0.0,True,B+,False,False,False,14,892733.9299999999,248497.21,300.0,True,True
4205159,Doutor Pedrinho,SC,Sim,45.0,Sim,69.26,0.0,4.03,True,A+,False,False,False,8,1947585.7,97233.58,199.0,True,True
4205175,Entre Rios,SC,Não,0.0,Não,100.0,265.72,0.0,True,A+,False,False,False,4,237017.95,22870.52,4.0,True,True
4205191,Ermo,SC,Sim,40.0,Sim,33.8,197.91,7.49,True,n.e.,False,True,True,5,1014209.27,20420.11,15.0,True,True
4205209,Erval Velho,SC,Não,100.0,Sim,70.92,0.0,5.55,True,A,False,False,False,2,4691463.640000001,162981.46000000002,37.0,True,True
4205308,Faxinal dos Guedes,SC,Sim,15.0,Sim,88.16,0.0,0.38,True,A,False,False,False,7,40796.5,6532.09,0.0,True,True
4205357,Flor do Sertão,SC,Não,0.0,Não,100.0,0.0,0.0,True,A,False,False,False,10,3063.02,911055.8,0.0,True,True
4205407,Florianópolis,SC,Sim,66208.0,Sim,71.38,51.77,22.05,True,A+,False,False,False,13,59553194.15,21629487.44,5210.0,True,True
4205431,Formosa do Sul,SC,Sim,20.0,Não,79.17,5.76,3.37,True,A+,False,False,False,0,0.0,0.0,0.0,False,False
4205456,Forquilhinha,SC,Sim,427.0,Sim,96.59,26.35,3.67,True,A+,False,False,False,9,24712188.560000002,5684042.38,940.0,True,True
4205506,Fraiburgo,SC,Sim,30.0,Sim,80.57,5.11,0.25,True,A+,False,False,False,7,1636925.6099999999,0.0,8.0,True,True
4205555,Frei Rogério,SC,Não,0.0,Não,0.65,0.0,0.0,True,n.d.,False,True,True,5,0.0,0.0,39.0,True,False
4205605,Galvão,SC,Sim,72.0,Não,,,7.41,True,A+,False,False,False,1,574045.02,522994.75,30.0,True,True
4205704,Garopaba,SC,Sim,150.0,Sim,,,0.8,True,B,False,False,False,7,28005728.36,13971435.319999998,36.0,True,True
4205803,Garuva,SC,Sim,73.0,Sim,71.43,10.41,1.21,True,B+,False,False,False,9,567644.0,160950.0,254.0,True,True
4205902,Gaspar,SC,Sim,10000.0,Sim,46.03,17.2,35.71,True,A,False,False,False,16,29452356.27,7340321.27,2414.0,True,True
4206009,Governador Celso Ramos,SC,Não,0.0,Sim,57.47,0.0,0.0,True,A,False,False,False,5,35805853.8,10760037.86,144.0,True,True
4206108,Grão Pará,SC,Não,100.0,Sim,72.73,0.0,6.97,True,A+,False,False,False,2,28643563.42,385428.57,118.0,True,True
4206207,Gravatal,SC,Não,35.0,Sim,12.21,232.81,1.32,True,C,True,False,True,6,6708051.72,297628.79,201.0,True,True
4206306,Guabiruba,SC,Não,500.0,Sim,67.26,0.0,5.31,True,A+,False,False,False,2,1207463.85,112856.05,139.0,True,True
4206405,Guaraciaba,SC,Sim,15.0,Sim,69.33,8.25,0.54,True,A+,False,False,False,5,375686.96,255496.86000000002,0.0,True,True
4206504,Guaramirim,SC,Sim,1000.0,Sim,38.02,773.74,5.58,True,A+,False,False,False,6,4191510.33,1366000.0,25.0,True,True
4206603,Guarujá do Sul,SC,Sim,12.0,Não,49.16,12.85,0.73,True,A+,False,False,False,3,6400000.0,0.0,0.0,True,True
4206652,Guatambú,SC,Sim,110.0,Sim,19.43,0.0,5.15,True,A,False,False,False,5,370320.66000000003,551166.88,9.0,True,True
4206702,Herval D Oeste,SC,Sim,65.0,Sim,38.46,0.0,0.78,True,B,False,False,False,6,44142.84,0.0,33.0,True,True
4206751,Ibiam,SC,Não,30.0,Sim,80.0,0.0,8.85,True,A+,False,False,False,8,3762791.4299999997,315000.0,201.0,True,True
4206801,Ibicaré,SC,Sim,0.0,Sim,80.0,0.0,0.0,True,A,False,False,False,8,7342632.44,750000.0,0.0,True,True
4206900,Ibirama,SC,Sim,90.0,Sim,28.9,33.65,1.17,True,A,False,False,False,8,3244978.89,1077607.73,171.0,True,True
4207007,Içara,SC,Sim,379.0,Sim,64.95,0.0,1.69,True,B,False,False,False,13,4286877.7,1815073.3599999999,38.0,True,True
4207106,Ilhota,SC,Sim,2450.0,Sim,50.0,71.28,49.59,True,A,False,False,False,5,3150243.2,957143.31,642.0,True,True
4207205,Imaruí,SC,Sim,45.0,Sim,45.92,3.63,1.84,True,C,True,False,True,10,9782938.64,974679.29,81.0,True,True
4207304,Imbituba,SC,Não,250.0,Sim,18.92,22.15,0.79,True,n.d.,False,True,True,6,1463764.78,0.0,108.0,True,True
4207403,Imbuia,SC,Não,0.0,Sim,,0.0,0.0,True,A,False,False,False,6,1220420.11,0.0,0.0,True,True
4207502,Indaial,SC,Não,80.0,Sim,39.39,3.65,0.26,True,C,True,False,True,17,0.0,0.0,252.0,True,False
4207577,Iomerê,SC,Não,0.0,Não,33.33,0.0,0.0,True,A+,False,False,False,4,1870423.51,1852045.4100000001,0.0,True,True
4207601,Ipira,SC,Sim,55.0,Sim,100.0,16.86,3.81,True,B,False,False,False,6,4916543.88,1574424.6500000001,97.0,True,True
4207650,Iporã do Oeste,SC,Sim,1.0,Não,76.85,10.39,0.04,True,A,False,False,False,2,0.0,0.0,0.0,True,False
4207684,Ipuaçu,SC,Sim,23.0,Não,30.03,0.0,2.47,True,A+,False,False,False,5,980668.13,21258.15,9.0,True,True
4207700,Ipumirim,SC,Sim,43.0,Sim,66.67,0.0,2.47,True,A+,False,False,False,3,1458371.2,1463371.2,0.0,True,True
4207759,Iraceminha,SC,Sim,9.0,Não,78.43,0.0,1.26,True,A,False,False,False,2,163360.87,0.0,0.0,True,True
4207809,Irani,SC,Sim,100.0,Sim,62.83,0.0,2.96,True,A+,False,False,False,4,2457105.44,1605105.03,0.0,True,True
4207858,Irati,SC,Não,12.0,Não,70.0,0.0,3.13,True,n.d.,False,True,True,4,1624132.07,5105.03,0.0,True,True
4207908,Irineópolis,SC,Sim,71.0,Sim,17.03,0.0,4.17,True,A+,False,False,False,6,219608.06,229369.95,284.0,True,True
4208005,Itá,SC,Não,0.0,Sim,92.83,0.0,0.0,True,A+,False,False,False,3,95579.78,540020.4,0.0,True,True
4208104,Itaiópolis,SC,Sim,50.0,Sim,45.29,60.2,0.87,True,A,False,False,False,12,5764270.59,9314876.01,16.0,True,True
4208203,Itajaí,SC,Sim,27067.0,Sim,93.18,29.62,24.11,True,A+,False,False,False,10,229349443.16000003,1335305.8399999999,2614.0,True,True
4208302,Itapema,SC,Sim,1500.0,Sim,82.71,31.63,2.8,True,C,True,False,True,5,35649898.58,4861988.16,1036.0,True,True
4208401,Itapiranga,SC,Sim,280.0,Sim,93.98,129.62,6.94,True,A+,False,False,False,1,0.0,0.0,0.0,True,False
4208450,Itapoá,SC,Sim,3527.0,Sim,30.49,59.57,12.9,True,A,False,False,False,14,1214935.52,97758.82,489.0,True,True
4208500,Ituporanga,SC,Sim,132.0,Sim,71.76,24.73,1.61,True,B+,False,False,False,10,6416351.2700000005,902420.19,2228.0,True,True
4208609,Jaborá,SC,Não,20.0,Não,68.93,206.55,1.99,True,A+,False,False,False,6,1867921.43,293040.29,159.0,True,True
4208708,Jacinto Machado,SC,Sim,75.0,Sim,,,2.56,True,A+,False,False,False,10,6217341.4399999995,2753576.96,34.0,True,True
4208807,Jaguaruna,SC,Não,5.0,Sim,28.9,19.02,0.02,True,B,False,False,False,9,1415495.53,49699.29,54.0,True,True
4208906,Jaraguá do Sul,SC,Sim,9260.0,Sim,81.59,7.38,12.35,True,A,False,False,False,7,34759575.76,20420.11,32.0,True,True
4208955,Jardinópolis,SC,Não,10.0,Não,85.37,0.0,2.11,True,B,False,False,False,4,2921305.7,323906.56,37.0,True,True
4209003,Joaçaba,SC,Sim,50.0,Sim,44.37,0.0,0.38,True,A+,False,False,False,3,275671.48,0.0,12.0,True,True
4209102,Joinville,SC,Sim,35041.0,Sim,68.01,115.97,13.66,True,B+,False,False,False,16,58659396.76,42197032.82,10237.0,True,True
4209151,José Boiteux,SC,Sim,10.0,Sim,45.05,0.0,0.96,True,A+,False,False,False,5,712661.8300000001,424888.03,71.0,True,True
4209177,Jupiá,SC,Não,0.0,Não,83.33,0.0,0.0,True,B,False,False,False,4,144005.71000000002,369532.79,0.0,True,True
4209201,Lacerdópolis,SC,Sim,58.0,Sim,61.16,49.59,10.25,True,A,False,False,False,2,948115.56,55957.82,37.0,True,True
4209300,Lages,SC,Sim,2500.0,Sim,11.94,0.0,3.47,True,B,False,False,False,9,26002377.43,2842445.37,1449.0,True,True
4209409,Laguna,SC,Não,0.0,Sim,40.0,0.0,0.0,True,C,True,False,True,6,1730470.66,1155325.62,56.0,True,True
4209458,Lajeado Grande,SC,Não,0.0,Não,55.56,0.0,0.0,True,A+,False,False,False,7,166035.43,171999.86,5.0,True,True
4209508,Laurentino,SC,Sim,1310.0,Sim,42.86,918.41,48.59,True,A,False,False,False,3,43090435.349999994,790129.1799999999,3954.0,True,True
4209607,Lauro Muller,SC,Sim,150.0,Sim,25.0,0.0,2.87,True,A,False,False,False,20,29964357.79,1130716.2,39.0,True,True
4209706,Lebon Régis,SC,Sim,199.0,Não,74.7,26.51,5.99,True,A,False,False,False,5,833904.81,0.0,35.0,True,True
4209805,Leoberto Leal,SC,Não,5.0,Sim,22.73,121.7,0.99,True,A,False,False,False,6,3442241.73,1002231.5,65.0,True,True
4209854,Lindóia do Sul,SC,Sim,40.0,Sim,27.78,0.0,3.72,True,A,False,False,False,4,1598511.74,863328.8,0.0,True,True
4209904,Lontras,SC,Sim,500.0,Sim,73.01,94.36,11.34,True,C,True,False,True,4,9315921.629999999,0.0,3669.0,True,True
4210001,Luiz Alves,SC,Sim,500.0,Sim,36.16,52.69,20.99,True,A,False,False,False,13,24610329.38,5137004.08,96.0,True,True
4210035,Luzerna,SC,Sim,133.0,Não,83.01,0.0,6.51,True,A+,False,False,False,6,365334.38999999996,295754.58,66.0,True,True
4210050,Macieira,SC,Não,0.0,Não,50.09,0.0,0.0,True,A,False,False,False,4,558402.2,255580.8,0.0,True,True
4210100,Mafra,SC,Sim,521.0,Sim,29.48,0.0,2.6,True,B,False,False,False,37,1428494.75,18520.88,504.0,True,True
4210209,Major Gercino,SC,Não,0.0,Sim,,,0.0,True,n.e.,False,True,True,8,0.0,0.0,34.0,True,False
4210308,Major Vieira,SC,Sim,50.0,Sim,65.01,0.0,3.62,True,A,False,False,False,9,180000.0,278621.68,17.0,True,True
4210407,Maracajá,SC,Não,0.0,Sim,40.83,5.89,0.0,True,A,False,False,False,5,1080649.82,18378.1,111.0,True,True
4210506,Maravilha,SC,Sim,300.0,Sim,71.04,29.66,2.82,True,A,False,False,False,4,600000.0,14811.19,16.0,True,True
4210555,Marema,SC,Sim,5.0,Sim,84.16,154.71,1.28,True,A+,False,False,False,2,247238.41,183075.31,0.0,True,True
4210605,Massaranduba,SC,Não,550.0,Sim,37.87,21.35,13.63,True,A+,False,False,False,11,53812656.57,84584001.71,83.0,True,True
4210704,Matos Costa,SC,Não,0.0,Não,84.13,0.0,0.0,True,A+,False,False,False,3,798800.75,0.0,0.0,True,True
4210803,Meleiro,SC,Sim,178.0,Sim,68.18,118.13,9.39,True,A,False,False,False,5,708874.61,0.0,16.0,True,True
4210852,Mirim Doce,SC,Sim,20.0,Sim,100.0,12.67,3.72,True,A+,False,False,False,6,1933679.25,176883.33000000002,340.0,True,True
4210902,Modelo,SC,Sim,45.0,Não,62.5,0.0,3.79,True,A+,False,False,False,1,0.0,0.0,3.0,True,False
4211009,Mondaí,SC,Sim,20.0,Não,78.21,45.52,0.65,True,A+,False,False,False,2,36953.28,0.0,0.0,True,True
4211058,Monte Carlo,SC,Não,8.0,Não,88.24,7.13,0.25,True,A,False,False,False,5,3988638.06,63456.93,348.0,True,True
4211108,Monte Castelo,SC,Não,0.0,Sim,56.68,0.0,0.0,True,C,True,False,True,5,5821239.27,40730.05,0.0,True,True
4211207,Morro da Fumaça,SC,Sim,705.0,Sim,78.72,49.28,10.67,True,A,False,False,False,5,199668.85,264440.42,673.0,True,True
4211256,Morro Grande,SC,Não,0.0,Sim,57.69,35.69,0.0,True,A,False,False,False,8,2931613.0700000003,180764.11,8.0,True,True
4211306,Navegantes,SC,Não,0.0,Sim,50.32,219.94,0.0,True,A+,False,False,False,2,2160179.09,565133.64,665.0,True,True
4211405,Nova Erechim,SC,Não,0.0,Não,89.29,72.37,0.0,True,A,False,False,False,0,0.0,0.0,0.0,False,False
4211454,Nova Itaberaba,SC,Sim,5.0,Não,86.61,28.41,0.57,True,A+,False,False,False,2,674230.4,186004.12,0.0,True,True
4211504,Nova Trento,SC,Sim,110.0,Sim,14.91,0.0,2.21,True,B,False,False,False,16,2311643.73,626164.3,137.0,True,True
4211603,Nova Veneza,SC,Sim,135.0,Sim,72.44,0.0,2.95,True,A,False,False,False,5,5714512.84,70291.51999999999,16.0,True,True
4211652,Novo Horizonte,SC,Sim,7.0,Não,,0.0,1.28,True,A,False,False,False,1,969955.21,8067.94,0.0,True,True
4211702,Orleans,SC,Sim,5.0,Sim,21.35,29.07,0.06,True,B,False,False,False,22,12942135.78,745470.24,167.0,True,True
4211751,Otacílio Costa,SC,Sim,60.0,Sim,30.0,0.0,0.86,True,C,True,False,True,5,786876.08,71470.38,276.0,True,True
4211801,Ouro,SC,Não,250.0,Sim,22.22,0.0,10.94,True,A+,False,False,False,3,916742.39,316742.39,5.0,True,True
4211850,Ouro Verde,SC,Sim,30.0,Sim,66.67,0.0,6.28,True,A,False,False,False,4,2483245.68,12316.77,12.0,True,True
4211876,Paial,SC,Não,0.0,Não,52.63,0.0,0.0,True,A+,False,False,False,1,105580.8,355620.94,0.0,True,True
4211892,Painel,SC,Não,0.0,Não,40.0,9.55,0.0,True,A,False,False,False,2,1687482.21,0.0,23.0,True,True
4211900,Palhoça,SC,Sim,8000.0,Sim,15.97,0.0,7.08,True,A+,False,False,False,10,94957190.91,5071444.24,3065.0,True,True
4212007,Palma Sola,SC,Não,55.0,Sim,39.52,33.77,2.23,True,B,False,False,False,7,2631207.27,1794099.12,8.0,True,True
4212056,Palmeira,SC,Não,0.0,Não,66.67,0.0,0.0,True,C,True,False,True,9,1653778.9300000002,0.0,1.0,True,True
4212106,Palmitos,SC,Sim,300.0,Sim,50.0,0.0,6.05,True,A+,False,False,False,6,17040674.240000002,17067390.66,9.0,True,True
4212205,Papanduva,SC,Não,0.0,Sim,,,0.0,True,A,False,False,False,6,921704.4,53.62,1520.0,True,True
4212239,Paraíso,SC,Sim,50.0,Não,72.0,0.0,5.55,True,A,False,False,False,1,0.0,0.0,0.0,True,False
4212254,Passo de Torres,SC,Sim,200.0,Sim,4.5,0.0,2.07,True,A,False,False,False,3,0.0,0.0,0.0,True,False
4212270,Passos Maia,SC,Sim,55.0,Não,38.46,0.0,8.76,True,A,False,False,False,2,26736097.02,28071.32,76.0,True,True
4212304,Paulo Lopes,SC,Não,0.0,Não,66.23,747.38,0.0,True,A,False,False,False,7,9476954.42,1904524.0899999999,34.0,True,True
4212403,Pedras Grandes,SC,Não,1.0,Sim,,,0.16,True,A,False,False,False,7,1129995.33,56920.96,16.0,True,True
4212502,Penha,SC,Não,1560.0,Sim,85.63,39.24,7.26,True,A,False,False,False,2,204201.1,1939910.43,150.0,True,True
4212601,Peritiba,SC,Sim,4.0,Não,73.68,23.39,0.49,True,B+,False,False,False,3,144994.47,0.0,0.0,True,True
4212650,Pescaria Brava,SC,Não,0.0,Não,17.46,0.0,0.0,True,B,False,False,False,8,3451367.3200000003,866824.12,33.0,True,True
4212700,Petrolândia,SC,Sim,40.0,Sim,,,3.12,True,B+,False,False,False,4,8452115.9,711802.09,206.0,True,True
4212809,Balneário Piçarras,SC,Sim,1249.0,Sim,81.89,769.33,6.76,True,A,False,False,False,12,1137761.1,146466.1,30.0,True,True
4212908,Pinhalzinho,SC,Não,0.0,Não,90.91,3.77,0.0,True,A+,False,False,False,0,0.0,0.0,0.0,False,False
4213005,Pinheiro Preto,SC,Sim,0.0,Sim,,,0.0,True,A+,False,False,False,5,1230146.6300000001,0.0,0.0,True,True
4213104,Piratuba,SC,Sim,8.0,Sim,,0.0,0.33,True,A,False,False,False,1,147813.12,84464.64,12.0,True,True
4213153,Planalto Alegre,SC,Não,0.0,Não,,,0.0,True,A+,False,False,False,2,20000.0,50000.0,0.0,True,True
4213203,Pomerode,SC,Sim,28.0,Sim,57.88,0.63,0.23,True,A+,False,False,False,7,3500539.38,300000.0,10.0,True,True
4213302,Ponte Alta,SC,Sim,12.0,Sim,13.57,0.0,0.74,True,A,False,False,False,1,126000.0,0.0,0.0,True,True
4213351,Ponte Alta do Norte,SC,Não,0.0,Não,9.29,0.0,0.0,True,n.d.,False,True,True,2,0.0,0.0,6.0,True,False
4213401,Ponte Serrada,SC,Sim,195.0,Sim,51.16,0.0,5.07,True,A+,False,False,False,4,256470.38,111839.28,190.0,True,True
4213500,Porto Belo,SC,Sim,950.0,Sim,43.47,6.59,6.24,True,A,False,False,False,10,5014559.04,859221.79,737.0,True,True
4213609,Porto União,SC,Sim,1300.0,Sim,79.78,9.39,10.71,True,A,False,False,False,4,17064872.57,0.0,2804.0,True,True
4213708,Pouso Redondo,SC,Sim,15.0,Sim,63.1,310.92,0.32,True,C,True,False,True,13,10826973.36,2137612.94,2421.0,True,True
4213807,Praia Grande,SC,Sim,158.0,Sim,85.71,1340.87,5.35,True,C,True,False,True,12,45932232.82,700141.79,1600.0,True,True
4213906,Presidente Castello Branco,SC,Sim,30.0,Não,71.43,0.0,9.93,True,A,False,False,False,6,1112195.08,316036.69,67.0,True,True
4214003,Presidente Getúlio,SC,Sim,2131.0,Sim,73.57,0.0,32.15,True,C,True,False,True,4,5766440.61,435227.42000000004,2109.0,True,True
4214102,Presidente Nereu,SC,Não,20.0,Sim,,,3.48,True,A+,False,False,False,4,2027151.3,0.0,110.0,True,True
4214151,Princesa,SC,Não,0.0,Não,92.45,36.2,0.0,True,A,False,False,False,4,1199520.3,150780.45,0.0,True,True
4214201,Quilombo,SC,Não,9.0,Sim,31.52,0.0,0.29,True,n.d.,False,True,True,5,24248249.560000002,1928982.28,116.0,True,True
4214300,Rancho Queimado,SC,Sim,10.0,Sim,5.71,559.83,0.95,True,B,False,False,False,3,5019725.46,2072436.94,25.0,True,True
4214409,Rio das Antas,SC,Não,6.0,Sim,41.67,0.0,0.41,True,B,False,False,False,6,9907845.64,884217.4299999999,34.0,True,True
4214508,Rio do Campo,SC,Sim,20.0,Sim,24.91,0.0,1.41,True,A,False,False,False,4,953272.15,0.0,8.0,True,True
4214607,Rio do Oeste,SC,Sim,505.0,Sim,9.99,104.41,25.36,True,A+,False,False,False,6,15003586.45,4718959.390000001,3081.0,True,True
4214706,Rio dos Cedros,SC,Sim,80.0,Sim,37.5,9.53,2.42,True,A+,False,False,False,8,2175255.1100000003,1307913.88,37.0,True,True
4214805,Rio do Sul,SC,Sim,10500.0,Sim,92.0,0.0,35.59,True,A+,False,False,False,14,34755664.24,21404206.06,27469.0,True,True
4214904,Rio Fortuna,SC,Sim,300.0,Sim,83.33,0.0,31.88,True,A+,False,False,False,6,13823461.719999999,109758.09000000001,13.0,True,True
4215000,Rio Negrinho,SC,Sim,1500.0,Sim,58.0,13.93,10.62,True,A+,False,False,False,9,15780048.18,755310.0800000001,1449.0,True,True
4215059,Rio Rufino,SC,Sim,8.0,Sim,,,1.41,True,B,False,False,False,17,10852410.280000001,87648.08,160.0,True,True
4215075,Riqueza,SC,Não,16.0,Não,31.72,0.0,1.31,True,A+,False,False,False,7,1161388.77,284012.34,0.0,True,True
4215109,Rodeio,SC,Não,150.0,Sim,86.11,23.66,3.31,True,A,False,False,False,15,9817284.870000001,772352.02,3386.0,True,True
4215208,Romelândia,SC,Sim,30.0,Sim,,,3.03,True,A,False,False,False,5,506213.64,19764.15,11.0,True,True
4215307,Salete,SC,Não,5.0,Sim,55.56,0.0,0.22,True,B,False,False,False,3,14781.31,105580.8,16.0,True,True
4215356,Saltinho,SC,Não,0.0,Não,22.56,0.0,0.0,True,B+,False,False,False,7,79622.97,128979.75,0.0,True,True
4215406,Salto Veloso,SC,Sim,0.0,Não,64.29,67.57,0.0,True,B,False,False,False,1,0.0,0.0,0.0,True,False
4215455,Sangão,SC,Sim,1.0,Sim,14.95,336.24,0.04,True,B,False,False,False,3,337478.14,25525.14,0.0,True,True
4215505,Santa Cecília,SC,Sim,180.0,Sim,,,3.31,True,A,False,False,False,5,101055.81,0.0,28.0,True,True
4215554,Santa Helena,SC,Não,0.0,Não,92.71,51.96,0.0,True,A,False,False,False,6,832277.75,135143.42,0.0,True,True
4215604,Santa Rosa de Lima,SC,Não,1.0,Sim,50.0,8.47,0.38,True,B,False,False,False,2,2700057.78,132512.22,5.0,True,True
4215653,Santa Rosa do Sul,SC,Sim,0.0,Sim,13.89,0.0,0.0,True,B+,False,False,False,11,3485530.07,78013.68,100.0,True,True
4215679,Santa Terezinha,SC,Não,0.0,Sim,69.14,0.0,0.0,True,A,False,False,False,13,4154522.5399999996,0.0,16.0,True,True
4215687,Santa Terezinha do Progresso,SC,Não,0.0,Sim,40.91,0.0,0.0,True,A+,False,False,False,9,2448719.7199999997,39592.8,6.0,True,True
4215695,Santiago do Sul,SC,Sim,12.0,Não,70.0,0.0,3.05,True,n.d.,False,True,True,2,756712.56,733484.78,2.0,True,True
4215703,Santo Amaro da Imperatriz,SC,Sim,603.0,Sim,73.53,0.0,5.08,True,C,True,False,True,16,100730358.89,125152055.62,2332.0,True,True
4215752,São Bernardino,SC,Sim,27.0,Não,56.1,0.0,5.45,True,A+,False,False,False,6,990761.3600000001,96842.53,0.0,True,True
4215802,São Bento do Sul,SC,Sim,910.0,Sim,74.91,35.61,2.77,True,A,False,False,False,21,24601254.96,240211.53,1515.0,True,True
4215901,São Bonifácio,SC,Não,8.0,Sim,27.78,0.0,2.05,True,A,False,False,False,10,17710791.66,714703.84,10.0,True,True
4216008,São Carlos,SC,Sim,62.0,Sim,54.35,4.02,1.81,True,A+,False,False,False,7,1409556.57,790486.75,167.0,True,True
4216057,São Cristovão do Sul,SC,Não,0.0,Não,,0.0,0.0,True,A,False,False,False,4,177271.34,36953.28,41.0,True,True
4216107,São Domingos,SC,Sim,119.0,Sim,83.33,21.6,4.08,True,A+,False,False,False,5,22490897.47,4258427.57,608.0,True,True
4216206,São Francisco do Sul,SC,Sim,2022.0,Sim,32.77,160.17,5.37,True,A+,False,False,False,9,5392966.98,1793233.65,55.0,True,True
4216255,São João do Oeste,SC,Sim,25.0,Não,53.57,17.08,2.02,True,A+,False,False,False,3,793374.11,158371.2,0.0,True,True
4216305,São João Batista,SC,Sim,5000.0,Sim,,,38.36,True,n.d.,False,True,True,12,46613765.199999996,22143126.880000003,12346.0,True,True
4216354,São João do Itaperiú,SC,Sim,100.0,Não,,,9.4,True,A,False,False,False,4,11002182.17,1107800.03,0.0,True,True
4216404,São João do Sul,SC,Não,0.0,Sim,40.61,0.0,0.0,True,A,False,False,False,13,16035959.290000001,1493585.3599999999,1056.0,True,True
4216503,São Joaquim,SC,Sim,150.0,Sim,85.62,19.32,1.69,True,C,True,False,True,8,69569495.11,7009814.34,78.0,True,True
4216602,São José,SC,Sim,25000.0,Sim,60.8,55.69,19.53,True,C,True,False,True,2,82288708.41,778283.14,5259.0,True,True
4216701,São José do Cedro,SC,Sim,5.0,Não,52.73,0.0,0.11,True,A+,False,False,False,13,1418630.3,433480.94,0.0,True,True
4216800,São José do Cerrito,SC,Sim,98.0,Sim,48.5,0.0,6.44,True,C,True,False,True,9,1774508.4,370279.2,366.0,True,True
4216909,São Lourenço do Oeste,SC,Sim,60.0,Sim,75.47,66.83,0.7,True,B,False,False,False,4,2115953.83,54204.4,15.0,True,True
4217006,São Ludgero,SC,Não,0.0,Sim,,0.86,0.0,True,B+,False,False,False,3,35164384.339999996,839761.56,110.0,True,True
4217105,São Martinho,SC,Sim,30.0,Sim,100.0,0.0,5.23,True,A,False,False,False,6,23683800.21,386742.43,165.0,True,True
4217154,São Miguel da Boa Vista,SC,Não,0.0,Não,83.89,0.0,0.0,True,A+,False,False,False,2,150000.0,0.0,0.0,True,True
4217204,São Miguel do Oeste,SC,Sim,65.0,Não,88.97,35.73,0.36,True,A,False,False,False,2,3313640.0,2848416.56,128.0,True,True
4217253,São Pedro de Alcântara,SC,Sim,90.0,Sim,100.0,0.0,4.02,True,A,False,False,False,10,26388156.72,2751676.4299999997,425.0,True,True
4217303,Saudades,SC,Sim,241.0,Sim,61.19,0.0,9.31,True,A+,False,False,False,9,386920.70999999996,78147.97,0.0,True,True
4217402,Schroeder,SC,Sim,473.0,Sim,60.9,74.17,6.72,True,A+,False,False,False,4,329685.78,0.0,16.0,True,True
4217501,Seara,SC,Sim,10.0,Sim,28.14,6.74,0.17,True,B,False,False,False,6,1248632.88,240835.86,34.0,True,True
4217550,Serra Alta,SC,Não,0.0,Não,100.0,0.0,0.0,True,A,False,False,False,0,0.0,0.0,0.0,False,False
4217600,Siderópolis,SC,Sim,49.0,Sim,33.11,3.09,1.0,True,B,False,False,False,8,4111852.64,1142524.92,10.0,True,True
4217709,Sombrio,SC,Não,0.0,Não,80.29,0.0,0.0,True,C,True,False,True,10,8497563.89,16085.22,520.0,True,True
4217758,Sul Brasil,SC,Não,2.0,Não,67.12,0.0,0.41,True,A+,False,False,False,3,0.0,10210.05,0.0,True,True
4217808,Taió,SC,Sim,1377.0,Sim,50.32,65.14,25.21,True,A,False,False,False,7,73026278.05,883013.62,3908.0,True,True
4217907,Tangará,SC,Sim,18.0,Sim,50.0,140.96,0.78,True,A+,False,False,False,10,19557189.3,5080.0,121.0,True,True
4217956,Tigrinhos,SC,Sim,5.0,Não,50.0,3.52,1.13,True,A+,False,False,False,2,137835.74,0.0,0.0,True,True
4218004,Tijucas,SC,Sim,3500.0,Sim,,0.23,16.54,True,A,False,False,False,7,23700888.32,4268014.77,4132.0,True,True
4218103,Timbé do Sul,SC,Sim,0.0,Sim,,,0.0,True,B+,False,False,False,8,3880925.37,364197.96,27.0,True,True
4218202,Timbó,SC,Sim,900.0,Sim,46.3,37.33,4.95,True,A+,False,False,False,8,20000.0,55637.39,371.0,True,True
4218251,Timbó Grande,SC,Não,130.0,Sim,20.55,0.0,6.91,True,B,False,False,False,5,1076408.79,509680.44,8.0,True,True
4218301,Três Barras,SC,Sim,0.0,Sim,76.22,0.0,0.0,True,A+,False,False,False,13,22939.79,252827.32,5782.0,True,True
4218350,Treviso,SC,Sim,12.0,Não,,,1.21,True,B,False,False,False,5,5937925.66,4680131.4,0.0,True,True
4218400,Treze de Maio,SC,Sim,50.0,Não,65.22,0.0,2.96,True,C,True,False,True,1,102100.55,102100.55,0.0,True,True
4218509,Treze Tílias,SC,Sim,43.0,Não,72.44,15.12,1.38,True,A,False,False,False,12,4140000.0,0.0,59.0,True,True
4218608,Trombudo Central,SC,Sim,103.0,Sim,78.34,0.0,4.56,True,A,False,False,False,5,54576923.29,1100151.9,1458.0,True,True
4218707,Tubarão,SC,,,Sim,,,,False,C,True,False,True,13,57877765.70999999,9342202.260000002,2202.0,True,True
4218756,Tunápolis,SC,Sim,2.0,Não,46.74,0.0,0.25,True,A+,False,False,False,9,154323.81,150823.81,0.0,True,True
4218806,Turvo,SC,Não,6.0,Sim,66.5,0.0,0.15,True,A,False,False,False,5,6740563.42,100301.76,979.0,True,True
4218855,União do Oeste,SC,Sim,6.0,Não,,13.49,0.94,True,A+,False,False,False,6,1680850.37,816804.39,0.0,True,True
4218905,Urubici,SC,Não,10.0,Sim,28.3,0.0,0.24,True,A+,False,False,False,12,28594506.75,332995.79000000004,4627.0,True,True
4218954,Urupema,SC,Não,3.0,Não,37.5,0.0,0.42,True,A,False,False,False,2,274510.08,0.0,13.0,True,True
4219002,Urussanga,SC,Sim,50.0,Sim,13.46,14.93,0.74,True,A,False,False,False,11,2056330.96,1203983.81,201.0,True,True
4219101,Vargeão,SC,Sim,18.0,Não,62.06,0.0,1.96,True,A+,False,False,False,4,1699546.79,0.0,0.0,True,True
4219150,Vargem,SC,Sim,50.0,Sim,29.61,0.0,9.62,True,n.e.,False,True,True,9,7262362.55,5732668.41,113.0,True,True
4219176,Vargem Bonita,SC,Não,20.0,Não,67.45,0.0,1.75,True,A+,False,False,False,1,0.0,0.0,0.0,True,False
4219200,Vidal Ramos,SC,Sim,30.0,Sim,72.25,0.0,2.24,True,B+,False,False,False,2,52790.4,3980396.0500000003,36.0,True,True
4219309,Videira,SC,Sim,230.0,Sim,12.5,0.0,1.01,True,A+,False,False,False,6,2796243.3,702328.05,573.0,True,True
4219358,Vitor Meireles,SC,Sim,140.0,Sim,46.74,40.16,17.93,True,A+,False,False,False,2,168608.34,35897.47,227.0,True,True
4219408,Witmarsum,SC,Não,60.0,Sim,,,8.0,True,B+,False,False,False,7,849925.42,10558.08,63.0,True,True
4219507,Xanxerê,SC,Sim,470.0,Sim,83.67,0.0,2.29,True,A,False,False,False,5,12584324.89,672557.14,810.0,True,True
4219606,Xavantina,SC,Não,0.0,Sim,61.24,4.16,0.0,True,C,True,False,True,4,2640970.24,2920831.5300000003,0.0,True,True
4219705,Xaxim,SC,Sim,176.0,Sim,1.49,0.0,1.53,True,B+,False,False,False,2,865762.54,210465.53999999998,0.0,True,True
4219853,Zortéa,SC,Sim,80.0,Não,30.16,84.05,4.85,True,A,False,False,False,4,240485.21,29562.62,44.0,True,True
4220000,Balneário Rincão,SC,Não,0.0,Sim,,26.51,0.0,True,B,False,False,False,1,0.0,0.0,2.0,True,False
4300034,Aceguá,RS,Não,0.0,Não,21.13,405.51,0.0,True,C,True,False,True,1,0.0,0.0,1.0,True,False
4300059,Água Santa,RS,Não,0.0,Não,35.56,18.5,0.0,True,A,False,False,False,0,0.0,0.0,0.0,False,False
4300109,Agudo,RS,Não,225.0,Sim,64.66,0.0,5.56,True,A+,False,False,False,6,910069.45,910069.44,274.0,True,True
4300208,Ajuricaba,RS,,,Não,,,,False,C,True,False,True,3,1496996.62,652250.1900000001,0.0,True,True
4300307,Alecrim,RS,Não,0.0,Não,21.21,0.0,0.0,True,C,True,False,True,2,190000.0,288800.75,10.0,True,True
4300406,Alegrete,RS,Sim,2995.0,Sim,60.69,15.12,9.38,True,C,True,False,True,9,13183083.69,8361740.73,5268.0,True,True
4300455,Alegria,RS,Não,0.0,Não,,0.0,0.0,True,A,False,False,False,1,0.0,0.0,0.0,True,False
4300471,Almirante Tamandaré do Sul,RS,Não,0.0,Não,93.75,0.0,0.0,True,A+,False,False,False,1,98190.14,98190.14,0.0,True,True
4300505,Alpestre,RS,Não,0.0,Sim,75.0,0.0,0.0,True,A,False,False,False,1,0.0,0.0,0.0,True,False
4300554,Alto Alegre,RS,Não,0.0,Não,79.93,0.0,0.0,True,A+,False,False,False,2,52790.4,0.0,20.0,True,True
4300570,Alto Feliz,RS,Não,0.0,Sim,,,0.0,True,A+,False,False,False,4,553997.4299999999,965762.54,21.0,True,True
4300604,Alvorada,RS,Sim,440.0,Sim,,32.26,0.53,True,A+,False,False,False,5,67134576.66999999,14297250.28,14277.0,True,True
4300638,Amaral Ferrador,RS,,,Sim,,,,False,A+,False,False,False,6,2188577.74,1834350.3599999999,43.0,True,True
4300646,Ametista do Sul,RS,Não,0.0,Não,50.0,0.0,0.0,True,A+,False,False,False,3,184621.40000000002,189900.44,4.0,True,True
4300661,André da Rocha,RS,Não,0.0,Não,62.5,162.33,0.0,True,A+,False,False,False,2,105580.8,0.0,16.0,True,True
4300703,Anta Gorda,RS,Sim,20.0,Sim,100.0,33.6,1.36,True,B,False,False,False,3,9000240.11,127724.17,170.0,True,True
4300802,Antônio Prado,RS,Sim,27.0,Não,12.5,0.0,0.57,True,A,False,False,False,2,601810.54,601810.54,79.0,True,True
4300851,Arambaré,RS,Não,1000.0,Não,,,25.13,True,B+,False,False,False,5,4889868.13,3370104.83,1246.0,True,True
4300877,Araricá,RS,Sim,0.0,Não,21.43,0.0,0.0,True,C,True,False,True,6,5515857.58,3372857.33,361.0,True,True
4300901,Aratiba,RS,,,Não,,,,False,A+,False,False,False,3,713484.78,633484.78,10.0,True,True
4301008,Arroio do Meio,RS,Sim,1000.0,Sim,32.54,0.0,12.06,True,C,True,False,True,3,37463898.339999996,2597287.61,25685.0,True,True
4301057,Arroio do Sal,RS,Sim,300.0,Não,,,1.64,True,A+,False,False,False,0,0.0,0.0,0.0,False,False
4301073,Arroio do Padre,RS,Não,0.0,Não,,,0.0,True,A+,False,False,False,1,0.0,0.0,0.0,True,False
4301107,Arroio dos Ratos,RS,Sim,25.0,Não,38.98,0.0,0.37,True,C,True,False,True,2,45087182.449999996,9974114.739999998,2276.0,True,True
4301206,Arroio do Tigre,RS,Não,100.0,Não,60.98,7.91,3.6,True,n.d.,False,True,True,5,12986469.14,12555921.21,990.0,True,True
4301305,Arroio Grande,RS,Sim,50.0,Sim,7.6,0.44,0.59,True,B+,False,False,False,5,4526252.399999999,214962.5,212.0,True,True
4301404,Arvorezinha,RS,Não,0.0,Não,95.73,0.0,0.0,True,B+,False,False,False,4,11696079.71,1877065.58,1221.0,True,True
4301503,Augusto Pestana,RS,Não,0.0,Não,20.49,0.0,0.0,True,A+,False,False,False,1,0.0,0.0,0.0,True,False
4301552,Áurea,RS,Não,15.0,Não,59.06,11.09,1.66,True,A,False,False,False,2,316742.39,316742.39,0.0,True,True
4301602,Bagé,RS,Não,45.0,Sim,5.11,0.06,0.08,True,C,True,False,True,3,18949052.87,18906158.95,2.0,True,True
4301636,Balneário Pinhal,RS,Não,150.0,Não,4.79,0.0,0.78,True,C,True,False,True,2,1465298.08,1224980.26,4202.0,True,True
4301651,Barão,RS,,,Não,,,,False,A,False,False,False,4,1148044.31,994952.16,102.0,True,True
4301701,Barão de Cotegipe,RS,Não,28.0,Não,83.8,22.65,1.11,True,A,False,False,False,5,995286.3800000001,922453.0700000001,45.0,True,True
4301750,Barão do Triunfo,RS,Não,0.0,Não,41.25,207.84,0.0,True,A,False,False,False,3,3411066.84,3835910.0700000003,0.0,True,True
4301800,Barracão,RS,Não,0.0,Não,37.04,58.03,0.0,True,B,False,False,False,1,0.0,0.0,0.0,True,False
4301859,Barra do Guarita,RS,Sim,60.0,Sim,,,6.91,True,A,False,False,False,2,284454.62,2428.36,220.0,True,True
4301875,Barra do Quaraí,RS,Sim,40.0,Não,86.36,1.53,3.09,True,A,False,False,False,1,173680.41,173680.41,72.0,True,True
4301909,Barra do Ribeiro,RS,Não,100.0,Sim,39.22,74.04,1.96,True,C,True,False,True,6,2302845.7199999997,2083335.64,2759.0,True,True
4301925,Barra do Rio Azul,RS,Sim,70.0,Não,,0.0,30.57,True,A,False,False,False,5,16979726.22,2341782.08,816.0,True,True
4301958,Barra Funda,RS,Sim,150.0,Não,88.24,0.0,19.58,True,A,False,False,False,2,0.0,0.0,124.0,True,False
4302006,Barros Cassal,RS,,,Sim,,,,False,C,True,False,True,8,25958704.740000002,39233617.04,1.0,True,True
4302055,Benjamin Constant do Sul,RS,Não,0.0,Não,53.33,66.7,0.0,True,A,False,False,False,3,1424881.0699999998,1407101.68,1.0,True,True
4302105,Bento Gonçalves,RS,Não,50.0,Sim,79.23,0.0,0.09,True,B+,False,False,False,6,68027318.73,4435455.34,933.0,True,True
4302154,Boa Vista das Missões,RS,Não,0.0,Não,,56.82,0.0,True,A,False,False,False,2,2062390.07,3378.59,24.0,True,True
4302204,Boa Vista do Buricá,RS,Não,5.0,Não,8.9,3.97,0.22,True,A,False,False,False,0,0.0,0.0,0.0,False,False
4302220,Boa Vista do Cadeado,RS,Não,0.0,Não,24.33,0.0,0.0,True,A+,False,False,False,1,0.0,0.0,0.0,True,False
4302238,Boa Vista do Incra,RS,Não,0.0,Não,31.72,0.0,0.0,True,A,False,False,False,2,0.0,0.0,5.0,True,False
4302253,Boa Vista do Sul,RS,Não,0.0,Não,40.0,248.0,0.0,True,A+,False,False,False,3,1951807.46,534083.51,8.0,True,True
4302303,Bom Jesus,RS,,,Não,,,,False,n.d.,False,True,True,2,2850681.52,39064.89,45.0,True,True
4302352,Bom Princípio,RS,Não,0.0,Sim,,0.0,0.0,True,B,False,False,False,3,10407150.34,4607397.78,646.0,True,True
4302378,Bom Progresso,RS,Não,0.0,Não,28.57,0.0,0.0,True,C,True,False,True,2,70177.53,11613.89,0.0,True,True
4302402,Bom Retiro do Sul,RS,Sim,40.0,Não,91.33,0.0,0.83,True,B,False,False,False,7,30742608.24,5411815.5600000005,3424.0,True,True
4302451,Boqueirão do Leão,RS,Não,5.0,Sim,90.91,9.02,0.55,True,B,False,False,False,5,1147010.44,1734342.15,205.0,True,True
4302501,Bossoroca,RS,Não,0.0,Não,,0.0,0.0,True,B,False,False,False,2,1712615.9500000002,1480000.0,13.0,True,True
4302584,Bozano,RS,Não,3.0,Não,6.37,0.0,0.82,True,A+,False,False,False,1,745945.68,148201.13,0.0,True,True
4302600,Braga,RS,Sim,23.0,Não,,0.0,2.24,True,A,False,False,False,3,3680034.2800000003,3442371.91,129.0,True,True
4302659,Brochier,RS,Sim,62.0,Não,76.05,65.81,4.71,True,A+,False,False,False,3,0.0,0.0,124.0,True,False
4302709,Butiá,RS,Sim,50.0,Não,35.0,0.0,0.56,True,B+,False,False,False,1,2815821.43,2618219.93,100.0,True,True
4302808,Caçapava do Sul,RS,Não,50.0,Sim,23.81,0.0,0.34,True,C,True,False,True,4,21305604.68,20508964.63,273.0,True,True
4302907,Cacequi,RS,Não,150.0,Não,,,3.46,True,C,True,False,True,4,4315069.04,3164727.46,646.0,True,True
4303004,Cachoeira do Sul,RS,Sim,450.0,Sim,5.95,0.0,1.3,True,A+,False,False,False,13,39964052.19,76244346.33,5097.0,True,True
4303103,Cachoeirinha,RS,Sim,4000.0,Sim,50.0,14.88,6.39,True,A,False,False,False,4,1372550.37,686275.1799999999,5492.0,True,True
4303202,Cacique Doble,RS,Não,10.0,Sim,9.09,0.0,1.26,True,A,False,False,False,4,1847025.84,1846771.3900000001,75.0,True,True
4303301,Caibaté,RS,Não,0.0,Não,71.43,0.0,0.0,True,n.d.,False,True,True,1,983067.48,8398.06,0.0,True,True
4303400,Caiçara,RS,Não,0.0,Não,53.43,0.0,0.0,True,A,False,False,False,3,1963802.83,1327708.97,15.0,True,True
4303509,Camaquã,RS,Não,0.0,Sim,81.97,11.21,0.0,True,A+,False,False,False,6,7775944.33,4477479.66,155.0,True,True
4303558,Camargo,RS,Não,10.0,Não,60.0,0.0,1.19,True,A+,False,False,False,2,29290.48,0.0,0.0,True,True
4303608,Cambará do Sul,RS,,,Não,,,,False,C,True,False,True,0,0.0,0.0,0.0,False,False
4303673,Campestre da Serra,RS,Não,0.0,Não,54.12,0.0,0.0,True,A,False,False,False,2,1034955.25,567424.29,0.0,True,True
4303707,Campina das Missões,RS,Sim,0.0,Sim,,,0.0,True,B+,False,False,False,3,1294095.0,517000.0,0.0,True,True
4303806,Campinas do Sul,RS,Não,80.0,Não,85.71,0.0,3.64,True,C,True,False,True,4,302045.25,298152.25,3.0,True,True
4303905,Campo Bom,RS,,,Sim,,,,False,A,False,False,False,3,45729736.17,4526437.82,4740.0,True,True
4304002,Campo Novo,RS,Não,0.0,Não,,0.0,0.0,True,A+,False,False,False,1,108680.83,110162.84,0.0,True,True
4304101,Campos Borges,RS,Não,0.0,Não,92.09,0.0,0.0,True,A,False,False,False,5,4267395.640000001,1737090.87,35.0,True,True
4304200,Candelária,RS,Sim,905.0,Sim,55.92,48.44,10.78,True,C,True,False,True,5,2136561.24,1996202.18,1409.0,True,True
4304309,Cândido Godói,RS,Não,0.0,Não,62.5,0.0,0.0,True,A+,False,False,False,4,2966612.98,2951297.9,5.0,True,True
4304358,Candiota,RS,Não,0.0,Não,77.78,0.0,0.0,True,A,False,False,False,3,2570427.85,1583711.96,9.0,True,True
4304408,Canela,RS,Não,1109.0,Não,84.04,5.81,4.54,True,B,False,False,False,1,17141930.47,8585785.35,651.0,True,True
4304507,Canguçu,RS,Não,50.0,Sim,49.11,0.0,0.44,True,A+,False,False,False,10,13296335.84,11895785.879999999,8.0,True,True
4304606,Canoas,RS,Sim,70000.0,Sim,96.81,166.99,43.53,True,C,True,False,True,7,6910085.69,7025897.779999999,184680.0,True,True
4304614,Canudos do Vale,RS,Sim,20.0,Não,50.0,0.0,9.05,True,A,False,False,False,3,55734330.45,4856166.4,41.0,True,True
4304622,Capão Bonito do Sul,RS,Não,0.0,Não,48.78,0.0,0.0,True,A,False,False,False,3,1291530.22,1357737.1,7.0,True,True
4304630,Capão da Canoa,RS,Não,0.0,Não,1.76,6.9,0.0,True,A+,False,False,False,1,84464.64,538462.07,30.0,True,True
4304655,Capão do Cipó,RS,,,Não,,,,False,C,True,False,True,6,7867471.64,7036021.5600000005,0.0,True,True
4304663,Capão do Leão,RS,Não,24.0,Sim,2.5,0.0,0.2,True,C,True,False,True,2,98800.75,0.0,0.0,True,True
4304671,Capivari do Sul,RS,,,Não,,,,False,A+,False,False,False,1,0.0,0.0,7.0,True,False
4304689,Capela de Santana,RS,Não,21.0,Sim,56.66,160.35,0.55,True,A,False,False,False,1,0.0,0.0,151.0,True,False
4304697,Capitão,RS,Não,0.0,Não,,,0.0,True,A+,False,False,False,2,1383108.44,1689081.59,205.0,True,True
4304705,Carazinho,RS,Não,60.0,Não,34.78,40.07,0.22,True,A,False,False,False,1,145000.0,310000.0,7.0,True,True
4304713,Caraá,RS,Não,400.0,Sim,,0.0,29.96,True,C,True,False,True,5,9872015.690000001,1703938.52,3029.0,True,True
4304804,Carlos Barbosa,RS,Não,0.0,Não,79.75,0.0,0.0,True,A,False,False,False,4,1283582.7,470610.57,153.0,True,True
4304853,Carlos Gomes,RS,Não,0.0,Não,90.09,22.83,0.0,True,A,False,False,False,2,727499.9,727499.9,0.0,True,True
4304903,Casca,RS,Não,50.0,Não,,,1.62,True,A,False,False,False,2,1755175.0699999998,178009.22,75.0,True,True
4304952,Caseiros,RS,Não,50.0,Não,78.73,3.5,7.15,True,A,False,False,False,0,0.0,0.0,0.0,False,False
4305009,Catuípe,RS,Não,15.0,Não,,,0.52,True,A+,False,False,False,1,0.0,0.0,0.0,True,False
4305108,Caxias do Sul,RS,Sim,350.0,Sim,62.31,9.25,0.16,True,A+,False,False,False,7,23584526.15,21003451.92,905.0,True,True
4305116,Centenário,RS,Não,0.0,Não,75.61,41.15,0.0,True,A,False,False,False,5,5578108.02,5578108.02,0.0,True,True
4305124,Cerrito,RS,Não,200.0,Não,26.67,0.0,9.66,True,C,True,False,True,3,3933422.1399999997,1043327.61,460.0,True,True
4305132,Cerro Branco,RS,Não,0.0,Não,41.3,0.0,0.0,True,A,False,False,False,4,2747831.98,2564621.32,462.0,True,True
4305157,Cerro Grande,RS,Não,10.0,Não,78.17,0.0,1.91,True,A,False,False,False,6,478370.39999999997,488928.48,0.0,True,True
4305173,Cerro Grande do Sul,RS,Não,60.0,Sim,85.15,113.34,3.99,True,C,True,False,True,4,7565205.49,5363073.79,265.0,True,True
4305207,Cerro Largo,RS,Não,75.0,Não,2.65,0.0,1.41,True,A,False,False,False,2,85520.45,0.0,0.0,True,True
4305306,Chapada,RS,Não,0.0,Não,98.0,1.63,0.0,True,B+,False,False,False,4,13207131.930000002,13269342.06,7.0,True,True
4305355,Charqueadas,RS,Sim,165.0,Sim,96.94,0.0,1.07,True,B,False,False,False,4,5703556.74,315750.44999999995,8554.0,True,True
4305371,Charrua,RS,Não,50.0,Não,76.82,0.0,17.36,True,A+,False,False,False,2,1468739.15,1468739.15,0.0,True,True
4305405,Chiapetta,RS,Não,0.0,Não,51.61,0.0,0.0,True,A,False,False,False,2,1905733.39,776124.44,0.0,True,True
4305439,Chuí,RS,Não,0.0,Não,27.78,134.98,0.0,True,C,True,False,True,1,626199.17,626199.17,34.0,True,True
4305447,Chuvisca,RS,Não,0.0,Não,19.0,0.0,0.0,True,A,False,False,False,6,1858418.78,1950024.03,1.0,True,True
4305454,Cidreira,RS,Não,0.0,Não,17.23,7.28,0.0,True,A,False,False,False,1,2627296.85,91884.7,3200.0,True,True
4305504,Ciríaco,RS,Não,0.0,Não,,0.0,0.0,True,n.e.,False,True,True,3,1366211.8599999999,1313421.46,2.0,True,True
4305587,Colinas,RS,Não,0.0,Sim,,,0.0,True,A,False,False,False,4,12366427.46,2303915.92,2352.0,True,True
4305603,Colorado,RS,Sim,32.0,Não,85.35,0.0,3.46,True,C,True,False,True,2,0.0,0.0,4.0,True,False
4305702,Condor,RS,Não,0.0,Não,80.01,0.0,0.0,True,C,True,False,True,1,0.0,0.0,40.0,True,False
4305801,Constantina,RS,,,Não,,,,False,n.d.,False,True,True,2,7741184.04,7754170.48,117.0,True,True
4305835,Coqueiro Baixo,RS,Sim,20.0,Não,,,13.25,True,A,False,False,False,2,1219679.93,1343821.83,11.0,True,True
4305850,Coqueiros do Sul,RS,Não,0.0,Não,28.55,33.73,0.0,True,A,False,False,False,1,1504315.2,1506025.61,0.0,True,True
4305871,Coronel Barros,RS,Não,0.0,Não,12.03,0.0,0.0,True,A+,False,False,False,1,785419.43,98800.75,10.0,True,True
4305900,Coronel Bicaco,RS,Sim,8.0,Sim,,,0.37,True,B,False,False,False,2,633484.78,1689.29,128.0,True,True
4305934,Coronel Pilar,RS,Não,0.0,Não,100.0,117.02,0.0,True,A+,False,False,False,3,115561.6,134498.7,100.0,True,True
4305959,Cotiporã,RS,Não,0.0,Não,47.37,0.0,0.0,True,A+,False,False,False,4,6123686.24,855204.46,249.0,True,True
4305975,Coxilha,RS,Não,0.0,Não,77.7,0.0,0.0,True,A,False,False,False,4,523141.86,335478.72,0.0,True,True
4306007,Crissiumal,RS,Não,0.0,Não,33.22,0.0,0.0,True,A+,False,False,False,5,2174663.64,575740.11,0.0,True,True
4306056,Cristal,RS,Não,10.0,Sim,69.4,0.0,0.39,True,A+,False,False,False,5,2268173.9,1986018.85,901.0,True,True
4306072,Cristal do Sul,RS,Não,12.0,Não,71.43,0.0,1.91,True,A,False,False,False,2,525216.95,507134.13,12.0,True,True
4306106,Cruz Alta,RS,Não,0.0,Não,19.12,11.32,0.0,True,C,True,False,True,3,1042363.25,561302.53,0.0,True,True
4306130,Cruzaltense,RS,Não,30.0,Não,81.82,0.0,11.67,True,A+,False,False,False,2,910060.87,910060.87,0.0,True,True
4306205,Cruzeiro do Sul,RS,Sim,1000.0,Sim,36.15,0.0,25.73,True,B,False,False,False,4,188983340.48000002,8812916.37,10180.0,True,True
4306304,David Canabarro,RS,Não,0.0,Não,75.0,43.72,0.0,True,B+,False,False,False,3,4847333.92,592481.2000000001,0.0,True,True
4306320,Derrubadas,RS,Não,0.0,Não,,,0.0,True,A,False,False,False,2,235870.35,217707.6,20.0,True,True
4306353,Dezesseis de Novembro,RS,Não,0.0,Não,8.4,0.0,0.0,True,B,False,False,False,3,298600.0,6333.13,0.0,True,True
4306379,Dilermando de Aguiar,RS,Não,5.0,Não,58.33,0.0,0.8,True,A,False,False,False,7,427127.26,499219.12,68.0,True,True
4306403,Dois Irmãos,RS,Não,0.0,Não,69.43,0.0,0.0,True,A,False,False,False,2,17186099.04,5564771.59,411.0,True,True
4306429,Dois Irmãos das Missões,RS,Não,0.0,Não,75.0,0.0,0.0,True,B,False,False,False,2,238522.86,5279.04,12.0,True,True
4306452,Dois Lajeados,RS,Não,0.0,Não,85.47,834.36,0.0,True,A,False,False,False,2,2745100.72,0.0,41.0,True,True
4306502,Dom Feliciano,RS,Não,5.0,Não,36.36,27.53,0.25,True,A,False,False,False,5,9167268.120000001,9277664.99,292.0,True,True
4306551,Dom Pedro de Alcântara,RS,Não,0.0,Não,,0.0,0.0,True,A+,False,False,False,4,852037.04,389065.24,0.0,True,True
4306601,Dom Pedrito,RS,Não,600.0,Sim,46.38,106.73,3.79,True,A+,False,False,False,4,7707207.109999999,8982081.58,3176.0,True,True
4306700,Dona Francisca,RS,Não,100.0,Não,73.89,0.0,10.15,True,A+,False,False,False,6,9515125.64,4701309.21,271.0,True,True
4306734,Doutor Maurício Cardoso,RS,Não,0.0,Não,34.81,21.71,0.0,True,A,False,False,False,3,2944578.55,6047869.4,78.0,True,True
4306759,Doutor Ricardo,RS,Não,0.0,Não,40.0,13.88,0.0,True,B,False,False,False,3,781297.9,323077.24,269.0,True,True
4306767,Eldorado do Sul,RS,Não,0.0,Sim,19.57,1.3,0.0,True,C,True,False,True,9,109361508.83,43140411.28,37873.0,True,True
4306809,Encantado,RS,Sim,700.0,Sim,6.96,0.0,7.4,True,B,False,False,False,3,62588296.519999996,6662148.29,5173.0,True,True
4306908,Encruzilhada do Sul,RS,Não,150.0,Não,79.02,111.13,1.55,True,B,False,False,False,4,3802879.74,3253827.35,30.0,True,True
4306924,Engenho Velho,RS,Não,5.0,Não,,,1.79,True,A,False,False,False,3,226940.71,67251.79999999999,35.0,True,True
4306932,Entre-Ijuís,RS,Não,14.0,Sim,8.81,2.1,0.47,True,B+,False,False,False,3,0.0,0.0,63.0,True,False
4306957,Entre Rios do Sul,RS,Não,120.0,Não,25.51,41.09,11.96,True,B,False,False,False,2,0.0,0.0,12.0,True,False
4306973,Erebango,RS,Não,0.0,Não,6.9,59.0,0.0,True,n.e.,False,True,True,2,1253945.42,1253945.42,0.0,True,True
4307005,Erechim,RS,Sim,0.0,Sim,99.78,23.72,0.0,True,A+,False,False,False,7,13010619.629999999,1205366.13,153.0,True,True
4307054,Ernestina,RS,Não,2.0,Não,60.0,104.34,0.15,True,A,False,False,False,0,0.0,0.0,0.0,False,False
4307104,Herval,RS,Não,30.0,Não,72.0,11.33,1.08,True,A+,False,False,False,2,2950877.7,2946232.14,0.0,True,True
4307203,Erval Grande,RS,Não,25.0,Não,66.67,0.0,1.46,True,C,True,False,True,3,683884.78,114027.26,504.0,True,True
4307302,Erval Seco,RS,Não,20.0,Sim,68.18,15.97,1.17,True,B,False,False,False,3,882919.42,1569194.6,0.0,True,True
4307401,Esmeralda,RS,Não,0.0,Não,58.82,0.0,0.0,True,A,False,False,False,1,0.0,0.0,0.0,True,False
4307450,Esperança do Sul,RS,Não,0.0,Sim,44.53,10.35,0.0,True,n.d.,False,True,True,2,194191.47,136389.24,0.0,True,True
4307500,Espumoso,RS,Sim,360.0,Sim,26.25,0.0,6.95,True,A,False,False,False,6,1925249.92,1502926.73,1054.0,True,True
4307559,Estação,RS,Não,0.0,Não,,,0.0,True,B,False,False,False,4,268954.2,268954.2,0.0,True,True
4307609,Estância Velha,RS,Não,20.0,Sim,37.5,0.0,0.1,True,B,False,False,False,3,0.0,0.0,0.0,True,False
4307708,Esteio,RS,Sim,30000.0,Sim,98.63,0.0,88.18,True,C,True,False,True,5,20477184.43,2908522.9699999997,20814.0,True,True
4307807,Estrela,RS,Sim,4000.0,Sim,17.17,0.0,31.05,True,B+,False,False,False,5,41036421.33,16048757.27,8011.0,True,True
4307815,Estrela Velha,RS,Não,12.0,Não,37.45,0.0,1.94,True,A,False,False,False,3,12693961.59,1331875.12,46.0,True,True
4307831,Eugênio de Castro,RS,Sim,10.0,Não,17.5,0.0,1.07,True,A+,False,False,False,2,0.0,0.0,16.0,True,False
4307864,Fagundes Varela,RS,Não,0.0,Não,86.2,0.0,0.0,True,A+,False,False,False,1,5266080.08,547715.01,5.0,True,True
4307906,Farroupilha,RS,Não,0.0,Não,79.66,15.68,0.0,True,B+,False,False,False,4,295643.30000000005,1999250.0,112.0,True,True
4308003,Faxinal do Soturno,RS,Não,30.0,Sim,76.92,67.3,1.33,True,A+,False,False,False,5,16951000.0,16951000.0,417.0,True,True
4308052,Faxinalzinho,RS,Não,0.0,Não,42.86,234.58,0.0,True,B,False,False,False,2,85098.12,91327.39,12.0,True,True
4308078,Fazenda Vilanova,RS,Não,0.0,Não,27.03,39.67,0.0,True,A,False,False,False,1,494003.76,0.0,0.0,True,True
4308102,Feliz,RS,Sim,450.0,Sim,63.64,0.0,8.88,True,A+,False,False,False,4,18157507.61,8187372.09,2186.0,True,True
4308201,Flores da Cunha,RS,Não,0.0,Não,85.32,328.3,0.0,True,A,False,False,False,1,0.0,0.0,92.0,True,False
4308250,Floriano Peixoto,RS,Não,0.0,Não,58.59,0.0,0.0,True,A,False,False,False,3,2746394.63,2746394.63,0.0,True,True
4308300,Fontoura Xavier,RS,,,Sim,,,,False,B,False,False,False,1,0.0,0.0,577.0,True,False
4308409,Formigueiro,RS,Não,0.0,Não,33.2,0.0,0.0,True,B+,False,False,False,3,3000000.0,3034090.0,9.0,True,True
4308433,Forquetinha,RS,Não,36.0,Não,21.88,2690.25,8.8,True,A+,False,False,False,2,17726686.14,17781026.55,199.0,True,True
4308458,Fortaleza dos Valos,RS,Não,0.0,Não,94.06,0.0,0.0,True,B,False,False,False,2,837694.95,0.0,179.0,True,True
4308508,Frederico Westphalen,RS,Não,0.0,Não,25.92,5.61,0.0,True,A+,False,False,False,3,6076462.73,3863269.61,268.0,True,True
4308607,Garibaldi,RS,Sim,19.0,Não,66.96,150.16,0.13,True,A+,False,False,False,3,759125.93,759125.93,17.0,True,True
4308656,Garruchos,RS,,,Não,,,,False,A,False,False,False,2,0.0,0.0,488.0,True,False
4308706,Gaurama,RS,Não,0.0,Não,26.94,0.0,0.0,True,A,False,False,False,2,357327.79000000004,357327.79000000004,0.0,True,True
4308805,General Câmara,RS,Sim,250.0,Não,0.14,8.79,9.41,True,C,True,False,True,6,5086541.36,2125000.0,1384.0,True,True
4308854,Gentil,RS,Não,0.0,Não,67.8,153.06,0.0,True,A,False,False,False,6,3523172.89,2411949.99,2.0,True,True
4308904,Getúlio Vargas,RS,Não,308.0,Não,73.72,42.0,4.32,True,B+,False,False,False,3,1909956.62,2001086.19,29.0,True,True
4309001,Giruá,RS,Não,0.0,Não,,,0.0,True,B,False,False,False,2,5000.0,0.0,0.0,True,True
4309050,Glorinha,RS,Não,0.0,Não,49.39,0.0,0.0,True,B+,False,False,False,3,1872297.4200000002,2044199.44,15.0,True,True
4309100,Gramado,RS,Não,0.0,Sim,95.83,35.58,0.0,True,A+,False,False,False,6,56300357.06,1055807.97,1872.0,True,True
4309126,Gramado dos Loureiros,RS,Sim,49.0,Sim,48.42,0.0,15.71,True,A,False,False,False,2,2987408.65,2729263.6,170.0,True,True
4309159,Gramado Xavier,RS,Sim,20.0,Não,77.59,72.44,7.25,True,A,False,False,False,3,2797891.12,3121369.23,176.0,True,True
4309209,Gravataí,RS,Sim,5500.0,Sim,53.65,32.4,4.64,True,C,True,False,True,8,44951998.03,24318083.569999997,2718.0,True,True
4309258,Guabiju,RS,Sim,5.0,Não,46.15,0.0,1.39,True,A,False,False,False,1,551308.2,501907.82,0.0,True,True
4309308,Guaíba,RS,Sim,3712.0,Não,49.63,0.0,9.02,True,C,True,False,True,3,909469165.4300001,1025481.13,60888.0,True,True
4309407,Guaporé,RS,Sim,475.0,Não,53.93,35.52,4.47,True,A+,False,False,False,3,3061848.06,439157.7,160.0,True,True
4309506,Guarani das Missões,RS,Não,0.0,Não,15.63,2.0,0.0,True,B,False,False,False,1,2057525.66,0.0,0.0,True,True
4309555,Harmonia,RS,,,Sim,,,,False,A,False,False,False,7,3334738.34,2998368.38,347.0,True,True
4309571,Herveiras,RS,Sim,4.0,Não,47.62,0.0,1.4,True,A,False,False,False,1,0.0,0.0,40.0,True,False
4309605,Horizontina,RS,Não,0.0,Sim,14.29,0.0,0.0,True,A+,False,False,False,1,0.0,0.0,31.0,True,False
4309654,Hulha Negra,RS,Não,0.0,Não,39.26,0.0,0.0,True,A+,False,False,False,4,71148923.4,71148923.4,0.0,True,True
4309704,Humaitá,RS,Não,0.0,Não,,,0.0,True,A,False,False,False,1,0.0,0.0,0.0,True,False
4309753,Ibarama,RS,Não,0.0,Sim,,,0.0,True,n.d.,False,True,True,4,603487.75,561255.43,187.0,True,True
4309803,Ibiaçá,RS,Não,200.0,Não,71.43,0.0,12.85,True,A,False,False,False,4,2202583.57,2083608.91,0.0,True,True
4309902,Ibiraiaras,RS,Sim,500.0,Não,69.44,12.28,27.86,True,A+,False,False,False,2,895935.77,61314.47,2.0,True,True
4309951,Ibirapuitã,RS,Não,0.0,Sim,30.43,0.0,0.0,True,C,True,False,True,4,5892196.529999999,5892196.529999999,0.0,True,True
4310009,Ibirubá,RS,Não,300.0,Sim,30.61,19.69,3.79,True,A+,False,False,False,1,2292177.45,0.0,100.0,True,True
4310108,Igrejinha,RS,Sim,2769.0,Sim,82.34,71.01,18.64,True,B,False,False,False,7,297322719.71,20688966.240000002,26260.0,True,True
4310207,Ijuí,RS,Sim,15.0,Não,25.66,81.9,0.04,True,B+,False,False,False,2,2005507.24,2005507.24,0.0,True,True
4310306,Ilópolis,RS,Não,10.0,Não,,0.0,0.92,True,A+,False,False,False,3,2839941.44,266357.57,32.0,True,True
4310330,Imbé,RS,Não,0.0,Não,3.3,71.61,0.0,True,B+,False,False,False,0,0.0,0.0,0.0,False,False
4310363,Imigrante,RS,Não,198.0,Não,2.72,0.0,23.4,True,A+,False,False,False,7,58723566.129999995,57109386.870000005,621.0,True,True
4310405,Independência,RS,Não,0.0,Não,89.98,32.76,0.0,True,A+,False,False,False,2,1552864.78,564857.26,0.0,True,True
4310413,Inhacorá,RS,Não,50.0,Não,,,7.95,True,B,False,False,False,1,873392.63,108680.83,0.0,True,True
4310439,Ipê,RS,Não,5.0,Não,80.36,30.67,0.26,True,A+,False,False,False,2,263951.99,95022.72,82.0,True,True
4310462,Ipiranga do Sul,RS,Não,0.0,Não,82.35,0.0,0.0,True,A,False,False,False,3,976759.36,1231159.3599999999,0.0,True,True
4310504,Iraí,RS,Sim,100.0,Sim,15.91,17.51,4.56,True,A,False,False,False,3,1661854.25,1186299.21,504.0,True,True
4310538,Itaara,RS,Não,10.0,Não,,,0.36,True,A+,False,False,False,4,3532904.5300000003,345496.32,128.0,True,True
4310553,Itacurubi,RS,Sim,4.0,Não,94.24,0.0,0.5,True,A,False,False,False,2,1110600.1,1110600.1,0.0,True,True
4310579,Itapuca,RS,Não,2.0,Não,66.67,216.61,0.71,True,A+,False,False,False,3,178792.84,178792.84,3.0,True,True
4310603,Itaqui,RS,Sim,4000.0,Sim,68.04,3.35,29.66,True,B,False,False,False,4,1809621.28,1639575.8399999999,2026.0,True,True
4310652,Itati,RS,Sim,30.0,Sim,47.37,0.0,5.51,True,B,False,False,False,5,16274224.059999999,14796092.9,1595.0,True,True
4310702,Itatiba do Sul,RS,Não,0.0,Sim,,,0.0,True,B,False,False,False,2,549020.14,549020.14,0.0,True,True
4310751,Ivorá,RS,Não,22.0,Não,27.44,27.03,5.84,True,A,False,False,False,2,0.0,90289.04,51.0,True,True
4310801,Ivoti,RS,Não,40.0,Sim,72.87,0.0,0.43,True,A,False,False,False,2,714155.27,348528.97,476.0,True,True
4310850,Jaboticaba,RS,Não,40.0,Sim,,,4.46,True,A,False,False,False,3,1464232.02,1458431.29,10.0,True,True
4310876,Jacuizinho,RS,,,Não,,,,False,A+,False,False,False,4,2787415.63,2567807.58,65.0,True,True
4310900,Jacutinga,RS,Não,0.0,Sim,83.33,0.0,0.0,True,B,False,False,False,3,1631645.64,1684436.0399999998,0.0,True,True
4311007,Jaguarão,RS,Sim,200.0,Sim,30.3,38.81,1.58,True,C,True,False,True,6,3121018.05,972112.31,58.0,True,True
4311106,Jaguari,RS,Sim,401.0,Sim,32.79,0.0,12.29,True,C,True,False,True,5,14761771.81,797601.5,2067.0,True,True
4311122,Jaquirana,RS,Não,0.0,Não,78.13,40.05,0.0,True,B,False,False,False,2,288576.86,212558.68,0.0,True,True
4311130,Jari,RS,Não,0.0,Não,87.78,0.0,0.0,True,A,False,False,False,2,908880.08,987920.6799999999,0.0,True,True
4311155,Jóia,RS,Não,0.0,Não,8.53,89.01,0.0,True,A+,False,False,False,3,1588803.3,1588803.3,0.0,True,True
4311205,Júlio de Castilhos,RS,Não,0.0,Não,,0.0,0.0,True,A+,False,False,False,5,1168929.28,409514.28,27.0,True,True
4311239,Lagoa Bonita do Sul,RS,Não,0.0,Não,,,0.0,True,A+,False,False,False,3,10101596.08,9805193.83,16.0,True,True
4311254,Lagoão,RS,Não,0.0,Não,18.12,188.15,0.0,True,C,True,False,True,4,1422109.99,1464435.22,0.0,True,True
4311270,Lagoa dos Três Cantos,RS,Não,0.0,Não,,,0.0,True,A+,False,False,False,2,1543068.0,1543068.0,0.0,True,True
4311304,Lagoa Vermelha,RS,Sim,12.0,Não,29.68,18.1,0.1,True,A,False,False,False,7,3520957.83,219145.65,48.0,True,True
4311403,Lajeado,RS,Não,2700.0,Sim,73.5,0.0,5.89,True,A+,False,False,False,15,131896715.35,24828018.82,12586.0,True,True
4311429,Lajeado do Bugre,RS,Não,10.0,Não,,16.2,2.59,True,B,False,False,False,1,0.0,0.0,0.0,True,False
4311502,Lavras do Sul,RS,Não,10.0,Não,,,0.28,True,B,False,False,False,3,492170.79,195858.64,132.0,True,True
4311601,Liberato Salzano,RS,Sim,100.0,Sim,28.95,56.87,11.98,True,B,False,False,False,3,2523479.7800000003,143753.23,548.0,True,True
4311627,Lindolfo Collor,RS,Não,40.0,Não,91.91,46.32,1.79,True,A,False,False,False,3,3273004.71,1668176.59,1446.0,True,True
4311643,Linha Nova,RS,Não,0.0,Não,100.0,0.0,0.0,True,A+,False,False,False,1,4446033.84,1496831.39,35.0,True,True
4311700,Machadinho,RS,Não,0.0,Não,69.57,75.53,0.0,True,C,True,False,True,1,0.0,0.0,0.0,True,False
4311718,Maçambará,RS,Não,0.0,Não,86.78,28.68,0.0,True,C,True,False,True,2,1828348.49,1828348.49,0.0,True,True
4311734,Mampituba,RS,Não,55.0,Não,26.33,0.0,12.53,True,B,False,False,False,2,1852346.35,1218861.57,150.0,True,True
4311759,Manoel Viana,RS,Não,0.0,Sim,66.67,9.51,0.0,True,A+,False,False,False,3,13680195.120000001,13680195.120000001,767.0,True,True
4311775,Maquiné,RS,,,Sim,,,,False,B,False,False,False,4,17550231.98,15364709.48,2405.0,True,True
4311791,Maratá,RS,Não,10.0,Não,,,2.02,True,A,False,False,False,3,10443810.0,10443810.0,53.0,True,True
4311809,Marau,RS,,,Não,,,,False,A+,False,False,False,3,3758778.46,232055.16,374.0,True,True
4311908,Marcelino Ramos,RS,Sim,596.0,Sim,26.58,52.5,38.88,True,A,False,False,False,8,9823246.99,9553877.34,40.0,True,True
4311981,Mariana Pimentel,RS,Não,0.0,Não,39.6,0.0,0.0,True,B,False,False,False,1,0.0,0.0,2.0,True,False
4312005,Mariano Moro,RS,Não,0.0,Não,,,0.0,True,A+,False,False,False,2,1050740.09,1019382.6,10.0,True,True
4312054,Marques de Souza,RS,Sim,50.0,Sim,76.92,28.67,4.66,True,A+,False,False,False,3,15600695.22,600695.22,602.0,True,True
4312104,Mata,RS,,,Não,,,,False,C,True,False,True,5,6370812.08,6370812.08,921.0,True,True
4312138,Mato Castelhano,RS,Não,0.0,Não,,,0.0,True,C,True,False,True,3,197601.5,0.0,60.0,True,True
4312153,Mato Leitão,RS,Não,10.0,Não,85.0,52.76,1.03,True,A,False,False,False,1,0.0,0.0,48.0,True,False
4312179,Mato Queimado,RS,Não,0.0,Não,,0.0,0.0,True,A,False,False,False,1,278618.12,280100.13,3.0,True,True
4312203,Maximiliano de Almeida,RS,Sim,3.0,Não,21.68,0.0,0.2,True,n.d.,False,True,True,4,4358809.94,4270962.76,0.0,True,True
4312252,Minas do Leão,RS,Não,5.0,Não,66.16,0.0,0.15,True,A+,False,False,False,1,839806.39,146225.11,80.0,True,True
4312302,Miraguaí,RS,Não,0.0,Não,,0.0,0.0,True,B,False,False,False,2,368213.03,276093.78,130.0,True,True
4312351,Montauri,RS,Não,0.0,Não,97.56,0.0,0.0,True,A+,False,False,False,1,0.0,0.0,0.0,True,False
4312377,Monte Alegre dos Campos,RS,Não,0.0,Não,19.74,0.0,0.0,True,B+,False,False,False,1,0.0,0.0,0.0,True,False
4312385,Monte Belo do Sul,RS,Não,0.0,Não,78.95,0.0,0.0,True,A,False,False,False,3,549020.15,274510.07,219.0,True,True
4312401,Montenegro,RS,Sim,3202.0,Sim,56.05,28.69,12.98,True,A+,False,False,False,5,99257891.79,14750057.5,12301.0,True,True
4312427,Mormaço,RS,Sim,1.0,Não,11.11,0.0,0.29,True,A,False,False,False,2,0.0,0.0,7.0,True,False
4312443,Morrinhos do Sul,RS,Não,147.0,Sim,11.73,0.0,18.54,True,B,False,False,False,5,6850538.27,7530767.36,0.0,True,True
4312450,Morro Redondo,RS,Não,0.0,Não,8.16,0.0,0.0,True,A,False,False,False,3,1760973.33,494003.76,0.0,True,True
4312476,Morro Reuter,RS,Não,0.0,Não,48.0,185.27,0.0,True,A+,False,False,False,2,395203.01,34580.26,40.0,True,True
4312500,Mostardas,RS,Não,0.0,Não,19.23,0.0,0.0,True,B+,False,False,False,4,8778681.36,5749286.18,270.0,True,True
4312609,Muçum,RS,Não,0.0,Sim,12.72,0.0,0.0,True,C,True,False,True,3,68829862.16,3144077.3200000003,7241.0,True,True
4312617,Muitos Capões,RS,Não,0.0,Não,66.67,0.0,0.0,True,A,False,False,False,1,0.0,0.0,10.0,True,False
4312625,Muliterno,RS,Não,0.0,Não,75.0,28.94,0.0,True,A,False,False,False,2,417420.79,153468.8,0.0,True,True
4312658,Não-Me-Toque,RS,Sim,12.0,Não,73.75,8.74,0.17,True,n.d.,False,True,True,2,3734657.92,3918551.9,7.0,True,True
4312674,Nicolau Vergueiro,RS,Não,0.0,Não,63.16,0.0,0.0,True,A,False,False,False,2,499632.23,499632.23,0.0,True,True
4312708,Nonoai,RS,Não,87.0,Não,34.14,0.0,1.83,True,A,False,False,False,5,2132267.55,1996068.32,72.0,True,True
4312757,Nova Alvorada,RS,Não,28.0,Não,97.88,28.29,3.3,True,A+,False,False,False,2,219608.06,0.0,125.0,True,True
4312807,Nova Araçá,RS,Não,10.0,Não,60.0,0.0,0.58,True,A,False,False,False,1,0.0,84464.64,300.0,True,True
4312906,Nova Bassano,RS,Não,300.0,Não,85.0,0.0,10.21,True,A+,False,False,False,2,35674463.25,13476100.66,1000.0,True,True
4312955,Nova Boa Vista,RS,Sim,20.0,Não,9.09,126.15,4.5,True,A+,False,False,False,3,961380.22,969870.42,1.0,True,True
4313003,Nova Bréscia,RS,Não,0.0,Não,,42.25,0.0,True,B,False,False,False,1,0.0,0.0,21.0,True,False
4313011,Nova Candelária,RS,Não,0.0,Não,84.39,163.89,0.0,True,A+,False,False,False,0,0.0,0.0,0.0,False,False
4313037,Nova Esperança do Sul,RS,Não,30.0,Não,52.48,0.0,1.65,True,B,False,False,False,4,1065335.42,2695547.83,0.0,True,True
4313060,Nova Hartz,RS,Não,100.0,Sim,86.63,5.1,1.23,True,A,False,False,False,2,856756.5,211161.59,40.0,True,True
4313086,Nova Pádua,RS,Não,0.0,Não,57.1,364.08,0.0,True,A,False,False,False,2,1996831.0,2025754.42,72.0,True,True
4313102,Nova Palma,RS,Sim,50.0,Sim,53.33,12.69,3.15,True,A+,False,False,False,7,2891000.0,2591000.0,620.0,True,True
4313201,Nova Petrópolis,RS,Não,0.0,Sim,26.52,0.0,0.0,True,A+,False,False,False,3,3906489.49,3610863.2600000002,1239.0,True,True
4313300,Nova Prata,RS,Sim,0.0,Não,1.48,21.76,0.0,True,A,False,False,False,2,9099349.15,296402.26,186.0,True,True
4313334,Nova Ramada,RS,Não,6.0,Não,14.29,0.0,1.76,True,A+,False,False,False,1,0.0,0.0,16.0,True,False
4313359,Nova Roma do Sul,RS,Não,0.0,Não,62.14,0.0,0.0,True,A+,False,False,False,4,16488448.389999999,847813.8,6.0,True,True
4313375,Nova Santa Rita,RS,Sim,2130.0,Sim,14.82,43.53,18.87,True,A,False,False,False,5,9146550.36,4066742.39,12092.0,True,True
4313391,Novo Cabrais,RS,Não,0.0,Sim,61.47,0.0,0.0,True,A+,False,False,False,2,652500.0,652500.0,60.0,True,True
4313409,Novo Hamburgo,RS,Sim,16000.0,Sim,79.28,0.0,14.92,True,B,False,False,False,8,86761450.77000001,7417481.75,17850.0,True,True
4313425,Novo Machado,RS,Não,0.0,Não,25.0,309.56,0.0,True,A,False,False,False,2,1923576.54,1966336.77,0.0,True,True
4313441,Novo Tiradentes,RS,Sim,0.0,Não,81.82,856.42,0.0,True,A+,False,False,False,3,1742661.01,1662368.0799999998,7.0,True,True
4313466,Novo Xingu,RS,Sim,5.0,Não,57.29,0.0,1.35,True,A,False,False,False,2,232819.68,237570.81,57.0,True,True
4313490,Novo Barreiro,RS,Não,5.0,Não,,0.0,0.55,True,A,False,False,False,6,6316577.23,4578549.4399999995,138.0,True,True
4313508,Osório,RS,Não,0.0,Não,6.0,5.53,0.0,True,B,False,False,False,2,2849741.03,484068.76,210.0,True,True
4313607,Paim Filho,RS,Não,25.0,Sim,43.61,0.0,2.31,True,A,False,False,False,2,2515525.84,2515525.84,0.0,True,True
4313656,Palmares do Sul,RS,Não,200.0,Não,30.0,8.17,1.3,True,A+,False,False,False,1,0.0,0.0,150.0,True,False
4313706,Palmeira das Missões,RS,Não,130.0,Não,40.0,0.0,0.94,True,B,False,False,False,5,4760073.42,8475764.34,56.0,True,True
4313805,Palmitinho,RS,Não,0.0,Não,35.71,0.0,0.0,True,B+,False,False,False,2,3241330.47,2175089.01,64.0,True,True
4313904,Panambi,RS,Não,100.0,Não,,,0.58,True,A,False,False,False,4,2226765.62,51738.89,42.0,True,True
4313953,Pantano Grande,RS,Não,109.0,Sim,,,2.64,True,C,True,False,True,4,3595182.92,6601005.289999999,3356.0,True,True
4314001,Paraí,RS,Não,0.0,Não,61.9,0.0,0.0,True,A+,False,False,False,3,2956262.3200000003,2033486.15,25.0,True,True
4314027,Paraíso do Sul,RS,Não,0.0,Não,33.99,66.6,0.0,True,A+,False,False,False,5,2679737.69,2662244.54,544.0,True,True
4314035,Pareci Novo,RS,Sim,152.0,Sim,32.57,0.0,23.46,True,A,False,False,False,6,2707524.99,1435015.1600000001,2303.0,True,True
4314050,Parobé,RS,Sim,4500.0,Sim,83.89,0.97,20.0,True,B,False,False,False,7,3610810.41,1464866.65,12264.0,True,True
4314068,Passa Sete,RS,Não,0.0,Sim,86.96,646.23,0.0,True,A+,False,False,False,10,5797595.13,4311250.140000001,1000.0,True,True
4314076,Passo do Sobrado,RS,Não,30.0,Não,78.31,98.43,3.42,True,B,False,False,False,3,1112323.19,1112323.19,102.0,True,True
4314100,Passo Fundo,RS,Sim,1100.0,Não,48.49,17.72,1.12,True,A,False,False,False,2,263951.99,113196.9,468.0,True,True
4314134,Paulo Bento,RS,Não,0.0,Não,,,0.0,True,A,False,False,False,2,122473.72,122473.72,6.0,True,True
4314159,Paverama,RS,Sim,15.0,Não,49.74,27.24,0.62,True,A,False,False,False,4,1706043.74,1072558.96,97.0,True,True
4314175,Pedras Altas,RS,Não,0.0,Não,73.75,0.0,0.0,True,A+,False,False,False,3,3059687.66,3076862.3200000003,0.0,True,True
4314209,Pedro Osório,RS,Sim,160.0,Sim,5.12,58.88,4.3,True,C,True,False,True,2,2605026.54,1778953.2999999998,500.0,True,True
4314308,Pejuçara,RS,Não,2.0,Não,1.3,57.85,0.17,True,B+,False,False,False,1,79040.6,0.0,0.0,True,True
4314407,Pelotas,RS,Sim,11600.0,Sim,7.4,2.24,7.18,True,C,True,False,True,4,58937101.160000004,2255549.98,1665.0,True,True
4314423,Picada Café,RS,Não,200.0,Não,66.67,0.0,11.07,True,A+,False,False,False,3,3134693.87,2066427.36,367.0,True,True
4314456,Pinhal,RS,Sim,60.0,Não,83.44,89.39,9.22,True,B+,False,False,False,2,633484.78,432881.27,150.0,True,True
4314464,Pinhal da Serra,RS,Não,0.0,Não,53.75,128.55,0.0,True,n.d.,False,True,True,0,0.0,0.0,0.0,False,False
4314472,Pinhal Grande,RS,Não,0.0,Não,12.5,0.0,0.0,True,B,False,False,False,3,2522631.26,567250.51,131.0,True,True
4314498,Pinheirinho do Vale,RS,Não,30.0,Não,86.67,5.01,6.67,True,C,True,False,True,2,1752641.23,1611479.71,32.0,True,True
4314506,Pinheiro Machado,RS,Não,0.0,Não,29.27,0.0,0.0,True,A,False,False,False,10,4512428.95,4522373.91,16.0,True,True
4314548,Pinto Bandeira,RS,Não,0.0,Não,40.0,0.0,0.0,True,A,False,False,False,1,0.0,0.0,115.0,True,False
4314555,Pirapó,RS,Não,0.0,Não,0.91,0.0,0.0,True,A,False,False,False,2,404299.17,104299.53,0.0,True,True
4314605,Piratini,RS,Não,0.0,Sim,50.0,7.54,0.0,True,A,False,False,False,5,2700988.16,2392301.79,2.0,True,True
4314704,Planalto,RS,Não,0.0,Não,20.0,0.41,0.0,True,B+,False,False,False,3,1235295.33,1121268.07,170.0,True,True
4314753,Poço das Antas,RS,Não,25.0,Não,72.0,166.06,4.33,True,A+,False,False,False,2,1500686.38,1321199.03,77.0,True,True
4314779,Pontão,RS,Não,0.0,Não,,,0.0,True,A,False,False,False,2,2774674.58,2459428.83,8.0,True,True
4314787,Ponte Preta,RS,Não,70.0,Não,,,24.73,True,A,False,False,False,5,782828.82,785943.45,167.0,True,True
4314803,Portão,RS,Sim,60.0,Sim,94.4,0.0,0.43,True,A,False,False,False,2,2401532.21,1216527.25,245.0,True,True
4314902,Porto Alegre,RS,Sim,20883.0,Sim,81.92,24.11,2.93,True,A+,False,False,False,7,32736949.14,16052020.55,24913.0,True,True
4315008,Porto Lucena,RS,Sim,20.0,Sim,,,1.63,True,C,True,False,True,2,1000000.0,1000000.0,35.0,True,True
4315057,Porto Mauá,RS,Não,15.0,Sim,18.4,5.7,2.85,True,A,False,False,False,2,1195174.62,1095928.67,30.0,True,True
4315073,Porto Vera Cruz,RS,Não,0.0,Sim,32.76,0.0,0.0,True,A,False,False,False,3,450000.0,475077.76,36.0,True,True
4315107,Porto Xavier,RS,Sim,350.0,Sim,19.47,173.94,11.81,True,B,False,False,False,4,6819467.46,1072883.11,2664.0,True,True
4315131,Pouso Novo,RS,Não,0.0,Não,78.8,0.0,0.0,True,A+,False,False,False,2,47813.32,80397.67,92.0,True,True
4315149,Presidente Lucena,RS,Sim,30.0,Não,74.1,0.0,3.13,True,A+,False,False,False,3,361029.14,130397.39,0.0,True,True
4315156,Progresso,RS,Sim,24.0,Não,50.0,45.35,2.21,True,A+,False,False,False,2,2940708.04,3656519.49,0.0,True,True
4315172,Protásio Alves,RS,Não,1.0,Não,93.02,0.0,0.37,True,A+,False,False,False,2,4204451.93,292769.22,43.0,True,True
4315206,Putinga,RS,Não,70.0,Não,68.18,0.0,8.11,True,A+,False,False,False,4,5285899.890000001,4797255.91,1.0,True,True
4315305,Quaraí,RS,Sim,50.0,Sim,,11.26,0.53,True,A+,False,False,False,3,4115581.91,4115581.91,978.0,True,True
4315313,Quatro Irmãos,RS,Não,0.0,Não,45.0,0.0,0.0,True,A+,False,False,False,1,83980.64,83980.64,0.0,True,True
4315321,Quevedos,RS,Não,8.0,Não,38.27,0.0,1.52,True,n.d.,False,True,True,4,1018203.69,1018203.69,2.0,True,True
4315354,Quinze de Novembro,RS,Não,0.0,Não,,0.0,0.0,True,C,True,False,True,2,110092.51,110092.51,0.0,True,True
4315404,Redentora,RS,Não,0.0,Não,71.43,17.81,0.0,True,A,False,False,False,2,70739.13,4856.72,107.0,True,True
4315453,Relvado,RS,Não,25.0,Não,68.85,0.0,5.53,True,A,False,False,False,4,15411994.51,3549144.3899999997,1204.0,True,True
4315503,Restinga Sêca,RS,Não,300.0,Sim,83.33,32.17,6.01,True,B+,False,False,False,3,1037667.4099999999,846101.5,480.0,True,True
4315552,Rio dos Índios,RS,Não,0.0,Não,68.18,0.0,0.0,True,A,False,False,False,2,133554.46,104519.74,25.0,True,True
4315602,Rio Grande,RS,Não,0.0,Sim,7.9,253.13,0.0,True,A,False,False,False,5,1440939.5499999998,846217.8400000001,731.0,True,True
4315701,Rio Pardo,RS,Sim,2279.0,Sim,,,17.65,True,C,True,False,True,3,3233598.37,26269.61,4026.0,True,True
4315750,Riozinho,RS,Sim,0.0,Sim,50.91,0.0,0.0,True,A,False,False,False,3,4888390.9,4751135.87,61.0,True,True
4315800,Roca Sales,RS,Sim,1500.0,Sim,41.67,6.59,42.55,True,A,False,False,False,7,63612430.25,26131247.28,3948.0,True,True
4315909,Rodeio Bonito,RS,Sim,60.0,Não,44.44,0.0,2.94,True,B,False,False,False,2,2357619.2,2115416.85,0.0,True,True
4315958,Rolador,RS,Não,0.0,Não,8.33,10.62,0.0,True,A,False,False,False,1,0.0,0.0,8.0,True,False
4316006,Rolante,RS,Sim,4350.0,Sim,3.52,60.52,52.78,True,C,True,False,True,3,78177969.99,31737933.189999998,8748.0,True,True
4316105,Ronda Alta,RS,Não,30.0,Não,66.67,1.33,0.85,True,C,True,False,True,3,50456.01,50456.01,0.0,True,True
4316204,Rondinha,RS,Sim,27.0,Não,0.85,0.0,2.35,True,A+,False,False,False,2,728507.5,737587.45,0.0,True,True
4316303,Roque Gonzales,RS,Sim,15.0,Não,60.0,4.77,0.9,True,B,False,False,False,1,0.0,0.0,0.0,True,False
4316402,Rosário do Sul,RS,Não,200.0,Sim,67.78,0.0,1.35,True,C,True,False,True,3,1521126.99,1433310.73,788.0,True,True
4316428,Sagrada Família,RS,Não,0.0,Não,71.78,20.23,0.0,True,A,False,False,False,3,341674.24,92000.0,16.0,True,True
4316436,Saldanha Marinho,RS,,,Não,,,,False,C,True,False,True,1,355682.71,365562.78,0.0,True,True
4316451,Salto do Jacuí,RS,Não,0.0,Não,65.0,0.0,0.0,True,B,False,False,False,1,0.0,0.0,120.0,True,False
4316477,Salvador das Missões,RS,Sim,0.0,Não,37.74,0.0,0.0,True,B,False,False,False,1,364574.77,0.0,0.0,True,True
4316501,Salvador do Sul,RS,Não,0.0,Não,12.96,11001.1,0.0,True,A,False,False,False,3,5683449.13,3561833.19,249.0,True,True
4316600,Sananduva,RS,Não,70.0,Não,64.71,9.49,1.15,True,A,False,False,False,3,1960317.08,1610000.0,0.0,True,True
4316709,Santa Bárbara do Sul,RS,Não,10.0,Não,32.22,118.45,0.32,True,A,False,False,False,2,218843.67,347778.65,0.0,True,True
4316733,Santa Cecília do Sul,RS,Não,15.0,Não,75.71,73.59,5.07,True,A,False,False,False,0,0.0,0.0,0.0,False,False
4316758,Santa Clara do Sul,RS,Sim,35.0,Não,,,1.62,True,A,False,False,False,2,0.0,0.0,122.0,True,False
4316808,Santa Cruz do Sul,RS,Sim,1033.0,Sim,100.0,16.34,1.8,True,C,True,False,True,9,18045970.84,900955.6599999999,12073.0,True,True
4316907,Santa Maria,RS,Sim,5200.0,Sim,33.93,76.71,3.94,True,C,True,False,True,17,96523533.77000001,18716882.99,3763.0,True,True
4316956,Santa Maria do Herval,RS,Não,0.0,Não,42.86,228.28,0.0,True,A+,False,False,False,3,870316.6000000001,44766.26,14.0,True,True
4316972,Santa Margarida do Sul,RS,Não,0.0,Não,69.0,0.0,0.0,True,A,False,False,False,3,3518837.94,2852251.0,0.0,True,True
4317004,Santana da Boa Vista,RS,Não,0.0,Sim,,,0.0,True,A+,False,False,False,3,2345888.3,2296487.92,5.0,True,True
4317103,Santana do Livramento,RS,Sim,200.0,Sim,44.43,1.76,0.57,True,C,True,False,True,3,18318676.13,18318676.13,0.0,True,True
4317202,Santa Rosa,RS,Sim,240.0,Sim,7.35,68.49,0.75,True,A+,False,False,False,1,366905.64,22377.98,0.0,True,True
4317251,Santa Tereza,RS,Sim,90.0,Sim,71.43,0.0,24.73,True,C,True,False,True,6,47713715.14,14344878.41,1893.0,True,True
4317301,Santa Vitória do Palmar,RS,Sim,200.0,Sim,79.21,2.5,1.08,True,B+,False,False,False,5,126883923.85,119602703.63,110.0,True,True
4317400,Santiago,RS,Não,5.0,Não,82.7,20.32,0.02,True,A+,False,False,False,4,10284114.59,10284114.59,29.0,True,True
4317509,Santo Ângelo,RS,Não,30.0,Sim,9.92,2.67,0.09,True,B,False,False,False,5,2491028.71,2491028.61,5.0,True,True
4317558,Santo Antônio do Palma,RS,Sim,80.0,Não,83.33,562.43,19.7,True,A+,False,False,False,3,625385.07,2468162.3,11.0,True,True
4317608,Santo Antônio da Patrulha,RS,Não,425.0,Sim,56.51,0.0,2.41,True,A,False,False,False,9,6203409.54,1809546.65,1090.0,True,True
4317707,Santo Antônio das Missões,RS,Não,0.0,Não,7.71,14.55,0.0,True,B,False,False,False,1,278205.96,210205.96,14.0,True,True
4317756,Santo Antônio do Planalto,RS,Não,0.0,Não,79.17,0.0,0.0,True,A,False,False,False,0,0.0,0.0,0.0,False,False
4317806,Santo Augusto,RS,Não,0.0,Não,,,0.0,True,A+,False,False,False,2,1706924.75,1708297.3,0.0,True,True
4317905,Santo Cristo,RS,Não,0.0,Não,22.73,1.03,0.0,True,A,False,False,False,2,143000.0,133000.0,0.0,True,True
4317954,Santo Expedito do Sul,RS,Não,50.0,Não,40.32,44.77,8.99,True,A,False,False,False,4,1533578.4300000002,1532522.62,0.0,True,True
4318002,São Borja,RS,Sim,450.0,Sim,30.22,3.07,1.94,True,B,False,False,False,4,2176417.3200000003,933825.76,2064.0,True,True
4318051,São Domingos do Sul,RS,Não,50.0,Não,9.52,3.89,5.29,True,A+,False,False,False,3,1163294.55,313370.62,11.0,True,True
4318101,São Francisco de Assis,RS,Não,10.0,Sim,27.45,18.17,0.14,True,C,True,False,True,4,14114778.450000001,15803363.04,78.0,True,True
4318200,São Francisco de Paula,RS,Não,0.0,Não,70.68,0.0,0.0,True,A,False,False,False,2,1314480.92,1314480.92,44.0,True,True
4318309,São Gabriel,RS,Não,548.0,Sim,30.28,0.57,2.2,True,C,True,False,True,3,1426901.3599999999,1426901.3599999999,2101.0,True,True
4318408,São Jerônimo,RS,,,Sim,,,,False,A,False,False,False,5,10462381.49,5667281.06,10653.0,True,True
4318424,São João da Urtiga,RS,Não,0.0,Não,16.67,19.98,0.0,True,C,True,False,True,3,1002914.06,1002914.06,0.0,True,True
4318432,São João do Polêsine,RS,Sim,30.0,Não,46.82,315.45,3.85,True,A+,False,False,False,3,860000.0,1000.0,124.0,True,True
4318440,São Jorge,RS,Não,0.0,Não,,,0.0,True,A+,False,False,False,2,2528660.09,105580.8,150.0,True,True
4318457,São José das Missões,RS,Não,0.0,Não,25.32,17.25,0.0,True,B,False,False,False,3,22666.32,46719.06999999999,8.0,True,True
4318465,São José do Herval,RS,Não,0.0,Não,55.56,23.75,0.0,True,A+,False,False,False,2,323321.5,183522.46,9.0,True,True
4318481,São José do Hortêncio,RS,Não,0.0,Não,33.33,0.0,0.0,True,A+,False,False,False,3,5978013.28,1159844.26,427.0,True,True
4318499,São José do Inhacorá,RS,Não,0.0,Não,66.67,34.53,0.0,True,A,False,False,False,1,0.0,0.0,20.0,True,False
4318507,São José do Norte,RS,Sim,971.0,Não,4.19,38.43,8.46,True,C,True,False,True,6,1332194.95,677721.34,1405.0,True,True
4318606,São José do Ouro,RS,Não,50.0,Não,82.52,25.42,2.3,True,B,False,False,False,2,728507.5,728507.5,60.0,True,True
4318614,São José do Sul,RS,Não,35.0,Não,57.1,174.38,7.88,True,A,False,False,False,3,8674121.02,7328460.0,118.0,True,True
4318622,São José dos Ausentes,RS,Não,10.0,Não,11.04,10.87,0.82,True,A,False,False,False,2,0.0,0.0,1.0,True,False
4318705,São Leopoldo,RS,Sim,7003.0,Sim,94.82,22.26,6.92,True,B+,False,False,False,4,4987429994.25,78566755.13,209747.0,True,True
4318804,São Lourenço do Sul,RS,Sim,1250.0,Sim,77.78,0.0,9.7,True,C,True,False,True,5,11170817.22,9973772.48,2804.0,True,True
4318903,São Luiz Gonzaga,RS,Não,0.0,Não,18.15,0.0,0.0,True,A,False,False,False,1,1086413.07,0.0,0.0,True,True
4319000,São Marcos,RS,Não,40.0,Não,88.23,10.32,0.46,True,A,False,False,False,2,0.0,0.0,15.0,True,False
4319109,São Martinho,RS,Não,0.0,Não,84.75,0.0,0.0,True,A,False,False,False,1,86450.66,0.0,0.0,True,True
4319125,São Martinho da Serra,RS,Não,0.0,Não,66.1,78.19,0.0,True,C,True,False,True,6,1551555.97,1574164.19,288.0,True,True
4319158,São Miguel das Missões,RS,Não,0.0,Não,17.8,0.0,0.0,True,A,False,False,False,2,0.0,0.0,0.0,True,False
4319208,São Nicolau,RS,Não,0.0,Não,,,0.0,True,C,True,False,True,2,1718074.33,60974.88,4.0,True,True
4319307,São Paulo das Missões,RS,Não,3.0,Não,51.22,40.5,0.26,True,n.d.,False,True,True,1,405083.08,23586.87,0.0,True,True
4319356,São Pedro da Serra,RS,Não,11.0,Não,88.81,0.0,1.06,True,A,False,False,False,1,0.0,0.0,79.0,True,False
4319364,São Pedro das Missões,RS,Não,4.0,Não,69.74,74.54,1.53,True,A,False,False,False,2,263951.99,5279.04,0.0,True,True
4319372,São Pedro do Butiá,RS,Não,8.0,Não,55.56,44.41,1.14,True,A,False,False,False,1,0.0,0.0,0.0,True,False
4319406,São Pedro do Sul,RS,Não,15.0,Não,46.88,0.0,0.24,True,C,True,False,True,2,12024964.67,1196402.26,222.0,True,True
4319505,São Sebastião do Caí,RS,Sim,2500.0,Sim,83.64,0.0,25.0,True,C,True,False,True,5,7724408.77,1248049.96,11419.0,True,True
4319604,São Sepé,RS,,,Sim,,,,False,C,True,False,True,9,5626083.15,4672807.97,956.0,True,True
4319703,São Valentim,RS,Não,0.0,Não,77.57,27.65,0.0,True,A,False,False,False,2,232277.75,168929.28,0.0,True,True
4319711,São Valentim do Sul,RS,Não,0.0,Não,60.11,139.88,0.0,True,A+,False,False,False,3,4254906.13,1538101.0499999998,154.0,True,True
4319737,São Valério do Sul,RS,Não,0.0,Não,,0.0,0.0,True,A,False,False,False,2,1266969.57,1276049.51,0.0,True,True
4319752,São Vendelino,RS,Não,100.0,Sim,55.56,0.0,14.16,True,A,False,False,False,5,7613943.93,7472782.33,115.0,True,True
4319802,São Vicente do Sul,RS,Não,0.0,Não,30.0,116.18,0.0,True,A,False,False,False,5,3687500.0,3137500.0,230.0,True,True
4319901,Sapiranga,RS,Não,0.0,Não,88.32,131.09,0.0,True,A,False,False,False,5,9238319.75,2112104.68,1020.0,True,True
4320008,Sapucaia do Sul,RS,Sim,5000.0,Sim,64.0,0.0,8.49,True,C,True,False,True,4,6477065.16,2537949.5,6392.0,True,True
4320107,Sarandi,RS,Não,10.0,Não,100.0,0.0,0.11,True,A,False,False,False,1,0.0,0.0,880.0,True,False
4320206,Seberi,RS,Não,5.0,Sim,8.86,30.29,0.15,True,B,False,False,False,3,1433743.6500000001,57429.75,80.0,True,True
4320230,Sede Nova,RS,Não,0.0,Não,65.32,50.02,0.0,True,A,False,False,False,2,533710.93,0.0,0.0,True,True
4320263,Segredo,RS,Não,50.0,Não,84.85,186.98,5.59,True,B,False,False,False,3,1792021.43,1792021.43,5.0,True,True
4320305,Selbach,RS,Sim,6.0,Não,25.75,28.56,0.34,True,A+,False,False,False,1,0.0,0.0,0.0,True,False
4320321,Senador Salgado Filho,RS,Não,0.0,Não,56.68,48.36,0.0,True,A+,False,False,False,2,348741.82,348741.82,0.0,True,True
4320354,Sentinela do Sul,RS,Não,50.0,Não,62.3,35.46,5.96,True,A+,False,False,False,3,210000.0,130000.0,4.0,True,True
4320404,Serafina Corrêa,RS,Sim,120.0,Não,84.62,16.21,1.89,True,A,False,False,False,3,30563222.37,9291130.47,677.0,True,True
4320453,Sério,RS,Não,0.0,Não,,0.0,0.0,True,A,False,False,False,2,9000.0,0.0,41.0,True,True
4320503,Sertão,RS,Não,0.0,Não,40.62,81.58,0.0,True,A+,False,False,False,3,1196758.3399999999,618175.57,4.0,True,True
4320552,Sertão Santana,RS,Não,4.0,Não,82.35,0.0,0.46,True,A+,False,False,False,1,968247.37,968247.37,503.0,True,True
4320578,Sete de Setembro,RS,Não,0.0,Não,22.42,223.26,0.0,True,A,False,False,False,1,85687.09,0.0,0.0,True,True
4320602,Severiano de Almeida,RS,Não,71.0,Não,84.62,653.23,8.26,True,A,False,False,False,2,8983054.040000001,233294.14,182.0,True,True
4320651,Silveira Martins,RS,Não,20.0,Não,49.77,50.35,3.87,True,A+,False,False,False,3,10306632.81,140000.0,245.0,True,True
4320677,Sinimbu,RS,Sim,310.0,Sim,49.43,0.0,45.39,True,A+,False,False,False,3,41156407.02,4376836.0,3510.0,True,True
4320701,Sobradinho,RS,Não,300.0,Sim,60.0,46.85,5.45,True,B,False,False,False,6,19669162.46,3155695.41,670.0,True,True
4320800,Soledade,RS,Sim,68.0,Sim,80.0,0.0,0.55,True,A,False,False,False,2,2359425.96,2378135.22,45.0,True,True
4320859,Tabaí,RS,Não,5.0,Não,17.95,0.0,0.64,True,B+,False,False,False,2,39520.3,0.0,0.0,True,True
4320909,Tapejara,RS,Não,15.0,Não,50.77,9.24,0.15,True,A+,False,False,False,0,0.0,0.0,0.0,False,False
4321006,Tapera,RS,Sim,11.0,Sim,34.09,0.0,0.27,True,B,False,False,False,1,296402.26,0.0,36.0,True,True
4321105,Tapes,RS,Sim,500.0,Não,100.0,2.52,6.2,True,B+,False,False,False,4,11045310.09,1674071.54,1014.0,True,True
4321204,Taquara,RS,Sim,1168.0,Sim,66.72,31.97,5.17,True,B,False,False,False,7,31995430.84,2374751.8200000003,21359.0,True,True
4321303,Taquari,RS,Sim,950.0,Sim,71.43,0.0,8.71,True,C,True,False,True,5,18989696.66,3106658.16,1676.0,True,True
4321329,Taquaruçu do Sul,RS,Não,0.0,Não,25.91,7.03,0.0,True,A,False,False,False,2,950227.17,636652.21,15.0,True,True
4321352,Tavares,RS,Não,0.0,Não,23.33,50.82,0.0,True,A+,False,False,False,2,214329.95,208469.58000000002,6.0,True,True
4321402,Tenente Portela,RS,Não,0.0,Não,88.0,21.91,0.0,True,n.d.,False,True,True,2,2079941.7,2054602.31,21.0,True,True
4321436,Terra de Areia,RS,Não,0.0,Não,49.24,0.0,0.0,True,A,False,False,False,3,1161388.77,1161388.77,40.0,True,True
4321451,Teutônia,RS,Sim,100.0,Sim,66.0,0.0,0.75,True,A+,False,False,False,3,41176.51,36953.28,434.0,True,True
4321469,Tio Hugo,RS,Não,0.0,Não,55.56,31.97,0.0,True,B,False,False,False,1,178038.96,178038.96,0.0,True,True
4321477,Tiradentes do Sul,RS,Não,0.0,Não,38.46,0.0,0.0,True,A,False,False,False,2,1541479.64,4751.14,80.0,True,True
4321493,Toropi,RS,Não,10.0,Não,43.07,40.3,1.92,True,B,False,False,False,3,685400.0,685400.0,41.0,True,True
4321501,Torres,RS,Não,550.0,Sim,5.91,11.93,1.73,True,A+,False,False,False,2,7774105.25,7596385.82,10.0,True,True
4321600,Tramandaí,RS,Não,2130.0,Não,85.13,64.0,4.29,True,A,False,False,False,0,0.0,0.0,0.0,False,False
4321626,Travesseiro,RS,Sim,65.0,Sim,58.06,62.23,14.01,True,A+,False,False,False,2,126696.96,126696.96,429.0,True,True
4321634,Três Arroios,RS,Não,12.0,Não,94.44,24.37,1.83,True,A,False,False,False,3,1150144.4100000001,1134993.57,11.0,True,True
4321667,Três Cachoeiras,RS,Sim,1000.0,Não,31.58,58.07,26.48,True,B+,False,False,False,4,2846178.5100000002,371707.75,4.0,True,True
4321709,Três Coroas,RS,Sim,550.0,Sim,15.09,0.0,5.68,True,A+,False,False,False,4,6562881.47,1944306.1,20561.0,True,True
4321808,Três de Maio,RS,Sim,50.0,Não,,,0.52,True,A,False,False,False,3,1849539.54,1355535.78,8.0,True,True
4321832,Três Forquilhas,RS,Não,50.0,Sim,,,17.24,True,A,False,False,False,4,6580716.899999999,780263.21,1065.0,True,True
4321857,Três Palmeiras,RS,Não,0.0,Não,60.71,0.0,0.0,True,n.e.,False,True,True,1,0.0,0.0,0.0,True,False
4321907,Três Passos,RS,Sim,100.0,Não,17.5,9.94,1.03,True,A+,False,False,False,2,857540.85,858055.14,0.0,True,True
4321956,Trindade do Sul,RS,Não,12.0,Não,67.61,0.0,0.54,True,B,False,False,False,2,675250.0,12200.0,24.0,True,True
4322004,Triunfo,RS,,,Não,,,,False,C,True,False,True,3,192187.2,158371.2,10824.0,True,True
4322103,Tucunduva,RS,Sim,10.0,Não,20.59,8.89,0.5,True,B,False,False,False,2,1401.55,0.0,0.0,True,True
4322152,Tunas,RS,Não,0.0,Não,3.12,0.0,0.0,True,C,True,False,True,3,5930911.48,5930911.48,120.0,True,True
4322186,Tupanci do Sul,RS,Não,0.0,Não,62.5,124.33,0.0,True,A,False,False,False,2,258672.96000000002,258672.96000000002,40.0,True,True
4322202,Tupanciretã,RS,Não,0.0,Não,,,0.0,True,A+,False,False,False,4,1416742.3900000001,903862.39,92.0,True,True
4322251,Tupandi,RS,Não,10.0,Sim,54.55,53.09,0.62,True,A,False,False,False,3,632038.75,674271.07,64.0,True,True
4322301,Tuparendi,RS,Não,15.0,Não,17.54,1.63,0.55,True,A,False,False,False,1,0.0,0.0,0.0,True,False
4322327,Turuçu,RS,Não,150.0,Não,46.67,0.0,19.13,True,C,True,False,True,3,441120.62,318162.5,3.0,True,True
4322343,Ubiretama,RS,Não,0.0,Não,21.87,0.0,0.0,True,A+,False,False,False,2,63529.65,63529.65,4.0,True,True
4322350,União da Serra,RS,Não,40.0,Não,5.0,788.64,24.84,True,A+,False,False,False,2,2730476.78,293457.43,0.0,True,True
4322376,Unistalda,RS,Não,0.0,Não,33.64,0.0,0.0,True,A,False,False,False,1,2149000.0,2149000.0,2.0,True,True
4322400,Uruguaiana,RS,Sim,400.0,Sim,95.86,17.43,0.87,True,C,True,False,True,6,10873846.25,8708169.32,3224.0,True,True
4322509,Vacaria,RS,Não,0.0,Não,75.41,0.0,0.0,True,B,False,False,False,2,988.01,0.0,10.0,True,True
4322525,Vale Verde,RS,Não,20.0,Não,77.32,0.0,3.01,True,A,False,False,False,4,21544501.38,3880115.2800000003,213.0,True,True
4322533,Vale do Sol,RS,Não,0.0,Não,68.63,0.0,0.0,True,A+,False,False,False,1,0.0,0.0,317.0,True,False
4322541,Vale Real,RS,Não,120.0,Sim,77.16,23.17,4.87,True,A+,False,False,False,3,4457451.699999999,2981020.3899999997,1668.0,True,True
4322558,Vanini,RS,Sim,66.0,Não,92.79,0.0,10.58,True,A+,False,False,False,1,0.0,0.0,0.0,True,False
4322608,Venâncio Aires,RS,Sim,5919.0,Sim,69.91,14.38,25.77,True,A+,False,False,False,5,244120.78,790656.0,25752.0,True,True
4322707,Vera Cruz,RS,Sim,40.0,Sim,66.67,0.0,0.55,True,A+,False,False,False,3,25582590.490000002,3072709.69,2451.0,True,True
4322806,Veranópolis,RS,Sim,42.0,Não,67.15,0.0,0.42,True,A+,False,False,False,3,9942271.74,9616110.14,561.0,True,True
4322855,Vespasiano Corrêa,RS,Não,5.0,Não,84.95,0.0,1.79,True,C,True,False,True,3,688160.31,487556.79000000004,235.0,True,True
4322905,Viadutos,RS,Não,0.0,Não,37.93,2.52,0.0,True,A+,False,False,False,3,1155559.12,1146343.5,15.0,True,True
4323002,Viamão,RS,Não,1.0,Sim,49.75,5.78,0.0,True,C,True,False,True,2,1408002.63,2822044.8899999997,589.0,True,True
4323101,Vicente Dutra,RS,Sim,50.0,Não,,0.0,3.78,True,A,False,False,False,2,2356236.09,2007819.46,36.0,True,True
4323200,Victor Graeff,RS,,,Não,,,,False,A+,False,False,False,1,0.0,0.0,3.0,True,False
4323309,Vila Flores,RS,Não,0.0,Não,92.19,0.0,0.0,True,C,True,False,True,1,0.0,0.0,0.0,True,False
4323358,Vila Lângaro,RS,Não,0.0,Não,40.24,0.0,0.0,True,A,False,False,False,0,0.0,0.0,0.0,False,False
4323408,Vila Maria,RS,Sim,119.0,Não,74.78,0.0,8.97,True,A+,False,False,False,3,2156720.06,534999.02,138.0,True,True
4323457,Vila Nova do Sul,RS,,,Não,,,,False,A,False,False,False,3,3804441.92,2371831.02,7.0,True,True
4323507,Vista Alegre,RS,Não,0.0,Não,4.44,0.0,0.0,True,A,False,False,False,3,621720.76,613741.17,0.0,True,True
4323606,Vista Alegre do Prata,RS,Não,0.0,Não,,,0.0,True,A,False,False,False,1,0.0,0.0,24.0,True,False
4323705,Vista Gaúcha,RS,Não,0.0,Não,32.63,0.0,0.0,True,A,False,False,False,2,411118.11,386953.62,81.0,True,True
4323754,Vitória das Missões,RS,Sim,0.0,Não,,4.71,0.0,True,C,True,False,True,1,296402.26,100776.77,0.0,True,True
4323770,Westfália,RS,Não,0.0,Não,66.0,0.0,0.0,True,A+,False,False,False,3,4963127.960000001,4633911.59,91.0,True,True
4323804,Xangri-lá,RS,Não,0.0,Não,10.08,93.49,0.0,True,B,False,False,False,0,0.0,0.0,0.0,False,False
5000203,Água Clara,MS,Sim,0.0,Sim,21.95,1720.97,0.0,True,A,False,False,False,5,73906.56,10558.08,0.0,True,True
5000252,Alcinópolis,MS,Não,0.0,Não,22.81,0.0,0.0,True,B,False,False,False,0,0.0,0.0,0.0,False,False
5000609,Amambai,MS,Não,300.0,Sim,20.0,0.0,2.65,True,A,False,False,False,6,1431108.95,7488496.72,20.0,True,True
5000708,Anastácio,MS,Sim,98.0,Sim,9.91,13.67,1.04,True,A,False,False,False,0,0.0,0.0,0.0,False,False
5000807,Anaurilândia,MS,Não,0.0,Não,,,0.0,True,A,False,False,False,0,0.0,0.0,0.0,False,False
5000856,Angélica,MS,Não,0.0,Não,36.18,257.68,0.0,True,A,False,False,False,0,0.0,0.0,0.0,False,False
5000906,Antônio João,MS,Não,0.0,Não,58.37,169.43,0.0,True,B,False,False,False,2,42232.32,73906.56,0.0,True,True
5001003,Aparecida do Taboado,MS,Não,0.0,Não,14.63,264.47,0.0,True,B,False,False,False,0,0.0,0.0,0.0,False,False
5001102,Aquidauana,MS,Sim,408.0,Sim,4.74,9.9,2.31,True,B,False,False,False,5,377917.35,5862961.23,110.0,True,True
5001243,Aral Moreira,MS,Não,0.0,Não,90.24,0.0,0.0,True,C,True,False,True,1,263951.99,0.0,0.0,True,True
5001508,Bandeirantes,MS,Não,10.0,Não,33.33,0.0,0.32,True,B,False,False,False,0,0.0,0.0,0.0,False,False
5001904,Bataguassu,MS,Não,0.0,Sim,25.9,0.0,0.0,True,A,False,False,False,3,68627.52,226998.71,0.0,True,True
5002001,Batayporã,MS,Não,0.0,Sim,27.0,77.71,0.0,True,B,False,False,False,5,348416.63,3063.02,5.0,True,True
5002100,Bela Vista,MS,Não,50.0,Sim,5.84,0.0,0.66,True,C,True,False,True,5,3312936.21,7662736.21,67.0,True,True
5002159,Bodoquena,MS,Não,5.0,Não,24.48,336.88,0.17,True,B,False,False,False,5,0.0,0.0,14.0,True,False
5002209,Bonito,MS,Não,50.0,Sim,100.0,0.0,0.52,True,B,False,False,False,3,21116.16,184766.4,0.0,True,True
5002308,Brasilândia,MS,Não,200.0,Sim,16.22,490.45,4.26,True,A+,False,False,False,0,0.0,0.0,0.0,False,False
5002407,Caarapó,MS,Não,2.0,Não,21.79,0.0,0.02,True,A,False,False,False,0,0.0,0.0,0.0,False,False
5002605,Camapuã,MS,Não,0.0,Não,9.68,0.0,0.0,True,A,False,False,False,1,4748778.3,0.0,0.0,True,True
5002704,Campo Grande,MS,Sim,125000.0,Sim,40.84,7.7,30.43,True,C,True,False,True,56,112000.0,150000.0,0.0,True,True
5002803,Caracol,MS,Não,0.0,Não,81.28,368.33,0.0,True,A,False,False,False,1,772741.23,580077.59,20.0,True,True
5002902,Cassilândia,MS,Não,0.0,Sim,6.8,0.0,0.0,True,B+,False,False,False,0,0.0,0.0,0.0,False,False
5002951,Chapadão do Sul,MS,Não,0.0,Não,18.93,53.35,0.0,True,A,False,False,False,0,0.0,0.0,0.0,False,False
5003108,Corguinho,MS,Não,0.0,Não,26.88,0.0,0.0,True,A,False,False,False,3,5576614.619999999,5186224.35,3.0,True,True
5003157,Coronel Sapucaia,MS,Sim,40.0,Sim,32.27,7.96,1.09,True,A,False,False,False,20,744344.62,744344.62,0.0,True,True
5003207,Corumbá,MS,Sim,1500.0,Sim,17.46,34.54,4.19,True,B+,False,False,False,3,2759842.33,1551690.23,76.0,True,True
5003256,Costa Rica,MS,Não,0.0,Não,26.86,17.55,0.0,True,A,False,False,False,0,0.0,0.0,0.0,False,False
5003306,Coxim,MS,,,Sim,,,,False,C,True,False,True,10,0.0,0.0,14.0,True,False
5003454,Deodápolis,MS,Não,0.0,Sim,26.99,23.92,0.0,True,A,False,False,False,4,1154886.39,3264673.93,0.0,True,True
5003488,Dois Irmãos do Buriti,MS,Não,0.0,Não,25.86,6.03,0.0,True,C,True,False,True,0,0.0,0.0,0.0,False,False
5003504,Douradina,MS,Não,0.0,Não,22.22,0.0,0.0,True,n.d.,False,True,True,2,10210.05,0.0,0.0,True,True
5003702,Dourados,MS,Sim,322.0,Sim,62.42,41.06,0.31,True,B+,False,False,False,5,0.0,0.0,0.0,True,False
5003751,Eldorado,MS,Não,0.0,Sim,16.41,42.77,0.0,True,B,False,False,False,6,0.0,0.0,0.0,True,False
5003801,Fátima do Sul,MS,Não,0.0,Não,,,0.0,True,n.e.,False,True,True,0,0.0,0.0,0.0,False,False
5003900,Figueirão,MS,Não,0.0,Não,81.82,435.0,0.0,True,A,False,False,False,0,0.0,0.0,0.0,False,False
5004007,Glória de Dourados,MS,Não,100.0,Não,,,2.45,True,A+,False,False,False,0,0.0,0.0,0.0,False,False
5004106,Guia Lopes da Laguna,MS,Sim,33.0,Não,40.41,0.0,0.77,True,B,False,False,False,1,916776.0,0.0,2.0,True,True
5004304,Iguatemi,MS,Não,0.0,Não,36.29,132.92,0.0,True,A,False,False,False,3,3842239.12,1973154.26,0.0,True,True
5004403,Inocência,MS,Não,0.0,Não,36.02,0.0,0.0,True,A,False,False,False,2,640881.36,694283.73,0.0,True,True
5004502,Itaporã,MS,Não,0.0,Não,3.1,0.0,0.0,True,A,False,False,False,0,0.0,0.0,0.0,False,False
5004601,Itaquiraí,MS,Não,0.0,Sim,,0.0,0.0,True,A,False,False,False,4,904238.2,477114.34,2.0,True,True
5004700,Ivinhema,MS,Não,54.0,Sim,47.9,220.53,0.49,True,B,False,False,False,5,66053.67000000001,0.0,19.0,True,True
5004809,Japorã,MS,Não,0.0,Não,11.14,0.0,0.0,True,A,False,False,False,3,110859.84,295626.23,0.0,True,True
5004908,Jaraguari,MS,Não,0.0,Não,,,0.0,True,B,False,False,False,1,0.0,0.0,0.0,True,False
5005004,Jardim,MS,Sim,20.0,Não,21.34,0.0,0.2,True,B,False,False,False,4,46801.96,1064689.44,20.0,True,True
5005103,Jateí,MS,Não,0.0,Não,66.45,0.0,0.0,True,A,False,False,False,0,0.0,0.0,0.0,False,False
5005152,Juti,MS,Sim,78.0,Não,46.38,9.73,3.33,True,A,False,False,False,7,312718.69,424508.95,0.0,True,True
5005202,Ladário,MS,Sim,15.0,Não,10.99,92.27,0.21,True,A,False,False,False,1,118560.9,0.0,0.0,True,True
5005251,Laguna Carapã,MS,Não,0.0,Não,86.21,0.0,0.0,True,A,False,False,False,0,0.0,0.0,0.0,False,False
5005400,Maracaju,MS,Não,250.0,Não,73.36,11.54,1.51,True,B,False,False,False,1,0.0,269.23,10.0,True,True
5005608,Miranda,MS,Sim,199.0,Sim,16.75,0.0,3.08,True,B,False,False,False,4,10581683.77,212523.46,19.0,True,True
5005681,Mundo Novo,MS,Não,3.0,Sim,52.76,0.0,0.04,True,n.d.,False,True,True,4,3997428.4499999997,180000.0,0.0,True,True
5005707,Naviraí,MS,Não,0.0,Sim,66.67,4.54,0.0,True,B,False,False,False,3,143643.37,143643.37,1.0,True,True
5005806,Nioaque,MS,Sim,83.0,Sim,73.31,0.0,2.27,True,n.d.,False,True,True,37,1600.0,37874.0,64.0,True,True
5006002,Nova Alvorada do Sul,MS,Não,0.0,Não,0.64,377.62,0.0,True,A,False,False,False,0,0.0,0.0,0.0,False,False
5006200,Nova Andradina,MS,Não,0.0,Não,41.67,4.28,0.0,True,B+,False,False,False,0,0.0,0.0,0.0,False,False
5006259,Novo Horizonte do Sul,MS,Não,0.0,Não,38.56,0.0,0.0,True,A,False,False,False,0,0.0,0.0,0.0,False,False
5006275,Paraíso das Águas,MS,Não,0.0,Não,46.87,121.04,0.0,True,A,False,False,False,0,0.0,0.0,0.0,False,False
5006309,Paranaíba,MS,Sim,40.0,Não,3.45,6.8,0.21,True,A,False,False,False,0,0.0,0.0,0.0,False,False
5006358,Paranhos,MS,Não,0.0,Não,24.0,36.28,0.0,True,B,False,False,False,3,2332089.58,649484.58,0.0,True,True
5006408,Pedro Gomes,MS,Não,0.0,Não,62.5,27.83,0.0,True,A,False,False,False,1,248735.05,248114.87,19.0,True,True
5006606,Ponta Porã,MS,Sim,211.0,Sim,64.44,346.67,0.61,True,B+,False,False,False,3,16792346.74,1583711.96,39.0,True,True
5006903,Porto Murtinho,MS,Não,0.0,Sim,31.54,230.55,0.0,True,A+,False,False,False,1,6334847.83,2639519.93,13.0,True,True
5007109,Ribas do Rio Pardo,MS,Sim,30.0,Não,34.84,0.0,0.36,True,A,False,False,False,1,5437411.05,263951.99,2.0,True,True
5007208,Rio Brilhante,MS,Sim,0.0,Não,9.09,412.41,0.0,True,C,True,False,True,0,0.0,0.0,0.0,False,False
5007307,Rio Negro,MS,Não,0.0,Não,56.57,375.63,0.0,True,C,True,False,True,1,2036345.43,2029911.34,0.0,True,True
5007406,Rio Verde de Mato Grosso,MS,Não,0.0,Sim,14.66,0.0,0.0,True,B+,False,False,False,18,211161.59,760181.74,0.0,True,True
5007505,Rochedo,MS,Não,0.0,Não,35.71,183.51,0.0,True,B,False,False,False,0,0.0,0.0,0.0,False,False
5007554,Santa Rita do Pardo,MS,Sim,30.0,Sim,20.32,11.01,1.36,True,C,True,False,True,1,1.0,900000.0,0.0,True,True
5007695,São Gabriel do Oeste,MS,,,Sim,,,,False,A+,False,False,False,5,5732070.58,5635586.800000001,0.0,True,True
5007703,Sete Quedas,MS,Não,0.0,Não,21.43,0.0,0.0,True,A,False,False,False,3,868781.3999999999,348068.6,0.0,True,True
5007802,Selvíria,MS,Não,0.0,Não,7.41,0.0,0.0,True,C,True,False,True,0,0.0,0.0,0.0,False,False
5007901,Sidrolândia,MS,Não,0.0,Não,,,0.0,True,B,False,False,False,3,0.0,316742.39,0.0,True,True
5007935,Sonora,MS,Não,0.0,Não,20.14,73.77,0.0,True,C,True,False,True,4,0.0,73000.0,0.0,True,True
5007950,Tacuru,MS,Não,0.0,Não,83.47,0.0,0.0,True,A,False,False,False,3,2207166.56,1441441.83,0.0,True,True
5007976,Taquarussu,MS,Não,0.0,Não,31.96,458.56,0.0,True,A,False,False,False,0,0.0,0.0,0.0,False,False
5008008,Terenos,MS,Não,0.0,Não,2.64,0.0,0.0,True,B,False,False,False,0,0.0,0.0,0.0,False,False
5008305,Três Lagoas,MS,Sim,8000.0,Sim,20.87,350.85,13.15,True,B+,False,False,False,9,5859.7300000000005,0.0,23.0,True,True
5008404,Vicentina,MS,Não,7.0,Não,40.52,0.0,0.29,True,C,True,False,True,1,6060337.75,6060337.75,0.0,True,True
5100102,Acorizal,MT,,,Não,,,,False,n.d.,False,True,True,0,0.0,0.0,0.0,False,False
5100201,Água Boa,MT,Não,3.0,Sim,4.73,11.51,0.03,True,B+,False,False,False,3,1558489.2999999998,517063.70999999996,4.0,True,True
5100250,Alta Floresta,MT,Não,0.0,Sim,44.87,14.54,0.0,True,A,False,False,False,1,2868514.92,5105.03,65.0,True,True
5100300,Alto Araguaia,MT,Não,0.0,Não,,,0.0,True,C,True,False,True,0,0.0,0.0,0.0,False,False
5100359,Alto Boa Vista,MT,Não,0.0,Não,72.27,12.67,0.0,True,C,True,False,True,0,0.0,0.0,0.0,False,False
5100409,Alto Garças,MT,,,Não,,,,False,C,True,False,True,0,0.0,0.0,0.0,False,False
5100508,Alto Paraguai,MT,Não,0.0,Não,,,0.0,True,B,False,False,False,2,1813020.37,1360126.87,130.0,True,True
5100607,Alto Taquari,MT,Não,0.0,Não,10.0,413.61,0.0,True,B,False,False,False,0,0.0,0.0,0.0,False,False
5100805,Apiacás,MT,Não,0.0,Sim,56.06,393.11,0.0,True,n.d.,False,True,True,0,0.0,0.0,0.0,False,False
5101001,Araguaiana,MT,Não,12.0,Não,18.82,0.0,0.7,True,B,False,False,False,0,0.0,0.0,0.0,False,False
5101209,Araguainha,MT,Não,0.0,Não,,,0.0,True,B,False,False,False,0,0.0,0.0,0.0,False,False
5101258,Araputanga,MT,Não,0.0,Não,,,0.0,True,B,False,False,False,0,0.0,0.0,0.0,False,False
5101308,Arenápolis,MT,Não,0.0,Não,33.33,39.85,0.0,True,B+,False,False,False,0,0.0,0.0,0.0,False,False
5101407,Aripuanã,MT,Sim,217.0,Sim,18.57,199.71,2.75,True,A,False,False,False,9,802804.6599999999,600514.88,112.0,True,True
5101605,Barão de Melgaço,MT,,,Sim,,,,False,B,False,False,False,1,130286.7,696833.26,0.0,True,True
5101704,Barra do Bugres,MT,Sim,50.0,Não,14.13,0.0,0.42,True,B,False,False,False,0,0.0,0.0,0.0,False,False
5101803,Barra do Garças,MT,Não,0.0,Sim,,,0.0,True,B,False,False,False,16,68.63,1286.82,42.0,True,True
5101852,Bom Jesus do Araguaia,MT,Não,0.0,Não,5.26,1023.64,0.0,True,A,False,False,False,0,0.0,0.0,0.0,False,False
5101902,Brasnorte,MT,Não,0.0,Não,,0.0,0.0,True,C,True,False,True,0,0.0,0.0,0.0,False,False
5102504,Cáceres,MT,Sim,460.0,Sim,15.23,2.22,1.28,True,B,False,False,False,5,2000715.23,144824.86,66.0,True,True
5102603,Campinápolis,MT,,,Não,,,,False,B,False,False,False,0,0.0,0.0,0.0,False,False
5102637,Campo Novo do Parecis,MT,Não,0.0,Sim,36.69,28.01,0.0,True,A,False,False,False,0,0.0,0.0,0.0,False,False
5102678,Campo Verde,MT,,,Não,,,,False,B,False,False,False,0,0.0,0.0,0.0,False,False
5102686,Campos de Júlio,MT,Não,0.0,Não,21.18,209.27,0.0,True,A,False,False,False,0,0.0,0.0,0.0,False,False
5102694,Canabrava do Norte,MT,Não,0.0,Não,13.04,0.0,0.0,True,B,False,False,False,1,589791.4,857878.4,0.0,True,True
5102702,Canarana,MT,Não,0.0,Não,,0.0,0.0,True,C,True,False,True,0,0.0,0.0,0.0,False,False
5102793,Carlinda,MT,Não,0.0,Sim,20.0,0.0,0.0,True,B+,False,False,False,0,0.0,0.0,0.0,False,False
5102850,Castanheira,MT,Não,0.0,Sim,23.79,778.89,0.0,True,A,False,False,False,0,0.0,0.0,0.0,False,False
5103007,Chapada dos Guimarães,MT,Não,0.0,Não,25.48,0.0,0.0,True,C,True,False,True,4,5163733.39,2699803.2800000003,0.0,True,True
5103056,Cláudia,MT,Não,0.0,Não,92.49,0.0,0.0,True,A,False,False,False,2,749504.77,762372.94,0.0,True,True
5103106,Cocalinho,MT,Não,0.0,Não,,,0.0,True,B,False,False,False,0,0.0,0.0,0.0,False,False
5103205,Colíder,MT,Não,0.0,Não,34.78,0.0,0.0,True,B,False,False,False,0,0.0,0.0,0.0,False,False
5103254,Colniza,MT,Sim,75.0,Sim,11.52,281.87,1.02,True,C,True,False,True,8,353404.98,1823894.54,0.0,True,True
5103304,Comodoro,MT,Sim,56.0,Sim,10.09,0.0,0.86,True,A,False,False,False,0,0.0,0.0,0.0,False,False
5103353,Confresa,MT,,,Sim,,,,False,n.e.,False,True,True,2,16546861.59,4615861.59,16.0,True,True
5103361,Conquista D Oeste,MT,Não,0.0,Não,30.75,487.05,0.0,True,A,False,False,False,0,0.0,0.0,0.0,False,False
5103379,Cotriguaçu,MT,,,Sim,,,,False,n.d.,False,True,True,0,0.0,0.0,0.0,False,False
5103403,Cuiabá,MT,Sim,200.0,Sim,50.9,20.6,0.07,True,C,True,False,True,3,0.0,51403.9,324.0,True,True
5103437,Curvelândia,MT,Não,0.0,Não,,,0.0,True,A,False,False,False,0,0.0,0.0,0.0,False,False
5103452,Denise,MT,Não,0.0,Não,17.38,2.35,0.0,True,C,True,False,True,0,0.0,0.0,0.0,False,False
5103502,Diamantino,MT,Sim,65.0,Não,69.18,0.0,0.84,True,B,False,False,False,1,2354366.2,3321446.26,325.0,True,True
5103601,Dom Aquino,MT,Sim,5.0,Não,,,0.16,True,n.e.,False,True,True,0,0.0,0.0,0.0,False,False
5103700,Feliz Natal,MT,Não,0.0,Sim,66.67,334.58,0.0,True,B,False,False,False,1,911495.8,310980.92,0.0,True,True
5103809,Figueirópolis D Oeste,MT,,,Não,,,,False,B,False,False,False,0,0.0,0.0,0.0,False,False
5103858,Gaúcha do Norte,MT,Não,0.0,Não,4.19,244.3,0.0,True,C,True,False,True,1,803531.32,477413.65,0.0,True,True
5103908,General Carneiro,MT,Não,0.0,Não,17.33,3.85,0.0,True,A,False,False,False,1,18000000.0,21500000.0,0.0,True,True
5103957,Glória D Oeste,MT,Não,0.0,Não,,,0.0,True,B,False,False,False,0,0.0,0.0,0.0,False,False
5104104,Guarantã do Norte,MT,Sim,1000.0,Não,50.0,188.45,8.94,True,A,False,False,False,0,0.0,0.0,0.0,False,False
5104203,Guiratinga,MT,Não,0.0,Não,,,0.0,True,A,False,False,False,0,0.0,0.0,0.0,False,False
5104500,Indiavaí,MT,Não,0.0,Não,,,0.0,True,n.d.,False,True,True,0,0.0,0.0,0.0,False,False
5104526,Ipiranga do Norte,MT,Não,0.0,Não,50.0,0.0,0.0,True,A,False,False,False,1,782814.04,782814.04,0.0,True,True
5104542,Itanhangá,MT,Não,0.0,Não,20.72,125.54,0.0,True,A,False,False,False,4,1068812.5899999999,666495.99,0.0,True,True
5104559,Itaúba,MT,,,Não,,,,False,B+,False,False,False,2,0.0,53617.4,0.0,True,True
5104609,Itiquira,MT,Não,20.0,Não,30.83,196.42,0.48,True,A,False,False,False,0,0.0,0.0,0.0,False,False
5104807,Jaciara,MT,Não,0.0,Não,75.38,0.0,0.0,True,C,True,False,True,0,0.0,0.0,0.0,False,False
5104906,Jangada,MT,,,Não,,,,False,A,False,False,False,0,0.0,0.0,0.0,False,False
5105002,Jauru,MT,,,Não,,,,False,A,False,False,False,3,4095293.77,550709.93,0.0,True,True
5105101,Juara,MT,Não,500.0,Sim,30.11,0.0,3.78,True,C,True,False,True,2,4636287.68,2391928.81,0.0,True,True
5105150,Juína,MT,Não,0.0,Não,6.93,68.32,0.0,True,A,False,False,False,0,0.0,0.0,0.0,False,False
5105176,Juruena,MT,Não,0.0,Sim,44.57,62.29,0.0,True,n.e.,False,True,True,1,0.0,712670.38,0.0,True,True
5105200,Juscimeira,MT,Não,0.0,Não,30.0,0.0,0.0,True,A,False,False,False,1,570500.0,45000.0,0.0,True,True
5105234,Lambari D Oeste,MT,Não,0.0,Não,24.0,342.23,0.0,True,B+,False,False,False,0,0.0,0.0,0.0,False,False
5105259,Lucas do Rio Verde,MT,Sim,57.0,Não,69.67,58.42,0.18,True,B+,False,False,False,1,0.0,0.0,0.0,True,False
5105309,Luciara,MT,Não,0.0,Sim,,0.0,0.0,True,C,True,False,True,3,8636535.68,7169686.5,190.0,True,True
5105507,Vila Bela da Santíssima Trindade,MT,Não,35.0,Não,5.27,3.44,1.23,True,n.d.,False,True,True,1,5738050.85,147163.65,0.0,True,True
5105580,Marcelândia,MT,Não,0.0,Não,23.71,0.0,0.0,True,A+,False,False,False,0,0.0,0.0,0.0,False,False
5105606,Matupá,MT,Não,0.0,Sim,66.27,0.0,0.0,True,A+,False,False,False,0,0.0,0.0,0.0,False,False
5105622,Mirassol D Oeste,MT,Não,0.0,Não,7.58,374.27,0.0,True,B,False,False,False,1,1945015.46,1174156.31,0.0,True,True
5105903,Nobres,MT,Sim,238.0,Não,11.37,334.47,3.89,True,B+,False,False,False,1,0.0,0.0,0.0,True,False
5106000,Nortelândia,MT,Não,0.0,Não,5.16,0.0,0.0,True,B+,False,False,False,0,0.0,0.0,0.0,False,False
5106109,Nossa Senhora do Livramento,MT,Não,0.0,Não,11.59,0.0,0.0,True,B,False,False,False,2,1155807.97,403393.91000000003,0.0,True,True
5106158,Nova Bandeirantes,MT,Não,0.0,Sim,41.51,125.39,0.0,True,B+,False,False,False,5,2706670.71,1673220.6600000001,0.0,True,True
5106174,Nova Nazaré,MT,Não,0.0,Não,,0.0,0.0,True,C,True,False,True,1,330000.0,450000.0,100.0,True,True
5106182,Nova Lacerda,MT,Não,0.0,Não,11.72,13.48,0.0,True,A,False,False,False,0,0.0,0.0,0.0,False,False
5106190,Nova Santa Helena,MT,Não,0.0,Sim,,0.0,0.0,True,B+,False,False,False,1,202436.54,10723.48,0.0,True,True
5106208,Nova Brasilândia,MT,Não,0.0,Não,10.83,0.0,0.0,True,B,False,False,False,1,1000000.0,1100000.0,0.0,True,True
5106216,Nova Canaã do Norte,MT,Não,0.0,Sim,35.29,0.0,0.0,True,B,False,False,False,0,0.0,0.0,0.0,False,False
5106224,Nova Mutum,MT,Sim,50.0,Não,44.14,5.87,0.25,True,A+,False,False,False,0,0.0,0.0,0.0,False,False
5106232,Nova Olímpia,MT,Não,0.0,Sim,12.0,8.85,0.0,True,C,True,False,True,2,11795.83,0.0,1.0,True,True
5106240,Nova Ubiratã,MT,Sim,56.0,Sim,41.38,2.52,1.58,True,A,False,False,False,1,407361.6,0.0,0.0,True,True
5106257,Nova Xavantina,MT,Não,0.0,Não,13.33,44.61,0.0,True,B,False,False,False,0,0.0,0.0,0.0,False,False
5106265,Novo Mundo,MT,Não,7.0,Não,26.61,909.79,0.53,True,A,False,False,False,0,0.0,0.0,0.0,False,False
5106273,Novo Horizonte do Norte,MT,Não,0.0,Não,,0.0,0.0,True,n.e.,False,True,True,0,0.0,0.0,0.0,False,False
5106281,Novo São Joaquim,MT,Não,12.0,Não,25.0,0.0,0.5,True,A,False,False,False,0,0.0,0.0,0.0,False,False
5106299,Paranaíta,MT,Não,0.0,Sim,61.54,0.0,0.0,True,B,False,False,False,0,0.0,0.0,0.0,False,False
5106307,Paranatinga,MT,Sim,100.0,Sim,,4.92,1.2,True,A,False,False,False,6,5192209.79,621832.99,800.0,True,True
5106315,Novo Santo Antônio,MT,Não,0.0,Sim,,0.0,0.0,True,B,False,False,False,1,980000.0,907.68,48.0,True,True
5106372,Pedra Preta,MT,Não,100.0,Não,78.18,3.62,1.41,True,A,False,False,False,0,0.0,0.0,0.0,False,False
5106422,Peixoto de Azevedo,MT,Sim,0.0,Sim,15.0,19.55,0.0,True,B,False,False,False,1,739065.58,812972.14,0.0,True,True
5106455,Planalto da Serra,MT,Não,0.0,Não,8.61,625.98,0.0,True,A,False,False,False,0,0.0,0.0,0.0,False,False
5106505,Poconé,MT,Não,0.0,Não,,,0.0,True,B+,False,False,False,1,6870000.0,490000.0,0.0,True,True
5106653,Pontal do Araguaia,MT,,,Não,,,,False,C,True,False,True,0,0.0,0.0,0.0,False,False
5106703,Ponte Branca,MT,,,Não,,,,False,B,False,False,False,0,0.0,0.0,0.0,False,False
5106752,Pontes e Lacerda,MT,Não,0.0,Não,4.55,0.0,0.0,True,A,False,False,False,0,0.0,0.0,0.0,False,False
5106778,Porto Alegre do Norte,MT,Sim,500.0,Não,20.91,0.0,15.04,True,B,False,False,False,3,1384951.31,3677935.1999999997,500.0,True,True
5106802,Porto dos Gaúchos,MT,Não,0.0,Não,3.66,0.0,0.0,True,C,True,False,True,1,428939.2,539753.41,0.0,True,True
5106828,Porto Esperidião,MT,Sim,95.0,Não,10.68,0.0,3.51,True,A,False,False,False,0,0.0,0.0,0.0,False,False
5106851,Porto Estrela,MT,Não,0.0,Não,,,0.0,True,B,False,False,False,0,0.0,0.0,0.0,False,False
5107008,Poxoréu,MT,Não,0.0,Não,3.18,34.94,0.0,True,A,False,False,False,0,0.0,0.0,0.0,False,False
5107040,Primavera do Leste,MT,Não,0.0,Não,61.32,0.0,0.0,True,A,False,False,False,0,0.0,0.0,0.0,False,False
5107065,Querência,MT,Não,0.0,Não,6.07,213.89,0.0,True,B,False,False,False,0,0.0,0.0,0.0,False,False
5107107,São José dos Quatro Marcos,MT,Não,0.0,Sim,,0.0,0.0,True,A,False,False,False,0,0.0,0.0,0.0,False,False
5107156,Reserva do Cabaçal,MT,Não,0.0,Não,,0.0,0.0,True,A+,False,False,False,0,0.0,0.0,0.0,False,False
5107180,Ribeirão Cascalheira,MT,Não,0.0,Não,4.89,0.0,0.0,True,n.e.,False,True,True,0,0.0,0.0,0.0,False,False
5107198,Ribeirãozinho,MT,Não,0.0,Não,,,0.0,True,A,False,False,False,0,0.0,0.0,0.0,False,False
5107206,Rio Branco,MT,Não,12.0,Não,85.67,0.0,0.66,True,B,False,False,False,1,1380000.0,130000.0,300.0,True,True
5107248,Santa Carmem,MT,Não,0.0,Não,33.58,0.0,0.0,True,A+,False,False,False,1,237017.32,240395.22,4.0,True,True
5107263,Santo Afonso,MT,Não,0.0,Não,,,0.0,True,B+,False,False,False,0,0.0,0.0,0.0,False,False
5107297,São José do Povo,MT,Não,0.0,Não,11.11,0.0,0.0,True,C,True,False,True,0,0.0,0.0,0.0,False,False
5107305,São José do Rio Claro,MT,Não,0.0,Sim,52.38,0.0,0.0,True,B,False,False,False,1,600708.57,0.0,28.0,True,True
5107354,São José do Xingu,MT,Não,0.0,Não,,0.0,0.0,True,A,False,False,False,1,268087.0,193022.64,0.0,True,True
5107404,São Pedro da Cipa,MT,Não,0.0,Não,18.48,0.0,0.0,True,B,False,False,False,0,0.0,0.0,0.0,False,False
5107578,Rondolândia,MT,,,Não,,,,False,C,True,False,True,0,0.0,0.0,0.0,False,False
5107602,Rondonópolis,MT,Sim,3000.0,Não,6.29,184.48,2.8,True,B,False,False,False,1,564670000.0,1000000.0,0.0,True,True
5107701,Rosário Oeste,MT,,,Sim,,,,False,C,True,False,True,0,0.0,0.0,0.0,False,False
5107743,Santa Cruz do Xingu,MT,Não,0.0,Não,8.33,0.0,0.0,True,A,False,False,False,1,101873.06,0.0,0.0,True,True
5107750,Salto do Céu,MT,Não,0.0,Não,,,0.0,True,B,False,False,False,1,5045714.59,75000.0,28.0,True,True
5107768,Santa Rita do Trivelato,MT,Não,0.0,Não,66.67,5.87,0.0,True,A+,False,False,False,0,0.0,0.0,0.0,False,False
5107776,Santa Terezinha,MT,Não,0.0,Sim,22.64,32.92,0.0,True,n.d.,False,True,True,1,3844367.57,3763941.47,0.0,True,True
5107792,Santo Antônio do Leste,MT,Não,0.0,Não,,,0.0,True,B,False,False,False,0,0.0,0.0,0.0,False,False
5107800,Santo Antônio do Leverger,MT,Sim,180.0,Sim,8.0,35.25,3.61,True,n.e.,False,True,True,0,0.0,0.0,0.0,False,False
5107859,São Félix do Araguaia,MT,Não,0.0,Sim,5.88,0.0,0.0,True,n.e.,False,True,True,4,0.0,0.0,6.0,True,False
5107875,Sapezal,MT,Não,0.0,Não,1.8,27.91,0.0,True,A+,False,False,False,2,31098.089999999997,11795.83,0.0,True,True
5107883,Serra Nova Dourada,MT,Não,0.0,Não,,0.0,0.0,True,A,False,False,False,0,0.0,0.0,0.0,False,False
5107909,Sinop,MT,Sim,5000.0,Não,6.53,40.08,6.09,True,A+,False,False,False,3,0.0,255251.37,3.0,True,True
5107925,Sorriso,MT,Não,0.0,Sim,99.25,0.0,0.0,True,A+,False,False,False,8,992994.25,911495.8,18.0,True,True
5107941,Tabaporã,MT,Não,0.0,Não,,0.0,0.0,True,A,False,False,False,1,203770.94,1736601.76,12.0,True,True
5107958,Tangará da Serra,MT,Sim,0.0,Não,16.46,53.42,0.0,True,A,False,False,False,2,0.0,0.0,1.0,True,False
5108006,Tapurah,MT,Não,0.0,Não,50.0,195.65,0.0,True,A,False,False,False,2,0.0,0.0,0.0,True,False
5108055,Terra Nova do Norte,MT,Não,0.0,Sim,,,0.0,True,B,False,False,False,0,0.0,0.0,0.0,False,False
5108105,Tesouro,MT,,,Não,,,,False,A,False,False,False,0,0.0,0.0,0.0,False,False
5108204,Torixoréu,MT,,,Não,,,,False,B,False,False,False,0,0.0,0.0,0.0,False,False
5108303,União do Sul,MT,Não,0.0,Não,79.89,937.8,0.0,True,A,False,False,False,2,1416550.65,1473472.13,0.0,True,True
5108352,Vale de São Domingos,MT,Não,0.0,Não,12.21,0.0,0.0,True,A,False,False,False,0,0.0,0.0,0.0,False,False
5108402,Várzea Grande,MT,Sim,248.0,Sim,46.32,5.47,0.19,True,B,False,False,False,8,0.0,0.0,0.0,True,False
5108501,Vera,MT,Não,0.0,Não,88.06,0.0,0.0,True,B,False,False,False,1,428939.2,857878.4,0.0,True,True
5108600,Vila Rica,MT,Não,5.0,Sim,18.98,17.25,0.08,True,A,False,False,False,3,310000.0,144000.0,88.0,True,True
5108808,Nova Guarita,MT,Não,0.0,Não,35.46,0.0,0.0,True,A,False,False,False,0,0.0,0.0,0.0,False,False
5108857,Nova Marilândia,MT,Não,0.0,Não,12.04,0.0,0.0,True,B,False,False,False,0,0.0,0.0,0.0,False,False
5108907,Nova Maringá,MT,Não,0.0,Não,,,0.0,True,A,False,False,False,1,428939.2,457653.64,0.0,True,True
5108956,Nova Monte Verde,MT,Não,0.0,Sim,52.23,197.1,0.0,True,B,False,False,False,0,0.0,0.0,0.0,False,False
5200050,Abadia de Goiás,GO,Não,350.0,Não,47.86,0.0,4.2,True,A,False,False,False,0,0.0,0.0,0.0,False,False
5200100,Abadiânia,GO,Não,0.0,Não,29.51,0.0,0.0,True,C,True,False,True,0,0.0,0.0,0.0,False,False
5200134,Acreúna,GO,Não,0.0,Não,,,0.0,True,B,False,False,False,0,0.0,0.0,0.0,False,False
5200159,Adelândia,GO,Não,0.0,Não,,,0.0,True,C,True,False,True,0,0.0,0.0,0.0,False,False
5200175,Água Fria de Goiás,GO,Não,0.0,Não,25.47,0.0,0.0,True,C,True,False,True,0,0.0,0.0,0.0,False,False
5200209,Água Limpa,GO,Não,0.0,Não,,,0.0,True,C,True,False,True,0,0.0,0.0,0.0,False,False
5200258,Águas Lindas de Goiás,GO,Não,0.0,Não,26.02,0.0,0.0,True,A,False,False,False,1,16400000.0,3150000.0,280.0,True,True
5200308,Alexânia,GO,,,Não,,,,False,A,False,False,False,0,0.0,0.0,0.0,False,False
5200506,Aloândia,GO,,,Não,,,,False,n.d.,False,True,True,0,0.0,0.0,0.0,False,False
5200555,Alto Horizonte,GO,Não,0.0,Não,100.0,17.71,0.0,True,n.e.,False,True,True,0,0.0,0.0,0.0,False,False
5200605,Alto Paraíso de Goiás,GO,Não,0.0,Não,50.0,243.96,0.0,True,n.d.,False,True,True,1,0.0,0.0,0.0,True,False
5200803,Alvorada do Norte,GO,Não,65.0,Sim,12.1,47.41,1.99,True,C,True,False,True,1,1396548.63,4940.04,170.0,True,True
5200829,Amaralina,GO,Não,0.0,Não,,,0.0,True,A,False,False,False,0,0.0,0.0,0.0,False,False
5200852,Americano do Brasil,GO,Não,0.0,Não,,,0.0,True,n.d.,False,True,True,0,0.0,0.0,0.0,False,False
5200902,Amorinópolis,GO,Não,0.0,Não,,,0.0,True,n.d.,False,True,True,0,0.0,0.0,0.0,False,False
5201108,Anápolis,GO,Sim,698.0,Sim,6.58,40.79,0.4,True,B,False,False,False,1,16892927.54,263951.99,90.0,True,True
5201207,Anhanguera,GO,Não,0.0,Não,35.56,0.0,0.0,True,B,False,False,False,0,0.0,0.0,0.0,False,False
5201306,Anicuns,GO,Não,15.0,Não,32.61,0.0,0.19,True,C,True,False,True,1,494003.76,494003.76,20.0,True,True
5201405,Aparecida de Goiânia,GO,,,Sim,,,,False,B,False,False,False,2,69160.53,0.0,0.0,True,True
5201454,Aparecida do Rio Doce,GO,Não,0.0,Não,,0.0,0.0,True,n.d.,False,True,True,0,0.0,0.0,0.0,False,False
5201504,Aporé,GO,Não,70.0,Sim,,,4.05,True,B,False,False,False,0,0.0,0.0,0.0,False,False
5201603,Araçu,GO,Não,0.0,Não,39.02,11.65,0.0,True,B,False,False,False,0,0.0,0.0,0.0,False,False
5201702,Aragarças,GO,Não,0.0,Não,,,0.0,True,n.d.,False,True,True,0,0.0,0.0,0.0,False,False
5201801,Aragoiânia,GO,Não,0.0,Não,21.43,0.0,0.0,True,B,False,False,False,0,0.0,0.0,0.0,False,False
5202155,Araguapaz,GO,Não,0.0,Não,,,0.0,True,C,True,False,True,0,0.0,0.0,0.0,False,False
5202353,Arenópolis,GO,Não,0.0,Não,,,0.0,True,n.d.,False,True,True,0,0.0,0.0,0.0,False,False
5202502,Aruanã,GO,Não,0.0,Não,,,0.0,True,A,False,False,False,0,0.0,0.0,0.0,False,False
5202601,Aurilândia,GO,,,Não,,,,False,n.d.,False,True,True,0,0.0,0.0,0.0,False,False
5202809,Avelinópolis,GO,Não,0.0,Não,80.0,0.0,0.0,True,C,True,False,True,0,0.0,0.0,0.0,False,False
5203104,Baliza,GO,Não,0.0,Sim,,,0.0,True,C,True,False,True,0,0.0,0.0,0.0,False,False
5203203,Barro Alto,GO,Não,3.0,Não,7.62,304.96,0.07,True,B,False,False,False,0,0.0,0.0,0.0,False,False
5203302,Bela Vista de Goiás,GO,Não,0.0,Não,1.82,7.0,0.0,True,B,False,False,False,0,0.0,0.0,0.0,False,False
5203401,Bom Jardim de Goiás,GO,Não,0.0,Não,,,0.0,True,n.d.,False,True,True,0,0.0,0.0,0.0,False,False
5203500,Bom Jesus de Goiás,GO,Não,0.0,Não,,,0.0,True,B,False,False,False,0,0.0,0.0,0.0,False,False
5203559,Bonfinópolis,GO,Não,0.0,Não,0.15,0.0,0.0,True,B+,False,False,False,0,0.0,0.0,0.0,False,False
5203575,Bonópolis,GO,,,Não,,,,False,C,True,False,True,0,0.0,0.0,0.0,False,False
5203609,Brazabrantes,GO,Não,0.0,Não,,,0.0,True,n.d.,False,True,True,0,0.0,0.0,0.0,False,False
5203807,Britânia,GO,Não,0.0,Não,,0.0,0.0,True,C,True,False,True,0,0.0,0.0,0.0,False,False
5203906,Buriti Alegre,GO,Não,0.0,Não,,0.0,0.0,True,B,False,False,False,0,0.0,0.0,0.0,False,False
5203939,Buriti de Goiás,GO,Não,0.0,Não,,,0.0,True,B,False,False,False,0,0.0,0.0,0.0,False,False
5203962,Buritinópolis,GO,Não,0.0,Não,,,0.0,True,A,False,False,False,0,0.0,0.0,0.0,False,False
5204003,Cabeceiras,GO,Não,0.0,Não,33.87,0.0,0.0,True,C,True,False,True,0,0.0,0.0,0.0,False,False
5204102,Cachoeira Alta,GO,Não,20.0,Não,10.68,0.0,0.4,True,B,False,False,False,0,0.0,0.0,0.0,False,False
5204201,Cachoeira de Goiás,GO,Não,0.0,Não,,,0.0,True,B,False,False,False,0,0.0,0.0,0.0,False,False
5204250,Cachoeira Dourada,GO,Não,0.0,Não,1.0,41.35,0.0,True,n.d.,False,True,True,0,0.0,0.0,0.0,False,False
5204300,Caçu,GO,Sim,39.0,Não,12.48,0.0,0.66,True,B,False,False,False,0,0.0,0.0,0.0,False,False
5204409,Caiapônia,GO,Não,0.0,Não,,0.0,0.0,True,B,False,False,False,0,0.0,0.0,0.0,False,False
5204508,Caldas Novas,GO,Sim,0.0,Sim,4.38,208.71,0.0,True,A,False,False,False,2,133381.02,47424.36,4.0,True,True
5204557,Caldazinha,GO,Não,0.0,Não,24.63,0.0,0.0,True,C,True,False,True,0,0.0,0.0,0.0,False,False
5204607,Campestre de Goiás,GO,Não,0.0,Não,,0.0,0.0,True,B,False,False,False,0,0.0,0.0,0.0,False,False
5204656,Campinaçu,GO,Não,0.0,Não,,0.0,0.0,True,B,False,False,False,1,0.0,0.0,0.0,True,False
5204706,Campinorte,GO,Não,0.0,Não,6.56,0.0,0.0,True,n.d.,False,True,True,0,0.0,0.0,0.0,False,False
5204805,Campo Alegre de Goiás,GO,Não,0.0,Não,28.13,0.0,0.0,True,A,False,False,False,0,0.0,0.0,0.0,False,False
5204854,Campo Limpo de Goiás,GO,Não,0.0,Não,,,0.0,True,n.d.,False,True,True,0,0.0,0.0,0.0,False,False
5204904,Campos Belos,GO,Não,0.0,Não,,,0.0,True,C,True,False,True,1,0.0,0.0,0.0,True,False
5204953,Campos Verdes,GO,,,Não,,,,False,n.d.,False,True,True,0,0.0,0.0,0.0,False,False
5205000,Carmo do Rio Verde,GO,Não,0.0,Não,,,0.0,True,B,False,False,False,0,0.0,0.0,0.0,False,False
5205059,Castelândia,GO,Não,0.0,Não,,0.0,0.0,True,n.d.,False,True,True,0,0.0,0.0,0.0,False,False
5205109,Catalão,GO,Sim,20.0,Não,60.0,10.33,0.04,True,B,False,False,False,0,0.0,0.0,0.0,False,False
5205208,Caturaí,GO,Não,0.0,Não,,,0.0,True,A,False,False,False,0,0.0,0.0,0.0,False,False
5205307,Cavalcante,GO,Não,100.0,Sim,1.91,5.6,3.21,True,C,True,False,True,3,7887119.53,306691.53,353.0,True,True
5205406,Ceres,GO,Sim,80.0,Não,1.51,0.0,0.83,True,C,True,False,True,0,0.0,0.0,0.0,False,False
5205455,Cezarina,GO,Não,0.0,Não,,42.43,0.0,True,C,True,False,True,0,0.0,0.0,0.0,False,False
5205471,Chapadão do Céu,GO,Não,0.0,Não,28.29,0.0,0.0,True,A,False,False,False,0,0.0,0.0,0.0,False,False
5205497,Cidade Ocidental,GO,Não,0.0,Não,33.68,0.0,0.0,True,A,False,False,False,0,0.0,0.0,0.0,False,False
5205513,Cocalzinho de Goiás,GO,Não,0.0,Não,,0.0,0.0,True,B,False,False,False,1,1289928.63,1289928.63,1.0,True,True
5205521,Colinas do Sul,GO,Não,0.0,Não,0.86,0.0,0.0,True,C,True,False,True,1,0.0,0.0,0.0,True,False
5205703,Córrego do Ouro,GO,Não,3.0,Não,,,0.31,True,B,False,False,False,0,0.0,0.0,0.0,False,False
5205802,Corumbá de Goiás,GO,Não,10.0,Não,75.0,2.38,0.28,True,C,True,False,True,1,1136208.65,0.0,0.0,True,True
5205901,Corumbaíba,GO,Não,0.0,Não,,0.0,0.0,True,B,False,False,False,1,3261994.12,0.0,0.0,True,True
5206206,Cristalina,GO,,,Não,,,,False,B,False,False,False,0,0.0,0.0,0.0,False,False
5206305,Cristianópolis,GO,Não,0.0,Não,4.76,0.0,0.0,True,n.d.,False,True,True,0,0.0,0.0,0.0,False,False
5206404,Crixás,GO,,,Não,,,,False,B,False,False,False,0,0.0,0.0,0.0,False,False
5206503,Cromínia,GO,Não,0.0,Não,,,0.0,True,B,False,False,False,0,0.0,0.0,0.0,False,False
5206602,Cumari,GO,Não,0.0,Não,,,0.0,True,n.d.,False,True,True,0,0.0,0.0,0.0,False,False
5206701,Damianópolis,GO,Não,0.0,Não,,,0.0,True,B,False,False,False,0,0.0,0.0,0.0,False,False
5206800,Damolândia,GO,Não,0.0,Não,,,0.0,True,n.d.,False,True,True,0,0.0,0.0,0.0,False,False
5206909,Davinópolis,GO,,,Não,,,,False,C,True,False,True,0,0.0,0.0,0.0,False,False
5207105,Diorama,GO,Não,0.0,Não,,0.0,0.0,True,n.d.,False,True,True,0,0.0,0.0,0.0,False,False
5207253,Doverlândia,GO,Não,0.0,Não,4.62,547.02,0.0,True,C,True,False,True,0,0.0,0.0,0.0,False,False
5207352,Edealina,GO,Não,0.0,Não,,,0.0,True,n.d.,False,True,True,0,0.0,0.0,0.0,False,False
5207402,Edéia,GO,Não,0.0,Não,,,0.0,True,A,False,False,False,0,0.0,0.0,0.0,False,False
5207501,Estrela do Norte,GO,Não,0.0,Não,3.83,0.0,0.0,True,n.d.,False,True,True,0,0.0,0.0,0.0,False,False
5207535,Faina,GO,Não,0.0,Não,,0.0,0.0,True,n.d.,False,True,True,2,6471272.73,102100.55,106.0,True,True
5207600,Fazenda Nova,GO,,,Não,,,,False,n.d.,False,True,True,0,0.0,0.0,0.0,False,False
5207808,Firminópolis,GO,Não,0.0,Não,40.0,0.0,0.0,True,B,False,False,False,0,0.0,0.0,0.0,False,False
5207907,Flores de Goiás,GO,Não,5.0,Não,46.24,201.94,0.27,True,C,True,False,True,3,6519735.62,20420.11,10.0,True,True
5208004,Formosa,GO,Sim,26.0,Sim,6.06,0.0,0.05,True,n.d.,False,True,True,2,200000.0,0.0,2.0,True,True
5208103,Formoso,GO,Não,0.0,Não,25.86,18.78,0.0,True,C,True,False,True,1,0.0,0.0,0.0,True,False
5208152,Gameleira de Goiás,GO,Não,0.0,Não,,0.0,0.0,True,A,False,False,False,0,0.0,0.0,0.0,False,False
5208301,Divinópolis de Goiás,GO,,,Não,,,,False,C,True,False,True,1,0.0,0.0,0.0,True,False
5208400,Goianápolis,GO,Não,0.0,Não,82.87,0.0,0.0,True,B,False,False,False,0,0.0,0.0,0.0,False,False
5208509,Goiandira,GO,Não,0.0,Não,33.33,13.56,0.0,True,n.d.,False,True,True,0,0.0,0.0,0.0,False,False
5208608,Goianésia,GO,Não,2.0,Não,29.8,0.12,0.01,True,B,False,False,False,0,0.0,0.0,0.0,False,False
5208707,Goiânia,GO,Sim,1000.0,Sim,13.49,0.0,0.15,True,A+,False,False,False,9,3260424.81,101072.35,31.0,True,True
5208806,Goianira,GO,Não,0.0,Não,11.49,0.0,0.0,True,B,False,False,False,0,0.0,0.0,0.0,False,False
5208905,Goiás,GO,Sim,137.0,Sim,2.25,44.72,1.26,True,C,True,False,True,1,6126032.93,6126032.93,5.0,True,True
5209101,Goiatuba,GO,Não,0.0,Sim,83.92,0.1,0.0,True,B,False,False,False,0,0.0,0.0,0.0,False,False
5209150,Gouvelândia,GO,Não,0.0,Não,,,0.0,True,B,False,False,False,0,0.0,0.0,0.0,False,False
5209200,Guapó,GO,,,Não,,,,False,n.d.,False,True,True,0,0.0,0.0,0.0,False,False
5209291,Guaraíta,GO,Não,0.0,Não,,27.36,0.0,True,n.d.,False,True,True,0,0.0,0.0,0.0,False,False
5209408,Guarani de Goiás,GO,Não,0.0,Sim,,,0.0,True,A,False,False,False,2,951219.21,16742464.030000001,3.0,True,True
5209457,Guarinos,GO,Não,0.0,Não,,,0.0,True,C,True,False,True,3,2847411.66,84580.26000000001,22.0,True,True
5209606,Heitoraí,GO,,,Não,,,,False,B,False,False,False,0,0.0,0.0,0.0,False,False
5209705,Hidrolândia,GO,Não,0.0,Não,6.25,0.0,0.0,True,A,False,False,False,0,0.0,0.0,0.0,False,False
5209804,Hidrolina,GO,Sim,45.0,Não,19.8,18.77,3.31,True,A,False,False,False,0,0.0,0.0,0.0,False,False
5209903,Iaciara,GO,Não,0.0,Não,,0.0,0.0,True,B,False,False,False,2,592804.51,29640.23,5.0,True,True
5209937,Inaciolândia,GO,Não,0.0,Não,,,0.0,True,B,False,False,False,0,0.0,0.0,0.0,False,False
5209952,Indiara,GO,Não,0.0,Não,50.0,0.0,0.0,True,C,True,False,True,0,0.0,0.0,0.0,False,False
5210000,Inhumas,GO,Sim,30.0,Não,16.96,0.0,0.13,True,B,False,False,False,0,0.0,0.0,0.0,False,False
5210109,Ipameri,GO,Sim,300.0,Não,13.59,0.0,2.71,True,B,False,False,False,0,0.0,0.0,0.0,False,False
5210158,Ipiranga de Goiás,GO,Não,0.0,Não,49.02,3.17,0.0,True,B,False,False,False,0,0.0,0.0,0.0,False,False
5210208,Iporá,GO,Não,0.0,Não,,0.0,0.0,True,C,True,False,True,0,0.0,0.0,0.0,False,False
5210307,Israelândia,GO,Não,0.0,Sim,20.0,0.0,0.0,True,A,False,False,False,0,0.0,0.0,0.0,False,False
5210406,Itaberaí,GO,Não,15.0,Não,33.33,5.15,0.09,True,A,False,False,False,1,49400.38,0.0,7.0,True,True
5210562,Itaguari,GO,Não,0.0,Não,,,0.0,True,B,False,False,False,0,0.0,0.0,0.0,False,False
5210604,Itaguaru,GO,Não,0.0,Não,25.04,14.28,0.0,True,n.d.,False,True,True,0,0.0,0.0,0.0,False,False
5210802,Itajá,GO,Não,0.0,Não,96.08,0.0,0.0,True,n.d.,False,True,True,0,0.0,0.0,0.0,False,False
5210901,Itapaci,GO,Sim,1000.0,Não,38.1,14.95,11.53,True,B,False,False,False,0,0.0,0.0,0.0,False,False
5211008,Itapirapuã,GO,Não,0.0,Não,38.08,0.0,0.0,True,n.d.,False,True,True,1,5796431.94,342036.84,138.0,True,True
5211206,Itapuranga,GO,Não,10.0,Não,,2.27,0.09,True,n.d.,False,True,True,0,0.0,0.0,0.0,False,False
5211305,Itarumã,GO,Não,0.0,Não,47.06,0.0,0.0,True,n.d.,False,True,True,0,0.0,0.0,0.0,False,False
5211404,Itauçu,GO,Não,55.0,Não,61.07,0.0,1.95,True,B,False,False,False,0,0.0,0.0,0.0,False,False
5211503,Itumbiara,GO,Sim,43.0,Sim,5.65,0.0,0.09,True,B,False,False,False,1,0.0,0.0,0.0,True,False
5211602,Ivolândia,GO,Não,0.0,Não,5.7,15.16,0.0,True,A,False,False,False,0,0.0,0.0,0.0,False,False
5211701,Jandaia,GO,Não,300.0,Não,11.43,93.7,12.75,True,n.d.,False,True,True,0,0.0,0.0,0.0,False,False
5211800,Jaraguá,GO,Não,0.0,Não,13.33,0.0,0.0,True,C,True,False,True,0,0.0,0.0,0.0,False,False
5211909,Jataí,GO,Não,0.0,Não,71.51,0.0,0.0,True,A,False,False,False,1,0.0,0.0,0.0,True,False
5212006,Jaupaci,GO,Não,0.0,Não,,,0.0,True,A,False,False,False,0,0.0,0.0,0.0,False,False
5212055,Jesúpolis,GO,Não,0.0,Não,,,0.0,True,C,True,False,True,0,0.0,0.0,0.0,False,False
5212105,Joviânia,GO,,,Não,,,,False,B,False,False,False,0,0.0,0.0,0.0,False,False
5212204,Jussara,GO,Sim,90.0,Não,6.02,0.0,1.08,True,A,False,False,False,0,0.0,0.0,0.0,False,False
5212253,Lagoa Santa,GO,,,Sim,,,,False,n.d.,False,True,True,0,0.0,0.0,0.0,False,False
5212303,Leopoldo de Bulhões,GO,Não,0.0,Não,,,0.0,True,C,True,False,True,0,0.0,0.0,0.0,False,False
5212501,Luziânia,GO,Sim,300.0,Sim,10.34,0.0,0.32,True,A,False,False,False,8,8686817.530000001,4019719.9499999997,21.0,True,True
5212600,Mairipotaba,GO,Não,0.0,Não,,,0.0,True,A,False,False,False,0,0.0,0.0,0.0,False,False
5212709,Mambaí,GO,,,Não,,,,False,B,False,False,False,1,0.0,0.0,0.0,True,False
5212808,Mara Rosa,GO,Não,0.0,Não,12.9,0.0,0.0,True,A,False,False,False,0,0.0,0.0,0.0,False,False
5212907,Marzagão,GO,Não,0.0,Não,,,0.0,True,C,True,False,True,0,0.0,0.0,0.0,False,False
5212956,Matrinchã,GO,Não,0.0,Não,,,0.0,True,C,True,False,True,0,0.0,0.0,0.0,False,False
5213004,Maurilândia,GO,,,Não,,,,False,A,False,False,False,0,0.0,0.0,0.0,False,False
5213053,Mimoso de Goiás,GO,Não,0.0,Não,18.32,0.0,0.0,True,C,True,False,True,0,0.0,0.0,0.0,False,False
5213087,Minaçu,GO,Não,10.0,Não,2.26,0.0,0.09,True,n.d.,False,True,True,1,455747.9,455747.9,20.0,True,True
5213103,Mineiros,GO,Não,4.0,Não,60.09,0.0,0.01,True,B,False,False,False,5,2675000.0,3200000.0,1.0,True,True
5213400,Moiporá,GO,Não,0.0,Não,14.15,157.85,0.0,True,A,False,False,False,0,0.0,0.0,0.0,False,False
5213509,Monte Alegre de Goiás,GO,Não,12.0,Não,,,0.7,True,A,False,False,False,2,3956964.12,1694309.84,170.0,True,True
5213707,Montes Claros de Goiás,GO,Não,0.0,Não,,,0.0,True,n.d.,False,True,True,0,0.0,0.0,0.0,False,False
5213756,Montividiu,GO,Não,0.0,Não,100.0,0.0,0.0,True,A+,False,False,False,0,0.0,0.0,0.0,False,False
5213772,Montividiu do Norte,GO,Não,0.0,Não,,0.0,0.0,True,A,False,False,False,1,0.0,4303056.43,8.0,True,True
5213806,Morrinhos,GO,Não,500.0,Não,25.83,10.35,2.24,True,B,False,False,False,1,0.0,0.0,0.0,True,False
5213855,Morro Agudo de Goiás,GO,,,Não,,,,False,C,True,False,True,0,0.0,0.0,0.0,False,False
5213905,Mossâmedes,GO,,,Não,,,,False,A,False,False,False,0,0.0,0.0,0.0,False,False
5214002,Mozarlândia,GO,Não,0.0,Não,,13.22,0.0,True,n.d.,False,True,True,0,0.0,0.0,0.0,False,False
5214051,Mundo Novo,GO,Não,0.0,Não,,0.0,0.0,True,C,True,False,True,0,0.0,0.0,0.0,False,False
5214101,Mutunópolis,GO,Não,0.0,Não,,,0.0,True,A,False,False,False,0,0.0,0.0,0.0,False,False
5214408,Nazário,GO,Não,0.0,Não,,,0.0,True,B,False,False,False,0,0.0,0.0,0.0,False,False
5214507,Nerópolis,GO,Não,13.0,Não,18.39,0.0,0.1,True,C,True,False,True,0,0.0,0.0,0.0,False,False
5214606,Niquelândia,GO,Não,10.0,Não,,,0.06,True,n.d.,False,True,True,2,5345654.77,0.0,104.0,True,True
5214705,Nova América,GO,Não,0.0,Não,,,0.0,True,A,False,False,False,1,965113.2,321704.4,0.0,True,True
5214804,Nova Aurora,GO,Não,6.0,Não,32.89,0.0,0.59,True,A+,False,False,False,0,0.0,0.0,0.0,False,False
5214838,Nova Crixás,GO,Não,0.0,Não,16.67,0.0,0.0,True,B,False,False,False,0,0.0,0.0,0.0,False,False
5214861,Nova Glória,GO,Não,0.0,Não,,,0.0,True,B,False,False,False,0,0.0,0.0,0.0,False,False
5214879,Nova Iguaçu de Goiás,GO,,,Não,,,,False,A,False,False,False,0,0.0,0.0,0.0,False,False
5214903,Nova Roma,GO,Não,0.0,Não,1.36,0.0,0.0,True,B,False,False,False,1,5361.74,2734487.39,0.0,True,True
5215009,Nova Veneza,GO,Não,0.0,Não,,,0.0,True,C,True,False,True,0,0.0,0.0,0.0,False,False
5215207,Novo Brasil,GO,Não,0.0,Não,,0.0,0.0,True,B+,False,False,False,0,0.0,0.0,0.0,False,False
5215231,Novo Gama,GO,Não,0.0,Sim,30.25,2.72,0.0,True,A,False,False,False,2,0.0,0.0,0.0,True,False
5215256,Novo Planalto,GO,Não,0.0,Não,,0.0,0.0,True,B,False,False,False,0,0.0,0.0,0.0,False,False
5215306,Orizona,GO,Não,6.0,Não,27.83,1.23,0.11,True,n.d.,False,True,True,0,0.0,0.0,0.0,False,False
5215405,Ouro Verde de Goiás,GO,Não,0.0,Não,,0.0,0.0,True,n.e.,False,True,True,0,0.0,0.0,0.0,False,False
5215504,Ouvidor,GO,Não,0.0,Não,28.8,14.38,0.0,True,B,False,False,False,0,0.0,0.0,0.0,False,False
5215603,Padre Bernardo,GO,Não,0.0,Não,14.87,0.0,0.0,True,C,True,False,True,0,0.0,0.0,0.0,False,False
5215652,Palestina de Goiás,GO,Não,0.0,Não,17.5,82.13,0.0,True,A,False,False,False,0,0.0,0.0,0.0,False,False
5215702,Palmeiras de Goiás,GO,Não,72.0,Não,,0.0,0.52,True,A,False,False,False,0,0.0,0.0,0.0,False,False
5215801,Palmelo,GO,Não,0.0,Não,,,0.0,True,A,False,False,False,0,0.0,0.0,0.0,False,False
5215900,Palminópolis,GO,Não,0.0,Não,,,0.0,True,n.d.,False,True,True,0,0.0,0.0,0.0,False,False
5216007,Panamá,GO,Não,0.0,Não,,,0.0,True,B,False,False,False,0,0.0,0.0,0.0,False,False
5216304,Paranaiguara,GO,Não,0.0,Não,21.66,1.46,0.0,True,A,False,False,False,0,0.0,0.0,0.0,False,False
5216403,Paraúna,GO,Não,0.0,Não,80.0,0.0,0.0,True,A+,False,False,False,1,0.0,91890.49,23.0,True,True
5216452,Perolândia,GO,Não,0.0,Não,4.78,0.0,0.0,True,n.d.,False,True,True,0,0.0,0.0,0.0,False,False
5216809,Petrolina de Goiás,GO,Não,2.0,Sim,,,0.06,True,n.d.,False,True,True,2,3142682.48,1340580.21,0.0,True,True
5216908,Pilar de Goiás,GO,,,Não,,,,False,B,False,False,False,0,0.0,0.0,0.0,False,False
5217104,Piracanjuba,GO,,,Não,,,,False,n.d.,False,True,True,0,0.0,0.0,0.0,False,False
5217203,Piranhas,GO,Não,0.0,Não,16.73,0.0,0.0,True,n.d.,False,True,True,0,0.0,0.0,0.0,False,False
5217302,Pirenópolis,GO,Sim,7.0,Não,4.55,18.48,0.07,True,A,False,False,False,2,8272901.62,112459.68,42.0,True,True
5217401,Pires do Rio,GO,Não,0.0,Não,16.63,0.0,0.0,True,A,False,False,False,0,0.0,0.0,0.0,False,False
5217609,Planaltina,GO,Não,89.0,Sim,2.98,0.0,0.19,True,C,True,False,True,2,10000000.0,9000000.0,0.0,True,True
5217708,Pontalina,GO,Não,0.0,Não,13.74,0.0,0.0,True,C,True,False,True,0,0.0,0.0,0.0,False,False
5218003,Porangatu,GO,Não,0.0,Não,62.78,19.98,0.0,True,B,False,False,False,0,0.0,0.0,0.0,False,False
5218052,Porteirão,GO,Não,0.0,Não,,0.0,0.0,True,B,False,False,False,0,0.0,0.0,0.0,False,False
5218102,Portelândia,GO,Não,0.0,Não,,,0.0,True,A,False,False,False,0,0.0,0.0,0.0,False,False
5218300,Posse,GO,Não,0.0,Não,,0.0,0.0,True,A,False,False,False,1,2470018.8,3161624.06,0.0,True,True
5218391,Professor Jamil,GO,Não,0.0,Não,4.76,0.0,0.0,True,C,True,False,True,0,0.0,0.0,0.0,False,False
5218508,Quirinópolis,GO,Não,0.0,Não,41.31,0.0,0.0,True,C,True,False,True,0,0.0,0.0,0.0,False,False
5218607,Rialma,GO,,,Não,,,,False,n.d.,False,True,True,0,0.0,0.0,0.0,False,False
5218706,Rianápolis,GO,Sim,0.0,Não,,,0.0,True,C,True,False,True,0,0.0,0.0,0.0,False,False
5218789,Rio Quente,GO,,,Não,,,,False,A+,False,False,False,0,0.0,0.0,0.0,False,False
5218805,Rio Verde,GO,Não,0.0,Não,26.92,0.0,0.0,True,n.e.,False,True,True,0,0.0,0.0,0.0,False,False
5218904,Rubiataba,GO,Não,0.0,Não,37.04,0.0,0.0,True,C,True,False,True,1,285100.0,285100.0,0.0,True,True
5219001,Sanclerlândia,GO,Não,0.0,Não,5.0,0.0,0.0,True,n.e.,False,True,True,0,0.0,0.0,0.0,False,False
5219100,Santa Bárbara de Goiás,GO,Não,0.0,Não,,,0.0,True,B,False,False,False,0,0.0,0.0,0.0,False,False
5219209,Santa Cruz de Goiás,GO,Não,0.0,Não,,,0.0,True,C,True,False,True,0,0.0,0.0,0.0,False,False
5219258,Santa Fé de Goiás,GO,Não,0.0,Não,,,0.0,True,C,True,False,True,0,0.0,0.0,0.0,False,False
5219308,Santa Helena de Goiás,GO,Não,0.0,Não,5.39,20.06,0.0,True,B,False,False,False,0,0.0,0.0,0.0,False,False
5219357,Santa Isabel,GO,Não,0.0,Não,,,0.0,True,A,False,False,False,0,0.0,0.0,0.0,False,False
5219407,Santa Rita do Araguaia,GO,Não,0.0,Não,6.8,0.0,0.0,True,C,True,False,True,0,0.0,0.0,0.0,False,False
5219456,Santa Rita do Novo Destino,GO,Não,0.0,Não,,,0.0,True,B,False,False,False,0,0.0,0.0,0.0,False,False
5219506,Santa Rosa de Goiás,GO,Não,0.0,Não,,,0.0,True,C,True,False,True,0,0.0,0.0,0.0,False,False
5219605,Santa Tereza de Goiás,GO,Não,0.0,Não,,0.0,0.0,True,n.d.,False,True,True,0,0.0,0.0,0.0,False,False
5219704,Santa Terezinha de Goiás,GO,Não,0.0,Não,,,0.0,True,B,False,False,False,1,1500000.0,1500000.0,26.0,True,True
5219712,Santo Antônio da Barra,GO,,,Não,,,,False,B,False,False,False,0,0.0,0.0,0.0,False,False
5219738,Santo Antônio de Goiás,GO,Não,0.0,Não,,0.0,0.0,True,C,True,False,True,0,0.0,0.0,0.0,False,False
5219753,Santo Antônio do Descoberto,GO,,,Não,,,,False,B,False,False,False,4,5000000.0,20000.0,20.0,True,True
5219803,São Domingos,GO,,,Sim,,,,False,B,False,False,False,1,0.0,0.0,2500.0,True,False
5219902,São Francisco de Goiás,GO,Não,0.0,Não,,,0.0,True,n.d.,False,True,True,0,0.0,0.0,0.0,False,False
5220009,São João d Aliança,GO,Não,0.0,Não,69.23,19.84,0.0,True,C,True,False,True,1,0.0,0.0,0.0,True,False
5220058,São João da Paraúna,GO,Não,0.0,Não,,,0.0,True,C,True,False,True,0,0.0,0.0,0.0,False,False
5220108,São Luís de Montes Belos,GO,Não,0.0,Não,10.0,27.99,0.0,True,C,True,False,True,1,0.0,1861201.75,0.0,True,True
5220157,São Luiz do Norte,GO,Não,0.0,Não,11.56,0.0,0.0,True,B,False,False,False,0,0.0,0.0,0.0,False,False
5220207,São Miguel do Araguaia,GO,Não,0.0,Não,,15.77,0.0,True,C,True,False,True,0,0.0,0.0,0.0,False,False
5220264,São Miguel do Passa Quatro,GO,Não,0.0,Não,15.19,0.0,0.0,True,C,True,False,True,0,0.0,0.0,0.0,False,False
5220280,São Patrício,GO,Não,0.0,Não,,,0.0,True,A,False,False,False,0,0.0,0.0,0.0,False,False
5220405,São Simão,GO,Sim,0.0,Não,28.09,9.71,0.0,True,B,False,False,False,1,0.0,0.0,8.0,True,False
5220454,Senador Canedo,GO,Não,10.0,Sim,24.58,25.13,0.02,True,A,False,False,False,6,2042012.05,0.0,20.0,True,True
5220504,Serranópolis,GO,Não,0.0,Não,2.47,44.96,0.0,True,A,False,False,False,0,0.0,0.0,0.0,False,False
5220603,Silvânia,GO,Não,0.0,Não,39.58,3.75,0.0,True,C,True,False,True,0,0.0,0.0,0.0,False,False
5220686,Simolândia,GO,Não,15.0,Sim,8.13,0.0,0.7,True,C,True,False,True,1,581936.43,9880.08,28.0,True,True
5220702,Sítio d Abadia,GO,Não,0.0,Não,,,0.0,True,A+,False,False,False,0,0.0,0.0,0.0,False,False
5221007,Taquaral de Goiás,GO,Não,0.0,Não,4.0,0.0,0.0,True,n.d.,False,True,True,0,0.0,0.0,0.0,False,False
5221080,Teresina de Goiás,GO,Não,0.0,Não,,,0.0,True,B,False,False,False,1,2466400.4,21446.96,15.0,True,True
5221197,Terezópolis de Goiás,GO,Não,0.0,Não,,,0.0,True,B,False,False,False,0,0.0,0.0,0.0,False,False
5221304,Três Ranchos,GO,Não,0.0,Não,54.17,455.24,0.0,True,n.d.,False,True,True,0,0.0,0.0,0.0,False,False
5221403,Trindade,GO,,,Não,,,,False,B,False,False,False,2,107234.8,1072348.0,0.0,True,True
5221452,Trombas,GO,Não,3.0,Não,,0.0,0.27,True,B,False,False,False,0,0.0,0.0,0.0,False,False
5221502,Turvânia,GO,Não,0.0,Não,,,0.0,True,A,False,False,False,0,0.0,0.0,0.0,False,False
5221551,Turvelândia,GO,Não,0.0,Não,,,0.0,True,B,False,False,False,0,0.0,0.0,0.0,False,False
5221577,Uirapuru,GO,Não,0.0,Não,,,0.0,True,C,True,False,True,2,5632006.96,576042.48,236.0,True,True
5221601,Uruaçu,GO,Não,0.0,Sim,6.89,0.0,0.0,True,C,True,False,True,1,5361739.99,0.0,0.0,True,True
5221700,Uruana,GO,Não,0.0,Não,8.33,4.23,0.0,True,n.d.,False,True,True,1,4940.04,148201.13,0.0,True,True
5221809,Urutaí,GO,Não,0.0,Não,16.67,40.62,0.0,True,C,True,False,True,0,0.0,0.0,0.0,False,False
5221858,Valparaíso de Goiás,GO,Não,0.0,Não,1.89,0.0,0.0,True,A,False,False,False,1,0.0,9450000.0,0.0,True,True
5221908,Varjão,GO,,,Não,,,,False,n.d.,False,True,True,0,0.0,0.0,0.0,False,False
5222005,Vianópolis,GO,Não,0.0,Não,8.75,0.0,0.0,True,A,False,False,False,0,0.0,0.0,0.0,False,False
5222054,Vicentinópolis,GO,Não,0.0,Não,,0.0,0.0,True,A,False,False,False,0,0.0,0.0,0.0,False,False
5222203,Vila Boa,GO,Não,0.0,Não,4.01,0.0,0.0,True,C,True,False,True,0,0.0,0.0,0.0,False,False
5222302,Vila Propício,GO,Não,0.0,Não,,,0.0,True,A,False,False,False,0,0.0,0.0,0.0,False,False
5300108,Brasília,DF,Sim,575.0,Sim,37.01,118.77,0.05,True,,,,,2,0.0,0.0,80.0,True,False
